solid OpenSCAD_Model
  facet normal -1 0 0
    outer loop
      vertex 0 6.5 0
      vertex 0 118.3 13
      vertex 0 118.3 0
    endloop
  endfacet
  facet normal -1 -0 0
    outer loop
      vertex 0 118.3 13
      vertex 0 6.5 0
      vertex 0 6.5 13
    endloop
  endfacet
  facet normal 0.831471 0.555568 0
    outer loop
      vertex 57.9292 121.55 13
      vertex 57.4568 122.257 0
      vertex 57.4568 122.257 13
    endloop
  endfacet
  facet normal 0.831471 0.555568 0
    outer loop
      vertex 57.4568 122.257 0
      vertex 57.9292 121.55 13
      vertex 57.9292 121.55 0
    endloop
  endfacet
  facet normal 0.946931 -0.321438 0
    outer loop
      vertex 58.3052 4.01256 13
      vertex 58.5785 4.81768 0
      vertex 58.5785 4.81768 13
    endloop
  endfacet
  facet normal 0.946931 -0.321438 0
    outer loop
      vertex 58.5785 4.81768 0
      vertex 58.3052 4.01256 13
      vertex 58.3052 4.01256 0
    endloop
  endfacet
  facet normal 0.997857 0.0654256 0
    outer loop
      vertex 58.8 118.3 13
      vertex 58.7444 119.148 0
      vertex 58.7444 119.148 13
    endloop
  endfacet
  facet normal 0.997857 0.0654256 0
    outer loop
      vertex 58.7444 119.148 0
      vertex 58.8 118.3 13
      vertex 58.8 118.3 0
    endloop
  endfacet
  facet normal -0.896974 0.442083 0
    outer loop
      vertex 0.494782 120.787 0
      vertex 0.870834 121.55 13
      vertex 0.870834 121.55 0
    endloop
  endfacet
  facet normal -0.896974 0.442083 0
    outer loop
      vertex 0.870834 121.55 13
      vertex 0.494782 120.787 0
      vertex 0.494782 120.787 13
    endloop
  endfacet
  facet normal 1 -0 0
    outer loop
      vertex 58.8 6.5 13
      vertex 58.8 118.3 0
      vertex 58.8 118.3 13
    endloop
  endfacet
  facet normal 1 0 0
    outer loop
      vertex 58.8 118.3 0
      vertex 58.8 6.5 13
      vertex 58.8 6.5 0
    endloop
  endfacet
  facet normal 0 0 -1
    outer loop
      vertex 8.06522 9.18784 0
      vertex 22.4718 22.4 0
      vertex 8.39392 8.96821 0
    endloop
  endfacet
  facet normal 0 0 -1
    outer loop
      vertex 17.65 64.4 0
      vertex 9.61035 118.288 0
      vertex 9.61111 118.3 0
    endloop
  endfacet
  facet normal 0 0 -1
    outer loop
      vertex 8.05556 9.1943 0
      vertex 22.4718 22.4 0
      vertex 8.06522 9.18784 0
    endloop
  endfacet
  facet normal 0 0 -1
    outer loop
      vertex 17.65 64.4 0
      vertex 9.58449 117.894 0
      vertex 9.61035 118.288 0
    endloop
  endfacet
  facet normal -0 0 -1
    outer loop
      vertex 22.4718 22.4 0
      vertex 8.05556 9.1943 0
      vertex 22.009 23.3385 0
    endloop
  endfacet
  facet normal 0 0 -1
    outer loop
      vertex 17.65 64.4 0
      vertex 9.50737 117.506 0
      vertex 9.58449 117.894 0
    endloop
  endfacet
  facet normal 0 0 -1
    outer loop
      vertex 8.04513 9.19944 0
      vertex 22.009 23.3385 0
      vertex 8.05556 9.1943 0
    endloop
  endfacet
  facet normal 0 0 -1
    outer loop
      vertex 17.65 64.4 0
      vertex 9.5051 117.495 0
      vertex 9.50737 117.506 0
    endloop
  endfacet
  facet normal 0 0 -1
    outer loop
      vertex 7.69057 9.37429 0
      vertex 22.009 23.3385 0
      vertex 8.04513 9.19944 0
    endloop
  endfacet
  facet normal 0 0 -1
    outer loop
      vertex 17.65 64.4 0
      vertex 9.37429 117.109 0
      vertex 9.5051 117.495 0
    endloop
  endfacet
  facet normal -0 0 -1
    outer loop
      vertex 22.009 23.3385 0
      vertex 7.69057 9.37429 0
      vertex 21.6726 24.3294 0
    endloop
  endfacet
  facet normal 0 0 -1
    outer loop
      vertex 17.65 64.4 0
      vertex 9.19944 116.755 0
      vertex 9.37429 117.109 0
    endloop
  endfacet
  facet normal 0 0 -1
    outer loop
      vertex 7.30521 9.5051 0
      vertex 21.6726 24.3294 0
      vertex 7.69057 9.37429 0
    endloop
  endfacet
  facet normal 0 0 -1
    outer loop
      vertex 17.65 64.4 0
      vertex 9.1943 116.744 0
      vertex 9.19944 116.755 0
    endloop
  endfacet
  facet normal 0 0 -1
    outer loop
      vertex 7.29381 9.50737 0
      vertex 21.6726 24.3294 0
      vertex 7.30521 9.5051 0
    endloop
  endfacet
  facet normal 0 0 -1
    outer loop
      vertex 17.65 64.4 0
      vertex 9.18784 116.735 0
      vertex 9.1943 116.744 0
    endloop
  endfacet
  facet normal 0 0 -1
    outer loop
      vertex 6.90608 9.58449 0
      vertex 21.6726 24.3294 0
      vertex 7.29381 9.50737 0
    endloop
  endfacet
  facet normal 0 0 -1
    outer loop
      vertex 17.65 64.4 0
      vertex 8.96821 116.406 0
      vertex 9.18784 116.735 0
    endloop
  endfacet
  facet normal -0 0 -1
    outer loop
      vertex 21.6726 24.3294 0
      vertex 6.90608 9.58449 0
      vertex 21.4684 25.3558 0
    endloop
  endfacet
  facet normal 0 0 -1
    outer loop
      vertex 17.65 64.4 0
      vertex 8.69989 116.1 0
      vertex 8.96821 116.406 0
    endloop
  endfacet
  facet normal 0 0 -1
    outer loop
      vertex 6.5116 9.61035 0
      vertex 21.4684 25.3558 0
      vertex 6.90608 9.58449 0
    endloop
  endfacet
  facet normal 0 0 -1
    outer loop
      vertex 17.65 64.4 0
      vertex 8.39392 115.832 0
      vertex 8.69989 116.1 0
    endloop
  endfacet
  facet normal 0 0 -1
    outer loop
      vertex 6.5 9.61111 0
      vertex 21.4684 25.3558 0
      vertex 6.5116 9.61035 0
    endloop
  endfacet
  facet normal 0 0 -1
    outer loop
      vertex 17.65 64.4 0
      vertex 8.06522 115.612 0
      vertex 8.39392 115.832 0
    endloop
  endfacet
  facet normal -0 0 -1
    outer loop
      vertex 21.4684 25.3558 0
      vertex 6.5 9.61111 0
      vertex 21.4 26.4 0
    endloop
  endfacet
  facet normal 0 0 -1
    outer loop
      vertex 17.65 64.4 0
      vertex 8.05556 115.606 0
      vertex 8.06522 115.612 0
    endloop
  endfacet
  facet normal 0 0 -1
    outer loop
      vertex 6.4884 9.61035 0
      vertex 21.4 26.4 0
      vertex 6.5 9.61111 0
    endloop
  endfacet
  facet normal 0 0 -1
    outer loop
      vertex 17.65 64.4 0
      vertex 8.04513 115.601 0
      vertex 8.05556 115.606 0
    endloop
  endfacet
  facet normal 0 0 -1
    outer loop
      vertex 6.09392 9.58449 0
      vertex 21.4 26.4 0
      vertex 6.4884 9.61035 0
    endloop
  endfacet
  facet normal 0 0 -1
    outer loop
      vertex 17.65 64.4 0
      vertex 7.69057 115.426 0
      vertex 8.04513 115.601 0
    endloop
  endfacet
  facet normal -0 0 -1
    outer loop
      vertex 21.4 26.4 0
      vertex 6.09392 9.58449 0
      vertex 21.4684 27.4442 0
    endloop
  endfacet
  facet normal 0 0 -1
    outer loop
      vertex 17.65 64.4 0
      vertex 7.30521 115.295 0
      vertex 7.69057 115.426 0
    endloop
  endfacet
  facet normal 0 0 -1
    outer loop
      vertex 5.70619 9.50737 0
      vertex 21.4684 27.4442 0
      vertex 6.09392 9.58449 0
    endloop
  endfacet
  facet normal 0 0 -1
    outer loop
      vertex 17.65 64.4 0
      vertex 6.91749 115.218 0
      vertex 7.30521 115.295 0
    endloop
  endfacet
  facet normal 0 0 -1
    outer loop
      vertex 5.69478 9.5051 0
      vertex 21.4684 27.4442 0
      vertex 5.70619 9.50737 0
    endloop
  endfacet
  facet normal 0 0 -1
    outer loop
      vertex 17.65 64.4 0
      vertex 6.90608 115.215 0
      vertex 6.91749 115.218 0
    endloop
  endfacet
  facet normal 0 0 -1
    outer loop
      vertex 17.65 64.4 0
      vertex 6.89448 115.215 0
      vertex 6.90608 115.215 0
    endloop
  endfacet
  facet normal 0 0 -1
    outer loop
      vertex 5.30943 9.37429 0
      vertex 21.4684 27.4442 0
      vertex 5.69478 9.5051 0
    endloop
  endfacet
  facet normal -0 0 -1
    outer loop
      vertex 21.4684 27.4442 0
      vertex 5.30943 9.37429 0
      vertex 21.6726 28.4706 0
    endloop
  endfacet
  facet normal 0 0 -1
    outer loop
      vertex 17.65 64.4 0
      vertex 6.5 115.189 0
      vertex 6.89448 115.215 0
    endloop
  endfacet
  facet normal 0 0 -1
    outer loop
      vertex 4.95487 9.19944 0
      vertex 21.6726 28.4706 0
      vertex 5.30943 9.37429 0
    endloop
  endfacet
  facet normal 0 0 -1
    outer loop
      vertex 4.94444 9.1943 0
      vertex 21.6726 28.4706 0
      vertex 4.95487 9.19944 0
    endloop
  endfacet
  facet normal 0 0 -1
    outer loop
      vertex 17.65 64.4 0
      vertex 6.09392 115.215 0
      vertex 6.5 115.189 0
    endloop
  endfacet
  facet normal 0 0 -1
    outer loop
      vertex 17.65 64.4 0
      vertex 6.08251 115.218 0
      vertex 6.09392 115.215 0
    endloop
  endfacet
  facet normal -0 0 -1
    outer loop
      vertex 21.6726 28.4706 0
      vertex 4.94444 9.1943 0
      vertex 18.5444 59.9035 0
    endloop
  endfacet
  facet normal 0 0 -1
    outer loop
      vertex 0 6.5 0
      vertex 18.5444 59.9035 0
      vertex 4.94444 9.1943 0
    endloop
  endfacet
  facet normal 0 0 -1
    outer loop
      vertex 17.65 64.4 0
      vertex 5.69478 115.295 0
      vertex 6.08251 115.218 0
    endloop
  endfacet
  facet normal -0 0 -1
    outer loop
      vertex 18.5444 59.9035 0
      vertex 0 6.5 0
      vertex 18.0504 61.3589 0
    endloop
  endfacet
  facet normal 0 0 -1
    outer loop
      vertex 17.65 64.4 0
      vertex 5.30943 115.426 0
      vertex 5.69478 115.295 0
    endloop
  endfacet
  facet normal -0 0 -1
    outer loop
      vertex 18.0504 61.3589 0
      vertex 0 6.5 0
      vertex 17.7505 62.8663 0
    endloop
  endfacet
  facet normal 0 0 -1
    outer loop
      vertex 17.65 64.4 0
      vertex 4.95487 115.601 0
      vertex 5.30943 115.426 0
    endloop
  endfacet
  facet normal -0 0 -1
    outer loop
      vertex 17.7505 62.8663 0
      vertex 0 6.5 0
      vertex 17.65 64.4 0
    endloop
  endfacet
  facet normal 0 0 -1
    outer loop
      vertex 17.65 64.4 0
      vertex 4.94444 115.606 0
      vertex 4.95487 115.601 0
    endloop
  endfacet
  facet normal 0 0 -1
    outer loop
      vertex 0 6.5 0
      vertex 4.94444 9.1943 0
      vertex 4.93478 9.18784 0
    endloop
  endfacet
  facet normal 0 0 -1
    outer loop
      vertex 0 118.3 0
      vertex 17.65 64.4 0
      vertex 0 6.5 0
    endloop
  endfacet
  facet normal 0 0 -1
    outer loop
      vertex 0 6.5 0
      vertex 4.93478 9.18784 0
      vertex 4.60607 8.96821 0
    endloop
  endfacet
  facet normal 0 0 -1
    outer loop
      vertex 17.65 64.4 0
      vertex 0 118.3 0
      vertex 4.94444 115.606 0
    endloop
  endfacet
  facet normal 0 0 -1
    outer loop
      vertex 0 6.5 0
      vertex 4.60607 8.96821 0
      vertex 4.30011 8.69989 0
    endloop
  endfacet
  facet normal 0 0 -1
    outer loop
      vertex 4.94444 115.606 0
      vertex 0 118.3 0
      vertex 4.93478 115.612 0
    endloop
  endfacet
  facet normal 0 0 -1
    outer loop
      vertex 0 6.5 0
      vertex 4.30011 8.69989 0
      vertex 4.03179 8.39392 0
    endloop
  endfacet
  facet normal 0 0 -1
    outer loop
      vertex 4.93478 115.612 0
      vertex 0 118.3 0
      vertex 4.60607 115.832 0
    endloop
  endfacet
  facet normal 0 0 -1
    outer loop
      vertex 0 6.5 0
      vertex 4.03179 8.39392 0
      vertex 3.81216 8.06522 0
    endloop
  endfacet
  facet normal 0 0 -1
    outer loop
      vertex 4.60607 115.832 0
      vertex 0 118.3 0
      vertex 4.30011 116.1 0
    endloop
  endfacet
  facet normal 0 0 -1
    outer loop
      vertex 0 6.5 0
      vertex 3.81216 8.06522 0
      vertex 3.8057 8.05556 0
    endloop
  endfacet
  facet normal 0 0 -1
    outer loop
      vertex 4.30011 116.1 0
      vertex 0 118.3 0
      vertex 4.03179 116.406 0
    endloop
  endfacet
  facet normal 0 0 -1
    outer loop
      vertex 0 6.5 0
      vertex 3.8057 8.05556 0
      vertex 3.80055 8.04513 0
    endloop
  endfacet
  facet normal 0 0 -1
    outer loop
      vertex 4.03179 116.406 0
      vertex 0 118.3 0
      vertex 3.81216 116.735 0
    endloop
  endfacet
  facet normal 0 0 -1
    outer loop
      vertex 0 6.5 0
      vertex 3.80055 8.04513 0
      vertex 3.62571 7.69057 0
    endloop
  endfacet
  facet normal 0 0 -1
    outer loop
      vertex 3.81216 116.735 0
      vertex 0 118.3 0
      vertex 3.8057 116.744 0
    endloop
  endfacet
  facet normal 0 0 -1
    outer loop
      vertex 0 6.5 0
      vertex 3.62571 7.69057 0
      vertex 3.4949 7.30521 0
    endloop
  endfacet
  facet normal 0 0 -1
    outer loop
      vertex 3.8057 116.744 0
      vertex 0 118.3 0
      vertex 3.80055 116.755 0
    endloop
  endfacet
  facet normal 0 0 -1
    outer loop
      vertex 0 6.5 0
      vertex 3.4949 7.30521 0
      vertex 3.49263 7.29381 0
    endloop
  endfacet
  facet normal 0 0 -1
    outer loop
      vertex 3.80055 116.755 0
      vertex 0 118.3 0
      vertex 3.62571 117.109 0
    endloop
  endfacet
  facet normal 0 0 -1
    outer loop
      vertex 0 6.5 0
      vertex 3.49263 7.29381 0
      vertex 3.4155 6.90608 0
    endloop
  endfacet
  facet normal 0 0 -1
    outer loop
      vertex 3.62571 117.109 0
      vertex 0 118.3 0
      vertex 3.4949 117.495 0
    endloop
  endfacet
  facet normal 0 0 -1
    outer loop
      vertex 0 6.5 0
      vertex 3.4155 6.90608 0
      vertex 3.38965 6.5116 0
    endloop
  endfacet
  facet normal 0 0 -1
    outer loop
      vertex 3.4949 117.495 0
      vertex 0 118.3 0
      vertex 3.49263 117.506 0
    endloop
  endfacet
  facet normal 0 0 -1
    outer loop
      vertex 0 6.5 0
      vertex 3.38965 6.5116 0
      vertex 3.38889 6.5 0
    endloop
  endfacet
  facet normal 0 0 -1
    outer loop
      vertex 3.49263 117.506 0
      vertex 0 118.3 0
      vertex 3.4155 117.894 0
    endloop
  endfacet
  facet normal 0 0 -1
    outer loop
      vertex 42.2368 105.161 0
      vertex 35.7971 99.5926 0
      vertex 35.85 100.4 0
    endloop
  endfacet
  facet normal 0 0 -1
    outer loop
      vertex 37.7085 72.7085 0
      vertex 35.7948 99.5581 0
      vertex 35.7971 99.5926 0
    endloop
  endfacet
  facet normal 0 0 -1
    outer loop
      vertex 37.7085 72.7085 0
      vertex 35.7881 99.5243 0
      vertex 35.7948 99.5581 0
    endloop
  endfacet
  facet normal 0 0 -1
    outer loop
      vertex 37.7085 72.7085 0
      vertex 35.6302 98.7306 0
      vertex 35.7881 99.5243 0
    endloop
  endfacet
  facet normal 0 0 -1
    outer loop
      vertex 37.7085 72.7085 0
      vertex 35.6191 98.6979 0
      vertex 35.6302 98.7306 0
    endloop
  endfacet
  facet normal 0 0 -1
    outer loop
      vertex 37.7085 72.7085 0
      vertex 35.359 97.9317 0
      vertex 35.6191 98.6979 0
    endloop
  endfacet
  facet normal 0 0 -1
    outer loop
      vertex 37.7085 72.7085 0
      vertex 35.3438 97.9007 0
      vertex 35.359 97.9317 0
    endloop
  endfacet
  facet normal 0 0 -1
    outer loop
      vertex 33.9608 95.8392 0
      vertex 36.5529 73.7219 0
      vertex 35.275 74.5758 0
    endloop
  endfacet
  facet normal 0 0 -1
    outer loop
      vertex 37.7085 72.7085 0
      vertex 34.9859 97.175 0
      vertex 35.3438 97.9007 0
    endloop
  endfacet
  facet normal 0 0 -1
    outer loop
      vertex 37.7085 72.7085 0
      vertex 34.5363 96.5022 0
      vertex 34.9859 97.175 0
    endloop
  endfacet
  facet normal 0 0 -1
    outer loop
      vertex 37.7085 72.7085 0
      vertex 34.5171 96.4735 0
      vertex 34.5363 96.5022 0
    endloop
  endfacet
  facet normal 0 0 -1
    outer loop
      vertex 36.5529 73.7219 0
      vertex 34.4944 96.4475 0
      vertex 34.5171 96.4735 0
    endloop
  endfacet
  facet normal 0 0 -1
    outer loop
      vertex 36.5529 73.7219 0
      vertex 33.9608 95.8392 0
      vertex 34.4944 96.4475 0
    endloop
  endfacet
  facet normal 0 0 -1
    outer loop
      vertex 35.275 74.5758 0
      vertex 33.9349 95.8164 0
      vertex 33.9608 95.8392 0
    endloop
  endfacet
  facet normal 0 0 -1
    outer loop
      vertex 33.3265 95.2829 0
      vertex 35.275 74.5758 0
      vertex 33.8965 75.2556 0
    endloop
  endfacet
  facet normal 0 0 -1
    outer loop
      vertex 35.275 74.5758 0
      vertex 33.3265 95.2829 0
      vertex 33.9349 95.8164 0
    endloop
  endfacet
  facet normal 0 0 -1
    outer loop
      vertex 33.8965 75.2556 0
      vertex 33.2978 95.2637 0
      vertex 33.3265 95.2829 0
    endloop
  endfacet
  facet normal 0 0 -1
    outer loop
      vertex 33.8965 75.2556 0
      vertex 32.625 94.8141 0
      vertex 33.2978 95.2637 0
    endloop
  endfacet
  facet normal 0 0 -1
    outer loop
      vertex 31.8993 94.4562 0
      vertex 33.8965 75.2556 0
      vertex 32.4411 75.7496 0
    endloop
  endfacet
  facet normal 0 0 -1
    outer loop
      vertex 33.8965 75.2556 0
      vertex 31.8993 94.4562 0
      vertex 32.625 94.8141 0
    endloop
  endfacet
  facet normal 0 0 -1
    outer loop
      vertex 32.4411 75.7496 0
      vertex 31.8683 94.441 0
      vertex 31.8993 94.4562 0
    endloop
  endfacet
  facet normal 0 0 -1
    outer loop
      vertex 32.4411 75.7496 0
      vertex 31.1021 94.1809 0
      vertex 31.8683 94.441 0
    endloop
  endfacet
  facet normal 0 0 -1
    outer loop
      vertex 32.4411 75.7496 0
      vertex 31.0694 94.1698 0
      vertex 31.1021 94.1809 0
    endloop
  endfacet
  facet normal 0 0 -1
    outer loop
      vertex 30.9337 76.0495 0
      vertex 31.0694 94.1698 0
      vertex 32.4411 75.7496 0
    endloop
  endfacet
  facet normal 0 0 -1
    outer loop
      vertex 30.9337 76.0495 0
      vertex 30.2757 94.0119 0
      vertex 31.0694 94.1698 0
    endloop
  endfacet
  facet normal 0 0 -1
    outer loop
      vertex 30.9337 76.0495 0
      vertex 30.2419 94.0052 0
      vertex 30.2757 94.0119 0
    endloop
  endfacet
  facet normal 0 0 -1
    outer loop
      vertex 30.9337 76.0495 0
      vertex 30.2074 94.0029 0
      vertex 30.2419 94.0052 0
    endloop
  endfacet
  facet normal 0 0 -1
    outer loop
      vertex 29.4 76.15 0
      vertex 30.2074 94.0029 0
      vertex 30.9337 76.0495 0
    endloop
  endfacet
  facet normal 0 0 -1
    outer loop
      vertex 29.4 76.15 0
      vertex 29.4 93.95 0
      vertex 30.2074 94.0029 0
    endloop
  endfacet
  facet normal 0 0 -1
    outer loop
      vertex 29.4 76.15 0
      vertex 28.5926 94.0029 0
      vertex 29.4 93.95 0
    endloop
  endfacet
  facet normal 0 0 -1
    outer loop
      vertex 29.4 76.15 0
      vertex 28.5581 94.0052 0
      vertex 28.5926 94.0029 0
    endloop
  endfacet
  facet normal 0 0 -1
    outer loop
      vertex 27.8663 76.0495 0
      vertex 28.5581 94.0052 0
      vertex 29.4 76.15 0
    endloop
  endfacet
  facet normal -0 0 -1
    outer loop
      vertex 28.5581 94.0052 0
      vertex 27.8663 76.0495 0
      vertex 28.5243 94.0119 0
    endloop
  endfacet
  facet normal 0 0 -1
    outer loop
      vertex 27.8663 76.0495 0
      vertex 27.7306 94.1698 0
      vertex 28.5243 94.0119 0
    endloop
  endfacet
  facet normal 0 0 -1
    outer loop
      vertex 26.3589 75.7496 0
      vertex 27.7306 94.1698 0
      vertex 27.8663 76.0495 0
    endloop
  endfacet
  facet normal -0 0 -1
    outer loop
      vertex 27.7306 94.1698 0
      vertex 26.3589 75.7496 0
      vertex 27.6979 94.1809 0
    endloop
  endfacet
  facet normal -0 0 -1
    outer loop
      vertex 27.6979 94.1809 0
      vertex 26.3589 75.7496 0
      vertex 26.9317 94.441 0
    endloop
  endfacet
  facet normal -0 0 -1
    outer loop
      vertex 26.9317 94.441 0
      vertex 26.3589 75.7496 0
      vertex 26.9007 94.4562 0
    endloop
  endfacet
  facet normal 0 0 -1
    outer loop
      vertex 24.9035 75.2556 0
      vertex 26.9007 94.4562 0
      vertex 26.3589 75.7496 0
    endloop
  endfacet
  facet normal -0 0 -1
    outer loop
      vertex 26.9007 94.4562 0
      vertex 24.9035 75.2556 0
      vertex 26.175 94.8141 0
    endloop
  endfacet
  facet normal -0 0 -1
    outer loop
      vertex 26.175 94.8141 0
      vertex 24.9035 75.2556 0
      vertex 25.5022 95.2637 0
    endloop
  endfacet
  facet normal -0 0 -1
    outer loop
      vertex 25.5022 95.2637 0
      vertex 24.9035 75.2556 0
      vertex 25.4735 95.2829 0
    endloop
  endfacet
  facet normal 0 0 -1
    outer loop
      vertex 23.525 74.5758 0
      vertex 25.4735 95.2829 0
      vertex 24.9035 75.2556 0
    endloop
  endfacet
  facet normal -0 0 -1
    outer loop
      vertex 25.4735 95.2829 0
      vertex 23.525 74.5758 0
      vertex 24.8651 95.8164 0
    endloop
  endfacet
  facet normal -0 0 -1
    outer loop
      vertex 24.8651 95.8164 0
      vertex 23.525 74.5758 0
      vertex 24.8392 95.8392 0
    endloop
  endfacet
  facet normal 0 0 -1
    outer loop
      vertex 22.2471 73.7219 0
      vertex 24.8392 95.8392 0
      vertex 23.525 74.5758 0
    endloop
  endfacet
  facet normal -0 0 -1
    outer loop
      vertex 24.8392 95.8392 0
      vertex 22.2471 73.7219 0
      vertex 24.8164 95.8651 0
    endloop
  endfacet
  facet normal -0 0 -1
    outer loop
      vertex 24.8164 95.8651 0
      vertex 22.2471 73.7219 0
      vertex 24.2829 96.4735 0
    endloop
  endfacet
  facet normal 0 0 -1
    outer loop
      vertex 21.0915 72.7085 0
      vertex 24.2829 96.4735 0
      vertex 22.2471 73.7219 0
    endloop
  endfacet
  facet normal -0 0 -1
    outer loop
      vertex 24.2829 96.4735 0
      vertex 21.0915 72.7085 0
      vertex 24.2637 96.5022 0
    endloop
  endfacet
  facet normal -0 0 -1
    outer loop
      vertex 24.2637 96.5022 0
      vertex 21.0915 72.7085 0
      vertex 23.8141 97.175 0
    endloop
  endfacet
  facet normal 0 0 -1
    outer loop
      vertex 20.0781 71.5529 0
      vertex 23.8141 97.175 0
      vertex 21.0915 72.7085 0
    endloop
  endfacet
  facet normal -0 0 -1
    outer loop
      vertex 23.8141 97.175 0
      vertex 20.0781 71.5529 0
      vertex 23.4562 97.9007 0
    endloop
  endfacet
  facet normal -0 0 -1
    outer loop
      vertex 23.4562 97.9007 0
      vertex 20.0781 71.5529 0
      vertex 23.441 97.9317 0
    endloop
  endfacet
  facet normal -0 0 -1
    outer loop
      vertex 23.441 97.9317 0
      vertex 20.0781 71.5529 0
      vertex 23.1809 98.6979 0
    endloop
  endfacet
  facet normal 0 0 -1
    outer loop
      vertex 19.2242 70.275 0
      vertex 23.1809 98.6979 0
      vertex 20.0781 71.5529 0
    endloop
  endfacet
  facet normal -0 0 -1
    outer loop
      vertex 23.1809 98.6979 0
      vertex 19.2242 70.275 0
      vertex 23.1698 98.7306 0
    endloop
  endfacet
  facet normal 0 0 -1
    outer loop
      vertex 9.61111 118.3 0
      vertex 23.1698 98.7306 0
      vertex 19.2242 70.275 0
    endloop
  endfacet
  facet normal 0 0 -1
    outer loop
      vertex 53.8556 9.1943 0
      vertex 36.791 29.4615 0
      vertex 39.5758 58.525 0
    endloop
  endfacet
  facet normal 0 0 -1
    outer loop
      vertex 39.5758 58.525 0
      vertex 36.791 29.4615 0
      vertex 38.7219 57.2471 0
    endloop
  endfacet
  facet normal 0 0 -1
    outer loop
      vertex 36.3282 30.4 0
      vertex 38.7219 57.2471 0
      vertex 36.791 29.4615 0
    endloop
  endfacet
  facet normal 0 0 -1
    outer loop
      vertex 38.7219 57.2471 0
      vertex 36.3282 30.4 0
      vertex 37.7085 56.0915 0
    endloop
  endfacet
  facet normal 0 0 -1
    outer loop
      vertex 35.7468 31.2701 0
      vertex 37.7085 56.0915 0
      vertex 36.3282 30.4 0
    endloop
  endfacet
  facet normal 0 0 -1
    outer loop
      vertex 37.7085 56.0915 0
      vertex 35.7468 31.2701 0
      vertex 36.5529 55.0781 0
    endloop
  endfacet
  facet normal 0 0 -1
    outer loop
      vertex 35.0569 32.0569 0
      vertex 36.5529 55.0781 0
      vertex 35.7468 31.2701 0
    endloop
  endfacet
  facet normal 0 0 -1
    outer loop
      vertex 34.2701 32.7468 0
      vertex 36.5529 55.0781 0
      vertex 35.0569 32.0569 0
    endloop
  endfacet
  facet normal 0 0 -1
    outer loop
      vertex 36.5529 55.0781 0
      vertex 34.2701 32.7468 0
      vertex 35.275 54.2242 0
    endloop
  endfacet
  facet normal 0 0 -1
    outer loop
      vertex 33.4 33.3282 0
      vertex 35.275 54.2242 0
      vertex 34.2701 32.7468 0
    endloop
  endfacet
  facet normal 0 0 -1
    outer loop
      vertex 35.275 54.2242 0
      vertex 33.4 33.3282 0
      vertex 33.8965 53.5444 0
    endloop
  endfacet
  facet normal 0 0 -1
    outer loop
      vertex 32.4615 33.791 0
      vertex 33.8965 53.5444 0
      vertex 33.4 33.3282 0
    endloop
  endfacet
  facet normal 0 0 -1
    outer loop
      vertex 32.4615 33.791 0
      vertex 32.4411 53.0504 0
      vertex 33.8965 53.5444 0
    endloop
  endfacet
  facet normal 0 0 -1
    outer loop
      vertex 31.4706 34.1274 0
      vertex 32.4411 53.0504 0
      vertex 32.4615 33.791 0
    endloop
  endfacet
  facet normal 0 0 -1
    outer loop
      vertex 31.4706 34.1274 0
      vertex 30.9337 52.7505 0
      vertex 32.4411 53.0504 0
    endloop
  endfacet
  facet normal 0 0 -1
    outer loop
      vertex 30.4442 34.3316 0
      vertex 30.9337 52.7505 0
      vertex 31.4706 34.1274 0
    endloop
  endfacet
  facet normal 0 0 -1
    outer loop
      vertex 29.4 52.65 0
      vertex 30.4442 34.3316 0
      vertex 29.4 34.4 0
    endloop
  endfacet
  facet normal 0 0 -1
    outer loop
      vertex 30.4442 34.3316 0
      vertex 29.4 52.65 0
      vertex 30.9337 52.7505 0
    endloop
  endfacet
  facet normal 0 0 -1
    outer loop
      vertex 28.3558 34.3316 0
      vertex 29.4 52.65 0
      vertex 29.4 34.4 0
    endloop
  endfacet
  facet normal 0 0 -1
    outer loop
      vertex 28.3558 34.3316 0
      vertex 27.8663 52.7505 0
      vertex 29.4 52.65 0
    endloop
  endfacet
  facet normal 0 0 -1
    outer loop
      vertex 27.3294 34.1274 0
      vertex 27.8663 52.7505 0
      vertex 28.3558 34.3316 0
    endloop
  endfacet
  facet normal 0 0 -1
    outer loop
      vertex 27.3294 34.1274 0
      vertex 26.3589 53.0504 0
      vertex 27.8663 52.7505 0
    endloop
  endfacet
  facet normal 0 0 -1
    outer loop
      vertex 26.3385 33.791 0
      vertex 26.3589 53.0504 0
      vertex 27.3294 34.1274 0
    endloop
  endfacet
  facet normal 0 0 -1
    outer loop
      vertex 24.9035 53.5444 0
      vertex 26.3385 33.791 0
      vertex 25.4 33.3282 0
    endloop
  endfacet
  facet normal 0 0 -1
    outer loop
      vertex 26.3385 33.791 0
      vertex 24.9035 53.5444 0
      vertex 26.3589 53.0504 0
    endloop
  endfacet
  facet normal 0 0 -1
    outer loop
      vertex 23.525 54.2242 0
      vertex 25.4 33.3282 0
      vertex 24.5299 32.7468 0
    endloop
  endfacet
  facet normal 0 0 -1
    outer loop
      vertex 22.2471 55.0781 0
      vertex 24.5299 32.7468 0
      vertex 23.7431 32.0569 0
    endloop
  endfacet
  facet normal 0 0 -1
    outer loop
      vertex 25.4 33.3282 0
      vertex 23.525 54.2242 0
      vertex 24.9035 53.5444 0
    endloop
  endfacet
  facet normal 0 0 -1
    outer loop
      vertex 22.2471 55.0781 0
      vertex 23.7431 32.0569 0
      vertex 23.0532 31.2701 0
    endloop
  endfacet
  facet normal 0 0 -1
    outer loop
      vertex 21.0915 56.0915 0
      vertex 23.0532 31.2701 0
      vertex 22.4718 30.4 0
    endloop
  endfacet
  facet normal 0 0 -1
    outer loop
      vertex 24.5299 32.7468 0
      vertex 22.2471 55.0781 0
      vertex 23.525 54.2242 0
    endloop
  endfacet
  facet normal 0 0 -1
    outer loop
      vertex 20.0781 57.2471 0
      vertex 22.4718 30.4 0
      vertex 22.009 29.4615 0
    endloop
  endfacet
  facet normal 0 0 -1
    outer loop
      vertex 19.2242 58.525 0
      vertex 22.009 29.4615 0
      vertex 21.6726 28.4706 0
    endloop
  endfacet
  facet normal 0 0 -1
    outer loop
      vertex 9.18784 8.06522 0
      vertex 23.7431 20.7431 0
      vertex 9.1943 8.05556 0
    endloop
  endfacet
  facet normal -0 0 -1
    outer loop
      vertex 24.5299 20.0532 0
      vertex 9.1943 8.05556 0
      vertex 23.7431 20.7431 0
    endloop
  endfacet
  facet normal 0 0 -1
    outer loop
      vertex 23.0532 31.2701 0
      vertex 21.0915 56.0915 0
      vertex 22.2471 55.0781 0
    endloop
  endfacet
  facet normal 0 0 -1
    outer loop
      vertex 55.3074 7.29381 0
      vertex 58.8 6.5 0
      vertex 55.3845 6.90608 0
    endloop
  endfacet
  facet normal -0 0 -1
    outer loop
      vertex 58.8 118.3 0
      vertex 55.4104 118.288 0
      vertex 55.4111 118.3 0
    endloop
  endfacet
  facet normal 0 0 -1
    outer loop
      vertex 55.3051 7.30521 0
      vertex 58.8 6.5 0
      vertex 55.3074 7.29381 0
    endloop
  endfacet
  facet normal 0 0 -1
    outer loop
      vertex 58.8 118.3 0
      vertex 55.3845 117.894 0
      vertex 55.4104 118.288 0
    endloop
  endfacet
  facet normal 0 0 -1
    outer loop
      vertex 55.1743 7.69057 0
      vertex 58.8 6.5 0
      vertex 55.3051 7.30521 0
    endloop
  endfacet
  facet normal 0 0 -1
    outer loop
      vertex 58.8 118.3 0
      vertex 55.3074 117.506 0
      vertex 55.3845 117.894 0
    endloop
  endfacet
  facet normal 0 0 -1
    outer loop
      vertex 55.1692 7.701 0
      vertex 58.8 6.5 0
      vertex 55.1743 7.69057 0
    endloop
  endfacet
  facet normal 0 0 -1
    outer loop
      vertex 58.8 118.3 0
      vertex 55.3051 117.495 0
      vertex 55.3074 117.506 0
    endloop
  endfacet
  facet normal 0 0 -1
    outer loop
      vertex 54.9943 8.05556 0
      vertex 58.8 6.5 0
      vertex 55.1692 7.701 0
    endloop
  endfacet
  facet normal 0 0 -1
    outer loop
      vertex 58.8 118.3 0
      vertex 55.1743 117.109 0
      vertex 55.3051 117.495 0
    endloop
  endfacet
  facet normal 0 0 -1
    outer loop
      vertex 54.7747 8.38426 0
      vertex 58.8 6.5 0
      vertex 54.9943 8.05556 0
    endloop
  endfacet
  facet normal 0 0 -1
    outer loop
      vertex 58.8 118.3 0
      vertex 55.1692 117.099 0
      vertex 55.1743 117.109 0
    endloop
  endfacet
  facet normal 0 0 -1
    outer loop
      vertex 58.8 6.5 0
      vertex 41.15 64.4 0
      vertex 58.8 118.3 0
    endloop
  endfacet
  facet normal 0 0 -1
    outer loop
      vertex 58.8 118.3 0
      vertex 54.9943 116.744 0
      vertex 55.1692 117.099 0
    endloop
  endfacet
  facet normal 0 0 -1
    outer loop
      vertex 54.7682 8.39392 0
      vertex 58.8 6.5 0
      vertex 54.7747 8.38426 0
    endloop
  endfacet
  facet normal 0 0 -1
    outer loop
      vertex 41.0495 65.9337 0
      vertex 58.8 118.3 0
      vertex 41.15 64.4 0
    endloop
  endfacet
  facet normal 0 0 -1
    outer loop
      vertex 54.7605 8.40267 0
      vertex 58.8 6.5 0
      vertex 54.7682 8.39392 0
    endloop
  endfacet
  facet normal 0 0 -1
    outer loop
      vertex 58.8 118.3 0
      vertex 54.7747 116.416 0
      vertex 54.9943 116.744 0
    endloop
  endfacet
  facet normal 0 0 -1
    outer loop
      vertex 54.4999 8.69989 0
      vertex 58.8 6.5 0
      vertex 54.7605 8.40267 0
    endloop
  endfacet
  facet normal 0 0 -1
    outer loop
      vertex 58.8 118.3 0
      vertex 54.7682 116.406 0
      vertex 54.7747 116.416 0
    endloop
  endfacet
  facet normal 0 0 -1
    outer loop
      vertex 54.2027 8.96054 0
      vertex 58.8 6.5 0
      vertex 54.4999 8.69989 0
    endloop
  endfacet
  facet normal 0 0 -1
    outer loop
      vertex 40.7496 67.4411 0
      vertex 58.8 118.3 0
      vertex 41.0495 65.9337 0
    endloop
  endfacet
  facet normal 0 0 -1
    outer loop
      vertex 54.1939 8.96821 0
      vertex 58.8 6.5 0
      vertex 54.2027 8.96054 0
    endloop
  endfacet
  facet normal 0 0 -1
    outer loop
      vertex 58.8 118.3 0
      vertex 54.7605 116.397 0
      vertex 54.7682 116.406 0
    endloop
  endfacet
  facet normal 0 0 -1
    outer loop
      vertex 53.8652 9.18784 0
      vertex 58.8 6.5 0
      vertex 54.1939 8.96821 0
    endloop
  endfacet
  facet normal 0 0 -1
    outer loop
      vertex 58.8 118.3 0
      vertex 54.4999 116.1 0
      vertex 54.7605 116.397 0
    endloop
  endfacet
  facet normal 0 0 -1
    outer loop
      vertex 53.8556 9.1943 0
      vertex 58.8 6.5 0
      vertex 53.8652 9.18784 0
    endloop
  endfacet
  facet normal 0 0 -1
    outer loop
      vertex 40.2556 68.8965 0
      vertex 58.8 118.3 0
      vertex 40.7496 67.4411 0
    endloop
  endfacet
  facet normal 0 0 -1
    outer loop
      vertex 58.8 6.5 0
      vertex 53.8556 9.1943 0
      vertex 40.2556 59.9035 0
    endloop
  endfacet
  facet normal 0 0 -1
    outer loop
      vertex 58.8 118.3 0
      vertex 54.2027 115.839 0
      vertex 54.4999 116.1 0
    endloop
  endfacet
  facet normal 0 0 -1
    outer loop
      vertex 53.4906 9.37429 0
      vertex 37.1274 28.4706 0
      vertex 53.8451 9.19944 0
    endloop
  endfacet
  facet normal 0 0 -1
    outer loop
      vertex 58.8 118.3 0
      vertex 54.1939 115.832 0
      vertex 54.2027 115.839 0
    endloop
  endfacet
  facet normal 0 0 -1
    outer loop
      vertex 37.1274 28.4706 0
      vertex 53.4906 9.37429 0
      vertex 37.3316 27.4442 0
    endloop
  endfacet
  facet normal 0 -0 -1
    outer loop
      vertex 53.8556 115.606 0
      vertex 58.8 118.3 0
      vertex 40.2556 68.8965 0
    endloop
  endfacet
  facet normal 0 0 -1
    outer loop
      vertex 53.0938 9.50737 0
      vertex 37.3316 27.4442 0
      vertex 53.1052 9.5051 0
    endloop
  endfacet
  facet normal 0 0 -1
    outer loop
      vertex 58.8 118.3 0
      vertex 53.8652 115.612 0
      vertex 54.1939 115.832 0
    endloop
  endfacet
  facet normal 0 0 -1
    outer loop
      vertex 52.7061 9.58449 0
      vertex 37.3316 27.4442 0
      vertex 53.0938 9.50737 0
    endloop
  endfacet
  facet normal 0 0 -1
    outer loop
      vertex 58.8 118.3 0
      vertex 53.8556 115.606 0
      vertex 53.8652 115.612 0
    endloop
  endfacet
  facet normal 0 0 -1
    outer loop
      vertex 37.3316 27.4442 0
      vertex 52.7061 9.58449 0
      vertex 37.4 26.4 0
    endloop
  endfacet
  facet normal 0 -0 -1
    outer loop
      vertex 43.3917 105.639 0
      vertex 53.8556 115.606 0
      vertex 40.2556 68.8965 0
    endloop
  endfacet
  facet normal 0 0 -1
    outer loop
      vertex 37.4 26.4 0
      vertex 52.7061 9.58449 0
      vertex 52.3116 9.61035 0
    endloop
  endfacet
  facet normal 0 0 -1
    outer loop
      vertex 37.4 26.4 0
      vertex 52.3116 9.61035 0
      vertex 52.3 9.61111 0
    endloop
  endfacet
  facet normal 0 -0 -1
    outer loop
      vertex 43.4825 105.775 0
      vertex 53.8556 115.606 0
      vertex 43.3917 105.639 0
    endloop
  endfacet
  facet normal 0 0 -1
    outer loop
      vertex 37.3316 25.3558 0
      vertex 52.3 9.61111 0
      vertex 52.2884 9.61035 0
    endloop
  endfacet
  facet normal 0 0 -1
    outer loop
      vertex 53.8556 115.606 0
      vertex 43.4825 105.775 0
      vertex 53.8451 115.601 0
    endloop
  endfacet
  facet normal 0 0 -1
    outer loop
      vertex 37.3316 25.3558 0
      vertex 52.2884 9.61035 0
      vertex 51.8939 9.58449 0
    endloop
  endfacet
  facet normal 0 0 -1
    outer loop
      vertex 53.8451 115.601 0
      vertex 43.4825 105.775 0
      vertex 53.4906 115.426 0
    endloop
  endfacet
  facet normal 0 0 -1
    outer loop
      vertex 53.4906 115.426 0
      vertex 43.5548 105.922 0
      vertex 53.1052 115.295 0
    endloop
  endfacet
  facet normal 0 0 -1
    outer loop
      vertex 37.1274 24.3294 0
      vertex 51.8939 9.58449 0
      vertex 51.5062 9.50737 0
    endloop
  endfacet
  facet normal 0 0 -1
    outer loop
      vertex 37.1274 24.3294 0
      vertex 51.5062 9.50737 0
      vertex 51.4948 9.5051 0
    endloop
  endfacet
  facet normal 0 -0 -1
    outer loop
      vertex 43.6074 106.076 0
      vertex 53.1052 115.295 0
      vertex 43.5548 105.922 0
    endloop
  endfacet
  facet normal 0 0 -1
    outer loop
      vertex 37.1274 24.3294 0
      vertex 51.4948 9.5051 0
      vertex 51.1094 9.37429 0
    endloop
  endfacet
  facet normal 0 0 -1
    outer loop
      vertex 53.1052 115.295 0
      vertex 43.6074 106.076 0
      vertex 52.7175 115.218 0
    endloop
  endfacet
  facet normal 0 0 -1
    outer loop
      vertex 36.791 23.3385 0
      vertex 51.1094 9.37429 0
      vertex 50.7549 9.19944 0
    endloop
  endfacet
  facet normal 0 0 -1
    outer loop
      vertex 52.7175 115.218 0
      vertex 43.6074 106.076 0
      vertex 52.7061 115.215 0
    endloop
  endfacet
  facet normal 0 0 -1
    outer loop
      vertex 36.791 23.3385 0
      vertex 50.7549 9.19944 0
      vertex 50.7444 9.1943 0
    endloop
  endfacet
  facet normal 0 -0 -1
    outer loop
      vertex 43.6393 106.237 0
      vertex 52.7061 115.215 0
      vertex 43.6074 106.076 0
    endloop
  endfacet
  facet normal 0 0 -1
    outer loop
      vertex 36.3282 22.4 0
      vertex 50.7444 9.1943 0
      vertex 50.7348 9.18784 0
    endloop
  endfacet
  facet normal 0 0 -1
    outer loop
      vertex 52.7061 115.215 0
      vertex 43.6393 106.237 0
      vertex 52.3 115.189 0
    endloop
  endfacet
  facet normal 0 0 -1
    outer loop
      vertex 36.3282 22.4 0
      vertex 50.7348 9.18784 0
      vertex 50.4061 8.96821 0
    endloop
  endfacet
  facet normal 0 -0 -1
    outer loop
      vertex 43.65 106.4 0
      vertex 52.3 115.189 0
      vertex 43.6393 106.237 0
    endloop
  endfacet
  facet normal 0 0 -1
    outer loop
      vertex 35.7468 21.5299 0
      vertex 50.4061 8.96821 0
      vertex 50.1001 8.69989 0
    endloop
  endfacet
  facet normal 0 0 -1
    outer loop
      vertex 43.6393 106.563 0
      vertex 52.3 115.189 0
      vertex 43.65 106.4 0
    endloop
  endfacet
  facet normal 0 0 -1
    outer loop
      vertex 35.7468 21.5299 0
      vertex 50.1001 8.69989 0
      vertex 49.8318 8.39392 0
    endloop
  endfacet
  facet normal -0 0 -1
    outer loop
      vertex 52.3 115.189 0
      vertex 43.6393 106.563 0
      vertex 51.9055 115.215 0
    endloop
  endfacet
  facet normal 0 0 -1
    outer loop
      vertex 35.0569 20.7431 0
      vertex 49.8318 8.39392 0
      vertex 49.6122 8.06522 0
    endloop
  endfacet
  facet normal -0 0 -1
    outer loop
      vertex 51.9055 115.215 0
      vertex 43.6393 106.563 0
      vertex 51.8939 115.215 0
    endloop
  endfacet
  facet normal 0 0 -1
    outer loop
      vertex 35.0569 20.7431 0
      vertex 49.6122 8.06522 0
      vertex 49.6057 8.05556 0
    endloop
  endfacet
  facet normal -0 0 -1
    outer loop
      vertex 51.8939 115.215 0
      vertex 43.6074 106.724 0
      vertex 51.8825 115.218 0
    endloop
  endfacet
  facet normal 0 0 -1
    outer loop
      vertex 34.2701 20.0532 0
      vertex 49.6057 8.05556 0
      vertex 49.6006 8.04513 0
    endloop
  endfacet
  facet normal 0 0 -1
    outer loop
      vertex 43.5548 106.878 0
      vertex 51.4948 115.295 0
      vertex 43.6074 106.724 0
    endloop
  endfacet
  facet normal 0 0 -1
    outer loop
      vertex 34.2701 20.0532 0
      vertex 49.6006 8.04513 0
      vertex 49.4257 7.69057 0
    endloop
  endfacet
  facet normal -0 0 -1
    outer loop
      vertex 51.4948 115.295 0
      vertex 43.5548 106.878 0
      vertex 51.1094 115.426 0
    endloop
  endfacet
  facet normal 0 0 -1
    outer loop
      vertex 33.4 19.4718 0
      vertex 49.4257 7.69057 0
      vertex 49.2949 7.30521 0
    endloop
  endfacet
  facet normal 0 0 -1
    outer loop
      vertex 43.4825 107.025 0
      vertex 51.1094 115.426 0
      vertex 43.5548 106.878 0
    endloop
  endfacet
  facet normal 0 0 -1
    outer loop
      vertex 33.4 19.4718 0
      vertex 49.2949 7.30521 0
      vertex 49.2178 6.91749 0
    endloop
  endfacet
  facet normal -0 0 -1
    outer loop
      vertex 51.1094 115.426 0
      vertex 43.4825 107.025 0
      vertex 50.7549 115.601 0
    endloop
  endfacet
  facet normal 0 0 -1
    outer loop
      vertex 33.4 19.4718 0
      vertex 49.2178 6.91749 0
      vertex 49.2155 6.90608 0
    endloop
  endfacet
  facet normal 0 0 -1
    outer loop
      vertex 43.3917 107.161 0
      vertex 50.7549 115.601 0
      vertex 43.4825 107.025 0
    endloop
  endfacet
  facet normal 0 0 -1
    outer loop
      vertex 32.4615 19.009 0
      vertex 49.2155 6.90608 0
      vertex 49.2147 6.89448 0
    endloop
  endfacet
  facet normal -0 0 -1
    outer loop
      vertex 50.7549 115.601 0
      vertex 43.3917 107.161 0
      vertex 50.7444 115.606 0
    endloop
  endfacet
  facet normal 0 0 -1
    outer loop
      vertex 32.4615 19.009 0
      vertex 49.2147 6.89448 0
      vertex 49.1889 6.5 0
    endloop
  endfacet
  facet normal -0 0 -1
    outer loop
      vertex 50.7444 115.606 0
      vertex 43.3917 107.161 0
      vertex 50.7348 115.612 0
    endloop
  endfacet
  facet normal 0 0 -1
    outer loop
      vertex 55.4104 6.4884 0
      vertex 58.8 6.5 0
      vertex 58.7444 5.65158 0
    endloop
  endfacet
  facet normal 0 0 -1
    outer loop
      vertex 55.4104 6.5116 0
      vertex 58.8 6.5 0
      vertex 55.4111 6.5 0
    endloop
  endfacet
  facet normal 0 0 -1
    outer loop
      vertex 55.3845 6.09392 0
      vertex 58.7444 5.65158 0
      vertex 58.5785 4.81768 0
    endloop
  endfacet
  facet normal 0 0 -1
    outer loop
      vertex 55.3845 6.90608 0
      vertex 58.8 6.5 0
      vertex 55.4104 6.5116 0
    endloop
  endfacet
  facet normal 0 0 -1
    outer loop
      vertex 55.3051 5.69478 0
      vertex 58.5785 4.81768 0
      vertex 58.3052 4.01256 0
    endloop
  endfacet
  facet normal 0 0 -1
    outer loop
      vertex 55.4104 118.312 0
      vertex 58.8 118.3 0
      vertex 55.4111 118.3 0
    endloop
  endfacet
  facet normal 0 0 -1
    outer loop
      vertex 55.1692 5.299 0
      vertex 58.3052 4.01256 0
      vertex 57.9292 3.25 0
    endloop
  endfacet
  facet normal 0 0 -1
    outer loop
      vertex 58.8 118.3 0
      vertex 55.4104 118.312 0
      vertex 58.7444 119.148 0
    endloop
  endfacet
  facet normal 0 0 -1
    outer loop
      vertex 54.9943 4.94444 0
      vertex 57.9292 3.25 0
      vertex 57.4568 2.54305 0
    endloop
  endfacet
  facet normal 0 0 -1
    outer loop
      vertex 55.3845 118.706 0
      vertex 58.7444 119.148 0
      vertex 55.4104 118.312 0
    endloop
  endfacet
  facet normal 0 0 -1
    outer loop
      vertex 54.7605 4.59733 0
      vertex 57.4568 2.54305 0
      vertex 56.8962 1.90381 0
    endloop
  endfacet
  facet normal -0 0 -1
    outer loop
      vertex 58.7444 119.148 0
      vertex 55.3845 118.706 0
      vertex 58.5785 119.982 0
    endloop
  endfacet
  facet normal 0 0 -1
    outer loop
      vertex 54.4999 4.30011 0
      vertex 56.8962 1.90381 0
      vertex 56.257 1.3432 0
    endloop
  endfacet
  facet normal 0 0 -1
    outer loop
      vertex 55.3074 119.094 0
      vertex 58.5785 119.982 0
      vertex 55.3845 118.706 0
    endloop
  endfacet
  facet normal 0 0 -1
    outer loop
      vertex 54.1939 4.03179 0
      vertex 56.257 1.3432 0
      vertex 55.55 0.870834 0
    endloop
  endfacet
  facet normal 0 0 -1
    outer loop
      vertex 55.3051 119.105 0
      vertex 58.5785 119.982 0
      vertex 55.3074 119.094 0
    endloop
  endfacet
  facet normal -0 0 -1
    outer loop
      vertex 58.5785 119.982 0
      vertex 55.3051 119.105 0
      vertex 58.3052 120.787 0
    endloop
  endfacet
  facet normal -0 0 -1
    outer loop
      vertex 58.8 6.5 0
      vertex 55.4104 6.4884 0
      vertex 55.4111 6.5 0
    endloop
  endfacet
  facet normal 0 0 -1
    outer loop
      vertex 58.7444 5.65158 0
      vertex 55.3845 6.09392 0
      vertex 55.4104 6.4884 0
    endloop
  endfacet
  facet normal 0 0 -1
    outer loop
      vertex 58.5785 4.81768 0
      vertex 55.3074 5.70619 0
      vertex 55.3845 6.09392 0
    endloop
  endfacet
  facet normal 0 0 -1
    outer loop
      vertex 58.5785 4.81768 0
      vertex 55.3051 5.69478 0
      vertex 55.3074 5.70619 0
    endloop
  endfacet
  facet normal 0 0 -1
    outer loop
      vertex 58.3052 4.01256 0
      vertex 55.1743 5.30943 0
      vertex 55.3051 5.69478 0
    endloop
  endfacet
  facet normal 0 0 -1
    outer loop
      vertex 58.3052 4.01256 0
      vertex 55.1692 5.299 0
      vertex 55.1743 5.30943 0
    endloop
  endfacet
  facet normal 0 0 -1
    outer loop
      vertex 57.9292 3.25 0
      vertex 54.9943 4.94444 0
      vertex 55.1692 5.299 0
    endloop
  endfacet
  facet normal 0 0 -1
    outer loop
      vertex 53.8451 3.80055 0
      vertex 55.55 0.870834 0
      vertex 54.7874 0.494782 0
    endloop
  endfacet
  facet normal 0 0 -1
    outer loop
      vertex 57.4568 2.54305 0
      vertex 54.7747 4.61574 0
      vertex 54.9943 4.94444 0
    endloop
  endfacet
  facet normal 0 0 -1
    outer loop
      vertex 57.4568 2.54305 0
      vertex 54.7682 4.60607 0
      vertex 54.7747 4.61574 0
    endloop
  endfacet
  facet normal 0 0 -1
    outer loop
      vertex 57.4568 2.54305 0
      vertex 54.7605 4.59733 0
      vertex 54.7682 4.60607 0
    endloop
  endfacet
  facet normal 0 0 -1
    outer loop
      vertex 56.8962 1.90381 0
      vertex 54.4999 4.30011 0
      vertex 54.7605 4.59733 0
    endloop
  endfacet
  facet normal 0 0 -1
    outer loop
      vertex 56.257 1.3432 0
      vertex 54.2027 4.03945 0
      vertex 54.4999 4.30011 0
    endloop
  endfacet
  facet normal 0 0 -1
    outer loop
      vertex 56.257 1.3432 0
      vertex 54.1939 4.03179 0
      vertex 54.2027 4.03945 0
    endloop
  endfacet
  facet normal 0 0 -1
    outer loop
      vertex 53.4906 3.62571 0
      vertex 54.7874 0.494782 0
      vertex 53.9823 0.221481 0
    endloop
  endfacet
  facet normal 0 0 -1
    outer loop
      vertex 55.55 0.870834 0
      vertex 53.8652 3.81216 0
      vertex 54.1939 4.03179 0
    endloop
  endfacet
  facet normal 0 0 -1
    outer loop
      vertex 55.55 0.870834 0
      vertex 53.8556 3.8057 0
      vertex 53.8652 3.81216 0
    endloop
  endfacet
  facet normal 0 0 -1
    outer loop
      vertex 55.55 0.870834 0
      vertex 53.8451 3.80055 0
      vertex 53.8556 3.8057 0
    endloop
  endfacet
  facet normal 0 0 -1
    outer loop
      vertex 54.7874 0.494782 0
      vertex 53.4906 3.62571 0
      vertex 53.8451 3.80055 0
    endloop
  endfacet
  facet normal 0 0 -1
    outer loop
      vertex 53.0938 3.49263 0
      vertex 53.9823 0.221481 0
      vertex 53.1484 0.0556078 0
    endloop
  endfacet
  facet normal 0 0 -1
    outer loop
      vertex 53.9823 0.221481 0
      vertex 53.1052 3.4949 0
      vertex 53.4906 3.62571 0
    endloop
  endfacet
  facet normal 0 0 -1
    outer loop
      vertex 53.9823 0.221481 0
      vertex 53.0938 3.49263 0
      vertex 53.1052 3.4949 0
    endloop
  endfacet
  facet normal 0 0 -1
    outer loop
      vertex 53.1484 0.0556078 0
      vertex 52.7061 3.4155 0
      vertex 53.0938 3.49263 0
    endloop
  endfacet
  facet normal 0 0 -1
    outer loop
      vertex 53.1484 0.0556078 0
      vertex 52.3116 3.38965 0
      vertex 52.7061 3.4155 0
    endloop
  endfacet
  facet normal 0 0 -1
    outer loop
      vertex 52.3 0 0
      vertex 52.3116 3.38965 0
      vertex 53.1484 0.0556078 0
    endloop
  endfacet
  facet normal 0 0 -1
    outer loop
      vertex 52.3 0 0
      vertex 52.3 3.38889 0
      vertex 52.3116 3.38965 0
    endloop
  endfacet
  facet normal 0 0 -1
    outer loop
      vertex 52.3 0 0
      vertex 52.2884 3.38965 0
      vertex 52.3 3.38889 0
    endloop
  endfacet
  facet normal 0 0 -1
    outer loop
      vertex 52.3 0 0
      vertex 51.8939 3.4155 0
      vertex 52.2884 3.38965 0
    endloop
  endfacet
  facet normal 0 0 -1
    outer loop
      vertex 52.3 0 0
      vertex 51.5062 3.49263 0
      vertex 51.8939 3.4155 0
    endloop
  endfacet
  facet normal 0 0 -1
    outer loop
      vertex 52.3 0 0
      vertex 51.4948 3.4949 0
      vertex 51.5062 3.49263 0
    endloop
  endfacet
  facet normal 0 0 -1
    outer loop
      vertex 52.3 0 0
      vertex 51.1094 3.62571 0
      vertex 51.4948 3.4949 0
    endloop
  endfacet
  facet normal 0 0 -1
    outer loop
      vertex 52.3 0 0
      vertex 50.7549 3.80055 0
      vertex 51.1094 3.62571 0
    endloop
  endfacet
  facet normal 0 0 -1
    outer loop
      vertex 52.3 0 0
      vertex 50.7444 3.8057 0
      vertex 50.7549 3.80055 0
    endloop
  endfacet
  facet normal 0 0 -1
    outer loop
      vertex 52.3 0 0
      vertex 50.7348 3.81216 0
      vertex 50.7444 3.8057 0
    endloop
  endfacet
  facet normal 0 0 -1
    outer loop
      vertex 52.3 0 0
      vertex 50.4061 4.03179 0
      vertex 50.7348 3.81216 0
    endloop
  endfacet
  facet normal 0 0 -1
    outer loop
      vertex 52.3 0 0
      vertex 50.1001 4.30011 0
      vertex 50.4061 4.03179 0
    endloop
  endfacet
  facet normal 0 0 -1
    outer loop
      vertex 52.3 0 0
      vertex 49.8318 4.60607 0
      vertex 50.1001 4.30011 0
    endloop
  endfacet
  facet normal 0 0 -1
    outer loop
      vertex 8.96821 4.60607 0
      vertex 49.8318 4.60607 0
      vertex 52.3 0 0
    endloop
  endfacet
  facet normal 0 0 -1
    outer loop
      vertex 49.8318 4.60607 0
      vertex 8.96821 4.60607 0
      vertex 49.6122 4.93478 0
    endloop
  endfacet
  facet normal 0 0 -1
    outer loop
      vertex 49.6057 4.94444 0
      vertex 49.4257 5.30943 0
      vertex 49.6006 4.95487 0
    endloop
  endfacet
  facet normal 0 0 -1
    outer loop
      vertex 30.4442 18.4684 0
      vertex 49.2178 6.08251 0
      vertex 49.2949 5.69478 0
    endloop
  endfacet
  facet normal 0 0 -1
    outer loop
      vertex 43.2839 107.284 0
      vertex 50.7348 115.612 0
      vertex 43.3917 107.161 0
    endloop
  endfacet
  facet normal 0 0 -1
    outer loop
      vertex 42.8784 107.555 0
      vertex 49.8318 116.406 0
      vertex 43.025 107.483 0
    endloop
  endfacet
  facet normal -0 0 -1
    outer loop
      vertex 50.7348 115.612 0
      vertex 43.2839 107.284 0
      vertex 50.4061 115.832 0
    endloop
  endfacet
  facet normal -0 0 -1
    outer loop
      vertex 50.1001 116.1 0
      vertex 43.025 107.483 0
      vertex 49.8318 116.406 0
    endloop
  endfacet
  facet normal 0 0 -1
    outer loop
      vertex 43.025 107.483 0
      vertex 50.1001 116.1 0
      vertex 43.1609 107.392 0
    endloop
  endfacet
  facet normal -0 0 -1
    outer loop
      vertex 50.4061 115.832 0
      vertex 43.1609 107.392 0
      vertex 50.1001 116.1 0
    endloop
  endfacet
  facet normal 0 0 -1
    outer loop
      vertex 43.1609 107.392 0
      vertex 50.4061 115.832 0
      vertex 43.2839 107.284 0
    endloop
  endfacet
  facet normal -0 0 -1
    outer loop
      vertex 51.8825 115.218 0
      vertex 43.6074 106.724 0
      vertex 51.4948 115.295 0
    endloop
  endfacet
  facet normal 0 0 -1
    outer loop
      vertex 43.6074 106.724 0
      vertex 51.8939 115.215 0
      vertex 43.6393 106.563 0
    endloop
  endfacet
  facet normal 0 -0 -1
    outer loop
      vertex 43.5548 105.922 0
      vertex 53.4906 115.426 0
      vertex 43.4825 105.775 0
    endloop
  endfacet
  facet normal 0 0 -1
    outer loop
      vertex 39.5758 70.275 0
      vertex 43.3917 105.639 0
      vertex 40.2556 68.8965 0
    endloop
  endfacet
  facet normal 0 0 -1
    outer loop
      vertex 43.3917 105.639 0
      vertex 39.5758 70.275 0
      vertex 43.2839 105.516 0
    endloop
  endfacet
  facet normal 0 0 -1
    outer loop
      vertex 31.4706 18.6726 0
      vertex 49.1889 6.5 0
      vertex 49.2155 6.09392 0
    endloop
  endfacet
  facet normal 0 0 -1
    outer loop
      vertex 38.7219 71.5529 0
      vertex 43.2839 105.516 0
      vertex 39.5758 70.275 0
    endloop
  endfacet
  facet normal 0 0 -1
    outer loop
      vertex 43.2839 105.516 0
      vertex 38.7219 71.5529 0
      vertex 43.1609 105.408 0
    endloop
  endfacet
  facet normal 0 0 -1
    outer loop
      vertex 43.1609 105.408 0
      vertex 38.7219 71.5529 0
      vertex 43.025 105.317 0
    endloop
  endfacet
  facet normal 0 0 -1
    outer loop
      vertex 37.7085 72.7085 0
      vertex 43.025 105.317 0
      vertex 38.7219 71.5529 0
    endloop
  endfacet
  facet normal 0 0 -1
    outer loop
      vertex 43.025 105.317 0
      vertex 37.7085 72.7085 0
      vertex 42.8784 105.245 0
    endloop
  endfacet
  facet normal 0 0 -1
    outer loop
      vertex 35.7971 99.5926 0
      vertex 42.8784 105.245 0
      vertex 37.7085 72.7085 0
    endloop
  endfacet
  facet normal 0 0 -1
    outer loop
      vertex 35.7971 99.5926 0
      vertex 42.7235 105.193 0
      vertex 42.8784 105.245 0
    endloop
  endfacet
  facet normal 0 0 -1
    outer loop
      vertex 35.7971 99.5926 0
      vertex 42.5632 105.161 0
      vertex 42.7235 105.193 0
    endloop
  endfacet
  facet normal 0 0 -1
    outer loop
      vertex 35.7971 99.5926 0
      vertex 42.4 105.15 0
      vertex 42.5632 105.161 0
    endloop
  endfacet
  facet normal 0 0 -1
    outer loop
      vertex 35.7971 99.5926 0
      vertex 42.2368 105.161 0
      vertex 42.4 105.15 0
    endloop
  endfacet
  facet normal -0 0 -1
    outer loop
      vertex 42.2368 105.161 0
      vertex 35.85 100.4 0
      vertex 42.0765 105.193 0
    endloop
  endfacet
  facet normal -0 0 -1
    outer loop
      vertex 42.0765 105.193 0
      vertex 35.85 100.4 0
      vertex 41.9216 105.245 0
    endloop
  endfacet
  facet normal 0 0 -1
    outer loop
      vertex 35.7971 101.207 0
      vertex 41.9216 105.245 0
      vertex 35.85 100.4 0
    endloop
  endfacet
  facet normal 0 0 -1
    outer loop
      vertex 58.8 6.5 0
      vertex 41.0495 62.8663 0
      vertex 41.15 64.4 0
    endloop
  endfacet
  facet normal 0 0 -1
    outer loop
      vertex 58.8 6.5 0
      vertex 40.7496 61.3589 0
      vertex 41.0495 62.8663 0
    endloop
  endfacet
  facet normal 0 0 -1
    outer loop
      vertex 58.8 6.5 0
      vertex 40.2556 59.9035 0
      vertex 40.7496 61.3589 0
    endloop
  endfacet
  facet normal 0 0 -1
    outer loop
      vertex 53.1052 9.5051 0
      vertex 37.3316 27.4442 0
      vertex 53.4906 9.37429 0
    endloop
  endfacet
  facet normal 0 0 -1
    outer loop
      vertex 53.8556 9.1943 0
      vertex 39.5758 58.525 0
      vertex 40.2556 59.9035 0
    endloop
  endfacet
  facet normal 0 0 -1
    outer loop
      vertex 49.2178 6.08251 0
      vertex 30.4442 18.4684 0
      vertex 49.2155 6.09392 0
    endloop
  endfacet
  facet normal 0 0 -1
    outer loop
      vertex 53.8451 9.19944 0
      vertex 37.1274 28.4706 0
      vertex 53.8556 9.1943 0
    endloop
  endfacet
  facet normal 0 0 -1
    outer loop
      vertex 36.791 29.4615 0
      vertex 53.8556 9.1943 0
      vertex 37.1274 28.4706 0
    endloop
  endfacet
  facet normal 0 0 -1
    outer loop
      vertex 30.4442 18.4684 0
      vertex 49.2949 5.69478 0
      vertex 49.4257 5.30943 0
    endloop
  endfacet
  facet normal 0 0 -1
    outer loop
      vertex 9.37429 5.30943 0
      vertex 49.4257 5.30943 0
      vertex 49.6057 4.94444 0
    endloop
  endfacet
  facet normal -0 0 -1
    outer loop
      vertex 49.6122 4.93478 0
      vertex 8.96821 4.60607 0
      vertex 49.6057 4.94444 0
    endloop
  endfacet
  facet normal 0 0 -1
    outer loop
      vertex 52.3 9.61111 0
      vertex 37.3316 25.3558 0
      vertex 37.4 26.4 0
    endloop
  endfacet
  facet normal 0 0 -1
    outer loop
      vertex 51.8939 9.58449 0
      vertex 37.1274 24.3294 0
      vertex 37.3316 25.3558 0
    endloop
  endfacet
  facet normal 0 0 -1
    outer loop
      vertex 51.1094 9.37429 0
      vertex 36.791 23.3385 0
      vertex 37.1274 24.3294 0
    endloop
  endfacet
  facet normal 0 0 -1
    outer loop
      vertex 50.7444 9.1943 0
      vertex 36.3282 22.4 0
      vertex 36.791 23.3385 0
    endloop
  endfacet
  facet normal 0 0 -1
    outer loop
      vertex 50.4061 8.96821 0
      vertex 35.7468 21.5299 0
      vertex 36.3282 22.4 0
    endloop
  endfacet
  facet normal 0 0 -1
    outer loop
      vertex 49.8318 8.39392 0
      vertex 35.0569 20.7431 0
      vertex 35.7468 21.5299 0
    endloop
  endfacet
  facet normal 0 0 -1
    outer loop
      vertex 49.6057 8.05556 0
      vertex 34.2701 20.0532 0
      vertex 35.0569 20.7431 0
    endloop
  endfacet
  facet normal 0 0 -1
    outer loop
      vertex 49.4257 7.69057 0
      vertex 33.4 19.4718 0
      vertex 34.2701 20.0532 0
    endloop
  endfacet
  facet normal 0 0 -1
    outer loop
      vertex 49.2155 6.90608 0
      vertex 32.4615 19.009 0
      vertex 33.4 19.4718 0
    endloop
  endfacet
  facet normal 0 0 -1
    outer loop
      vertex 49.1889 6.5 0
      vertex 31.4706 18.6726 0
      vertex 32.4615 19.009 0
    endloop
  endfacet
  facet normal 0 0 -1
    outer loop
      vertex 49.2155 6.09392 0
      vertex 30.4442 18.4684 0
      vertex 31.4706 18.6726 0
    endloop
  endfacet
  facet normal 0 0 -1
    outer loop
      vertex 49.4257 5.30943 0
      vertex 29.4 18.4 0
      vertex 30.4442 18.4684 0
    endloop
  endfacet
  facet normal 0 0 -1
    outer loop
      vertex 49.4257 5.30943 0
      vertex 9.37429 5.30943 0
      vertex 29.4 18.4 0
    endloop
  endfacet
  facet normal -0 0 -1
    outer loop
      vertex 29.4 18.4 0
      vertex 9.37429 5.30943 0
      vertex 28.3558 18.4684 0
    endloop
  endfacet
  facet normal 0 -0 -1
    outer loop
      vertex 9.5051 5.69478 0
      vertex 28.3558 18.4684 0
      vertex 9.37429 5.30943 0
    endloop
  endfacet
  facet normal 0 -0 -1
    outer loop
      vertex 9.50737 5.70619 0
      vertex 28.3558 18.4684 0
      vertex 9.5051 5.69478 0
    endloop
  endfacet
  facet normal 0 -0 -1
    outer loop
      vertex 9.58449 6.09392 0
      vertex 28.3558 18.4684 0
      vertex 9.50737 5.70619 0
    endloop
  endfacet
  facet normal 0 0 -1
    outer loop
      vertex 22.4718 30.4 0
      vertex 20.0781 57.2471 0
      vertex 21.0915 56.0915 0
    endloop
  endfacet
  facet normal 0 0 -1
    outer loop
      vertex 22.009 29.4615 0
      vertex 19.2242 58.525 0
      vertex 20.0781 57.2471 0
    endloop
  endfacet
  facet normal 0 0 -1
    outer loop
      vertex 9.1943 8.05556 0
      vertex 24.5299 20.0532 0
      vertex 9.19944 8.04513 0
    endloop
  endfacet
  facet normal 0 0 -1
    outer loop
      vertex 21.6726 28.4706 0
      vertex 18.5444 59.9035 0
      vertex 19.2242 58.525 0
    endloop
  endfacet
  facet normal 0 0 -1
    outer loop
      vertex 8.96821 8.39392 0
      vertex 23.7431 20.7431 0
      vertex 9.18784 8.06522 0
    endloop
  endfacet
  facet normal -0 0 -1
    outer loop
      vertex 23.7431 20.7431 0
      vertex 8.96821 8.39392 0
      vertex 23.0532 21.5299 0
    endloop
  endfacet
  facet normal 0 0 -1
    outer loop
      vertex 8.39392 8.96821 0
      vertex 23.0532 21.5299 0
      vertex 8.69989 8.69989 0
    endloop
  endfacet
  facet normal 0 0 -1
    outer loop
      vertex 8.69989 8.69989 0
      vertex 23.0532 21.5299 0
      vertex 8.96821 8.39392 0
    endloop
  endfacet
  facet normal 0 0 -1
    outer loop
      vertex 9.19944 8.04513 0
      vertex 24.5299 20.0532 0
      vertex 9.37429 7.69057 0
    endloop
  endfacet
  facet normal -0 0 -1
    outer loop
      vertex 25.4 19.4718 0
      vertex 9.37429 7.69057 0
      vertex 24.5299 20.0532 0
    endloop
  endfacet
  facet normal 0 0 -1
    outer loop
      vertex 9.37429 7.69057 0
      vertex 25.4 19.4718 0
      vertex 9.5051 7.30521 0
    endloop
  endfacet
  facet normal 0 0 -1
    outer loop
      vertex 9.5051 7.30521 0
      vertex 25.4 19.4718 0
      vertex 9.50737 7.29381 0
    endloop
  endfacet
  facet normal 0 0 -1
    outer loop
      vertex 9.50737 7.29381 0
      vertex 25.4 19.4718 0
      vertex 9.58449 6.90608 0
    endloop
  endfacet
  facet normal -0 0 -1
    outer loop
      vertex 26.3385 19.009 0
      vertex 9.58449 6.90608 0
      vertex 25.4 19.4718 0
    endloop
  endfacet
  facet normal 0 -0 -1
    outer loop
      vertex 9.61035 6.4884 0
      vertex 27.3294 18.6726 0
      vertex 9.58449 6.09392 0
    endloop
  endfacet
  facet normal 0 0 -1
    outer loop
      vertex 9.58449 6.90608 0
      vertex 26.3385 19.009 0
      vertex 9.61035 6.5116 0
    endloop
  endfacet
  facet normal 0 0 -1
    outer loop
      vertex 9.61035 6.5116 0
      vertex 26.3385 19.009 0
      vertex 9.61111 6.5 0
    endloop
  endfacet
  facet normal -0 0 -1
    outer loop
      vertex 27.3294 18.6726 0
      vertex 9.61111 6.5 0
      vertex 26.3385 19.009 0
    endloop
  endfacet
  facet normal 0 -0 -1
    outer loop
      vertex 9.61111 6.5 0
      vertex 27.3294 18.6726 0
      vertex 9.61035 6.4884 0
    endloop
  endfacet
  facet normal -0 0 -1
    outer loop
      vertex 28.3558 18.4684 0
      vertex 9.58449 6.09392 0
      vertex 27.3294 18.6726 0
    endloop
  endfacet
  facet normal 0 0 -1
    outer loop
      vertex 49.6057 4.94444 0
      vertex 9.19944 4.95487 0
      vertex 9.37429 5.30943 0
    endloop
  endfacet
  facet normal 0 0 -1
    outer loop
      vertex 49.6057 4.94444 0
      vertex 9.1943 4.94444 0
      vertex 9.19944 4.95487 0
    endloop
  endfacet
  facet normal -0 0 -1
    outer loop
      vertex 49.6057 4.94444 0
      vertex 9.18784 4.93478 0
      vertex 9.1943 4.94444 0
    endloop
  endfacet
  facet normal 0 0 -1
    outer loop
      vertex 49.6057 4.94444 0
      vertex 8.96821 4.60607 0
      vertex 9.18784 4.93478 0
    endloop
  endfacet
  facet normal 0 0 -1
    outer loop
      vertex 6.5 0 0
      vertex 8.96821 4.60607 0
      vertex 52.3 0 0
    endloop
  endfacet
  facet normal 0 0 -1
    outer loop
      vertex 8.96821 4.60607 0
      vertex 6.5 0 0
      vertex 8.69989 4.30011 0
    endloop
  endfacet
  facet normal 0 0 -1
    outer loop
      vertex 8.69989 4.30011 0
      vertex 6.5 0 0
      vertex 8.39392 4.03179 0
    endloop
  endfacet
  facet normal 0 0 -1
    outer loop
      vertex 8.39392 4.03179 0
      vertex 6.5 0 0
      vertex 8.06522 3.81216 0
    endloop
  endfacet
  facet normal 0 0 -1
    outer loop
      vertex 8.06522 3.81216 0
      vertex 6.5 0 0
      vertex 8.05556 3.8057 0
    endloop
  endfacet
  facet normal 0 0 -1
    outer loop
      vertex 8.05556 3.8057 0
      vertex 6.5 0 0
      vertex 8.04513 3.80055 0
    endloop
  endfacet
  facet normal 0 0 -1
    outer loop
      vertex 8.04513 3.80055 0
      vertex 6.5 0 0
      vertex 7.69057 3.62571 0
    endloop
  endfacet
  facet normal 0 0 -1
    outer loop
      vertex 7.69057 3.62571 0
      vertex 6.5 0 0
      vertex 7.30521 3.4949 0
    endloop
  endfacet
  facet normal 0 0 -1
    outer loop
      vertex 7.30521 3.4949 0
      vertex 6.5 0 0
      vertex 7.29381 3.49263 0
    endloop
  endfacet
  facet normal 0 0 -1
    outer loop
      vertex 7.29381 3.49263 0
      vertex 6.5 0 0
      vertex 6.90608 3.4155 0
    endloop
  endfacet
  facet normal 0 0 -1
    outer loop
      vertex 6.90608 3.4155 0
      vertex 6.5 0 0
      vertex 6.5116 3.38965 0
    endloop
  endfacet
  facet normal 0 0 -1
    outer loop
      vertex 6.5 0 0
      vertex 6.5 3.38889 0
      vertex 6.5116 3.38965 0
    endloop
  endfacet
  facet normal 0 0 -1
    outer loop
      vertex 6.5 0 0
      vertex 6.4884 3.38965 0
      vertex 6.5 3.38889 0
    endloop
  endfacet
  facet normal 0 0 -1
    outer loop
      vertex 6.5 0 0
      vertex 6.09392 3.4155 0
      vertex 6.4884 3.38965 0
    endloop
  endfacet
  facet normal 0 0 -1
    outer loop
      vertex 5.65158 0.0556078 0
      vertex 6.09392 3.4155 0
      vertex 6.5 0 0
    endloop
  endfacet
  facet normal -0 0 -1
    outer loop
      vertex 6.09392 3.4155 0
      vertex 5.65158 0.0556078 0
      vertex 5.70619 3.49263 0
    endloop
  endfacet
  facet normal 0 0 -1
    outer loop
      vertex 4.81768 0.221481 0
      vertex 5.70619 3.49263 0
      vertex 5.65158 0.0556078 0
    endloop
  endfacet
  facet normal -0 0 -1
    outer loop
      vertex 5.70619 3.49263 0
      vertex 4.81768 0.221481 0
      vertex 5.69478 3.4949 0
    endloop
  endfacet
  facet normal -0 0 -1
    outer loop
      vertex 5.69478 3.4949 0
      vertex 4.81768 0.221481 0
      vertex 5.30943 3.62571 0
    endloop
  endfacet
  facet normal 0 0 -1
    outer loop
      vertex 4.01256 0.494782 0
      vertex 5.30943 3.62571 0
      vertex 4.81768 0.221481 0
    endloop
  endfacet
  facet normal -0 0 -1
    outer loop
      vertex 5.30943 3.62571 0
      vertex 4.01256 0.494782 0
      vertex 4.95487 3.80055 0
    endloop
  endfacet
  facet normal 0 0 -1
    outer loop
      vertex 3.25 0.870834 0
      vertex 4.95487 3.80055 0
      vertex 4.01256 0.494782 0
    endloop
  endfacet
  facet normal -0 0 -1
    outer loop
      vertex 4.95487 3.80055 0
      vertex 3.25 0.870834 0
      vertex 4.94444 3.8057 0
    endloop
  endfacet
  facet normal -0 0 -1
    outer loop
      vertex 4.94444 3.8057 0
      vertex 3.25 0.870834 0
      vertex 4.93478 3.81216 0
    endloop
  endfacet
  facet normal -0 0 -1
    outer loop
      vertex 4.93478 3.81216 0
      vertex 3.25 0.870834 0
      vertex 4.60607 4.03179 0
    endloop
  endfacet
  facet normal 0 0 -1
    outer loop
      vertex 2.54305 1.3432 0
      vertex 4.60607 4.03179 0
      vertex 3.25 0.870834 0
    endloop
  endfacet
  facet normal -0 0 -1
    outer loop
      vertex 4.60607 4.03179 0
      vertex 2.54305 1.3432 0
      vertex 4.30011 4.30011 0
    endloop
  endfacet
  facet normal 0 0 -1
    outer loop
      vertex 1.90381 1.90381 0
      vertex 4.30011 4.30011 0
      vertex 2.54305 1.3432 0
    endloop
  endfacet
  facet normal -0 0 -1
    outer loop
      vertex 4.30011 4.30011 0
      vertex 1.90381 1.90381 0
      vertex 4.03179 4.60607 0
    endloop
  endfacet
  facet normal 0 0 -1
    outer loop
      vertex 1.3432 2.54305 0
      vertex 4.03179 4.60607 0
      vertex 1.90381 1.90381 0
    endloop
  endfacet
  facet normal -0 0 -1
    outer loop
      vertex 4.03179 4.60607 0
      vertex 1.3432 2.54305 0
      vertex 3.81216 4.93478 0
    endloop
  endfacet
  facet normal 0 0 -1
    outer loop
      vertex 0.870834 3.25 0
      vertex 3.81216 4.93478 0
      vertex 1.3432 2.54305 0
    endloop
  endfacet
  facet normal -0 0 -1
    outer loop
      vertex 3.81216 4.93478 0
      vertex 0.870834 3.25 0
      vertex 3.8057 4.94444 0
    endloop
  endfacet
  facet normal 0 0 -1
    outer loop
      vertex 0.0556078 5.65158 0
      vertex 3.38965 6.4884 0
      vertex 3.4155 6.09392 0
    endloop
  endfacet
  facet normal 0 0 -1
    outer loop
      vertex 0.494782 4.01256 0
      vertex 3.62571 5.30943 0
      vertex 0.870834 3.25 0
    endloop
  endfacet
  facet normal -0 0 -1
    outer loop
      vertex 3.80055 4.95487 0
      vertex 0.870834 3.25 0
      vertex 3.62571 5.30943 0
    endloop
  endfacet
  facet normal -0 0 -1
    outer loop
      vertex 3.8057 4.94444 0
      vertex 0.870834 3.25 0
      vertex 3.80055 4.95487 0
    endloop
  endfacet
  facet normal 0 0 -1
    outer loop
      vertex 55.1743 119.491 0
      vertex 58.3052 120.787 0
      vertex 55.3051 119.105 0
    endloop
  endfacet
  facet normal 0 0 -1
    outer loop
      vertex 55.1692 119.501 0
      vertex 58.3052 120.787 0
      vertex 55.1743 119.491 0
    endloop
  endfacet
  facet normal -0 0 -1
    outer loop
      vertex 58.3052 120.787 0
      vertex 55.1692 119.501 0
      vertex 57.9292 121.55 0
    endloop
  endfacet
  facet normal 0 0 -1
    outer loop
      vertex 54.9943 119.856 0
      vertex 57.9292 121.55 0
      vertex 55.1692 119.501 0
    endloop
  endfacet
  facet normal -0 0 -1
    outer loop
      vertex 57.9292 121.55 0
      vertex 54.9943 119.856 0
      vertex 57.4568 122.257 0
    endloop
  endfacet
  facet normal 0 0 -1
    outer loop
      vertex 54.7747 120.184 0
      vertex 57.4568 122.257 0
      vertex 54.9943 119.856 0
    endloop
  endfacet
  facet normal 0 0 -1
    outer loop
      vertex 54.7682 120.194 0
      vertex 57.4568 122.257 0
      vertex 54.7747 120.184 0
    endloop
  endfacet
  facet normal 0 0 -1
    outer loop
      vertex 54.7605 120.203 0
      vertex 57.4568 122.257 0
      vertex 54.7682 120.194 0
    endloop
  endfacet
  facet normal -0 0 -1
    outer loop
      vertex 57.4568 122.257 0
      vertex 54.7605 120.203 0
      vertex 56.8962 122.896 0
    endloop
  endfacet
  facet normal 0 0 -1
    outer loop
      vertex 54.4999 120.5 0
      vertex 56.8962 122.896 0
      vertex 54.7605 120.203 0
    endloop
  endfacet
  facet normal -0 0 -1
    outer loop
      vertex 56.8962 122.896 0
      vertex 54.4999 120.5 0
      vertex 56.257 123.457 0
    endloop
  endfacet
  facet normal 0 0 -1
    outer loop
      vertex 54.2027 120.761 0
      vertex 56.257 123.457 0
      vertex 54.4999 120.5 0
    endloop
  endfacet
  facet normal 0 0 -1
    outer loop
      vertex 54.1939 120.768 0
      vertex 56.257 123.457 0
      vertex 54.2027 120.761 0
    endloop
  endfacet
  facet normal 0 0 -1
    outer loop
      vertex 54.1843 120.775 0
      vertex 56.257 123.457 0
      vertex 54.1939 120.768 0
    endloop
  endfacet
  facet normal -0 0 -1
    outer loop
      vertex 56.257 123.457 0
      vertex 54.1843 120.775 0
      vertex 55.55 123.929 0
    endloop
  endfacet
  facet normal 0 0 -1
    outer loop
      vertex 53.8556 120.994 0
      vertex 55.55 123.929 0
      vertex 54.1843 120.775 0
    endloop
  endfacet
  facet normal -0 0 -1
    outer loop
      vertex 55.55 123.929 0
      vertex 53.8556 120.994 0
      vertex 54.7874 124.305 0
    endloop
  endfacet
  facet normal 0 0 -1
    outer loop
      vertex 53.501 121.169 0
      vertex 54.7874 124.305 0
      vertex 53.8556 120.994 0
    endloop
  endfacet
  facet normal 0 0 -1
    outer loop
      vertex 53.4906 121.174 0
      vertex 54.7874 124.305 0
      vertex 53.501 121.169 0
    endloop
  endfacet
  facet normal -0 0 -1
    outer loop
      vertex 54.7874 124.305 0
      vertex 53.4906 121.174 0
      vertex 53.9823 124.579 0
    endloop
  endfacet
  facet normal 0 0 -1
    outer loop
      vertex 53.1052 121.305 0
      vertex 53.9823 124.579 0
      vertex 53.4906 121.174 0
    endloop
  endfacet
  facet normal 0 0 -1
    outer loop
      vertex 53.0938 121.307 0
      vertex 53.9823 124.579 0
      vertex 53.1052 121.305 0
    endloop
  endfacet
  facet normal -0 0 -1
    outer loop
      vertex 53.9823 124.579 0
      vertex 53.0938 121.307 0
      vertex 53.1484 124.744 0
    endloop
  endfacet
  facet normal 0 0 -1
    outer loop
      vertex 52.7061 121.384 0
      vertex 53.1484 124.744 0
      vertex 53.0938 121.307 0
    endloop
  endfacet
  facet normal 0 0 -1
    outer loop
      vertex 52.3116 121.41 0
      vertex 53.1484 124.744 0
      vertex 52.7061 121.384 0
    endloop
  endfacet
  facet normal 0 0 -1
    outer loop
      vertex 52.3 124.8 0
      vertex 52.3116 121.41 0
      vertex 52.3 121.411 0
    endloop
  endfacet
  facet normal 0 0 -1
    outer loop
      vertex 52.3116 121.41 0
      vertex 52.3 124.8 0
      vertex 53.1484 124.744 0
    endloop
  endfacet
  facet normal 0 0 -1
    outer loop
      vertex 52.2884 121.41 0
      vertex 52.3 124.8 0
      vertex 52.3 121.411 0
    endloop
  endfacet
  facet normal 0 0 -1
    outer loop
      vertex 51.8939 121.384 0
      vertex 52.3 124.8 0
      vertex 52.2884 121.41 0
    endloop
  endfacet
  facet normal 0 0 -1
    outer loop
      vertex 51.5062 121.307 0
      vertex 52.3 124.8 0
      vertex 51.8939 121.384 0
    endloop
  endfacet
  facet normal 0 0 -1
    outer loop
      vertex 51.4948 121.305 0
      vertex 52.3 124.8 0
      vertex 51.5062 121.307 0
    endloop
  endfacet
  facet normal 0 0 -1
    outer loop
      vertex 51.1094 121.174 0
      vertex 52.3 124.8 0
      vertex 51.4948 121.305 0
    endloop
  endfacet
  facet normal 0 0 -1
    outer loop
      vertex 51.099 121.169 0
      vertex 52.3 124.8 0
      vertex 51.1094 121.174 0
    endloop
  endfacet
  facet normal 0 0 -1
    outer loop
      vertex 50.7444 120.994 0
      vertex 52.3 124.8 0
      vertex 51.099 121.169 0
    endloop
  endfacet
  facet normal 0 0 -1
    outer loop
      vertex 50.4157 120.775 0
      vertex 52.3 124.8 0
      vertex 50.7444 120.994 0
    endloop
  endfacet
  facet normal 0 0 -1
    outer loop
      vertex 50.4061 120.768 0
      vertex 52.3 124.8 0
      vertex 50.4157 120.775 0
    endloop
  endfacet
  facet normal 0 0 -1
    outer loop
      vertex 50.3973 120.761 0
      vertex 52.3 124.8 0
      vertex 50.4061 120.768 0
    endloop
  endfacet
  facet normal 0 0 -1
    outer loop
      vertex 50.1001 120.5 0
      vertex 52.3 124.8 0
      vertex 50.3973 120.761 0
    endloop
  endfacet
  facet normal 0 0 -1
    outer loop
      vertex 49.8395 120.203 0
      vertex 52.3 124.8 0
      vertex 50.1001 120.5 0
    endloop
  endfacet
  facet normal 0 0 -1
    outer loop
      vertex 49.8318 120.194 0
      vertex 52.3 124.8 0
      vertex 49.8395 120.203 0
    endloop
  endfacet
  facet normal 0 0 -1
    outer loop
      vertex 8.96821 120.194 0
      vertex 49.8318 120.194 0
      vertex 49.6122 119.865 0
    endloop
  endfacet
  facet normal 0 0 -1
    outer loop
      vertex 8.96821 120.194 0
      vertex 49.6122 119.865 0
      vertex 49.6057 119.856 0
    endloop
  endfacet
  facet normal 0 0 -1
    outer loop
      vertex 31.0694 106.63 0
      vertex 49.2178 118.717 0
      vertex 49.2155 118.706 0
    endloop
  endfacet
  facet normal -0 0 -1
    outer loop
      vertex 49.8318 116.406 0
      vertex 42.8784 107.555 0
      vertex 49.6122 116.735 0
    endloop
  endfacet
  facet normal 0 0 -1
    outer loop
      vertex 42.7235 107.607 0
      vertex 49.6122 116.735 0
      vertex 42.8784 107.555 0
    endloop
  endfacet
  facet normal -0 0 -1
    outer loop
      vertex 49.6122 116.735 0
      vertex 42.7235 107.607 0
      vertex 49.6057 116.744 0
    endloop
  endfacet
  facet normal -0 0 -1
    outer loop
      vertex 49.6057 116.744 0
      vertex 42.7235 107.607 0
      vertex 49.6006 116.755 0
    endloop
  endfacet
  facet normal 0 0 -1
    outer loop
      vertex 42.5632 107.639 0
      vertex 49.6006 116.755 0
      vertex 42.7235 107.607 0
    endloop
  endfacet
  facet normal -0 0 -1
    outer loop
      vertex 49.6006 116.755 0
      vertex 42.5632 107.639 0
      vertex 49.4257 117.109 0
    endloop
  endfacet
  facet normal 0 0 -1
    outer loop
      vertex 42.4 107.65 0
      vertex 49.4257 117.109 0
      vertex 42.5632 107.639 0
    endloop
  endfacet
  facet normal -0 0 -1
    outer loop
      vertex 49.4257 117.109 0
      vertex 42.4 107.65 0
      vertex 49.2949 117.495 0
    endloop
  endfacet
  facet normal 0 0 -1
    outer loop
      vertex 42.2368 107.639 0
      vertex 49.2949 117.495 0
      vertex 42.4 107.65 0
    endloop
  endfacet
  facet normal -0 0 -1
    outer loop
      vertex 49.2949 117.495 0
      vertex 42.2368 107.639 0
      vertex 49.2178 117.883 0
    endloop
  endfacet
  facet normal -0 0 -1
    outer loop
      vertex 49.2178 117.883 0
      vertex 42.2368 107.639 0
      vertex 49.2155 117.894 0
    endloop
  endfacet
  facet normal 0 0 -1
    outer loop
      vertex 42.0765 107.607 0
      vertex 49.2155 117.894 0
      vertex 42.2368 107.639 0
    endloop
  endfacet
  facet normal -0 0 -1
    outer loop
      vertex 49.2155 117.894 0
      vertex 42.0765 107.607 0
      vertex 49.2147 117.906 0
    endloop
  endfacet
  facet normal -0 0 -1
    outer loop
      vertex 49.2147 117.906 0
      vertex 42.0765 107.607 0
      vertex 49.1889 118.3 0
    endloop
  endfacet
  facet normal 0 0 -1
    outer loop
      vertex 41.9216 107.555 0
      vertex 49.1889 118.3 0
      vertex 42.0765 107.607 0
    endloop
  endfacet
  facet normal -0 0 -1
    outer loop
      vertex 49.1889 118.3 0
      vertex 41.9216 107.555 0
      vertex 49.2155 118.706 0
    endloop
  endfacet
  facet normal 0 0 -1
    outer loop
      vertex 41.775 107.483 0
      vertex 49.2155 118.706 0
      vertex 41.9216 107.555 0
    endloop
  endfacet
  facet normal 0 0 -1
    outer loop
      vertex 31.0694 106.63 0
      vertex 49.2155 118.706 0
      vertex 41.775 107.483 0
    endloop
  endfacet
  facet normal -0 0 -1
    outer loop
      vertex 49.2178 118.717 0
      vertex 31.0694 106.63 0
      vertex 49.2949 119.105 0
    endloop
  endfacet
  facet normal 0 0 -1
    outer loop
      vertex 30.2757 106.788 0
      vertex 49.2949 119.105 0
      vertex 31.0694 106.63 0
    endloop
  endfacet
  facet normal 0 0 -1
    outer loop
      vertex 30.2419 106.795 0
      vertex 49.2949 119.105 0
      vertex 30.2757 106.788 0
    endloop
  endfacet
  facet normal -0 0 -1
    outer loop
      vertex 49.2949 119.105 0
      vertex 30.2419 106.795 0
      vertex 49.4257 119.491 0
    endloop
  endfacet
  facet normal 0 0 -1
    outer loop
      vertex 31.8683 106.359 0
      vertex 41.775 107.483 0
      vertex 41.639 107.392 0
    endloop
  endfacet
  facet normal 0 0 -1
    outer loop
      vertex 31.8993 106.344 0
      vertex 41.639 107.392 0
      vertex 41.5161 107.284 0
    endloop
  endfacet
  facet normal 0 0 -1
    outer loop
      vertex 32.625 105.986 0
      vertex 41.5161 107.284 0
      vertex 41.4083 107.161 0
    endloop
  endfacet
  facet normal 0 0 -1
    outer loop
      vertex 33.2978 105.536 0
      vertex 41.4083 107.161 0
      vertex 41.3175 107.025 0
    endloop
  endfacet
  facet normal 0 0 -1
    outer loop
      vertex 35.7881 101.276 0
      vertex 41.775 105.317 0
      vertex 35.7948 101.242 0
    endloop
  endfacet
  facet normal -0 0 -1
    outer loop
      vertex 41.775 105.317 0
      vertex 35.7881 101.276 0
      vertex 41.639 105.408 0
    endloop
  endfacet
  facet normal 0 0 -1
    outer loop
      vertex 35.6302 102.069 0
      vertex 41.639 105.408 0
      vertex 35.7881 101.276 0
    endloop
  endfacet
  facet normal -0 0 -1
    outer loop
      vertex 41.639 105.408 0
      vertex 35.6302 102.069 0
      vertex 41.5161 105.516 0
    endloop
  endfacet
  facet normal -0 0 -1
    outer loop
      vertex 41.5161 105.516 0
      vertex 35.6191 102.102 0
      vertex 41.4083 105.639 0
    endloop
  endfacet
  facet normal 0 0 -1
    outer loop
      vertex 35.6191 102.102 0
      vertex 41.5161 105.516 0
      vertex 35.6302 102.069 0
    endloop
  endfacet
  facet normal 0 0 -1
    outer loop
      vertex 34.5171 96.4735 0
      vertex 37.7085 72.7085 0
      vertex 36.5529 73.7219 0
    endloop
  endfacet
  facet normal 0 0 -1
    outer loop
      vertex 35.359 102.868 0
      vertex 41.4083 105.639 0
      vertex 35.6191 102.102 0
    endloop
  endfacet
  facet normal -0 0 -1
    outer loop
      vertex 41.4083 105.639 0
      vertex 35.359 102.868 0
      vertex 41.3175 105.775 0
    endloop
  endfacet
  facet normal 0 0 -1
    outer loop
      vertex 35.3438 102.899 0
      vertex 41.3175 105.775 0
      vertex 35.359 102.868 0
    endloop
  endfacet
  facet normal -0 0 -1
    outer loop
      vertex 41.3175 105.775 0
      vertex 35.3438 102.899 0
      vertex 41.2452 105.922 0
    endloop
  endfacet
  facet normal 0 0 -1
    outer loop
      vertex 34.9859 103.625 0
      vertex 41.2452 105.922 0
      vertex 35.3438 102.899 0
    endloop
  endfacet
  facet normal -0 0 -1
    outer loop
      vertex 41.2452 105.922 0
      vertex 34.9859 103.625 0
      vertex 41.1926 106.076 0
    endloop
  endfacet
  facet normal -0 0 -1
    outer loop
      vertex 41.1926 106.076 0
      vertex 34.9859 103.625 0
      vertex 41.1607 106.237 0
    endloop
  endfacet
  facet normal 0 0 -1
    outer loop
      vertex 34.5363 104.298 0
      vertex 41.1607 106.237 0
      vertex 34.9859 103.625 0
    endloop
  endfacet
  facet normal -0 0 -1
    outer loop
      vertex 41.1607 106.237 0
      vertex 34.5363 104.298 0
      vertex 41.15 106.4 0
    endloop
  endfacet
  facet normal 0 0 -1
    outer loop
      vertex 34.5171 104.327 0
      vertex 41.15 106.4 0
      vertex 34.5363 104.298 0
    endloop
  endfacet
  facet normal -0 0 -1
    outer loop
      vertex 41.15 106.4 0
      vertex 34.5171 104.327 0
      vertex 41.1607 106.563 0
    endloop
  endfacet
  facet normal 0 0 -1
    outer loop
      vertex 34.4944 104.352 0
      vertex 41.1607 106.563 0
      vertex 34.5171 104.327 0
    endloop
  endfacet
  facet normal 0 0 -1
    outer loop
      vertex 33.9608 104.961 0
      vertex 41.1607 106.563 0
      vertex 34.4944 104.352 0
    endloop
  endfacet
  facet normal -0 0 -1
    outer loop
      vertex 41.1607 106.563 0
      vertex 33.9608 104.961 0
      vertex 41.1926 106.724 0
    endloop
  endfacet
  facet normal -0 0 -1
    outer loop
      vertex 41.1926 106.724 0
      vertex 33.9608 104.961 0
      vertex 41.2452 106.878 0
    endloop
  endfacet
  facet normal 0 0 -1
    outer loop
      vertex 33.3525 105.494 0
      vertex 41.2452 106.878 0
      vertex 33.9608 104.961 0
    endloop
  endfacet
  facet normal -0 0 -1
    outer loop
      vertex 41.2452 106.878 0
      vertex 33.3525 105.494 0
      vertex 41.3175 107.025 0
    endloop
  endfacet
  facet normal 0 0 -1
    outer loop
      vertex 33.3265 105.517 0
      vertex 41.3175 107.025 0
      vertex 33.3525 105.494 0
    endloop
  endfacet
  facet normal 0 0 -1
    outer loop
      vertex 33.2978 105.536 0
      vertex 41.3175 107.025 0
      vertex 33.3265 105.517 0
    endloop
  endfacet
  facet normal 0 0 -1
    outer loop
      vertex 41.4083 107.161 0
      vertex 33.2978 105.536 0
      vertex 32.625 105.986 0
    endloop
  endfacet
  facet normal 0 0 -1
    outer loop
      vertex 41.5161 107.284 0
      vertex 32.625 105.986 0
      vertex 31.8993 106.344 0
    endloop
  endfacet
  facet normal 0 0 -1
    outer loop
      vertex 41.639 107.392 0
      vertex 31.8993 106.344 0
      vertex 31.8683 106.359 0
    endloop
  endfacet
  facet normal 0 0 -1
    outer loop
      vertex 41.775 107.483 0
      vertex 31.8683 106.359 0
      vertex 31.1021 106.619 0
    endloop
  endfacet
  facet normal 0 0 -1
    outer loop
      vertex 41.775 107.483 0
      vertex 31.1021 106.619 0
      vertex 31.0694 106.63 0
    endloop
  endfacet
  facet normal 0 0 -1
    outer loop
      vertex 30.2074 106.797 0
      vertex 49.4257 119.491 0
      vertex 30.2419 106.795 0
    endloop
  endfacet
  facet normal 0 0 -1
    outer loop
      vertex 29.4 106.85 0
      vertex 49.4257 119.491 0
      vertex 30.2074 106.797 0
    endloop
  endfacet
  facet normal 0 0 -1
    outer loop
      vertex 9.37429 119.491 0
      vertex 49.4257 119.491 0
      vertex 29.4 106.85 0
    endloop
  endfacet
  facet normal 0 0 -1
    outer loop
      vertex 49.4257 119.491 0
      vertex 9.37429 119.491 0
      vertex 49.6006 119.845 0
    endloop
  endfacet
  facet normal -0 0 -1
    outer loop
      vertex 49.6006 119.845 0
      vertex 9.37429 119.491 0
      vertex 49.6057 119.856 0
    endloop
  endfacet
  facet normal 0 0 -1
    outer loop
      vertex 9.37429 119.491 0
      vertex 29.4 106.85 0
      vertex 28.5926 106.797 0
    endloop
  endfacet
  facet normal 0 0 -1
    outer loop
      vertex 9.37429 119.491 0
      vertex 28.5926 106.797 0
      vertex 28.5581 106.795 0
    endloop
  endfacet
  facet normal 0 0 -1
    outer loop
      vertex 9.5051 119.105 0
      vertex 28.5581 106.795 0
      vertex 28.5243 106.788 0
    endloop
  endfacet
  facet normal 0 0 -1
    outer loop
      vertex 9.5051 119.105 0
      vertex 28.5243 106.788 0
      vertex 27.7306 106.63 0
    endloop
  endfacet
  facet normal 0 0 -1
    outer loop
      vertex 9.58449 118.706 0
      vertex 27.7306 106.63 0
      vertex 27.6979 106.619 0
    endloop
  endfacet
  facet normal 0 0 -1
    outer loop
      vertex 9.61035 118.312 0
      vertex 27.6979 106.619 0
      vertex 26.9317 106.359 0
    endloop
  endfacet
  facet normal 0 0 -1
    outer loop
      vertex 9.61111 118.3 0
      vertex 26.9317 106.359 0
      vertex 26.9007 106.344 0
    endloop
  endfacet
  facet normal 0 0 -1
    outer loop
      vertex 9.61111 118.3 0
      vertex 26.9007 106.344 0
      vertex 26.175 105.986 0
    endloop
  endfacet
  facet normal 0 0 -1
    outer loop
      vertex 9.61111 118.3 0
      vertex 26.175 105.986 0
      vertex 25.5022 105.536 0
    endloop
  endfacet
  facet normal 0 0 -1
    outer loop
      vertex 9.61111 118.3 0
      vertex 25.5022 105.536 0
      vertex 25.4735 105.517 0
    endloop
  endfacet
  facet normal 0 0 -1
    outer loop
      vertex 9.61111 118.3 0
      vertex 24.8164 104.935 0
      vertex 24.2829 104.327 0
    endloop
  endfacet
  facet normal 0 0 -1
    outer loop
      vertex 9.61111 118.3 0
      vertex 24.2637 104.298 0
      vertex 23.8141 103.625 0
    endloop
  endfacet
  facet normal 0 0 -1
    outer loop
      vertex 9.61111 118.3 0
      vertex 23.1809 102.102 0
      vertex 23.1698 102.069 0
    endloop
  endfacet
  facet normal 0 0 -1
    outer loop
      vertex 23.1698 98.7306 0
      vertex 9.61111 118.3 0
      vertex 23.0119 99.5243 0
    endloop
  endfacet
  facet normal 0 0 -1
    outer loop
      vertex 23.0119 99.5243 0
      vertex 9.61111 118.3 0
      vertex 23.0052 99.5581 0
    endloop
  endfacet
  facet normal 0 0 -1
    outer loop
      vertex 23.0052 99.5581 0
      vertex 9.61111 118.3 0
      vertex 23.0029 99.5926 0
    endloop
  endfacet
  facet normal 0 0 -1
    outer loop
      vertex 23.0029 99.5926 0
      vertex 9.61111 118.3 0
      vertex 22.95 100.4 0
    endloop
  endfacet
  facet normal 0 0 -1
    outer loop
      vertex 22.95 100.4 0
      vertex 9.61111 118.3 0
      vertex 23.0029 101.207 0
    endloop
  endfacet
  facet normal 0 0 -1
    outer loop
      vertex 9.61111 118.3 0
      vertex 19.2242 70.275 0
      vertex 18.5444 68.8965 0
    endloop
  endfacet
  facet normal 0 0 -1
    outer loop
      vertex 9.61111 118.3 0
      vertex 18.5444 68.8965 0
      vertex 18.0504 67.4411 0
    endloop
  endfacet
  facet normal 0 0 -1
    outer loop
      vertex 9.61111 118.3 0
      vertex 18.0504 67.4411 0
      vertex 17.7505 65.9337 0
    endloop
  endfacet
  facet normal -0 0 -1
    outer loop
      vertex 23.0532 21.5299 0
      vertex 8.39392 8.96821 0
      vertex 22.4718 22.4 0
    endloop
  endfacet
  facet normal 0 0 -1
    outer loop
      vertex 17.65 64.4 0
      vertex 9.61111 118.3 0
      vertex 17.7505 65.9337 0
    endloop
  endfacet
  facet normal 0 0 -1
    outer loop
      vertex 23.0029 101.207 0
      vertex 9.61111 118.3 0
      vertex 23.0052 101.242 0
    endloop
  endfacet
  facet normal 0 0 -1
    outer loop
      vertex 9.61111 118.3 0
      vertex 23.0119 101.276 0
      vertex 23.0052 101.242 0
    endloop
  endfacet
  facet normal 0 0 -1
    outer loop
      vertex 9.61111 118.3 0
      vertex 23.1698 102.069 0
      vertex 23.0119 101.276 0
    endloop
  endfacet
  facet normal 0 0 -1
    outer loop
      vertex 23.1809 102.102 0
      vertex 9.61111 118.3 0
      vertex 23.441 102.868 0
    endloop
  endfacet
  facet normal 0 0 -1
    outer loop
      vertex 9.61111 118.3 0
      vertex 23.4562 102.899 0
      vertex 23.441 102.868 0
    endloop
  endfacet
  facet normal 0 0 -1
    outer loop
      vertex 9.61111 118.3 0
      vertex 23.8141 103.625 0
      vertex 23.4562 102.899 0
    endloop
  endfacet
  facet normal 0 0 -1
    outer loop
      vertex 24.2637 104.298 0
      vertex 9.61111 118.3 0
      vertex 24.2829 104.327 0
    endloop
  endfacet
  facet normal 0 0 -1
    outer loop
      vertex 24.8164 104.935 0
      vertex 9.61111 118.3 0
      vertex 24.8392 104.961 0
    endloop
  endfacet
  facet normal 0 0 -1
    outer loop
      vertex 9.61111 118.3 0
      vertex 25.4475 105.494 0
      vertex 24.8392 104.961 0
    endloop
  endfacet
  facet normal 0 0 -1
    outer loop
      vertex 9.61111 118.3 0
      vertex 25.4735 105.517 0
      vertex 25.4475 105.494 0
    endloop
  endfacet
  facet normal 0 0 -1
    outer loop
      vertex 26.9317 106.359 0
      vertex 9.61111 118.3 0
      vertex 9.61035 118.312 0
    endloop
  endfacet
  facet normal 0 0 -1
    outer loop
      vertex 27.6979 106.619 0
      vertex 9.61035 118.312 0
      vertex 9.58449 118.706 0
    endloop
  endfacet
  facet normal 0 0 -1
    outer loop
      vertex 27.7306 106.63 0
      vertex 9.58449 118.706 0
      vertex 9.50737 119.094 0
    endloop
  endfacet
  facet normal 0 0 -1
    outer loop
      vertex 27.7306 106.63 0
      vertex 9.50737 119.094 0
      vertex 9.5051 119.105 0
    endloop
  endfacet
  facet normal 0 0 -1
    outer loop
      vertex 28.5581 106.795 0
      vertex 9.5051 119.105 0
      vertex 9.37429 119.491 0
    endloop
  endfacet
  facet normal 0 0 -1
    outer loop
      vertex 9.19944 119.845 0
      vertex 49.6057 119.856 0
      vertex 9.37429 119.491 0
    endloop
  endfacet
  facet normal 0 0 -1
    outer loop
      vertex 9.1943 119.856 0
      vertex 49.6057 119.856 0
      vertex 9.19944 119.845 0
    endloop
  endfacet
  facet normal 0 0 -1
    outer loop
      vertex 9.18784 119.865 0
      vertex 49.6057 119.856 0
      vertex 9.1943 119.856 0
    endloop
  endfacet
  facet normal 0 0 -1
    outer loop
      vertex 8.96821 120.194 0
      vertex 49.6057 119.856 0
      vertex 9.18784 119.865 0
    endloop
  endfacet
  facet normal 0 0 -1
    outer loop
      vertex 49.8318 120.194 0
      vertex 8.96821 120.194 0
      vertex 52.3 124.8 0
    endloop
  endfacet
  facet normal 0 0 -1
    outer loop
      vertex 6.5 124.8 0
      vertex 8.96821 120.194 0
      vertex 8.96054 120.203 0
    endloop
  endfacet
  facet normal 0 0 -1
    outer loop
      vertex 6.5 124.8 0
      vertex 8.96054 120.203 0
      vertex 8.69989 120.5 0
    endloop
  endfacet
  facet normal 0 0 -1
    outer loop
      vertex 6.5 124.8 0
      vertex 8.69989 120.5 0
      vertex 8.40267 120.761 0
    endloop
  endfacet
  facet normal 0 0 -1
    outer loop
      vertex 6.5 124.8 0
      vertex 8.40267 120.761 0
      vertex 8.39392 120.768 0
    endloop
  endfacet
  facet normal 0 0 -1
    outer loop
      vertex 6.5 124.8 0
      vertex 8.39392 120.768 0
      vertex 8.38426 120.775 0
    endloop
  endfacet
  facet normal 0 0 -1
    outer loop
      vertex 6.5 124.8 0
      vertex 8.38426 120.775 0
      vertex 8.05556 120.994 0
    endloop
  endfacet
  facet normal 0 0 -1
    outer loop
      vertex 6.5 124.8 0
      vertex 8.05556 120.994 0
      vertex 7.701 121.169 0
    endloop
  endfacet
  facet normal 0 0 -1
    outer loop
      vertex 6.5 124.8 0
      vertex 7.701 121.169 0
      vertex 7.69057 121.174 0
    endloop
  endfacet
  facet normal 0 0 -1
    outer loop
      vertex 6.5 124.8 0
      vertex 7.69057 121.174 0
      vertex 7.30521 121.305 0
    endloop
  endfacet
  facet normal 0 0 -1
    outer loop
      vertex 6.5 124.8 0
      vertex 7.30521 121.305 0
      vertex 7.29381 121.307 0
    endloop
  endfacet
  facet normal 0 0 -1
    outer loop
      vertex 6.5 124.8 0
      vertex 7.29381 121.307 0
      vertex 6.90608 121.384 0
    endloop
  endfacet
  facet normal 0 0 -1
    outer loop
      vertex 6.5 124.8 0
      vertex 6.90608 121.384 0
      vertex 6.5116 121.41 0
    endloop
  endfacet
  facet normal 0 0 -1
    outer loop
      vertex 6.5 124.8 0
      vertex 6.5116 121.41 0
      vertex 6.5 121.411 0
    endloop
  endfacet
  facet normal 0 0 -1
    outer loop
      vertex 8.96821 120.194 0
      vertex 6.5 124.8 0
      vertex 52.3 124.8 0
    endloop
  endfacet
  facet normal 0 0 -1
    outer loop
      vertex 6.4884 121.41 0
      vertex 6.5 124.8 0
      vertex 6.5 121.411 0
    endloop
  endfacet
  facet normal 0 0 -1
    outer loop
      vertex 6.09392 121.384 0
      vertex 6.5 124.8 0
      vertex 6.4884 121.41 0
    endloop
  endfacet
  facet normal 0 0 -1
    outer loop
      vertex 5.65158 124.744 0
      vertex 6.09392 121.384 0
      vertex 5.70619 121.307 0
    endloop
  endfacet
  facet normal 0 0 -1
    outer loop
      vertex 4.81768 124.579 0
      vertex 5.70619 121.307 0
      vertex 5.69478 121.305 0
    endloop
  endfacet
  facet normal 0 0 -1
    outer loop
      vertex 6.09392 121.384 0
      vertex 5.65158 124.744 0
      vertex 6.5 124.8 0
    endloop
  endfacet
  facet normal 0 0 -1
    outer loop
      vertex 4.81768 124.579 0
      vertex 5.69478 121.305 0
      vertex 5.30943 121.174 0
    endloop
  endfacet
  facet normal 0 0 -1
    outer loop
      vertex 4.01256 124.305 0
      vertex 5.30943 121.174 0
      vertex 5.299 121.169 0
    endloop
  endfacet
  facet normal 0 0 -1
    outer loop
      vertex 4.01256 124.305 0
      vertex 5.299 121.169 0
      vertex 4.94444 120.994 0
    endloop
  endfacet
  facet normal 0 0 -1
    outer loop
      vertex 5.70619 121.307 0
      vertex 4.81768 124.579 0
      vertex 5.65158 124.744 0
    endloop
  endfacet
  facet normal 0 0 -1
    outer loop
      vertex 3.25 123.929 0
      vertex 4.94444 120.994 0
      vertex 4.61574 120.775 0
    endloop
  endfacet
  facet normal 0 0 -1
    outer loop
      vertex 2.54305 123.457 0
      vertex 4.61574 120.775 0
      vertex 4.60607 120.768 0
    endloop
  endfacet
  facet normal 0 0 -1
    outer loop
      vertex 2.54305 123.457 0
      vertex 4.60607 120.768 0
      vertex 4.59733 120.761 0
    endloop
  endfacet
  facet normal 0 0 -1
    outer loop
      vertex 2.54305 123.457 0
      vertex 4.59733 120.761 0
      vertex 4.30011 120.5 0
    endloop
  endfacet
  facet normal 0 0 -1
    outer loop
      vertex 1.90381 122.896 0
      vertex 4.30011 120.5 0
      vertex 4.03945 120.203 0
    endloop
  endfacet
  facet normal 0 0 -1
    outer loop
      vertex 1.3432 122.257 0
      vertex 4.03945 120.203 0
      vertex 4.03179 120.194 0
    endloop
  endfacet
  facet normal 0 0 -1
    outer loop
      vertex 5.30943 121.174 0
      vertex 4.01256 124.305 0
      vertex 4.81768 124.579 0
    endloop
  endfacet
  facet normal 0 0 -1
    outer loop
      vertex 1.3432 122.257 0
      vertex 4.03179 120.194 0
      vertex 3.81216 119.865 0
    endloop
  endfacet
  facet normal 0 0 -1
    outer loop
      vertex 0.870834 121.55 0
      vertex 3.81216 119.865 0
      vertex 3.8057 119.856 0
    endloop
  endfacet
  facet normal 0 0 -1
    outer loop
      vertex 0.870834 121.55 0
      vertex 3.8057 119.856 0
      vertex 3.80055 119.845 0
    endloop
  endfacet
  facet normal 0 0 -1
    outer loop
      vertex 0.870834 121.55 0
      vertex 3.80055 119.845 0
      vertex 3.62571 119.491 0
    endloop
  endfacet
  facet normal 0 0 -1
    outer loop
      vertex 0.494782 120.787 0
      vertex 3.62571 119.491 0
      vertex 3.4949 119.105 0
    endloop
  endfacet
  facet normal 0 0 -1
    outer loop
      vertex 0.221481 119.982 0
      vertex 3.4949 119.105 0
      vertex 3.49263 119.094 0
    endloop
  endfacet
  facet normal 0 0 -1
    outer loop
      vertex 0.221481 119.982 0
      vertex 3.49263 119.094 0
      vertex 3.4155 118.706 0
    endloop
  endfacet
  facet normal 0 0 -1
    outer loop
      vertex 0 118.3 0
      vertex 3.38965 118.312 0
      vertex 3.38889 118.3 0
    endloop
  endfacet
  facet normal 0 0 -1
    outer loop
      vertex 4.94444 120.994 0
      vertex 3.25 123.929 0
      vertex 4.01256 124.305 0
    endloop
  endfacet
  facet normal 0 0 -1
    outer loop
      vertex 3.38965 118.312 0
      vertex 0.0556078 119.148 0
      vertex 3.4155 118.706 0
    endloop
  endfacet
  facet normal 0 0 -1
    outer loop
      vertex 3.4155 117.894 0
      vertex 0 118.3 0
      vertex 3.38965 118.288 0
    endloop
  endfacet
  facet normal -0 0 -1
    outer loop
      vertex 3.62571 5.30943 0
      vertex 0.494782 4.01256 0
      vertex 3.4949 5.69478 0
    endloop
  endfacet
  facet normal 0 0 -1
    outer loop
      vertex 3.38965 118.288 0
      vertex 0 118.3 0
      vertex 3.38889 118.3 0
    endloop
  endfacet
  facet normal 0 0 -1
    outer loop
      vertex 0.221481 4.81768 0
      vertex 3.4949 5.69478 0
      vertex 0.494782 4.01256 0
    endloop
  endfacet
  facet normal -0 0 -1
    outer loop
      vertex 3.38965 118.312 0
      vertex 0 118.3 0
      vertex 0.0556078 119.148 0
    endloop
  endfacet
  facet normal -0 0 -1
    outer loop
      vertex 3.4949 5.69478 0
      vertex 0.221481 4.81768 0
      vertex 3.49263 5.70619 0
    endloop
  endfacet
  facet normal 0 0 -1
    outer loop
      vertex 4.61574 120.775 0
      vertex 2.54305 123.457 0
      vertex 3.25 123.929 0
    endloop
  endfacet
  facet normal -0 0 -1
    outer loop
      vertex 3.49263 5.70619 0
      vertex 0.221481 4.81768 0
      vertex 3.4155 6.09392 0
    endloop
  endfacet
  facet normal 0 0 -1
    outer loop
      vertex 4.30011 120.5 0
      vertex 1.90381 122.896 0
      vertex 2.54305 123.457 0
    endloop
  endfacet
  facet normal 0 0 -1
    outer loop
      vertex 0.0556078 5.65158 0
      vertex 3.4155 6.09392 0
      vertex 0.221481 4.81768 0
    endloop
  endfacet
  facet normal 0 0 -1
    outer loop
      vertex 4.03945 120.203 0
      vertex 1.3432 122.257 0
      vertex 1.90381 122.896 0
    endloop
  endfacet
  facet normal 0 0 -1
    outer loop
      vertex 0 6.5 0
      vertex 3.38965 6.4884 0
      vertex 0.0556078 5.65158 0
    endloop
  endfacet
  facet normal 0 0 -1
    outer loop
      vertex 3.81216 119.865 0
      vertex 0.870834 121.55 0
      vertex 1.3432 122.257 0
    endloop
  endfacet
  facet normal 0 0 -1
    outer loop
      vertex 3.38965 6.4884 0
      vertex 0 6.5 0
      vertex 3.38889 6.5 0
    endloop
  endfacet
  facet normal 0 0 -1
    outer loop
      vertex 3.62571 119.491 0
      vertex 0.494782 120.787 0
      vertex 0.870834 121.55 0
    endloop
  endfacet
  facet normal 0 0 -1
    outer loop
      vertex 3.4949 119.105 0
      vertex 0.221481 119.982 0
      vertex 0.494782 120.787 0
    endloop
  endfacet
  facet normal 0 0 -1
    outer loop
      vertex 3.4155 118.706 0
      vertex 0.0556078 119.148 0
      vertex 0.221481 119.982 0
    endloop
  endfacet
  facet normal -0 0 -1
    outer loop
      vertex 41.9216 105.245 0
      vertex 35.7971 101.207 0
      vertex 41.775 105.317 0
    endloop
  endfacet
  facet normal 0 0 -1
    outer loop
      vertex 35.7948 101.242 0
      vertex 41.775 105.317 0
      vertex 35.7971 101.207 0
    endloop
  endfacet
  facet normal 0 0 1
    outer loop
      vertex 56.4 118.3 13
      vertex 58.8 118.3 13
      vertex 58.7444 119.148 13
    endloop
  endfacet
  facet normal 0 0 1
    outer loop
      vertex 58.8 118.3 13
      vertex 56.4 118.3 13
      vertex 58.8 6.5 13
    endloop
  endfacet
  facet normal 0 0 1
    outer loop
      vertex 56.3649 118.835 13
      vertex 58.7444 119.148 13
      vertex 58.5785 119.982 13
    endloop
  endfacet
  facet normal 0 0 1
    outer loop
      vertex 56.4 6.5 13
      vertex 58.8 6.5 13
      vertex 56.4 118.3 13
    endloop
  endfacet
  facet normal 0 0 1
    outer loop
      vertex 56.2603 119.361 13
      vertex 58.5785 119.982 13
      vertex 58.3052 120.787 13
    endloop
  endfacet
  facet normal 0 0 1
    outer loop
      vertex 58.8 6.5 13
      vertex 56.4 6.5 13
      vertex 58.7444 5.65158 13
    endloop
  endfacet
  facet normal 0 0 1
    outer loop
      vertex 56.0879 119.869 13
      vertex 58.3052 120.787 13
      vertex 57.9292 121.55 13
    endloop
  endfacet
  facet normal -0 0 1
    outer loop
      vertex 56.3649 5.96484 13
      vertex 58.7444 5.65158 13
      vertex 56.4 6.5 13
    endloop
  endfacet
  facet normal 0 0 1
    outer loop
      vertex 55.8507 120.35 13
      vertex 57.9292 121.55 13
      vertex 57.4568 122.257 13
    endloop
  endfacet
  facet normal 0 0 1
    outer loop
      vertex 58.7444 5.65158 13
      vertex 56.3649 5.96484 13
      vertex 58.5785 4.81768 13
    endloop
  endfacet
  facet normal 0 0 1
    outer loop
      vertex 55.5527 120.796 13
      vertex 57.4568 122.257 13
      vertex 56.8962 122.896 13
    endloop
  endfacet
  facet normal -0 0 1
    outer loop
      vertex 56.2603 5.43884 13
      vertex 58.5785 4.81768 13
      vertex 56.3649 5.96484 13
    endloop
  endfacet
  facet normal 0 0 1
    outer loop
      vertex 58.5785 4.81768 13
      vertex 56.2603 5.43884 13
      vertex 58.3052 4.01256 13
    endloop
  endfacet
  facet normal 0 0 1
    outer loop
      vertex 58.7444 119.148 13
      vertex 56.3649 118.835 13
      vertex 56.4 118.3 13
    endloop
  endfacet
  facet normal 0 0 1
    outer loop
      vertex 58.5785 119.982 13
      vertex 56.2603 119.361 13
      vertex 56.3649 118.835 13
    endloop
  endfacet
  facet normal 0 0 1
    outer loop
      vertex 55.1991 121.199 13
      vertex 56.8962 122.896 13
      vertex 56.257 123.457 13
    endloop
  endfacet
  facet normal 0 0 1
    outer loop
      vertex 58.3052 120.787 13
      vertex 56.0879 119.869 13
      vertex 56.2603 119.361 13
    endloop
  endfacet
  facet normal 0 0 1
    outer loop
      vertex 57.9292 121.55 13
      vertex 55.8507 120.35 13
      vertex 56.0879 119.869 13
    endloop
  endfacet
  facet normal 0 0 1
    outer loop
      vertex 57.4568 122.257 13
      vertex 55.5527 120.796 13
      vertex 55.8507 120.35 13
    endloop
  endfacet
  facet normal 0 0 1
    outer loop
      vertex 54.7959 121.553 13
      vertex 56.257 123.457 13
      vertex 55.55 123.929 13
    endloop
  endfacet
  facet normal 0 0 1
    outer loop
      vertex 56.8962 122.896 13
      vertex 55.1991 121.199 13
      vertex 55.5527 120.796 13
    endloop
  endfacet
  facet normal 0 0 1
    outer loop
      vertex 56.257 123.457 13
      vertex 54.7959 121.553 13
      vertex 55.1991 121.199 13
    endloop
  endfacet
  facet normal 0 0 1
    outer loop
      vertex 54.35 121.851 13
      vertex 55.55 123.929 13
      vertex 54.7874 124.305 13
    endloop
  endfacet
  facet normal 0 0 1
    outer loop
      vertex 55.55 123.929 13
      vertex 54.35 121.851 13
      vertex 54.7959 121.553 13
    endloop
  endfacet
  facet normal 0 0 1
    outer loop
      vertex 53.869 122.088 13
      vertex 54.7874 124.305 13
      vertex 53.9823 124.579 13
    endloop
  endfacet
  facet normal 0 0 1
    outer loop
      vertex 54.7874 124.305 13
      vertex 53.869 122.088 13
      vertex 54.35 121.851 13
    endloop
  endfacet
  facet normal 0 0 1
    outer loop
      vertex 53.9823 124.579 13
      vertex 53.3612 122.26 13
      vertex 53.869 122.088 13
    endloop
  endfacet
  facet normal 0 0 1
    outer loop
      vertex 53.1484 124.744 13
      vertex 53.3612 122.26 13
      vertex 53.9823 124.579 13
    endloop
  endfacet
  facet normal 0 0 1
    outer loop
      vertex 53.1484 124.744 13
      vertex 52.8352 122.365 13
      vertex 53.3612 122.26 13
    endloop
  endfacet
  facet normal 0 0 1
    outer loop
      vertex 52.3 124.8 13
      vertex 52.8352 122.365 13
      vertex 53.1484 124.744 13
    endloop
  endfacet
  facet normal 0 0 1
    outer loop
      vertex 52.3 124.8 13
      vertex 52.3 122.4 13
      vertex 52.8352 122.365 13
    endloop
  endfacet
  facet normal -0 0 1
    outer loop
      vertex 6.5 124.8 13
      vertex 52.3 122.4 13
      vertex 52.3 124.8 13
    endloop
  endfacet
  facet normal 0 0 1
    outer loop
      vertex 6.5 124.8 13
      vertex 6.5 122.4 13
      vertex 52.3 122.4 13
    endloop
  endfacet
  facet normal 0 0 1
    outer loop
      vertex 6.5 124.8 13
      vertex 5.96484 122.365 13
      vertex 6.5 122.4 13
    endloop
  endfacet
  facet normal -0 0 1
    outer loop
      vertex 5.65158 124.744 13
      vertex 5.96484 122.365 13
      vertex 6.5 124.8 13
    endloop
  endfacet
  facet normal 0 0 1
    outer loop
      vertex 5.65158 124.744 13
      vertex 5.43884 122.26 13
      vertex 5.96484 122.365 13
    endloop
  endfacet
  facet normal -0 0 1
    outer loop
      vertex 4.81768 124.579 13
      vertex 5.43884 122.26 13
      vertex 5.65158 124.744 13
    endloop
  endfacet
  facet normal 0 0 1
    outer loop
      vertex 5.43884 122.26 13
      vertex 4.81768 124.579 13
      vertex 4.931 122.088 13
    endloop
  endfacet
  facet normal -0 0 1
    outer loop
      vertex 4.01256 124.305 13
      vertex 4.931 122.088 13
      vertex 4.81768 124.579 13
    endloop
  endfacet
  facet normal 0 0 1
    outer loop
      vertex 4.931 122.088 13
      vertex 4.01256 124.305 13
      vertex 4.45 121.851 13
    endloop
  endfacet
  facet normal -0 0 1
    outer loop
      vertex 3.25 123.929 13
      vertex 4.45 121.851 13
      vertex 4.01256 124.305 13
    endloop
  endfacet
  facet normal 0 0 1
    outer loop
      vertex 4.45 121.851 13
      vertex 3.25 123.929 13
      vertex 4.00408 121.553 13
    endloop
  endfacet
  facet normal -0 0 1
    outer loop
      vertex 2.54305 123.457 13
      vertex 4.00408 121.553 13
      vertex 3.25 123.929 13
    endloop
  endfacet
  facet normal 0 0 1
    outer loop
      vertex 4.00408 121.553 13
      vertex 2.54305 123.457 13
      vertex 3.60086 121.199 13
    endloop
  endfacet
  facet normal -0 0 1
    outer loop
      vertex 1.90381 122.896 13
      vertex 3.60086 121.199 13
      vertex 2.54305 123.457 13
    endloop
  endfacet
  facet normal 0 0 1
    outer loop
      vertex 3.60086 121.199 13
      vertex 1.90381 122.896 13
      vertex 3.24725 120.796 13
    endloop
  endfacet
  facet normal -0 0 1
    outer loop
      vertex 1.3432 122.257 13
      vertex 3.24725 120.796 13
      vertex 1.90381 122.896 13
    endloop
  endfacet
  facet normal 0 0 1
    outer loop
      vertex 3.24725 120.796 13
      vertex 1.3432 122.257 13
      vertex 2.9493 120.35 13
    endloop
  endfacet
  facet normal -0 0 1
    outer loop
      vertex 0.870834 121.55 13
      vertex 2.9493 120.35 13
      vertex 1.3432 122.257 13
    endloop
  endfacet
  facet normal 0 0 1
    outer loop
      vertex 2.9493 120.35 13
      vertex 0.870834 121.55 13
      vertex 2.71209 119.869 13
    endloop
  endfacet
  facet normal 0 0 1
    outer loop
      vertex 2.71209 119.869 13
      vertex 0.494782 120.787 13
      vertex 2.5397 119.361 13
    endloop
  endfacet
  facet normal -0 0 1
    outer loop
      vertex 0.494782 120.787 13
      vertex 2.71209 119.869 13
      vertex 0.870834 121.55 13
    endloop
  endfacet
  facet normal -0 0 1
    outer loop
      vertex 56.0879 4.931 13
      vertex 58.3052 4.01256 13
      vertex 56.2603 5.43884 13
    endloop
  endfacet
  facet normal 0 0 1
    outer loop
      vertex 58.3052 4.01256 13
      vertex 56.0879 4.931 13
      vertex 57.9292 3.25 13
    endloop
  endfacet
  facet normal -0 0 1
    outer loop
      vertex 55.8507 4.45 13
      vertex 57.9292 3.25 13
      vertex 56.0879 4.931 13
    endloop
  endfacet
  facet normal 0 0 1
    outer loop
      vertex 57.9292 3.25 13
      vertex 55.8507 4.45 13
      vertex 57.4568 2.54305 13
    endloop
  endfacet
  facet normal -0 0 1
    outer loop
      vertex 55.5527 4.00408 13
      vertex 57.4568 2.54305 13
      vertex 55.8507 4.45 13
    endloop
  endfacet
  facet normal 0 0 1
    outer loop
      vertex 57.4568 2.54305 13
      vertex 55.5527 4.00408 13
      vertex 56.8962 1.90381 13
    endloop
  endfacet
  facet normal -0 0 1
    outer loop
      vertex 55.1991 3.60086 13
      vertex 56.8962 1.90381 13
      vertex 55.5527 4.00408 13
    endloop
  endfacet
  facet normal 0 0 1
    outer loop
      vertex 56.8962 1.90381 13
      vertex 55.1991 3.60086 13
      vertex 56.257 1.3432 13
    endloop
  endfacet
  facet normal -0 0 1
    outer loop
      vertex 54.7959 3.24725 13
      vertex 56.257 1.3432 13
      vertex 55.1991 3.60086 13
    endloop
  endfacet
  facet normal 0 0 1
    outer loop
      vertex 56.257 1.3432 13
      vertex 54.7959 3.24725 13
      vertex 55.55 0.870834 13
    endloop
  endfacet
  facet normal -0 0 1
    outer loop
      vertex 54.35 2.9493 13
      vertex 55.55 0.870834 13
      vertex 54.7959 3.24725 13
    endloop
  endfacet
  facet normal 0 0 1
    outer loop
      vertex 55.55 0.870834 13
      vertex 54.35 2.9493 13
      vertex 54.7874 0.494782 13
    endloop
  endfacet
  facet normal -0 0 1
    outer loop
      vertex 53.869 2.71209 13
      vertex 54.7874 0.494782 13
      vertex 54.35 2.9493 13
    endloop
  endfacet
  facet normal 0 0 1
    outer loop
      vertex 54.7874 0.494782 13
      vertex 53.869 2.71209 13
      vertex 53.9823 0.221481 13
    endloop
  endfacet
  facet normal -0 0 1
    outer loop
      vertex 53.3612 2.5397 13
      vertex 53.9823 0.221481 13
      vertex 53.869 2.71209 13
    endloop
  endfacet
  facet normal 0 0 1
    outer loop
      vertex 53.3612 2.5397 13
      vertex 53.1484 0.0556078 13
      vertex 53.9823 0.221481 13
    endloop
  endfacet
  facet normal -0 0 1
    outer loop
      vertex 52.8352 2.43508 13
      vertex 53.1484 0.0556078 13
      vertex 53.3612 2.5397 13
    endloop
  endfacet
  facet normal -0 0 1
    outer loop
      vertex 52.3 2.4 13
      vertex 53.1484 0.0556078 13
      vertex 52.8352 2.43508 13
    endloop
  endfacet
  facet normal 0 0 1
    outer loop
      vertex 52.3 2.4 13
      vertex 52.3 0 13
      vertex 53.1484 0.0556078 13
    endloop
  endfacet
  facet normal -0 0 1
    outer loop
      vertex 35.9 2.4 13
      vertex 52.3 0 13
      vertex 52.3 2.4 13
    endloop
  endfacet
  facet normal 0 0 1
    outer loop
      vertex 52.3 0 13
      vertex 35.9 2.4 13
      vertex 35.9 0 13
    endloop
  endfacet
  facet normal -0 0 1
    outer loop
      vertex 6.5 2.4 13
      vertex 22.9 0 13
      vertex 22.9 2.4 13
    endloop
  endfacet
  facet normal 0 0 1
    outer loop
      vertex 6.5 2.4 13
      vertex 6.5 0 13
      vertex 22.9 0 13
    endloop
  endfacet
  facet normal 0 0 1
    outer loop
      vertex 5.96484 2.43508 13
      vertex 6.5 0 13
      vertex 6.5 2.4 13
    endloop
  endfacet
  facet normal 0 0 1
    outer loop
      vertex 5.96484 2.43508 13
      vertex 5.65158 0.0556078 13
      vertex 6.5 0 13
    endloop
  endfacet
  facet normal 0 0 1
    outer loop
      vertex 5.43884 2.5397 13
      vertex 5.65158 0.0556078 13
      vertex 5.96484 2.43508 13
    endloop
  endfacet
  facet normal 0 0 1
    outer loop
      vertex 4.81768 0.221481 13
      vertex 5.43884 2.5397 13
      vertex 4.931 2.71209 13
    endloop
  endfacet
  facet normal 0 0 1
    outer loop
      vertex 5.43884 2.5397 13
      vertex 4.81768 0.221481 13
      vertex 5.65158 0.0556078 13
    endloop
  endfacet
  facet normal 0 0 1
    outer loop
      vertex 4.01256 0.494782 13
      vertex 4.931 2.71209 13
      vertex 4.45 2.9493 13
    endloop
  endfacet
  facet normal 0 0 1
    outer loop
      vertex 4.931 2.71209 13
      vertex 4.01256 0.494782 13
      vertex 4.81768 0.221481 13
    endloop
  endfacet
  facet normal 0 0 1
    outer loop
      vertex 3.25 0.870834 13
      vertex 4.45 2.9493 13
      vertex 4.00408 3.24725 13
    endloop
  endfacet
  facet normal 0 0 1
    outer loop
      vertex 2.54305 1.3432 13
      vertex 4.00408 3.24725 13
      vertex 3.60086 3.60086 13
    endloop
  endfacet
  facet normal 0 0 1
    outer loop
      vertex 4.45 2.9493 13
      vertex 3.25 0.870834 13
      vertex 4.01256 0.494782 13
    endloop
  endfacet
  facet normal 0 0 1
    outer loop
      vertex 1.90381 1.90381 13
      vertex 3.60086 3.60086 13
      vertex 3.24725 4.00408 13
    endloop
  endfacet
  facet normal 0 0 1
    outer loop
      vertex 1.3432 2.54305 13
      vertex 3.24725 4.00408 13
      vertex 2.9493 4.45 13
    endloop
  endfacet
  facet normal 0 0 1
    outer loop
      vertex 0.870834 3.25 13
      vertex 2.9493 4.45 13
      vertex 2.71209 4.931 13
    endloop
  endfacet
  facet normal 0 0 1
    outer loop
      vertex 4.00408 3.24725 13
      vertex 2.54305 1.3432 13
      vertex 3.25 0.870834 13
    endloop
  endfacet
  facet normal 0 0 1
    outer loop
      vertex 0.494782 4.01256 13
      vertex 2.71209 4.931 13
      vertex 2.5397 5.43884 13
    endloop
  endfacet
  facet normal 0 0 1
    outer loop
      vertex 0.221481 4.81768 13
      vertex 2.5397 5.43884 13
      vertex 2.43508 5.96484 13
    endloop
  endfacet
  facet normal 0 0 1
    outer loop
      vertex 0.0556078 5.65158 13
      vertex 2.43508 5.96484 13
      vertex 2.4 6.5 13
    endloop
  endfacet
  facet normal 0 0 1
    outer loop
      vertex 3.60086 3.60086 13
      vertex 1.90381 1.90381 13
      vertex 2.54305 1.3432 13
    endloop
  endfacet
  facet normal 0 0 1
    outer loop
      vertex 2.4 118.3 13
      vertex 0 118.3 13
      vertex 2.4 6.5 13
    endloop
  endfacet
  facet normal -0 0 1
    outer loop
      vertex 0.221481 119.982 13
      vertex 2.5397 119.361 13
      vertex 0.494782 120.787 13
    endloop
  endfacet
  facet normal 0 0 1
    outer loop
      vertex 0 6.5 13
      vertex 2.4 6.5 13
      vertex 0 118.3 13
    endloop
  endfacet
  facet normal 0 0 1
    outer loop
      vertex 2.5397 119.361 13
      vertex 0.221481 119.982 13
      vertex 2.43508 118.835 13
    endloop
  endfacet
  facet normal 0 -0 1
    outer loop
      vertex 0.0556078 5.65158 13
      vertex 2.4 6.5 13
      vertex 0 6.5 13
    endloop
  endfacet
  facet normal -0 0 1
    outer loop
      vertex 0.0556078 119.148 13
      vertex 2.43508 118.835 13
      vertex 0.221481 119.982 13
    endloop
  endfacet
  facet normal 0 0 1
    outer loop
      vertex 3.24725 4.00408 13
      vertex 1.3432 2.54305 13
      vertex 1.90381 1.90381 13
    endloop
  endfacet
  facet normal 0 0 1
    outer loop
      vertex 2.43508 118.835 13
      vertex 0.0556078 119.148 13
      vertex 2.4 118.3 13
    endloop
  endfacet
  facet normal 0 0 1
    outer loop
      vertex 2.9493 4.45 13
      vertex 0.870834 3.25 13
      vertex 1.3432 2.54305 13
    endloop
  endfacet
  facet normal 0 0 1
    outer loop
      vertex 2.4 118.3 13
      vertex 0.0556078 119.148 13
      vertex 0 118.3 13
    endloop
  endfacet
  facet normal 0 0 1
    outer loop
      vertex 2.71209 4.931 13
      vertex 0.494782 4.01256 13
      vertex 0.870834 3.25 13
    endloop
  endfacet
  facet normal 0 0 1
    outer loop
      vertex 2.5397 5.43884 13
      vertex 0.221481 4.81768 13
      vertex 0.494782 4.01256 13
    endloop
  endfacet
  facet normal 0 0 1
    outer loop
      vertex 2.43508 5.96484 13
      vertex 0.0556078 5.65158 13
      vertex 0.221481 4.81768 13
    endloop
  endfacet
  facet normal -0.997857 0.0654347 0
    outer loop
      vertex 0 118.3 0
      vertex 0.0556078 119.148 13
      vertex 0.0556078 119.148 0
    endloop
  endfacet
  facet normal -0.997857 0.0654347 0
    outer loop
      vertex 0.0556078 119.148 13
      vertex 0 118.3 0
      vertex 0 118.3 13
    endloop
  endfacet
  facet normal 0 1 -0
    outer loop
      vertex 52.3 124.8 0
      vertex 6.5 124.8 13
      vertex 52.3 124.8 13
    endloop
  endfacet
  facet normal 0 1 0
    outer loop
      vertex 6.5 124.8 13
      vertex 52.3 124.8 0
      vertex 6.5 124.8 0
    endloop
  endfacet
  facet normal 0.896897 -0.442239 0
    outer loop
      vertex 57.9292 3.25 13
      vertex 58.3052 4.01256 0
      vertex 58.3052 4.01256 13
    endloop
  endfacet
  facet normal 0.896897 -0.442239 0
    outer loop
      vertex 58.3052 4.01256 0
      vertex 57.9292 3.25 13
      vertex 57.9292 3.25 0
    endloop
  endfacet
  facet normal 0.99786 -0.0653933 0
    outer loop
      vertex 58.7444 5.65158 13
      vertex 58.8 6.5 0
      vertex 58.8 6.5 13
    endloop
  endfacet
  facet normal 0.99786 -0.0653933 0
    outer loop
      vertex 58.8 6.5 0
      vertex 58.7444 5.65158 13
      vertex 58.7444 5.65158 0
    endloop
  endfacet
  facet normal 0.896999 0.442033 0
    outer loop
      vertex 58.3052 120.787 13
      vertex 57.9292 121.55 0
      vertex 57.9292 121.55 13
    endloop
  endfacet
  facet normal 0.896999 0.442033 0
    outer loop
      vertex 57.9292 121.55 0
      vertex 58.3052 120.787 13
      vertex 58.3052 120.787 0
    endloop
  endfacet
  facet normal -0.946916 0.321482 0
    outer loop
      vertex 0.221481 119.982 0
      vertex 0.494782 120.787 13
      vertex 0.494782 120.787 0
    endloop
  endfacet
  facet normal -0.946916 0.321482 0
    outer loop
      vertex 0.494782 120.787 13
      vertex 0.221481 119.982 0
      vertex 0.221481 119.982 13
    endloop
  endfacet
  facet normal -0.98079 0.195068 0
    outer loop
      vertex 0.0556078 119.148 0
      vertex 0.221481 119.982 13
      vertex 0.221481 119.982 0
    endloop
  endfacet
  facet normal -0.98079 0.195068 0
    outer loop
      vertex 0.221481 119.982 13
      vertex 0.0556078 119.148 0
      vertex 0.0556078 119.148 13
    endloop
  endfacet
  facet normal 0.555243 0.831688 -0
    outer loop
      vertex 56.257 123.457 0
      vertex 55.55 123.929 13
      vertex 56.257 123.457 13
    endloop
  endfacet
  facet normal 0.555243 0.831688 0
    outer loop
      vertex 55.55 123.929 13
      vertex 56.257 123.457 0
      vertex 55.55 123.929 0
    endloop
  endfacet
  facet normal -0.659354 -0.751833 0
    outer loop
      vertex 1.90381 1.90381 0
      vertex 2.54305 1.3432 13
      vertex 1.90381 1.90381 13
    endloop
  endfacet
  facet normal -0.659354 -0.751833 -0
    outer loop
      vertex 2.54305 1.3432 13
      vertex 1.90381 1.90381 0
      vertex 2.54305 1.3432 0
    endloop
  endfacet
  facet normal -0.896873 -0.442288 0
    outer loop
      vertex 0.870834 3.25 0
      vertex 0.494782 4.01256 13
      vertex 0.494782 4.01256 0
    endloop
  endfacet
  facet normal -0.896873 -0.442288 0
    outer loop
      vertex 0.494782 4.01256 13
      vertex 0.870834 3.25 0
      vertex 0.870834 3.25 13
    endloop
  endfacet
  facet normal -0.997859 -0.0654024 0
    outer loop
      vertex 0.0556078 5.65158 0
      vertex 0 6.5 13
      vertex 0 6.5 0
    endloop
  endfacet
  facet normal -0.997859 -0.0654024 0
    outer loop
      vertex 0 6.5 13
      vertex 0.0556078 5.65158 0
      vertex 0.0556078 5.65158 13
    endloop
  endfacet
  facet normal 0.0658633 0.997829 -0
    outer loop
      vertex 53.1484 124.744 0
      vertex 52.3 124.8 13
      vertex 53.1484 124.744 13
    endloop
  endfacet
  facet normal 0.0658633 0.997829 0
    outer loop
      vertex 52.3 124.8 13
      vertex 53.1484 124.744 0
      vertex 52.3 124.8 0
    endloop
  endfacet
  facet normal 0.194102 0.980981 -0
    outer loop
      vertex 53.9823 124.579 0
      vertex 53.1484 124.744 13
      vertex 53.9823 124.579 13
    endloop
  endfacet
  facet normal 0.194102 0.980981 0
    outer loop
      vertex 53.1484 124.744 13
      vertex 53.9823 124.579 0
      vertex 53.1484 124.744 0
    endloop
  endfacet
  facet normal 0.065404 -0.997859 0
    outer loop
      vertex 52.3 0 0
      vertex 53.1484 0.0556078 13
      vertex 52.3 0 13
    endloop
  endfacet
  facet normal 0.065404 -0.997859 0
    outer loop
      vertex 53.1484 0.0556078 13
      vertex 52.3 0 0
      vertex 53.1484 0.0556078 0
    endloop
  endfacet
  facet normal 0 -1 0
    outer loop
      vertex 6.5 0 13
      vertex 22.9 0 9.5
      vertex 22.9 0 13
    endloop
  endfacet
  facet normal 0 -1 -0
    outer loop
      vertex 22.9 0 9.5
      vertex 6.5 0 0
      vertex 35.9 0 9.5
    endloop
  endfacet
  facet normal 0 -1 0
    outer loop
      vertex 6.5 0 0
      vertex 22.9 0 9.5
      vertex 6.5 0 13
    endloop
  endfacet
  facet normal 0 -1 0
    outer loop
      vertex 35.9 0 9.5
      vertex 52.3 0 13
      vertex 35.9 0 13
    endloop
  endfacet
  facet normal 0 -1 0
    outer loop
      vertex 52.3 0 0
      vertex 35.9 0 9.5
      vertex 6.5 0 0
    endloop
  endfacet
  facet normal 0 -1 0
    outer loop
      vertex 35.9 0 9.5
      vertex 52.3 0 0
      vertex 52.3 0 13
    endloop
  endfacet
  facet normal -0.0654024 -0.997859 0
    outer loop
      vertex 5.65158 0.0556078 0
      vertex 6.5 0 13
      vertex 5.65158 0.0556078 13
    endloop
  endfacet
  facet normal -0.0654024 -0.997859 -0
    outer loop
      vertex 6.5 0 13
      vertex 5.65158 0.0556078 0
      vertex 6.5 0 0
    endloop
  endfacet
  facet normal -0.831471 -0.555568 0
    outer loop
      vertex 1.3432 2.54305 0
      vertex 0.870834 3.25 13
      vertex 0.870834 3.25 0
    endloop
  endfacet
  facet normal -0.831471 -0.555568 0
    outer loop
      vertex 0.870834 3.25 13
      vertex 1.3432 2.54305 0
      vertex 1.3432 2.54305 13
    endloop
  endfacet
  facet normal -0.94693 -0.321439 0
    outer loop
      vertex 0.494782 4.01256 0
      vertex 0.221481 4.81768 13
      vertex 0.221481 4.81768 0
    endloop
  endfacet
  facet normal -0.94693 -0.321439 0
    outer loop
      vertex 0.221481 4.81768 13
      vertex 0.494782 4.01256 0
      vertex 0.494782 4.01256 13
    endloop
  endfacet
  facet normal -0.980785 -0.195091 0
    outer loop
      vertex 0.221481 4.81768 0
      vertex 0.0556078 5.65158 13
      vertex 0.0556078 5.65158 0
    endloop
  endfacet
  facet normal -0.980785 -0.195091 0
    outer loop
      vertex 0.0556078 5.65158 13
      vertex 0.221481 4.81768 0
      vertex 0.221481 4.81768 13
    endloop
  endfacet
  facet normal -0.55527 0.83167 0
    outer loop
      vertex 3.25 123.929 0
      vertex 2.54305 123.457 13
      vertex 3.25 123.929 13
    endloop
  endfacet
  facet normal -0.55527 0.83167 0
    outer loop
      vertex 2.54305 123.457 13
      vertex 3.25 123.929 0
      vertex 2.54305 123.457 0
    endloop
  endfacet
  facet normal -0.831489 0.555541 0
    outer loop
      vertex 0.870834 121.55 0
      vertex 1.3432 122.257 13
      vertex 1.3432 122.257 0
    endloop
  endfacet
  facet normal -0.831489 0.555541 0
    outer loop
      vertex 1.3432 122.257 13
      vertex 0.870834 121.55 0
      vertex 0.870834 121.55 13
    endloop
  endfacet
  facet normal -0.0658617 0.997829 0
    outer loop
      vertex 6.5 124.8 0
      vertex 5.65158 124.744 13
      vertex 6.5 124.8 13
    endloop
  endfacet
  facet normal -0.0658617 0.997829 0
    outer loop
      vertex 5.65158 124.744 13
      vertex 6.5 124.8 0
      vertex 5.65158 124.744 0
    endloop
  endfacet
  facet normal -0.322176 0.94668 0
    outer loop
      vertex 4.81768 124.579 0
      vertex 4.01256 124.305 13
      vertex 4.81768 124.579 13
    endloop
  endfacet
  facet normal -0.322176 0.94668 0
    outer loop
      vertex 4.01256 124.305 13
      vertex 4.81768 124.579 0
      vertex 4.01256 124.305 0
    endloop
  endfacet
  facet normal 0.44222 0.896907 -0
    outer loop
      vertex 55.55 123.929 0
      vertex 54.7874 124.305 13
      vertex 55.55 123.929 13
    endloop
  endfacet
  facet normal 0.44222 0.896907 0
    outer loop
      vertex 54.7874 124.305 13
      vertex 55.55 123.929 0
      vertex 54.7874 124.305 0
    endloop
  endfacet
  facet normal 0.946916 0.321481 0
    outer loop
      vertex 58.5785 119.982 13
      vertex 58.3052 120.787 0
      vertex 58.3052 120.787 13
    endloop
  endfacet
  facet normal 0.946916 0.321481 0
    outer loop
      vertex 58.3052 120.787 0
      vertex 58.5785 119.982 13
      vertex 58.5785 119.982 0
    endloop
  endfacet
  facet normal 0.980784 0.195098 0
    outer loop
      vertex 58.7444 119.148 13
      vertex 58.5785 119.982 0
      vertex 58.5785 119.982 13
    endloop
  endfacet
  facet normal 0.980784 0.195098 0
    outer loop
      vertex 58.5785 119.982 0
      vertex 58.7444 119.148 13
      vertex 58.7444 119.148 0
    endloop
  endfacet
  facet normal 0.555541 -0.831489 0
    outer loop
      vertex 55.55 0.870834 0
      vertex 56.257 1.3432 13
      vertex 55.55 0.870834 13
    endloop
  endfacet
  facet normal 0.555541 -0.831489 0
    outer loop
      vertex 56.257 1.3432 13
      vertex 55.55 0.870834 0
      vertex 56.257 1.3432 0
    endloop
  endfacet
  facet normal 0.442269 -0.896882 0
    outer loop
      vertex 54.7874 0.494782 0
      vertex 55.55 0.870834 13
      vertex 54.7874 0.494782 13
    endloop
  endfacet
  facet normal 0.442269 -0.896882 0
    outer loop
      vertex 55.55 0.870834 13
      vertex 54.7874 0.494782 0
      vertex 55.55 0.870834 0
    endloop
  endfacet
  facet normal 0.195091 -0.980785 0
    outer loop
      vertex 53.1484 0.0556078 0
      vertex 53.9823 0.221481 13
      vertex 53.1484 0.0556078 13
    endloop
  endfacet
  facet normal 0.195091 -0.980785 0
    outer loop
      vertex 53.9823 0.221481 13
      vertex 53.1484 0.0556078 0
      vertex 53.9823 0.221481 0
    endloop
  endfacet
  facet normal -0.751833 -0.659354 0
    outer loop
      vertex 1.90381 1.90381 0
      vertex 1.3432 2.54305 13
      vertex 1.3432 2.54305 0
    endloop
  endfacet
  facet normal -0.751833 -0.659354 0
    outer loop
      vertex 1.3432 2.54305 13
      vertex 1.90381 1.90381 0
      vertex 1.90381 1.90381 13
    endloop
  endfacet
  facet normal -0.555568 -0.831471 0
    outer loop
      vertex 2.54305 1.3432 0
      vertex 3.25 0.870834 13
      vertex 2.54305 1.3432 13
    endloop
  endfacet
  facet normal -0.555568 -0.831471 -0
    outer loop
      vertex 3.25 0.870834 13
      vertex 2.54305 1.3432 0
      vertex 3.25 0.870834 0
    endloop
  endfacet
  facet normal -0.194102 0.980981 0
    outer loop
      vertex 5.65158 124.744 0
      vertex 4.81768 124.579 13
      vertex 5.65158 124.744 13
    endloop
  endfacet
  facet normal -0.194102 0.980981 0
    outer loop
      vertex 4.81768 124.579 13
      vertex 5.65158 124.744 0
      vertex 4.81768 124.579 0
    endloop
  endfacet
  facet normal -0.442239 0.896897 0
    outer loop
      vertex 4.01256 124.305 0
      vertex 3.25 123.929 13
      vertex 4.01256 124.305 13
    endloop
  endfacet
  facet normal -0.442239 0.896897 0
    outer loop
      vertex 3.25 123.929 13
      vertex 4.01256 124.305 0
      vertex 3.25 123.929 0
    endloop
  endfacet
  facet normal 0.659636 0.751585 -0
    outer loop
      vertex 56.8962 122.896 0
      vertex 56.257 123.457 13
      vertex 56.8962 122.896 13
    endloop
  endfacet
  facet normal 0.659636 0.751585 0
    outer loop
      vertex 56.257 123.457 13
      vertex 56.8962 122.896 0
      vertex 56.257 123.457 0
    endloop
  endfacet
  facet normal 0.751716 0.659487 0
    outer loop
      vertex 57.4568 122.257 13
      vertex 56.8962 122.896 0
      vertex 56.8962 122.896 13
    endloop
  endfacet
  facet normal 0.751716 0.659487 0
    outer loop
      vertex 56.8962 122.896 0
      vertex 57.4568 122.257 13
      vertex 57.4568 122.257 0
    endloop
  endfacet
  facet normal 0.322183 0.946677 -0
    outer loop
      vertex 54.7874 124.305 0
      vertex 53.9823 124.579 13
      vertex 54.7874 124.305 13
    endloop
  endfacet
  facet normal 0.322183 0.946677 0
    outer loop
      vertex 53.9823 124.579 13
      vertex 54.7874 124.305 0
      vertex 53.9823 124.579 0
    endloop
  endfacet
  facet normal 0.980779 -0.195121 0
    outer loop
      vertex 58.5785 4.81768 13
      vertex 58.7444 5.65158 0
      vertex 58.7444 5.65158 13
    endloop
  endfacet
  facet normal 0.980779 -0.195121 0
    outer loop
      vertex 58.7444 5.65158 0
      vertex 58.5785 4.81768 13
      vertex 58.5785 4.81768 0
    endloop
  endfacet
  facet normal 0.831453 -0.555596 0
    outer loop
      vertex 57.4568 2.54305 13
      vertex 57.9292 3.25 0
      vertex 57.9292 3.25 13
    endloop
  endfacet
  facet normal 0.831453 -0.555596 0
    outer loop
      vertex 57.9292 3.25 0
      vertex 57.4568 2.54305 13
      vertex 57.4568 2.54305 0
    endloop
  endfacet
  facet normal 0.751839 -0.659347 0
    outer loop
      vertex 56.8962 1.90381 13
      vertex 57.4568 2.54305 0
      vertex 57.4568 2.54305 13
    endloop
  endfacet
  facet normal 0.751839 -0.659347 0
    outer loop
      vertex 57.4568 2.54305 0
      vertex 56.8962 1.90381 13
      vertex 56.8962 1.90381 0
    endloop
  endfacet
  facet normal 0.659377 -0.751813 0
    outer loop
      vertex 56.257 1.3432 0
      vertex 56.8962 1.90381 13
      vertex 56.257 1.3432 13
    endloop
  endfacet
  facet normal 0.659377 -0.751813 0
    outer loop
      vertex 56.8962 1.90381 13
      vertex 56.257 1.3432 0
      vertex 56.8962 1.90381 0
    endloop
  endfacet
  facet normal -0.442288 -0.896873 0
    outer loop
      vertex 3.25 0.870834 0
      vertex 4.01256 0.494782 13
      vertex 3.25 0.870834 13
    endloop
  endfacet
  facet normal -0.442288 -0.896873 -0
    outer loop
      vertex 4.01256 0.494782 13
      vertex 3.25 0.870834 0
      vertex 4.01256 0.494782 0
    endloop
  endfacet
  facet normal -0.321439 -0.94693 0
    outer loop
      vertex 4.01256 0.494782 0
      vertex 4.81768 0.221481 13
      vertex 4.01256 0.494782 13
    endloop
  endfacet
  facet normal -0.321439 -0.94693 -0
    outer loop
      vertex 4.81768 0.221481 13
      vertex 4.01256 0.494782 0
      vertex 4.81768 0.221481 0
    endloop
  endfacet
  facet normal -0.75171 0.659493 0
    outer loop
      vertex 1.3432 122.257 0
      vertex 1.90381 122.896 13
      vertex 1.90381 122.896 0
    endloop
  endfacet
  facet normal -0.75171 0.659493 0
    outer loop
      vertex 1.90381 122.896 13
      vertex 1.3432 122.257 0
      vertex 1.3432 122.257 13
    endloop
  endfacet
  facet normal 0.321446 -0.946928 0
    outer loop
      vertex 53.9823 0.221481 0
      vertex 54.7874 0.494782 13
      vertex 53.9823 0.221481 13
    endloop
  endfacet
  facet normal 0.321446 -0.946928 0
    outer loop
      vertex 54.7874 0.494782 13
      vertex 53.9823 0.221481 0
      vertex 54.7874 0.494782 0
    endloop
  endfacet
  facet normal -0.195091 -0.980785 0
    outer loop
      vertex 4.81768 0.221481 0
      vertex 5.65158 0.0556078 13
      vertex 4.81768 0.221481 13
    endloop
  endfacet
  facet normal -0.195091 -0.980785 -0
    outer loop
      vertex 5.65158 0.0556078 13
      vertex 4.81768 0.221481 0
      vertex 5.65158 0.0556078 0
    endloop
  endfacet
  facet normal -0.659613 0.751606 0
    outer loop
      vertex 2.54305 123.457 0
      vertex 1.90381 122.896 13
      vertex 2.54305 123.457 13
    endloop
  endfacet
  facet normal -0.659613 0.751606 0
    outer loop
      vertex 1.90381 122.896 13
      vertex 2.54305 123.457 0
      vertex 1.90381 122.896 0
    endloop
  endfacet
  facet normal 1 -0 0
    outer loop
      vertex 2.4 6.5 13
      vertex 2.4 118.3 2.4
      vertex 2.4 118.3 13
    endloop
  endfacet
  facet normal 1 0 0
    outer loop
      vertex 2.4 118.3 2.4
      vertex 2.4 6.5 13
      vertex 2.4 6.5 2.4
    endloop
  endfacet
  facet normal -0.946924 0.321459 0
    outer loop
      vertex 56.0879 4.931 2.4
      vertex 56.2603 5.43884 13
      vertex 56.2603 5.43884 2.4
    endloop
  endfacet
  facet normal -0.946924 0.321459 0
    outer loop
      vertex 56.2603 5.43884 13
      vertex 56.0879 4.931 2.4
      vertex 56.0879 4.931 13
    endloop
  endfacet
  facet normal 0.997857 -0.0654296 0
    outer loop
      vertex 2.4 118.3 13
      vertex 2.43508 118.835 2.4
      vertex 2.43508 118.835 13
    endloop
  endfacet
  facet normal 0.997857 -0.0654296 0
    outer loop
      vertex 2.43508 118.835 2.4
      vertex 2.4 118.3 13
      vertex 2.4 118.3 2.4
    endloop
  endfacet
  facet normal -1 0 0
    outer loop
      vertex 56.4 6.5 2.4
      vertex 56.4 118.3 13
      vertex 56.4 118.3 2.4
    endloop
  endfacet
  facet normal -1 -0 0
    outer loop
      vertex 56.4 118.3 13
      vertex 56.4 6.5 2.4
      vertex 56.4 6.5 13
    endloop
  endfacet
  facet normal 0 1 0
    outer loop
      vertex 52.3 2.4 13
      vertex 35.9 2.4 9.5
      vertex 35.9 2.4 13
    endloop
  endfacet
  facet normal 0 1 0
    outer loop
      vertex 35.9 2.4 9.5
      vertex 52.3 2.4 2.4
      vertex 22.9 2.4 9.5
    endloop
  endfacet
  facet normal 0 1 -0
    outer loop
      vertex 52.3 2.4 2.4
      vertex 35.9 2.4 9.5
      vertex 52.3 2.4 13
    endloop
  endfacet
  facet normal 0 1 -0
    outer loop
      vertex 22.9 2.4 9.5
      vertex 6.5 2.4 13
      vertex 22.9 2.4 13
    endloop
  endfacet
  facet normal 0 1 0
    outer loop
      vertex 6.5 2.4 2.4
      vertex 22.9 2.4 9.5
      vertex 52.3 2.4 2.4
    endloop
  endfacet
  facet normal 0 1 0
    outer loop
      vertex 22.9 2.4 9.5
      vertex 6.5 2.4 2.4
      vertex 6.5 2.4 13
    endloop
  endfacet
  facet normal 0 0 1
    outer loop
      vertex 22.6385 102.212 2.4
      vertex 8.03073 114.604 2.4
      vertex 22.4599 101.314 2.4
    endloop
  endfacet
  facet normal 0 0 1
    outer loop
      vertex 17.65 64.4 2.4
      vertex 10.4658 7.0221 2.4
      vertex 10.5 6.5 2.4
    endloop
  endfacet
  facet normal -0 0 1
    outer loop
      vertex 7.53528 114.436 2.4
      vertex 22.4599 101.314 2.4
      vertex 8.03073 114.604 2.4
    endloop
  endfacet
  facet normal 0 0 1
    outer loop
      vertex 17.65 64.4 2.4
      vertex 10.3637 7.53528 2.4
      vertex 10.4658 7.0221 2.4
    endloop
  endfacet
  facet normal -0 0 1
    outer loop
      vertex 7.0221 114.334 2.4
      vertex 22.4599 101.314 2.4
      vertex 7.53528 114.436 2.4
    endloop
  endfacet
  facet normal 0 0 1
    outer loop
      vertex 17.65 64.4 2.4
      vertex 10.1955 8.03073 2.4
      vertex 10.3637 7.53528 2.4
    endloop
  endfacet
  facet normal 0 0 1
    outer loop
      vertex 22.4599 101.314 2.4
      vertex 7.0221 114.334 2.4
      vertex 22.4 100.4 2.4
    endloop
  endfacet
  facet normal 0 0 1
    outer loop
      vertex 17.65 64.4 2.4
      vertex 9.9641 8.5 2.4
      vertex 10.1955 8.03073 2.4
    endloop
  endfacet
  facet normal -0 0 1
    outer loop
      vertex 6.5 114.3 2.4
      vertex 22.4 100.4 2.4
      vertex 7.0221 114.334 2.4
    endloop
  endfacet
  facet normal 0 0 1
    outer loop
      vertex 17.65 64.4 2.4
      vertex 9.67341 8.93505 2.4
      vertex 9.9641 8.5 2.4
    endloop
  endfacet
  facet normal 0 0 1
    outer loop
      vertex 22.4 100.4 2.4
      vertex 6.5 114.3 2.4
      vertex 22.4599 99.4863 2.4
    endloop
  endfacet
  facet normal 0 0 1
    outer loop
      vertex 17.65 64.4 2.4
      vertex 9.32843 9.32843 2.4
      vertex 9.67341 8.93505 2.4
    endloop
  endfacet
  facet normal 0 0 1
    outer loop
      vertex 5.97789 114.334 2.4
      vertex 22.4599 99.4863 2.4
      vertex 6.5 114.3 2.4
    endloop
  endfacet
  facet normal 0 0 1
    outer loop
      vertex 17.65 64.4 2.4
      vertex 8.93505 9.67341 2.4
      vertex 9.32843 9.32843 2.4
    endloop
  endfacet
  facet normal 0 0 1
    outer loop
      vertex 5.46472 114.436 2.4
      vertex 22.4599 99.4863 2.4
      vertex 5.97789 114.334 2.4
    endloop
  endfacet
  facet normal 0 0 1
    outer loop
      vertex 17.65 64.4 2.4
      vertex 8.5 9.9641 2.4
      vertex 8.93505 9.67341 2.4
    endloop
  endfacet
  facet normal 0 0 1
    outer loop
      vertex 22.4599 99.4863 2.4
      vertex 5.46472 114.436 2.4
      vertex 19.2242 70.275 2.4
    endloop
  endfacet
  facet normal 0 0 1
    outer loop
      vertex 17.65 64.4 2.4
      vertex 8.03073 10.1955 2.4
      vertex 8.5 9.9641 2.4
    endloop
  endfacet
  facet normal 0 0 1
    outer loop
      vertex 4.96927 114.604 2.4
      vertex 19.2242 70.275 2.4
      vertex 5.46472 114.436 2.4
    endloop
  endfacet
  facet normal 0 0 1
    outer loop
      vertex 17.65 64.4 2.4
      vertex 7.53528 10.3637 2.4
      vertex 8.03073 10.1955 2.4
    endloop
  endfacet
  facet normal 0 0 1
    outer loop
      vertex 4.5 114.836 2.4
      vertex 19.2242 70.275 2.4
      vertex 4.96927 114.604 2.4
    endloop
  endfacet
  facet normal 0 0 1
    outer loop
      vertex 17.65 64.4 2.4
      vertex 7.0221 10.4658 2.4
      vertex 7.53528 10.3637 2.4
    endloop
  endfacet
  facet normal 0 0 1
    outer loop
      vertex 19.2242 70.275 2.4
      vertex 4.5 114.836 2.4
      vertex 18.5444 68.8965 2.4
    endloop
  endfacet
  facet normal 0 0 1
    outer loop
      vertex 17.65 64.4 2.4
      vertex 6.5 10.5 2.4
      vertex 7.0221 10.4658 2.4
    endloop
  endfacet
  facet normal 0 0 1
    outer loop
      vertex 4.06495 115.127 2.4
      vertex 18.5444 68.8965 2.4
      vertex 4.5 114.836 2.4
    endloop
  endfacet
  facet normal 0 0 1
    outer loop
      vertex 17.65 64.4 2.4
      vertex 5.97789 10.4658 2.4
      vertex 6.5 10.5 2.4
    endloop
  endfacet
  facet normal 0 0 1
    outer loop
      vertex 18.5444 68.8965 2.4
      vertex 4.06495 115.127 2.4
      vertex 18.0504 67.4411 2.4
    endloop
  endfacet
  facet normal 0 0 1
    outer loop
      vertex 17.65 64.4 2.4
      vertex 5.46472 10.3637 2.4
      vertex 5.97789 10.4658 2.4
    endloop
  endfacet
  facet normal 0 0 1
    outer loop
      vertex 3.67157 115.472 2.4
      vertex 18.0504 67.4411 2.4
      vertex 4.06495 115.127 2.4
    endloop
  endfacet
  facet normal 0 0 1
    outer loop
      vertex 17.65 64.4 2.4
      vertex 4.96927 10.1955 2.4
      vertex 5.46472 10.3637 2.4
    endloop
  endfacet
  facet normal 0 0 1
    outer loop
      vertex 18.0504 67.4411 2.4
      vertex 3.67157 115.472 2.4
      vertex 17.7505 65.9337 2.4
    endloop
  endfacet
  facet normal 0 0 1
    outer loop
      vertex 17.65 64.4 2.4
      vertex 4.5 9.9641 2.4
      vertex 4.96927 10.1955 2.4
    endloop
  endfacet
  facet normal 0 0 1
    outer loop
      vertex 3.32659 115.865 2.4
      vertex 17.7505 65.9337 2.4
      vertex 3.67157 115.472 2.4
    endloop
  endfacet
  facet normal 0 0 1
    outer loop
      vertex 17.65 64.4 2.4
      vertex 4.06495 9.67341 2.4
      vertex 4.5 9.9641 2.4
    endloop
  endfacet
  facet normal 0 0 1
    outer loop
      vertex 17.7505 65.9337 2.4
      vertex 3.32659 115.865 2.4
      vertex 17.65 64.4 2.4
    endloop
  endfacet
  facet normal 0 0 1
    outer loop
      vertex 17.65 64.4 2.4
      vertex 3.67157 9.32843 2.4
      vertex 4.06495 9.67341 2.4
    endloop
  endfacet
  facet normal 0 0 1
    outer loop
      vertex 3.0359 116.3 2.4
      vertex 17.65 64.4 2.4
      vertex 3.32659 115.865 2.4
    endloop
  endfacet
  facet normal 0 0 1
    outer loop
      vertex 17.65 64.4 2.4
      vertex 3.32659 8.93505 2.4
      vertex 3.67157 9.32843 2.4
    endloop
  endfacet
  facet normal 0 0 1
    outer loop
      vertex 3.0359 8.5 2.4
      vertex 17.65 64.4 2.4
      vertex 3.0359 116.3 2.4
    endloop
  endfacet
  facet normal 0 0 1
    outer loop
      vertex 17.65 64.4 2.4
      vertex 3.0359 8.5 2.4
      vertex 3.32659 8.93505 2.4
    endloop
  endfacet
  facet normal 0 0 1
    outer loop
      vertex 2.80448 116.769 2.4
      vertex 3.0359 8.5 2.4
      vertex 3.0359 116.3 2.4
    endloop
  endfacet
  facet normal 0 0 1
    outer loop
      vertex 2.80448 116.769 2.4
      vertex 2.80448 8.03073 2.4
      vertex 3.0359 8.5 2.4
    endloop
  endfacet
  facet normal 0 0 1
    outer loop
      vertex 2.6363 117.265 2.4
      vertex 2.80448 8.03073 2.4
      vertex 2.80448 116.769 2.4
    endloop
  endfacet
  facet normal 0 0 1
    outer loop
      vertex 2.6363 117.265 2.4
      vertex 2.6363 7.53528 2.4
      vertex 2.80448 8.03073 2.4
    endloop
  endfacet
  facet normal 0 0 1
    outer loop
      vertex 2.4 118.3 2.4
      vertex 2.6363 117.265 2.4
      vertex 2.53422 117.778 2.4
    endloop
  endfacet
  facet normal 0 0 1
    outer loop
      vertex 2.6363 117.265 2.4
      vertex 2.4 118.3 2.4
      vertex 2.6363 7.53528 2.4
    endloop
  endfacet
  facet normal -0 0 1
    outer loop
      vertex 2.4 118.3 2.4
      vertex 2.53422 117.778 2.4
      vertex 2.5 118.3 2.4
    endloop
  endfacet
  facet normal 0 0 1
    outer loop
      vertex 2.4 6.5 2.4
      vertex 2.6363 7.53528 2.4
      vertex 2.4 118.3 2.4
    endloop
  endfacet
  facet normal 0 0 1
    outer loop
      vertex 52.8221 10.4658 2.4
      vertex 37.3316 27.4442 2.4
      vertex 37.4 26.4 2.4
    endloop
  endfacet
  facet normal 0 0 1
    outer loop
      vertex 38.7219 57.2471 2.4
      vertex 37.1274 28.4706 2.4
      vertex 37.3316 27.4442 2.4
    endloop
  endfacet
  facet normal 0 0 1
    outer loop
      vertex 38.7219 57.2471 2.4
      vertex 36.791 29.4615 2.4
      vertex 37.1274 28.4706 2.4
    endloop
  endfacet
  facet normal 0 0 1
    outer loop
      vertex 35.7468 31.2701 2.4
      vertex 37.7085 56.0915 2.4
      vertex 36.5529 55.0781 2.4
    endloop
  endfacet
  facet normal 0 0 1
    outer loop
      vertex 38.7219 57.2471 2.4
      vertex 36.3282 30.4 2.4
      vertex 36.791 29.4615 2.4
    endloop
  endfacet
  facet normal 0 0 1
    outer loop
      vertex 37.7085 56.0915 2.4
      vertex 35.7468 31.2701 2.4
      vertex 36.3282 30.4 2.4
    endloop
  endfacet
  facet normal 0 0 1
    outer loop
      vertex 34.2701 32.7468 2.4
      vertex 36.5529 55.0781 2.4
      vertex 35.275 54.2242 2.4
    endloop
  endfacet
  facet normal 0 0 1
    outer loop
      vertex 36.5529 55.0781 2.4
      vertex 35.0569 32.0569 2.4
      vertex 35.7468 31.2701 2.4
    endloop
  endfacet
  facet normal 0 0 1
    outer loop
      vertex 36.5529 55.0781 2.4
      vertex 34.2701 32.7468 2.4
      vertex 35.0569 32.0569 2.4
    endloop
  endfacet
  facet normal 0 0 1
    outer loop
      vertex 33.4 33.3282 2.4
      vertex 35.275 54.2242 2.4
      vertex 33.8965 53.5444 2.4
    endloop
  endfacet
  facet normal 0 0 1
    outer loop
      vertex 35.275 54.2242 2.4
      vertex 33.4 33.3282 2.4
      vertex 34.2701 32.7468 2.4
    endloop
  endfacet
  facet normal 0 0 1
    outer loop
      vertex 33.8965 53.5444 2.4
      vertex 32.4615 33.791 2.4
      vertex 33.4 33.3282 2.4
    endloop
  endfacet
  facet normal -0 0 1
    outer loop
      vertex 32.4411 53.0504 2.4
      vertex 32.4615 33.791 2.4
      vertex 33.8965 53.5444 2.4
    endloop
  endfacet
  facet normal 0 0 1
    outer loop
      vertex 32.4411 53.0504 2.4
      vertex 31.4706 34.1274 2.4
      vertex 32.4615 33.791 2.4
    endloop
  endfacet
  facet normal -0 0 1
    outer loop
      vertex 30.9337 52.7505 2.4
      vertex 31.4706 34.1274 2.4
      vertex 32.4411 53.0504 2.4
    endloop
  endfacet
  facet normal 0 0 1
    outer loop
      vertex 30.9337 52.7505 2.4
      vertex 30.4442 34.3316 2.4
      vertex 31.4706 34.1274 2.4
    endloop
  endfacet
  facet normal -0 0 1
    outer loop
      vertex 29.4 52.65 2.4
      vertex 30.4442 34.3316 2.4
      vertex 30.9337 52.7505 2.4
    endloop
  endfacet
  facet normal 0 0 1
    outer loop
      vertex 29.4 52.65 2.4
      vertex 29.4 34.4 2.4
      vertex 30.4442 34.3316 2.4
    endloop
  endfacet
  facet normal 0 0 1
    outer loop
      vertex 29.4 52.65 2.4
      vertex 28.3558 34.3316 2.4
      vertex 29.4 34.4 2.4
    endloop
  endfacet
  facet normal 0 0 1
    outer loop
      vertex 27.8663 52.7505 2.4
      vertex 28.3558 34.3316 2.4
      vertex 29.4 52.65 2.4
    endloop
  endfacet
  facet normal 0 0 1
    outer loop
      vertex 27.8663 52.7505 2.4
      vertex 27.3294 34.1274 2.4
      vertex 28.3558 34.3316 2.4
    endloop
  endfacet
  facet normal 0 0 1
    outer loop
      vertex 26.3589 53.0504 2.4
      vertex 27.3294 34.1274 2.4
      vertex 27.8663 52.7505 2.4
    endloop
  endfacet
  facet normal 0 0 1
    outer loop
      vertex 26.3589 53.0504 2.4
      vertex 26.3385 33.791 2.4
      vertex 27.3294 34.1274 2.4
    endloop
  endfacet
  facet normal 0 0 1
    outer loop
      vertex 24.9035 53.5444 2.4
      vertex 26.3385 33.791 2.4
      vertex 26.3589 53.0504 2.4
    endloop
  endfacet
  facet normal 0 0 1
    outer loop
      vertex 26.3385 33.791 2.4
      vertex 24.9035 53.5444 2.4
      vertex 25.4 33.3282 2.4
    endloop
  endfacet
  facet normal 0 0 1
    outer loop
      vertex 23.525 54.2242 2.4
      vertex 25.4 33.3282 2.4
      vertex 24.9035 53.5444 2.4
    endloop
  endfacet
  facet normal 0 0 1
    outer loop
      vertex 25.4 33.3282 2.4
      vertex 23.525 54.2242 2.4
      vertex 24.5299 32.7468 2.4
    endloop
  endfacet
  facet normal 0 0 1
    outer loop
      vertex 22.2471 55.0781 2.4
      vertex 24.5299 32.7468 2.4
      vertex 23.525 54.2242 2.4
    endloop
  endfacet
  facet normal 0 0 1
    outer loop
      vertex 24.5299 32.7468 2.4
      vertex 22.2471 55.0781 2.4
      vertex 23.7431 32.0569 2.4
    endloop
  endfacet
  facet normal 0 0 1
    outer loop
      vertex 23.7431 32.0569 2.4
      vertex 22.2471 55.0781 2.4
      vertex 23.0532 31.2701 2.4
    endloop
  endfacet
  facet normal 0 0 1
    outer loop
      vertex 21.0915 56.0915 2.4
      vertex 23.0532 31.2701 2.4
      vertex 22.2471 55.0781 2.4
    endloop
  endfacet
  facet normal 0 0 1
    outer loop
      vertex 23.0532 31.2701 2.4
      vertex 21.0915 56.0915 2.4
      vertex 22.4718 30.4 2.4
    endloop
  endfacet
  facet normal 0 0 1
    outer loop
      vertex 20.0781 57.2471 2.4
      vertex 22.4718 30.4 2.4
      vertex 21.0915 56.0915 2.4
    endloop
  endfacet
  facet normal 0 0 1
    outer loop
      vertex 22.4718 30.4 2.4
      vertex 20.0781 57.2471 2.4
      vertex 22.009 29.4615 2.4
    endloop
  endfacet
  facet normal 0 0 1
    outer loop
      vertex 19.2242 58.525 2.4
      vertex 22.009 29.4615 2.4
      vertex 20.0781 57.2471 2.4
    endloop
  endfacet
  facet normal 0 0 1
    outer loop
      vertex 22.009 29.4615 2.4
      vertex 19.2242 58.525 2.4
      vertex 21.6726 28.4706 2.4
    endloop
  endfacet
  facet normal 0 0 1
    outer loop
      vertex 56.4 118.3 2.4
      vertex 56.1637 117.265 2.4
      vertex 56.4 6.5 2.4
    endloop
  endfacet
  facet normal 0 0 1
    outer loop
      vertex 56.4 6.5 2.4
      vertex 56.2658 7.0221 2.4
      vertex 56.3 6.5 2.4
    endloop
  endfacet
  facet normal -0 0 1
    outer loop
      vertex 56.1637 7.53528 2.4
      vertex 56.4 6.5 2.4
      vertex 56.1637 117.265 2.4
    endloop
  endfacet
  facet normal 0 0 1
    outer loop
      vertex 56.4 6.5 2.4
      vertex 56.1637 7.53528 2.4
      vertex 56.2658 7.0221 2.4
    endloop
  endfacet
  facet normal -0 0 1
    outer loop
      vertex 55.9955 116.769 2.4
      vertex 56.1637 7.53528 2.4
      vertex 56.1637 117.265 2.4
    endloop
  endfacet
  facet normal 0 0 1
    outer loop
      vertex 55.9955 116.769 2.4
      vertex 55.9955 8.03073 2.4
      vertex 56.1637 7.53528 2.4
    endloop
  endfacet
  facet normal -0 0 1
    outer loop
      vertex 55.7641 116.3 2.4
      vertex 55.9955 8.03073 2.4
      vertex 55.9955 116.769 2.4
    endloop
  endfacet
  facet normal 0 0 1
    outer loop
      vertex 55.7641 116.3 2.4
      vertex 55.7641 8.5 2.4
      vertex 55.9955 8.03073 2.4
    endloop
  endfacet
  facet normal 0 0 1
    outer loop
      vertex 41.15 64.4 2.4
      vertex 55.7641 116.3 2.4
      vertex 55.4734 115.865 2.4
    endloop
  endfacet
  facet normal 0 0 1
    outer loop
      vertex 55.7641 116.3 2.4
      vertex 41.15 64.4 2.4
      vertex 55.7641 8.5 2.4
    endloop
  endfacet
  facet normal 0 0 1
    outer loop
      vertex 41.0495 65.9337 2.4
      vertex 55.4734 115.865 2.4
      vertex 55.1284 115.472 2.4
    endloop
  endfacet
  facet normal 0 0 1
    outer loop
      vertex 55.7641 8.5 2.4
      vertex 41.15 64.4 2.4
      vertex 55.4734 8.93505 2.4
    endloop
  endfacet
  facet normal 0 0 1
    outer loop
      vertex 41.0495 65.9337 2.4
      vertex 55.1284 115.472 2.4
      vertex 54.735 115.127 2.4
    endloop
  endfacet
  facet normal -0 0 1
    outer loop
      vertex 41.0495 62.8663 2.4
      vertex 55.4734 8.93505 2.4
      vertex 41.15 64.4 2.4
    endloop
  endfacet
  facet normal 0 0 1
    outer loop
      vertex 41.0495 65.9337 2.4
      vertex 54.735 115.127 2.4
      vertex 54.3 114.836 2.4
    endloop
  endfacet
  facet normal 0 0 1
    outer loop
      vertex 55.4734 8.93505 2.4
      vertex 41.0495 62.8663 2.4
      vertex 55.1284 9.32843 2.4
    endloop
  endfacet
  facet normal 0 0 1
    outer loop
      vertex 43.3917 105.639 2.4
      vertex 54.3 114.836 2.4
      vertex 53.8307 114.604 2.4
    endloop
  endfacet
  facet normal -0 0 1
    outer loop
      vertex 40.7496 61.3589 2.4
      vertex 55.1284 9.32843 2.4
      vertex 41.0495 62.8663 2.4
    endloop
  endfacet
  facet normal 0 0 1
    outer loop
      vertex 43.4825 105.775 2.4
      vertex 53.8307 114.604 2.4
      vertex 53.3353 114.436 2.4
    endloop
  endfacet
  facet normal 0 0 1
    outer loop
      vertex 55.1284 9.32843 2.4
      vertex 40.7496 61.3589 2.4
      vertex 54.735 9.67341 2.4
    endloop
  endfacet
  facet normal 0 0 1
    outer loop
      vertex 43.5548 105.922 2.4
      vertex 53.3353 114.436 2.4
      vertex 52.8221 114.334 2.4
    endloop
  endfacet
  facet normal -0 0 1
    outer loop
      vertex 40.2556 59.9035 2.4
      vertex 54.735 9.67341 2.4
      vertex 40.7496 61.3589 2.4
    endloop
  endfacet
  facet normal 0 0 1
    outer loop
      vertex 43.6393 106.237 2.4
      vertex 52.8221 114.334 2.4
      vertex 52.3 114.3 2.4
    endloop
  endfacet
  facet normal 0 0 1
    outer loop
      vertex 54.735 9.67341 2.4
      vertex 40.2556 59.9035 2.4
      vertex 54.3 9.9641 2.4
    endloop
  endfacet
  facet normal 0 0 1
    outer loop
      vertex 43.65 106.4 2.4
      vertex 52.3 114.3 2.4
      vertex 51.7779 114.334 2.4
    endloop
  endfacet
  facet normal -0 0 1
    outer loop
      vertex 39.5758 58.525 2.4
      vertex 54.3 9.9641 2.4
      vertex 40.2556 59.9035 2.4
    endloop
  endfacet
  facet normal 0 0 1
    outer loop
      vertex 43.6393 106.563 2.4
      vertex 51.7779 114.334 2.4
      vertex 51.2647 114.436 2.4
    endloop
  endfacet
  facet normal 0 0 1
    outer loop
      vertex 54.3 9.9641 2.4
      vertex 39.5758 58.525 2.4
      vertex 53.8307 10.1955 2.4
    endloop
  endfacet
  facet normal 0 0 1
    outer loop
      vertex 43.5548 106.878 2.4
      vertex 51.2647 114.436 2.4
      vertex 50.7693 114.604 2.4
    endloop
  endfacet
  facet normal -0 0 1
    outer loop
      vertex 37.3316 27.4442 2.4
      vertex 53.8307 10.1955 2.4
      vertex 39.5758 58.525 2.4
    endloop
  endfacet
  facet normal 0 0 1
    outer loop
      vertex 43.4825 107.025 2.4
      vertex 50.7693 114.604 2.4
      vertex 50.3 114.836 2.4
    endloop
  endfacet
  facet normal 0 0 1
    outer loop
      vertex 37.3316 27.4442 2.4
      vertex 53.3353 10.3637 2.4
      vertex 53.8307 10.1955 2.4
    endloop
  endfacet
  facet normal 0 0 1
    outer loop
      vertex 43.3917 107.161 2.4
      vertex 50.3 114.836 2.4
      vertex 49.865 115.127 2.4
    endloop
  endfacet
  facet normal 0 0 1
    outer loop
      vertex 37.3316 27.4442 2.4
      vertex 52.8221 10.4658 2.4
      vertex 53.3353 10.3637 2.4
    endloop
  endfacet
  facet normal 0 0 1
    outer loop
      vertex 43.1609 107.392 2.4
      vertex 49.865 115.127 2.4
      vertex 49.4716 115.472 2.4
    endloop
  endfacet
  facet normal 0 0 1
    outer loop
      vertex 52.8221 10.4658 2.4
      vertex 37.4 26.4 2.4
      vertex 52.3 10.5 2.4
    endloop
  endfacet
  facet normal 0 0 1
    outer loop
      vertex 43.025 107.483 2.4
      vertex 49.4716 115.472 2.4
      vertex 49.1266 115.865 2.4
    endloop
  endfacet
  facet normal -0 0 1
    outer loop
      vertex 37.3316 25.3558 2.4
      vertex 52.3 10.5 2.4
      vertex 37.4 26.4 2.4
    endloop
  endfacet
  facet normal 0 0 1
    outer loop
      vertex 42.7235 107.607 2.4
      vertex 49.1266 115.865 2.4
      vertex 48.8359 116.3 2.4
    endloop
  endfacet
  facet normal 0 0 1
    outer loop
      vertex 52.3 10.5 2.4
      vertex 37.3316 25.3558 2.4
      vertex 51.7779 10.4658 2.4
    endloop
  endfacet
  facet normal 0 0 1
    outer loop
      vertex 42.5632 107.639 2.4
      vertex 48.8359 116.3 2.4
      vertex 48.6045 116.769 2.4
    endloop
  endfacet
  facet normal 0 0 1
    outer loop
      vertex 51.7779 10.4658 2.4
      vertex 37.3316 25.3558 2.4
      vertex 51.2647 10.3637 2.4
    endloop
  endfacet
  facet normal 0 0 1
    outer loop
      vertex 42.4 107.65 2.4
      vertex 48.6045 116.769 2.4
      vertex 48.4363 117.265 2.4
    endloop
  endfacet
  facet normal -0 0 1
    outer loop
      vertex 37.1274 24.3294 2.4
      vertex 51.2647 10.3637 2.4
      vertex 37.3316 25.3558 2.4
    endloop
  endfacet
  facet normal 0 0 1
    outer loop
      vertex 42.0765 107.607 2.4
      vertex 48.4363 117.265 2.4
      vertex 48.3342 117.778 2.4
    endloop
  endfacet
  facet normal 0 0 1
    outer loop
      vertex 51.2647 10.3637 2.4
      vertex 37.1274 24.3294 2.4
      vertex 50.7693 10.1955 2.4
    endloop
  endfacet
  facet normal 0 0 1
    outer loop
      vertex 41.9216 107.555 2.4
      vertex 48.3342 117.778 2.4
      vertex 48.3 118.3 2.4
    endloop
  endfacet
  facet normal -0 0 1
    outer loop
      vertex 36.791 23.3385 2.4
      vertex 50.7693 10.1955 2.4
      vertex 37.1274 24.3294 2.4
    endloop
  endfacet
  facet normal 0 0 1
    outer loop
      vertex 56.3 118.3 2.4
      vertex 56.4 118.3 2.4
      vertex 56.3649 118.835 2.4
    endloop
  endfacet
  facet normal 0 0 1
    outer loop
      vertex 56.2658 117.778 2.4
      vertex 56.4 118.3 2.4
      vertex 56.3 118.3 2.4
    endloop
  endfacet
  facet normal 0 0 1
    outer loop
      vertex 56.1637 117.265 2.4
      vertex 56.4 118.3 2.4
      vertex 56.2658 117.778 2.4
    endloop
  endfacet
  facet normal 0 0 1
    outer loop
      vertex 56.3649 118.835 2.4
      vertex 56.2658 118.822 2.4
      vertex 56.3 118.3 2.4
    endloop
  endfacet
  facet normal 0 0 1
    outer loop
      vertex 56.2603 119.361 2.4
      vertex 56.2658 118.822 2.4
      vertex 56.3649 118.835 2.4
    endloop
  endfacet
  facet normal 0 0 1
    outer loop
      vertex 56.2603 119.361 2.4
      vertex 56.1637 119.335 2.4
      vertex 56.2658 118.822 2.4
    endloop
  endfacet
  facet normal 0 0 1
    outer loop
      vertex 56.0879 119.869 2.4
      vertex 56.1637 119.335 2.4
      vertex 56.2603 119.361 2.4
    endloop
  endfacet
  facet normal 0 0 1
    outer loop
      vertex 56.0879 119.869 2.4
      vertex 55.9955 119.831 2.4
      vertex 56.1637 119.335 2.4
    endloop
  endfacet
  facet normal 0 0 1
    outer loop
      vertex 55.8507 120.35 2.4
      vertex 55.9955 119.831 2.4
      vertex 56.0879 119.869 2.4
    endloop
  endfacet
  facet normal 0 0 1
    outer loop
      vertex 55.8507 120.35 2.4
      vertex 55.7641 120.3 2.4
      vertex 55.9955 119.831 2.4
    endloop
  endfacet
  facet normal 0 0 1
    outer loop
      vertex 55.5527 120.796 2.4
      vertex 55.7641 120.3 2.4
      vertex 55.8507 120.35 2.4
    endloop
  endfacet
  facet normal 0 0 1
    outer loop
      vertex 55.5527 120.796 2.4
      vertex 55.4734 120.735 2.4
      vertex 55.7641 120.3 2.4
    endloop
  endfacet
  facet normal 0 0 1
    outer loop
      vertex 55.1991 121.199 2.4
      vertex 55.4734 120.735 2.4
      vertex 55.5527 120.796 2.4
    endloop
  endfacet
  facet normal 0 0 1
    outer loop
      vertex 55.1991 121.199 2.4
      vertex 55.1284 121.128 2.4
      vertex 55.4734 120.735 2.4
    endloop
  endfacet
  facet normal 0 0 1
    outer loop
      vertex 54.7959 121.553 2.4
      vertex 55.1284 121.128 2.4
      vertex 55.1991 121.199 2.4
    endloop
  endfacet
  facet normal 0 0 1
    outer loop
      vertex 54.7959 121.553 2.4
      vertex 54.735 121.473 2.4
      vertex 55.1284 121.128 2.4
    endloop
  endfacet
  facet normal 0 0 1
    outer loop
      vertex 54.35 121.851 2.4
      vertex 54.735 121.473 2.4
      vertex 54.7959 121.553 2.4
    endloop
  endfacet
  facet normal 0 0 1
    outer loop
      vertex 54.35 121.851 2.4
      vertex 54.3 121.764 2.4
      vertex 54.735 121.473 2.4
    endloop
  endfacet
  facet normal 0 0 1
    outer loop
      vertex 53.869 122.088 2.4
      vertex 54.3 121.764 2.4
      vertex 54.35 121.851 2.4
    endloop
  endfacet
  facet normal 0 0 1
    outer loop
      vertex 53.869 122.088 2.4
      vertex 53.8307 121.996 2.4
      vertex 54.3 121.764 2.4
    endloop
  endfacet
  facet normal 0 0 1
    outer loop
      vertex 53.3612 122.26 2.4
      vertex 53.8307 121.996 2.4
      vertex 53.869 122.088 2.4
    endloop
  endfacet
  facet normal 0 0 1
    outer loop
      vertex 53.3612 122.26 2.4
      vertex 53.3353 122.164 2.4
      vertex 53.8307 121.996 2.4
    endloop
  endfacet
  facet normal 0 0 1
    outer loop
      vertex 52.8352 122.365 2.4
      vertex 53.3353 122.164 2.4
      vertex 53.3612 122.26 2.4
    endloop
  endfacet
  facet normal 0 0 1
    outer loop
      vertex 52.8352 122.365 2.4
      vertex 52.8221 122.266 2.4
      vertex 53.3353 122.164 2.4
    endloop
  endfacet
  facet normal 0 0 1
    outer loop
      vertex 52.3 122.4 2.4
      vertex 52.8221 122.266 2.4
      vertex 52.8352 122.365 2.4
    endloop
  endfacet
  facet normal 0 0 1
    outer loop
      vertex 52.3 122.4 2.4
      vertex 52.3 122.3 2.4
      vertex 52.8221 122.266 2.4
    endloop
  endfacet
  facet normal 0 0 1
    outer loop
      vertex 52.3 122.4 2.4
      vertex 51.7779 122.266 2.4
      vertex 52.3 122.3 2.4
    endloop
  endfacet
  facet normal 0 0 1
    outer loop
      vertex 52.3 122.4 2.4
      vertex 51.2647 122.164 2.4
      vertex 51.7779 122.266 2.4
    endloop
  endfacet
  facet normal 0 0 1
    outer loop
      vertex 52.3 114.3 2.4
      vertex 43.65 106.4 2.4
      vertex 43.6393 106.237 2.4
    endloop
  endfacet
  facet normal 0 0 1
    outer loop
      vertex 31.2117 107.161 2.4
      vertex 48.3 118.3 2.4
      vertex 48.3342 118.822 2.4
    endloop
  endfacet
  facet normal 0 0 1
    outer loop
      vertex 31.2117 107.161 2.4
      vertex 48.3342 118.822 2.4
      vertex 48.4363 119.335 2.4
    endloop
  endfacet
  facet normal 0 0 1
    outer loop
      vertex 30.3137 107.34 2.4
      vertex 48.4363 119.335 2.4
      vertex 48.6045 119.831 2.4
    endloop
  endfacet
  facet normal 0 0 1
    outer loop
      vertex 51.7779 114.334 2.4
      vertex 43.6393 106.563 2.4
      vertex 43.65 106.4 2.4
    endloop
  endfacet
  facet normal 0 0 1
    outer loop
      vertex 51.2647 114.436 2.4
      vertex 43.6074 106.724 2.4
      vertex 43.6393 106.563 2.4
    endloop
  endfacet
  facet normal 0 0 1
    outer loop
      vertex 51.2647 114.436 2.4
      vertex 43.5548 106.878 2.4
      vertex 43.6074 106.724 2.4
    endloop
  endfacet
  facet normal 0 0 1
    outer loop
      vertex 50.7693 114.604 2.4
      vertex 43.4825 107.025 2.4
      vertex 43.5548 106.878 2.4
    endloop
  endfacet
  facet normal 0 0 1
    outer loop
      vertex 50.3 114.836 2.4
      vertex 43.3917 107.161 2.4
      vertex 43.4825 107.025 2.4
    endloop
  endfacet
  facet normal 0 0 1
    outer loop
      vertex 49.865 115.127 2.4
      vertex 43.2839 107.284 2.4
      vertex 43.3917 107.161 2.4
    endloop
  endfacet
  facet normal 0 0 1
    outer loop
      vertex 49.865 115.127 2.4
      vertex 43.1609 107.392 2.4
      vertex 43.2839 107.284 2.4
    endloop
  endfacet
  facet normal 0 0 1
    outer loop
      vertex 49.4716 115.472 2.4
      vertex 43.025 107.483 2.4
      vertex 43.1609 107.392 2.4
    endloop
  endfacet
  facet normal 0 0 1
    outer loop
      vertex 49.1266 115.865 2.4
      vertex 42.8784 107.555 2.4
      vertex 43.025 107.483 2.4
    endloop
  endfacet
  facet normal 0 0 1
    outer loop
      vertex 49.1266 115.865 2.4
      vertex 42.7235 107.607 2.4
      vertex 42.8784 107.555 2.4
    endloop
  endfacet
  facet normal 0 0 1
    outer loop
      vertex 48.8359 116.3 2.4
      vertex 42.5632 107.639 2.4
      vertex 42.7235 107.607 2.4
    endloop
  endfacet
  facet normal 0 0 1
    outer loop
      vertex 10.1955 119.831 2.4
      vertex 48.6045 119.831 2.4
      vertex 48.8359 120.3 2.4
    endloop
  endfacet
  facet normal 0 0 1
    outer loop
      vertex 48.6045 116.769 2.4
      vertex 42.4 107.65 2.4
      vertex 42.5632 107.639 2.4
    endloop
  endfacet
  facet normal 0 0 1
    outer loop
      vertex 48.4363 117.265 2.4
      vertex 42.2368 107.639 2.4
      vertex 42.4 107.65 2.4
    endloop
  endfacet
  facet normal 0 0 1
    outer loop
      vertex 48.4363 117.265 2.4
      vertex 42.0765 107.607 2.4
      vertex 42.2368 107.639 2.4
    endloop
  endfacet
  facet normal 0 0 1
    outer loop
      vertex 48.3342 117.778 2.4
      vertex 41.9216 107.555 2.4
      vertex 42.0765 107.607 2.4
    endloop
  endfacet
  facet normal 0 0 1
    outer loop
      vertex 48.3 118.3 2.4
      vertex 41.775 107.483 2.4
      vertex 41.9216 107.555 2.4
    endloop
  endfacet
  facet normal 0 0 1
    outer loop
      vertex 48.3 118.3 2.4
      vertex 32.0788 106.867 2.4
      vertex 41.775 107.483 2.4
    endloop
  endfacet
  facet normal 0 0 1
    outer loop
      vertex 41.775 107.483 2.4
      vertex 32.0788 106.867 2.4
      vertex 41.639 107.392 2.4
    endloop
  endfacet
  facet normal 0 -0 1
    outer loop
      vertex 32.9 106.462 2.4
      vertex 41.639 107.392 2.4
      vertex 32.0788 106.867 2.4
    endloop
  endfacet
  facet normal 0 0 1
    outer loop
      vertex 41.639 107.392 2.4
      vertex 32.9 106.462 2.4
      vertex 41.5161 107.284 2.4
    endloop
  endfacet
  facet normal 0 0 1
    outer loop
      vertex 55.4734 115.865 2.4
      vertex 41.0495 65.9337 2.4
      vertex 41.15 64.4 2.4
    endloop
  endfacet
  facet normal 0 0 1
    outer loop
      vertex 41.1607 106.237 2.4
      vertex 40.7496 67.4411 2.4
      vertex 41.0495 65.9337 2.4
    endloop
  endfacet
  facet normal 0 0 1
    outer loop
      vertex 41.1607 106.237 2.4
      vertex 40.2556 68.8965 2.4
      vertex 40.7496 67.4411 2.4
    endloop
  endfacet
  facet normal 0 0 1
    outer loop
      vertex 41.1607 106.237 2.4
      vertex 39.5758 70.275 2.4
      vertex 40.2556 68.8965 2.4
    endloop
  endfacet
  facet normal 0 0 1
    outer loop
      vertex 41.1607 106.237 2.4
      vertex 38.7219 71.5529 2.4
      vertex 39.5758 70.275 2.4
    endloop
  endfacet
  facet normal 0 0 1
    outer loop
      vertex 34.9535 104.661 2.4
      vertex 41.15 106.4 2.4
      vertex 41.1607 106.563 2.4
    endloop
  endfacet
  facet normal 0 0 1
    outer loop
      vertex 41.1607 106.237 2.4
      vertex 35.8672 97.7212 2.4
      vertex 38.7219 71.5529 2.4
    endloop
  endfacet
  facet normal -0 0 1
    outer loop
      vertex 35.4622 96.9 2.4
      vertex 38.7219 71.5529 2.4
      vertex 35.8672 97.7212 2.4
    endloop
  endfacet
  facet normal 0 0 1
    outer loop
      vertex 41.1607 106.237 2.4
      vertex 36.4 100.4 2.4
      vertex 36.3401 99.4863 2.4
    endloop
  endfacet
  facet normal 0 0 1
    outer loop
      vertex 34.9535 104.661 2.4
      vertex 41.1607 106.563 2.4
      vertex 41.1926 106.724 2.4
    endloop
  endfacet
  facet normal 0 0 1
    outer loop
      vertex 34.3497 105.35 2.4
      vertex 41.1926 106.724 2.4
      vertex 41.2452 106.878 2.4
    endloop
  endfacet
  facet normal 0 0 1
    outer loop
      vertex 34.3497 105.35 2.4
      vertex 41.2452 106.878 2.4
      vertex 41.3175 107.025 2.4
    endloop
  endfacet
  facet normal 0 -0 1
    outer loop
      vertex 33.6613 105.953 2.4
      vertex 41.5161 107.284 2.4
      vertex 32.9 106.462 2.4
    endloop
  endfacet
  facet normal 0 0 1
    outer loop
      vertex 41.1607 106.237 2.4
      vertex 36.3401 101.314 2.4
      vertex 36.4 100.4 2.4
    endloop
  endfacet
  facet normal 0 0 1
    outer loop
      vertex 41.1607 106.237 2.4
      vertex 36.1615 102.212 2.4
      vertex 36.3401 101.314 2.4
    endloop
  endfacet
  facet normal 0 0 1
    outer loop
      vertex 9.9641 120.3 2.4
      vertex 48.8359 120.3 2.4
      vertex 49.1266 120.735 2.4
    endloop
  endfacet
  facet normal 0 0 1
    outer loop
      vertex 41.1607 106.237 2.4
      vertex 35.8672 103.079 2.4
      vertex 36.1615 102.212 2.4
    endloop
  endfacet
  facet normal 0 0 1
    outer loop
      vertex 41.1607 106.237 2.4
      vertex 35.4622 103.9 2.4
      vertex 35.8672 103.079 2.4
    endloop
  endfacet
  facet normal 0 0 1
    outer loop
      vertex 41.15 106.4 2.4
      vertex 34.9535 104.661 2.4
      vertex 35.4622 103.9 2.4
    endloop
  endfacet
  facet normal 0 0 1
    outer loop
      vertex 9.67341 120.735 2.4
      vertex 49.1266 120.735 2.4
      vertex 49.4716 121.128 2.4
    endloop
  endfacet
  facet normal 0 0 1
    outer loop
      vertex 41.1926 106.724 2.4
      vertex 34.3497 105.35 2.4
      vertex 34.9535 104.661 2.4
    endloop
  endfacet
  facet normal 0 0 1
    outer loop
      vertex 41.3175 107.025 2.4
      vertex 33.6613 105.953 2.4
      vertex 34.3497 105.35 2.4
    endloop
  endfacet
  facet normal 0 0 1
    outer loop
      vertex 41.4083 107.161 2.4
      vertex 33.6613 105.953 2.4
      vertex 41.3175 107.025 2.4
    endloop
  endfacet
  facet normal 0 0 1
    outer loop
      vertex 41.5161 107.284 2.4
      vertex 33.6613 105.953 2.4
      vertex 41.4083 107.161 2.4
    endloop
  endfacet
  facet normal 0 0 1
    outer loop
      vertex 9.32843 121.128 2.4
      vertex 49.4716 121.128 2.4
      vertex 49.865 121.473 2.4
    endloop
  endfacet
  facet normal 0 0 1
    outer loop
      vertex 48.3 118.3 2.4
      vertex 31.2117 107.161 2.4
      vertex 32.0788 106.867 2.4
    endloop
  endfacet
  facet normal 0 0 1
    outer loop
      vertex 48.4363 119.335 2.4
      vertex 30.3137 107.34 2.4
      vertex 31.2117 107.161 2.4
    endloop
  endfacet
  facet normal 0 0 1
    outer loop
      vertex 48.6045 119.831 2.4
      vertex 29.4 107.4 2.4
      vertex 30.3137 107.34 2.4
    endloop
  endfacet
  facet normal 0 0 1
    outer loop
      vertex 48.6045 119.831 2.4
      vertex 10.1955 119.831 2.4
      vertex 29.4 107.4 2.4
    endloop
  endfacet
  facet normal 0 0 1
    outer loop
      vertex 8.93505 121.473 2.4
      vertex 49.865 121.473 2.4
      vertex 50.3 121.764 2.4
    endloop
  endfacet
  facet normal 0 0 1
    outer loop
      vertex 29.4 107.4 2.4
      vertex 10.1955 119.831 2.4
      vertex 28.4863 107.34 2.4
    endloop
  endfacet
  facet normal -0 -0 1
    outer loop
      vertex 10.3637 119.335 2.4
      vertex 28.4863 107.34 2.4
      vertex 10.1955 119.831 2.4
    endloop
  endfacet
  facet normal 0 0 1
    outer loop
      vertex 28.4863 107.34 2.4
      vertex 10.3637 119.335 2.4
      vertex 27.5883 107.161 2.4
    endloop
  endfacet
  facet normal 0 0 1
    outer loop
      vertex 23.8465 96.1387 2.4
      vertex 21.0915 72.7085 2.4
      vertex 22.2471 73.7219 2.4
    endloop
  endfacet
  facet normal 0 0 1
    outer loop
      vertex 22.4599 99.4863 2.4
      vertex 20.0781 71.5529 2.4
      vertex 21.0915 72.7085 2.4
    endloop
  endfacet
  facet normal -0 0 1
    outer loop
      vertex 9.67341 115.865 2.4
      vertex 23.8465 104.661 2.4
      vertex 9.9641 116.3 2.4
    endloop
  endfacet
  facet normal 0 0 1
    outer loop
      vertex 22.4599 99.4863 2.4
      vertex 19.2242 70.275 2.4
      vertex 20.0781 71.5529 2.4
    endloop
  endfacet
  facet normal 0 0 1
    outer loop
      vertex 23.8465 104.661 2.4
      vertex 9.32843 115.472 2.4
      vertex 23.3378 103.9 2.4
    endloop
  endfacet
  facet normal -0 0 1
    outer loop
      vertex 8.93505 115.127 2.4
      vertex 23.3378 103.9 2.4
      vertex 9.32843 115.472 2.4
    endloop
  endfacet
  facet normal 0 0 1
    outer loop
      vertex 23.3378 103.9 2.4
      vertex 8.93505 115.127 2.4
      vertex 22.9328 103.079 2.4
    endloop
  endfacet
  facet normal 0 0 1
    outer loop
      vertex 22.9328 103.079 2.4
      vertex 8.5 114.836 2.4
      vertex 22.6385 102.212 2.4
    endloop
  endfacet
  facet normal -0 0 1
    outer loop
      vertex 8.5 114.836 2.4
      vertex 22.9328 103.079 2.4
      vertex 8.93505 115.127 2.4
    endloop
  endfacet
  facet normal 0 0 1
    outer loop
      vertex 24.4503 105.35 2.4
      vertex 9.9641 116.3 2.4
      vertex 23.8465 104.661 2.4
    endloop
  endfacet
  facet normal -0 0 1
    outer loop
      vertex 9.9641 116.3 2.4
      vertex 24.4503 105.35 2.4
      vertex 10.1955 116.769 2.4
    endloop
  endfacet
  facet normal 0 0 1
    outer loop
      vertex 25.1387 105.953 2.4
      vertex 10.1955 116.769 2.4
      vertex 24.4503 105.35 2.4
    endloop
  endfacet
  facet normal -0 0 1
    outer loop
      vertex 10.1955 116.769 2.4
      vertex 25.1387 105.953 2.4
      vertex 10.3637 117.265 2.4
    endloop
  endfacet
  facet normal 0 0 1
    outer loop
      vertex 25.9 106.462 2.4
      vertex 10.3637 117.265 2.4
      vertex 25.1387 105.953 2.4
    endloop
  endfacet
  facet normal -0 0 1
    outer loop
      vertex 10.3637 117.265 2.4
      vertex 25.9 106.462 2.4
      vertex 10.4658 117.778 2.4
    endloop
  endfacet
  facet normal 0 0 1
    outer loop
      vertex 26.7212 106.867 2.4
      vertex 10.4658 117.778 2.4
      vertex 25.9 106.462 2.4
    endloop
  endfacet
  facet normal -0 -0 1
    outer loop
      vertex 10.4658 118.822 2.4
      vertex 27.5883 107.161 2.4
      vertex 10.3637 119.335 2.4
    endloop
  endfacet
  facet normal 0 0 1
    outer loop
      vertex 8.5 121.764 2.4
      vertex 50.3 121.764 2.4
      vertex 50.7693 121.996 2.4
    endloop
  endfacet
  facet normal 0 0 1
    outer loop
      vertex 8.03073 121.996 2.4
      vertex 50.7693 121.996 2.4
      vertex 51.2647 122.164 2.4
    endloop
  endfacet
  facet normal 0 0 1
    outer loop
      vertex 7.53528 122.164 2.4
      vertex 51.2647 122.164 2.4
      vertex 52.3 122.4 2.4
    endloop
  endfacet
  facet normal -0 0 1
    outer loop
      vertex 10.4658 117.778 2.4
      vertex 26.7212 106.867 2.4
      vertex 10.5 118.3 2.4
    endloop
  endfacet
  facet normal 0 0 1
    outer loop
      vertex 27.5883 107.161 2.4
      vertex 10.5 118.3 2.4
      vertex 26.7212 106.867 2.4
    endloop
  endfacet
  facet normal -0 -0 1
    outer loop
      vertex 10.5 118.3 2.4
      vertex 27.5883 107.161 2.4
      vertex 10.4658 118.822 2.4
    endloop
  endfacet
  facet normal 0 0 1
    outer loop
      vertex 48.8359 120.3 2.4
      vertex 9.9641 120.3 2.4
      vertex 10.1955 119.831 2.4
    endloop
  endfacet
  facet normal 0 0 1
    outer loop
      vertex 49.1266 120.735 2.4
      vertex 9.67341 120.735 2.4
      vertex 9.9641 120.3 2.4
    endloop
  endfacet
  facet normal 0 0 1
    outer loop
      vertex 49.4716 121.128 2.4
      vertex 9.32843 121.128 2.4
      vertex 9.67341 120.735 2.4
    endloop
  endfacet
  facet normal 0 0 1
    outer loop
      vertex 49.865 121.473 2.4
      vertex 8.93505 121.473 2.4
      vertex 9.32843 121.128 2.4
    endloop
  endfacet
  facet normal 0 0 1
    outer loop
      vertex 50.3 121.764 2.4
      vertex 8.5 121.764 2.4
      vertex 8.93505 121.473 2.4
    endloop
  endfacet
  facet normal 0 0 1
    outer loop
      vertex 50.7693 121.996 2.4
      vertex 8.03073 121.996 2.4
      vertex 8.5 121.764 2.4
    endloop
  endfacet
  facet normal 0 0 1
    outer loop
      vertex 51.2647 122.164 2.4
      vertex 7.53528 122.164 2.4
      vertex 8.03073 121.996 2.4
    endloop
  endfacet
  facet normal -0 0 1
    outer loop
      vertex 6.5 122.4 2.4
      vertex 7.53528 122.164 2.4
      vertex 52.3 122.4 2.4
    endloop
  endfacet
  facet normal 0 0 1
    outer loop
      vertex 7.53528 122.164 2.4
      vertex 6.5 122.4 2.4
      vertex 7.0221 122.266 2.4
    endloop
  endfacet
  facet normal 0 0 1
    outer loop
      vertex 6.5 122.4 2.4
      vertex 6.5 122.3 2.4
      vertex 7.0221 122.266 2.4
    endloop
  endfacet
  facet normal 0 0 1
    outer loop
      vertex 6.5 122.4 2.4
      vertex 5.97789 122.266 2.4
      vertex 6.5 122.3 2.4
    endloop
  endfacet
  facet normal -0 0 1
    outer loop
      vertex 5.96484 122.365 2.4
      vertex 5.97789 122.266 2.4
      vertex 6.5 122.4 2.4
    endloop
  endfacet
  facet normal 0 0 1
    outer loop
      vertex 5.96484 122.365 2.4
      vertex 5.46472 122.164 2.4
      vertex 5.97789 122.266 2.4
    endloop
  endfacet
  facet normal -0 0 1
    outer loop
      vertex 5.43884 122.26 2.4
      vertex 5.46472 122.164 2.4
      vertex 5.96484 122.365 2.4
    endloop
  endfacet
  facet normal 0 0 1
    outer loop
      vertex 5.43884 122.26 2.4
      vertex 4.96927 121.996 2.4
      vertex 5.46472 122.164 2.4
    endloop
  endfacet
  facet normal -0 0 1
    outer loop
      vertex 4.931 122.088 2.4
      vertex 4.96927 121.996 2.4
      vertex 5.43884 122.26 2.4
    endloop
  endfacet
  facet normal 0 0 1
    outer loop
      vertex 4.931 122.088 2.4
      vertex 4.5 121.764 2.4
      vertex 4.96927 121.996 2.4
    endloop
  endfacet
  facet normal -0 0 1
    outer loop
      vertex 4.45 121.851 2.4
      vertex 4.5 121.764 2.4
      vertex 4.931 122.088 2.4
    endloop
  endfacet
  facet normal 0 0 1
    outer loop
      vertex 4.45 121.851 2.4
      vertex 4.06495 121.473 2.4
      vertex 4.5 121.764 2.4
    endloop
  endfacet
  facet normal -0 0 1
    outer loop
      vertex 4.00408 121.553 2.4
      vertex 4.06495 121.473 2.4
      vertex 4.45 121.851 2.4
    endloop
  endfacet
  facet normal 0 0 1
    outer loop
      vertex 4.00408 121.553 2.4
      vertex 3.67157 121.128 2.4
      vertex 4.06495 121.473 2.4
    endloop
  endfacet
  facet normal -0 0 1
    outer loop
      vertex 3.60086 121.199 2.4
      vertex 3.67157 121.128 2.4
      vertex 4.00408 121.553 2.4
    endloop
  endfacet
  facet normal 0 0 1
    outer loop
      vertex 3.60086 121.199 2.4
      vertex 3.32659 120.735 2.4
      vertex 3.67157 121.128 2.4
    endloop
  endfacet
  facet normal -0 0 1
    outer loop
      vertex 3.24725 120.796 2.4
      vertex 3.32659 120.735 2.4
      vertex 3.60086 121.199 2.4
    endloop
  endfacet
  facet normal 0 0 1
    outer loop
      vertex 3.24725 120.796 2.4
      vertex 3.0359 120.3 2.4
      vertex 3.32659 120.735 2.4
    endloop
  endfacet
  facet normal -0 0 1
    outer loop
      vertex 2.9493 120.35 2.4
      vertex 3.0359 120.3 2.4
      vertex 3.24725 120.796 2.4
    endloop
  endfacet
  facet normal 0 0 1
    outer loop
      vertex 2.9493 120.35 2.4
      vertex 2.80448 119.831 2.4
      vertex 3.0359 120.3 2.4
    endloop
  endfacet
  facet normal -0 0 1
    outer loop
      vertex 2.71209 119.869 2.4
      vertex 2.80448 119.831 2.4
      vertex 2.9493 120.35 2.4
    endloop
  endfacet
  facet normal 0 0 1
    outer loop
      vertex 2.71209 119.869 2.4
      vertex 2.6363 119.335 2.4
      vertex 2.80448 119.831 2.4
    endloop
  endfacet
  facet normal -0 0 1
    outer loop
      vertex 2.5397 119.361 2.4
      vertex 2.6363 119.335 2.4
      vertex 2.71209 119.869 2.4
    endloop
  endfacet
  facet normal 0 0 1
    outer loop
      vertex 2.5397 119.361 2.4
      vertex 2.53422 118.822 2.4
      vertex 2.6363 119.335 2.4
    endloop
  endfacet
  facet normal -0 0 1
    outer loop
      vertex 2.43508 118.835 2.4
      vertex 2.53422 118.822 2.4
      vertex 2.5397 119.361 2.4
    endloop
  endfacet
  facet normal 0 0 1
    outer loop
      vertex 2.4 118.3 2.4
      vertex 2.5 118.3 2.4
      vertex 2.43508 118.835 2.4
    endloop
  endfacet
  facet normal 0 0 1
    outer loop
      vertex 2.53422 118.822 2.4
      vertex 2.43508 118.835 2.4
      vertex 2.5 118.3 2.4
    endloop
  endfacet
  facet normal 0 0 1
    outer loop
      vertex 56.4 6.5 2.4
      vertex 56.3 6.5 2.4
      vertex 56.3649 5.96484 2.4
    endloop
  endfacet
  facet normal -0 0 1
    outer loop
      vertex 56.2658 5.97789 2.4
      vertex 56.3649 5.96484 2.4
      vertex 56.3 6.5 2.4
    endloop
  endfacet
  facet normal 0 0 1
    outer loop
      vertex 56.2658 5.97789 2.4
      vertex 56.2603 5.43884 2.4
      vertex 56.3649 5.96484 2.4
    endloop
  endfacet
  facet normal -0 0 1
    outer loop
      vertex 56.1637 5.46472 2.4
      vertex 56.2603 5.43884 2.4
      vertex 56.2658 5.97789 2.4
    endloop
  endfacet
  facet normal 0 0 1
    outer loop
      vertex 56.1637 5.46472 2.4
      vertex 56.0879 4.931 2.4
      vertex 56.2603 5.43884 2.4
    endloop
  endfacet
  facet normal -0 0 1
    outer loop
      vertex 55.9955 4.96927 2.4
      vertex 56.0879 4.931 2.4
      vertex 56.1637 5.46472 2.4
    endloop
  endfacet
  facet normal 0 0 1
    outer loop
      vertex 55.9955 4.96927 2.4
      vertex 55.8507 4.45 2.4
      vertex 56.0879 4.931 2.4
    endloop
  endfacet
  facet normal -0 0 1
    outer loop
      vertex 55.7641 4.5 2.4
      vertex 55.8507 4.45 2.4
      vertex 55.9955 4.96927 2.4
    endloop
  endfacet
  facet normal 0 0 1
    outer loop
      vertex 55.7641 4.5 2.4
      vertex 55.5527 4.00408 2.4
      vertex 55.8507 4.45 2.4
    endloop
  endfacet
  facet normal -0 0 1
    outer loop
      vertex 55.4734 4.06495 2.4
      vertex 55.5527 4.00408 2.4
      vertex 55.7641 4.5 2.4
    endloop
  endfacet
  facet normal 0 0 1
    outer loop
      vertex 55.4734 4.06495 2.4
      vertex 55.1991 3.60086 2.4
      vertex 55.5527 4.00408 2.4
    endloop
  endfacet
  facet normal -0 0 1
    outer loop
      vertex 55.1284 3.67157 2.4
      vertex 55.1991 3.60086 2.4
      vertex 55.4734 4.06495 2.4
    endloop
  endfacet
  facet normal 0 0 1
    outer loop
      vertex 55.1284 3.67157 2.4
      vertex 54.7959 3.24725 2.4
      vertex 55.1991 3.60086 2.4
    endloop
  endfacet
  facet normal -0 0 1
    outer loop
      vertex 54.735 3.32659 2.4
      vertex 54.7959 3.24725 2.4
      vertex 55.1284 3.67157 2.4
    endloop
  endfacet
  facet normal 0 0 1
    outer loop
      vertex 54.735 3.32659 2.4
      vertex 54.35 2.9493 2.4
      vertex 54.7959 3.24725 2.4
    endloop
  endfacet
  facet normal -0 0 1
    outer loop
      vertex 54.3 3.0359 2.4
      vertex 54.35 2.9493 2.4
      vertex 54.735 3.32659 2.4
    endloop
  endfacet
  facet normal 0 0 1
    outer loop
      vertex 54.3 3.0359 2.4
      vertex 53.869 2.71209 2.4
      vertex 54.35 2.9493 2.4
    endloop
  endfacet
  facet normal -0 0 1
    outer loop
      vertex 53.8307 2.80448 2.4
      vertex 53.869 2.71209 2.4
      vertex 54.3 3.0359 2.4
    endloop
  endfacet
  facet normal 0 0 1
    outer loop
      vertex 53.8307 2.80448 2.4
      vertex 53.3612 2.5397 2.4
      vertex 53.869 2.71209 2.4
    endloop
  endfacet
  facet normal -0 0 1
    outer loop
      vertex 53.3353 2.6363 2.4
      vertex 53.3612 2.5397 2.4
      vertex 53.8307 2.80448 2.4
    endloop
  endfacet
  facet normal 0 0 1
    outer loop
      vertex 53.3353 2.6363 2.4
      vertex 52.8352 2.43508 2.4
      vertex 53.3612 2.5397 2.4
    endloop
  endfacet
  facet normal -0 0 1
    outer loop
      vertex 52.8221 2.53422 2.4
      vertex 52.8352 2.43508 2.4
      vertex 53.3353 2.6363 2.4
    endloop
  endfacet
  facet normal -0 0 1
    outer loop
      vertex 52.3 2.5 2.4
      vertex 52.8352 2.43508 2.4
      vertex 52.8221 2.53422 2.4
    endloop
  endfacet
  facet normal 0 0 1
    outer loop
      vertex 52.3 2.5 2.4
      vertex 52.3 2.4 2.4
      vertex 52.8352 2.43508 2.4
    endloop
  endfacet
  facet normal 0 0 1
    outer loop
      vertex 51.7779 2.53422 2.4
      vertex 52.3 2.4 2.4
      vertex 52.3 2.5 2.4
    endloop
  endfacet
  facet normal 0 0 1
    outer loop
      vertex 51.2647 2.6363 2.4
      vertex 52.3 2.4 2.4
      vertex 51.7779 2.53422 2.4
    endloop
  endfacet
  facet normal 0 0 1
    outer loop
      vertex 52.8221 114.334 2.4
      vertex 43.6393 106.237 2.4
      vertex 43.6074 106.076 2.4
    endloop
  endfacet
  facet normal 0 0 1
    outer loop
      vertex 52.8221 114.334 2.4
      vertex 43.6074 106.076 2.4
      vertex 43.5548 105.922 2.4
    endloop
  endfacet
  facet normal 0 0 1
    outer loop
      vertex 53.3353 114.436 2.4
      vertex 43.5548 105.922 2.4
      vertex 43.4825 105.775 2.4
    endloop
  endfacet
  facet normal 0 0 1
    outer loop
      vertex 53.8307 114.604 2.4
      vertex 43.4825 105.775 2.4
      vertex 43.3917 105.639 2.4
    endloop
  endfacet
  facet normal 0 0 1
    outer loop
      vertex 54.3 114.836 2.4
      vertex 43.3917 105.639 2.4
      vertex 41.0495 65.9337 2.4
    endloop
  endfacet
  facet normal 0 0 1
    outer loop
      vertex 41.0495 65.9337 2.4
      vertex 43.3917 105.639 2.4
      vertex 43.2839 105.516 2.4
    endloop
  endfacet
  facet normal 0 0 1
    outer loop
      vertex 41.0495 65.9337 2.4
      vertex 43.2839 105.516 2.4
      vertex 43.1609 105.408 2.4
    endloop
  endfacet
  facet normal 0 0 1
    outer loop
      vertex 41.0495 65.9337 2.4
      vertex 43.1609 105.408 2.4
      vertex 43.025 105.317 2.4
    endloop
  endfacet
  facet normal 0 0 1
    outer loop
      vertex 41.0495 65.9337 2.4
      vertex 43.025 105.317 2.4
      vertex 42.8784 105.245 2.4
    endloop
  endfacet
  facet normal 0 0 1
    outer loop
      vertex 41.0495 65.9337 2.4
      vertex 42.8784 105.245 2.4
      vertex 42.7235 105.193 2.4
    endloop
  endfacet
  facet normal 0 0 1
    outer loop
      vertex 41.0495 65.9337 2.4
      vertex 42.7235 105.193 2.4
      vertex 42.5632 105.161 2.4
    endloop
  endfacet
  facet normal 0 0 1
    outer loop
      vertex 41.0495 65.9337 2.4
      vertex 42.5632 105.161 2.4
      vertex 42.4 105.15 2.4
    endloop
  endfacet
  facet normal 0 0 1
    outer loop
      vertex 41.0495 65.9337 2.4
      vertex 42.4 105.15 2.4
      vertex 42.2368 105.161 2.4
    endloop
  endfacet
  facet normal 0 0 1
    outer loop
      vertex 41.0495 65.9337 2.4
      vertex 42.2368 105.161 2.4
      vertex 42.0765 105.193 2.4
    endloop
  endfacet
  facet normal 0 0 1
    outer loop
      vertex 41.0495 65.9337 2.4
      vertex 42.0765 105.193 2.4
      vertex 41.9216 105.245 2.4
    endloop
  endfacet
  facet normal 0 0 1
    outer loop
      vertex 41.0495 65.9337 2.4
      vertex 41.9216 105.245 2.4
      vertex 41.775 105.317 2.4
    endloop
  endfacet
  facet normal 0 0 1
    outer loop
      vertex 50.7693 10.1955 2.4
      vertex 36.791 23.3385 2.4
      vertex 50.3 9.9641 2.4
    endloop
  endfacet
  facet normal 0 0 1
    outer loop
      vertex 41.0495 65.9337 2.4
      vertex 41.775 105.317 2.4
      vertex 41.639 105.408 2.4
    endloop
  endfacet
  facet normal 0 0 1
    outer loop
      vertex 41.0495 65.9337 2.4
      vertex 41.639 105.408 2.4
      vertex 41.5161 105.516 2.4
    endloop
  endfacet
  facet normal 0 0 1
    outer loop
      vertex 41.0495 65.9337 2.4
      vertex 41.5161 105.516 2.4
      vertex 41.4083 105.639 2.4
    endloop
  endfacet
  facet normal 0 0 1
    outer loop
      vertex 41.0495 65.9337 2.4
      vertex 41.4083 105.639 2.4
      vertex 41.3175 105.775 2.4
    endloop
  endfacet
  facet normal 0 0 1
    outer loop
      vertex 41.0495 65.9337 2.4
      vertex 41.3175 105.775 2.4
      vertex 41.2452 105.922 2.4
    endloop
  endfacet
  facet normal 0 0 1
    outer loop
      vertex 41.0495 65.9337 2.4
      vertex 41.2452 105.922 2.4
      vertex 41.1926 106.076 2.4
    endloop
  endfacet
  facet normal 0 0 1
    outer loop
      vertex 41.0495 65.9337 2.4
      vertex 41.1926 106.076 2.4
      vertex 41.1607 106.237 2.4
    endloop
  endfacet
  facet normal 0 0 1
    outer loop
      vertex 35.4622 103.9 2.4
      vertex 41.1607 106.237 2.4
      vertex 41.15 106.4 2.4
    endloop
  endfacet
  facet normal 0 0 1
    outer loop
      vertex 50.3 9.9641 2.4
      vertex 36.3282 22.4 2.4
      vertex 49.865 9.67341 2.4
    endloop
  endfacet
  facet normal -0 0 1
    outer loop
      vertex 35.7468 21.5299 2.4
      vertex 49.865 9.67341 2.4
      vertex 36.3282 22.4 2.4
    endloop
  endfacet
  facet normal 0 0 1
    outer loop
      vertex 49.865 9.67341 2.4
      vertex 35.7468 21.5299 2.4
      vertex 49.4716 9.32843 2.4
    endloop
  endfacet
  facet normal 0 0 1
    outer loop
      vertex 49.4716 9.32843 2.4
      vertex 35.7468 21.5299 2.4
      vertex 49.1266 8.93505 2.4
    endloop
  endfacet
  facet normal -0 0 1
    outer loop
      vertex 36.3282 22.4 2.4
      vertex 50.3 9.9641 2.4
      vertex 36.791 23.3385 2.4
    endloop
  endfacet
  facet normal 0 0 1
    outer loop
      vertex 37.3316 27.4442 2.4
      vertex 39.5758 58.525 2.4
      vertex 38.7219 57.2471 2.4
    endloop
  endfacet
  facet normal 0 0 1
    outer loop
      vertex 36.3282 30.4 2.4
      vertex 38.7219 57.2471 2.4
      vertex 37.7085 56.0915 2.4
    endloop
  endfacet
  facet normal -0 0 1
    outer loop
      vertex 35.0569 20.7431 2.4
      vertex 49.1266 8.93505 2.4
      vertex 35.7468 21.5299 2.4
    endloop
  endfacet
  facet normal 0 0 1
    outer loop
      vertex 49.1266 8.93505 2.4
      vertex 35.0569 20.7431 2.4
      vertex 48.8359 8.5 2.4
    endloop
  endfacet
  facet normal -0 0 1
    outer loop
      vertex 34.2701 20.0532 2.4
      vertex 48.8359 8.5 2.4
      vertex 35.0569 20.7431 2.4
    endloop
  endfacet
  facet normal 0 0 1
    outer loop
      vertex 48.8359 8.5 2.4
      vertex 34.2701 20.0532 2.4
      vertex 48.6045 8.03073 2.4
    endloop
  endfacet
  facet normal -0 0 1
    outer loop
      vertex 33.4 19.4718 2.4
      vertex 48.6045 8.03073 2.4
      vertex 34.2701 20.0532 2.4
    endloop
  endfacet
  facet normal 0 0 1
    outer loop
      vertex 48.6045 8.03073 2.4
      vertex 33.4 19.4718 2.4
      vertex 48.4363 7.53528 2.4
    endloop
  endfacet
  facet normal 0 0 1
    outer loop
      vertex 48.4363 7.53528 2.4
      vertex 33.4 19.4718 2.4
      vertex 48.3342 7.0221 2.4
    endloop
  endfacet
  facet normal -0 0 1
    outer loop
      vertex 32.4615 19.009 2.4
      vertex 48.3342 7.0221 2.4
      vertex 33.4 19.4718 2.4
    endloop
  endfacet
  facet normal 0 0 1
    outer loop
      vertex 48.3342 7.0221 2.4
      vertex 32.4615 19.009 2.4
      vertex 48.3 6.5 2.4
    endloop
  endfacet
  facet normal -0 0 1
    outer loop
      vertex 31.4706 18.6726 2.4
      vertex 48.3 6.5 2.4
      vertex 32.4615 19.009 2.4
    endloop
  endfacet
  facet normal 0 0 1
    outer loop
      vertex 48.3 6.5 2.4
      vertex 31.4706 18.6726 2.4
      vertex 48.3342 5.97789 2.4
    endloop
  endfacet
  facet normal -0 0 1
    outer loop
      vertex 30.4442 18.4684 2.4
      vertex 48.3342 5.97789 2.4
      vertex 31.4706 18.6726 2.4
    endloop
  endfacet
  facet normal 0 0 1
    outer loop
      vertex 48.3342 5.97789 2.4
      vertex 30.4442 18.4684 2.4
      vertex 48.4363 5.46472 2.4
    endloop
  endfacet
  facet normal -0 0 1
    outer loop
      vertex 29.4 18.4 2.4
      vertex 48.4363 5.46472 2.4
      vertex 30.4442 18.4684 2.4
    endloop
  endfacet
  facet normal 0 0 1
    outer loop
      vertex 48.4363 5.46472 2.4
      vertex 29.4 18.4 2.4
      vertex 48.6045 4.96927 2.4
    endloop
  endfacet
  facet normal 0 0 1
    outer loop
      vertex 10.1955 4.96927 2.4
      vertex 48.6045 4.96927 2.4
      vertex 29.4 18.4 2.4
    endloop
  endfacet
  facet normal 0 0 1
    outer loop
      vertex 48.6045 4.96927 2.4
      vertex 10.1955 4.96927 2.4
      vertex 48.8359 4.5 2.4
    endloop
  endfacet
  facet normal 0 0 1
    outer loop
      vertex 9.9641 4.5 2.4
      vertex 48.8359 4.5 2.4
      vertex 10.1955 4.96927 2.4
    endloop
  endfacet
  facet normal 0 0 1
    outer loop
      vertex 48.8359 4.5 2.4
      vertex 9.9641 4.5 2.4
      vertex 49.1266 4.06495 2.4
    endloop
  endfacet
  facet normal 0 0 1
    outer loop
      vertex 10.3637 5.46472 2.4
      vertex 29.4 18.4 2.4
      vertex 28.3558 18.4684 2.4
    endloop
  endfacet
  facet normal 0 0 1
    outer loop
      vertex 10.4658 5.97789 2.4
      vertex 28.3558 18.4684 2.4
      vertex 27.3294 18.6726 2.4
    endloop
  endfacet
  facet normal 0 0 1
    outer loop
      vertex 10.5 6.5 2.4
      vertex 27.3294 18.6726 2.4
      vertex 26.3385 19.009 2.4
    endloop
  endfacet
  facet normal 0 0 1
    outer loop
      vertex 29.4 18.4 2.4
      vertex 10.3637 5.46472 2.4
      vertex 10.1955 4.96927 2.4
    endloop
  endfacet
  facet normal 0 0 1
    outer loop
      vertex 10.5 6.5 2.4
      vertex 26.3385 19.009 2.4
      vertex 25.4 19.4718 2.4
    endloop
  endfacet
  facet normal 0 0 1
    outer loop
      vertex 18.5444 59.9035 2.4
      vertex 21.6726 28.4706 2.4
      vertex 19.2242 58.525 2.4
    endloop
  endfacet
  facet normal 0 0 1
    outer loop
      vertex 10.5 6.5 2.4
      vertex 21.6726 28.4706 2.4
      vertex 18.5444 59.9035 2.4
    endloop
  endfacet
  facet normal 0 0 1
    outer loop
      vertex 21.6726 28.4706 2.4
      vertex 10.5 6.5 2.4
      vertex 21.4684 27.4442 2.4
    endloop
  endfacet
  facet normal 0 0 1
    outer loop
      vertex 21.4684 27.4442 2.4
      vertex 10.5 6.5 2.4
      vertex 21.4 26.4 2.4
    endloop
  endfacet
  facet normal 0 0 1
    outer loop
      vertex 10.5 6.5 2.4
      vertex 18.5444 59.9035 2.4
      vertex 18.0504 61.3589 2.4
    endloop
  endfacet
  facet normal 0 0 1
    outer loop
      vertex 10.5 6.5 2.4
      vertex 18.0504 61.3589 2.4
      vertex 17.7505 62.8663 2.4
    endloop
  endfacet
  facet normal -0 0 1
    outer loop
      vertex 8.03073 114.604 2.4
      vertex 22.6385 102.212 2.4
      vertex 8.5 114.836 2.4
    endloop
  endfacet
  facet normal 0 0 1
    outer loop
      vertex 17.65 64.4 2.4
      vertex 10.5 6.5 2.4
      vertex 17.7505 62.8663 2.4
    endloop
  endfacet
  facet normal 0 0 1
    outer loop
      vertex 21.4 26.4 2.4
      vertex 10.5 6.5 2.4
      vertex 21.4684 25.3558 2.4
    endloop
  endfacet
  facet normal 0 0 1
    outer loop
      vertex 10.5 6.5 2.4
      vertex 21.6726 24.3294 2.4
      vertex 21.4684 25.3558 2.4
    endloop
  endfacet
  facet normal 0 0 1
    outer loop
      vertex 10.5 6.5 2.4
      vertex 22.009 23.3385 2.4
      vertex 21.6726 24.3294 2.4
    endloop
  endfacet
  facet normal 0 0 1
    outer loop
      vertex 10.5 6.5 2.4
      vertex 22.4718 22.4 2.4
      vertex 22.009 23.3385 2.4
    endloop
  endfacet
  facet normal 0 0 1
    outer loop
      vertex 10.5 6.5 2.4
      vertex 23.0532 21.5299 2.4
      vertex 22.4718 22.4 2.4
    endloop
  endfacet
  facet normal 0 0 1
    outer loop
      vertex 10.5 6.5 2.4
      vertex 23.7431 20.7431 2.4
      vertex 23.0532 21.5299 2.4
    endloop
  endfacet
  facet normal 0 0 1
    outer loop
      vertex 10.5 6.5 2.4
      vertex 24.5299 20.0532 2.4
      vertex 23.7431 20.7431 2.4
    endloop
  endfacet
  facet normal 0 0 1
    outer loop
      vertex 10.5 6.5 2.4
      vertex 25.4 19.4718 2.4
      vertex 24.5299 20.0532 2.4
    endloop
  endfacet
  facet normal 0 0 1
    outer loop
      vertex 27.3294 18.6726 2.4
      vertex 10.5 6.5 2.4
      vertex 10.4658 5.97789 2.4
    endloop
  endfacet
  facet normal 0 0 1
    outer loop
      vertex 28.3558 18.4684 2.4
      vertex 10.4658 5.97789 2.4
      vertex 10.3637 5.46472 2.4
    endloop
  endfacet
  facet normal 0 0 1
    outer loop
      vertex 9.67341 4.06495 2.4
      vertex 49.1266 4.06495 2.4
      vertex 9.9641 4.5 2.4
    endloop
  endfacet
  facet normal 0 0 1
    outer loop
      vertex 49.1266 4.06495 2.4
      vertex 9.67341 4.06495 2.4
      vertex 49.4716 3.67157 2.4
    endloop
  endfacet
  facet normal 0 0 1
    outer loop
      vertex 9.32843 3.67157 2.4
      vertex 49.4716 3.67157 2.4
      vertex 9.67341 4.06495 2.4
    endloop
  endfacet
  facet normal 0 0 1
    outer loop
      vertex 49.4716 3.67157 2.4
      vertex 9.32843 3.67157 2.4
      vertex 49.865 3.32659 2.4
    endloop
  endfacet
  facet normal 0 0 1
    outer loop
      vertex 8.93505 3.32659 2.4
      vertex 49.865 3.32659 2.4
      vertex 9.32843 3.67157 2.4
    endloop
  endfacet
  facet normal 0 0 1
    outer loop
      vertex 49.865 3.32659 2.4
      vertex 8.93505 3.32659 2.4
      vertex 50.3 3.0359 2.4
    endloop
  endfacet
  facet normal 0 0 1
    outer loop
      vertex 8.5 3.0359 2.4
      vertex 50.3 3.0359 2.4
      vertex 8.93505 3.32659 2.4
    endloop
  endfacet
  facet normal 0 0 1
    outer loop
      vertex 50.3 3.0359 2.4
      vertex 8.5 3.0359 2.4
      vertex 50.7693 2.80448 2.4
    endloop
  endfacet
  facet normal 0 0 1
    outer loop
      vertex 8.03073 2.80448 2.4
      vertex 50.7693 2.80448 2.4
      vertex 8.5 3.0359 2.4
    endloop
  endfacet
  facet normal 0 0 1
    outer loop
      vertex 50.7693 2.80448 2.4
      vertex 8.03073 2.80448 2.4
      vertex 51.2647 2.6363 2.4
    endloop
  endfacet
  facet normal 0 0 1
    outer loop
      vertex 7.53528 2.6363 2.4
      vertex 51.2647 2.6363 2.4
      vertex 8.03073 2.80448 2.4
    endloop
  endfacet
  facet normal 0 0 1
    outer loop
      vertex 51.2647 2.6363 2.4
      vertex 7.53528 2.6363 2.4
      vertex 52.3 2.4 2.4
    endloop
  endfacet
  facet normal 0 0 1
    outer loop
      vertex 6.5 2.4 2.4
      vertex 7.53528 2.6363 2.4
      vertex 7.0221 2.53422 2.4
    endloop
  endfacet
  facet normal 0 0 1
    outer loop
      vertex 6.5 2.4 2.4
      vertex 7.0221 2.53422 2.4
      vertex 6.5 2.5 2.4
    endloop
  endfacet
  facet normal 0 0 1
    outer loop
      vertex 7.53528 2.6363 2.4
      vertex 6.5 2.4 2.4
      vertex 52.3 2.4 2.4
    endloop
  endfacet
  facet normal 0 0 1
    outer loop
      vertex 5.97789 2.53422 2.4
      vertex 6.5 2.4 2.4
      vertex 6.5 2.5 2.4
    endloop
  endfacet
  facet normal 0 0 1
    outer loop
      vertex 5.97789 2.53422 2.4
      vertex 5.96484 2.43508 2.4
      vertex 6.5 2.4 2.4
    endloop
  endfacet
  facet normal 0 0 1
    outer loop
      vertex 5.46472 2.6363 2.4
      vertex 5.96484 2.43508 2.4
      vertex 5.97789 2.53422 2.4
    endloop
  endfacet
  facet normal 0 0 1
    outer loop
      vertex 5.46472 2.6363 2.4
      vertex 5.43884 2.5397 2.4
      vertex 5.96484 2.43508 2.4
    endloop
  endfacet
  facet normal 0 0 1
    outer loop
      vertex 4.96927 2.80448 2.4
      vertex 5.43884 2.5397 2.4
      vertex 5.46472 2.6363 2.4
    endloop
  endfacet
  facet normal 0 0 1
    outer loop
      vertex 4.96927 2.80448 2.4
      vertex 4.931 2.71209 2.4
      vertex 5.43884 2.5397 2.4
    endloop
  endfacet
  facet normal 0 0 1
    outer loop
      vertex 4.5 3.0359 2.4
      vertex 4.931 2.71209 2.4
      vertex 4.96927 2.80448 2.4
    endloop
  endfacet
  facet normal 0 0 1
    outer loop
      vertex 4.5 3.0359 2.4
      vertex 4.45 2.9493 2.4
      vertex 4.931 2.71209 2.4
    endloop
  endfacet
  facet normal 0 0 1
    outer loop
      vertex 4.06495 3.32659 2.4
      vertex 4.45 2.9493 2.4
      vertex 4.5 3.0359 2.4
    endloop
  endfacet
  facet normal 0 0 1
    outer loop
      vertex 4.06495 3.32659 2.4
      vertex 4.00408 3.24725 2.4
      vertex 4.45 2.9493 2.4
    endloop
  endfacet
  facet normal 0 0 1
    outer loop
      vertex 3.67157 3.67157 2.4
      vertex 4.00408 3.24725 2.4
      vertex 4.06495 3.32659 2.4
    endloop
  endfacet
  facet normal 0 0 1
    outer loop
      vertex 3.67157 3.67157 2.4
      vertex 3.60086 3.60086 2.4
      vertex 4.00408 3.24725 2.4
    endloop
  endfacet
  facet normal 0 0 1
    outer loop
      vertex 3.32659 4.06495 2.4
      vertex 3.60086 3.60086 2.4
      vertex 3.67157 3.67157 2.4
    endloop
  endfacet
  facet normal 0 0 1
    outer loop
      vertex 3.32659 4.06495 2.4
      vertex 3.24725 4.00408 2.4
      vertex 3.60086 3.60086 2.4
    endloop
  endfacet
  facet normal 0 0 1
    outer loop
      vertex 3.0359 4.5 2.4
      vertex 3.24725 4.00408 2.4
      vertex 3.32659 4.06495 2.4
    endloop
  endfacet
  facet normal 0 0 1
    outer loop
      vertex 3.0359 4.5 2.4
      vertex 2.9493 4.45 2.4
      vertex 3.24725 4.00408 2.4
    endloop
  endfacet
  facet normal 0 0 1
    outer loop
      vertex 2.80448 4.96927 2.4
      vertex 2.9493 4.45 2.4
      vertex 3.0359 4.5 2.4
    endloop
  endfacet
  facet normal 0 0 1
    outer loop
      vertex 2.80448 4.96927 2.4
      vertex 2.71209 4.931 2.4
      vertex 2.9493 4.45 2.4
    endloop
  endfacet
  facet normal 0 0 1
    outer loop
      vertex 2.6363 5.46472 2.4
      vertex 2.71209 4.931 2.4
      vertex 2.80448 4.96927 2.4
    endloop
  endfacet
  facet normal 0 0 1
    outer loop
      vertex 2.6363 5.46472 2.4
      vertex 2.5397 5.43884 2.4
      vertex 2.71209 4.931 2.4
    endloop
  endfacet
  facet normal 0 0 1
    outer loop
      vertex 2.53422 5.97789 2.4
      vertex 2.5397 5.43884 2.4
      vertex 2.6363 5.46472 2.4
    endloop
  endfacet
  facet normal 0 0 1
    outer loop
      vertex 2.43508 5.96484 2.4
      vertex 2.53422 5.97789 2.4
      vertex 2.5 6.5 2.4
    endloop
  endfacet
  facet normal 0 0 1
    outer loop
      vertex 2.53422 5.97789 2.4
      vertex 2.43508 5.96484 2.4
      vertex 2.5397 5.43884 2.4
    endloop
  endfacet
  facet normal 0 0 1
    outer loop
      vertex 2.6363 7.53528 2.4
      vertex 2.4 6.5 2.4
      vertex 2.53422 7.0221 2.4
    endloop
  endfacet
  facet normal 0 0 1
    outer loop
      vertex 2.53422 7.0221 2.4
      vertex 2.4 6.5 2.4
      vertex 2.5 6.5 2.4
    endloop
  endfacet
  facet normal 0 0 1
    outer loop
      vertex 2.5 6.5 2.4
      vertex 2.4 6.5 2.4
      vertex 2.43508 5.96484 2.4
    endloop
  endfacet
  facet normal 0 0 1
    outer loop
      vertex 41.1607 106.237 2.4
      vertex 36.3401 99.4863 2.4
      vertex 36.1615 98.5883 2.4
    endloop
  endfacet
  facet normal 0 0 1
    outer loop
      vertex 41.1607 106.237 2.4
      vertex 36.1615 98.5883 2.4
      vertex 35.8672 97.7212 2.4
    endloop
  endfacet
  facet normal 0 0 1
    outer loop
      vertex 38.7219 71.5529 2.4
      vertex 35.4622 96.9 2.4
      vertex 37.7085 72.7085 2.4
    endloop
  endfacet
  facet normal -0 0 1
    outer loop
      vertex 34.9535 96.1387 2.4
      vertex 37.7085 72.7085 2.4
      vertex 35.4622 96.9 2.4
    endloop
  endfacet
  facet normal 0 0 1
    outer loop
      vertex 37.7085 72.7085 2.4
      vertex 34.9535 96.1387 2.4
      vertex 36.5529 73.7219 2.4
    endloop
  endfacet
  facet normal -0 0 1
    outer loop
      vertex 34.3497 95.4502 2.4
      vertex 36.5529 73.7219 2.4
      vertex 34.9535 96.1387 2.4
    endloop
  endfacet
  facet normal 0 0 1
    outer loop
      vertex 36.5529 73.7219 2.4
      vertex 34.3497 95.4502 2.4
      vertex 35.275 74.5758 2.4
    endloop
  endfacet
  facet normal -0 0 1
    outer loop
      vertex 33.6613 94.8465 2.4
      vertex 35.275 74.5758 2.4
      vertex 34.3497 95.4502 2.4
    endloop
  endfacet
  facet normal 0 0 1
    outer loop
      vertex 35.275 74.5758 2.4
      vertex 33.6613 94.8465 2.4
      vertex 33.8965 75.2556 2.4
    endloop
  endfacet
  facet normal -0 0 1
    outer loop
      vertex 32.9 94.3378 2.4
      vertex 33.8965 75.2556 2.4
      vertex 33.6613 94.8465 2.4
    endloop
  endfacet
  facet normal -0 0 1
    outer loop
      vertex 32.0788 93.9328 2.4
      vertex 33.8965 75.2556 2.4
      vertex 32.9 94.3378 2.4
    endloop
  endfacet
  facet normal 0 0 1
    outer loop
      vertex 33.8965 75.2556 2.4
      vertex 32.0788 93.9328 2.4
      vertex 32.4411 75.7496 2.4
    endloop
  endfacet
  facet normal -0 0 1
    outer loop
      vertex 31.2117 93.6385 2.4
      vertex 32.4411 75.7496 2.4
      vertex 32.0788 93.9328 2.4
    endloop
  endfacet
  facet normal 0 0 1
    outer loop
      vertex 31.2117 93.6385 2.4
      vertex 30.9337 76.0495 2.4
      vertex 32.4411 75.7496 2.4
    endloop
  endfacet
  facet normal -0 0 1
    outer loop
      vertex 30.3137 93.4599 2.4
      vertex 30.9337 76.0495 2.4
      vertex 31.2117 93.6385 2.4
    endloop
  endfacet
  facet normal 0 0 1
    outer loop
      vertex 29.4 76.15 2.4
      vertex 30.3137 93.4599 2.4
      vertex 29.4 93.4 2.4
    endloop
  endfacet
  facet normal 0 0 1
    outer loop
      vertex 30.3137 93.4599 2.4
      vertex 29.4 76.15 2.4
      vertex 30.9337 76.0495 2.4
    endloop
  endfacet
  facet normal 0 0 1
    outer loop
      vertex 28.4863 93.4599 2.4
      vertex 29.4 76.15 2.4
      vertex 29.4 93.4 2.4
    endloop
  endfacet
  facet normal 0 0 1
    outer loop
      vertex 28.4863 93.4599 2.4
      vertex 27.8663 76.0495 2.4
      vertex 29.4 76.15 2.4
    endloop
  endfacet
  facet normal 0 0 1
    outer loop
      vertex 27.5883 93.6385 2.4
      vertex 27.8663 76.0495 2.4
      vertex 28.4863 93.4599 2.4
    endloop
  endfacet
  facet normal 0 0 1
    outer loop
      vertex 26.3589 75.7496 2.4
      vertex 27.5883 93.6385 2.4
      vertex 26.7212 93.9328 2.4
    endloop
  endfacet
  facet normal 0 0 1
    outer loop
      vertex 27.5883 93.6385 2.4
      vertex 26.3589 75.7496 2.4
      vertex 27.8663 76.0495 2.4
    endloop
  endfacet
  facet normal 0 0 1
    outer loop
      vertex 24.9035 75.2556 2.4
      vertex 26.7212 93.9328 2.4
      vertex 25.9 94.3378 2.4
    endloop
  endfacet
  facet normal 0 0 1
    outer loop
      vertex 24.9035 75.2556 2.4
      vertex 25.9 94.3378 2.4
      vertex 25.1387 94.8465 2.4
    endloop
  endfacet
  facet normal 0 0 1
    outer loop
      vertex 26.7212 93.9328 2.4
      vertex 24.9035 75.2556 2.4
      vertex 26.3589 75.7496 2.4
    endloop
  endfacet
  facet normal 0 0 1
    outer loop
      vertex 23.525 74.5758 2.4
      vertex 25.1387 94.8465 2.4
      vertex 24.4503 95.4502 2.4
    endloop
  endfacet
  facet normal 0 0 1
    outer loop
      vertex 22.2471 73.7219 2.4
      vertex 24.4503 95.4502 2.4
      vertex 23.8465 96.1387 2.4
    endloop
  endfacet
  facet normal 0 0 1
    outer loop
      vertex 25.1387 94.8465 2.4
      vertex 23.525 74.5758 2.4
      vertex 24.9035 75.2556 2.4
    endloop
  endfacet
  facet normal 0 0 1
    outer loop
      vertex 21.0915 72.7085 2.4
      vertex 23.8465 96.1387 2.4
      vertex 23.3378 96.9 2.4
    endloop
  endfacet
  facet normal 0 0 1
    outer loop
      vertex 21.0915 72.7085 2.4
      vertex 23.3378 96.9 2.4
      vertex 22.9328 97.7212 2.4
    endloop
  endfacet
  facet normal 0 0 1
    outer loop
      vertex 21.0915 72.7085 2.4
      vertex 22.9328 97.7212 2.4
      vertex 22.6385 98.5883 2.4
    endloop
  endfacet
  facet normal 0 0 1
    outer loop
      vertex 21.0915 72.7085 2.4
      vertex 22.6385 98.5883 2.4
      vertex 22.4599 99.4863 2.4
    endloop
  endfacet
  facet normal -0 0 1
    outer loop
      vertex 9.32843 115.472 2.4
      vertex 23.8465 104.661 2.4
      vertex 9.67341 115.865 2.4
    endloop
  endfacet
  facet normal 0 0 1
    outer loop
      vertex 24.4503 95.4502 2.4
      vertex 22.2471 73.7219 2.4
      vertex 23.525 74.5758 2.4
    endloop
  endfacet
  facet normal 0.94696 -0.321351 0
    outer loop
      vertex 2.5397 119.361 13
      vertex 2.71209 119.869 2.4
      vertex 2.71209 119.869 13
    endloop
  endfacet
  facet normal 0.94696 -0.321351 0
    outer loop
      vertex 2.71209 119.869 2.4
      vertex 2.5397 119.361 13
      vertex 2.5397 119.361 2.4
    endloop
  endfacet
  facet normal 0.896868 -0.442299 0
    outer loop
      vertex 2.71209 119.869 13
      vertex 2.9493 120.35 2.4
      vertex 2.9493 120.35 13
    endloop
  endfacet
  facet normal 0.896868 -0.442299 0
    outer loop
      vertex 2.9493 120.35 2.4
      vertex 2.71209 119.869 13
      vertex 2.71209 119.869 2.4
    endloop
  endfacet
  facet normal 0.831519 -0.555496 0
    outer loop
      vertex 2.9493 120.35 13
      vertex 3.24725 120.796 2.4
      vertex 3.24725 120.796 13
    endloop
  endfacet
  facet normal 0.831519 -0.555496 0
    outer loop
      vertex 3.24725 120.796 2.4
      vertex 2.9493 120.35 13
      vertex 2.9493 120.35 2.4
    endloop
  endfacet
  facet normal 0.659752 -0.751483 0
    outer loop
      vertex 3.60086 121.199 2.4
      vertex 4.00408 121.553 13
      vertex 3.60086 121.199 13
    endloop
  endfacet
  facet normal 0.659752 -0.751483 0
    outer loop
      vertex 4.00408 121.553 13
      vertex 3.60086 121.199 2.4
      vertex 4.00408 121.553 2.4
    endloop
  endfacet
  facet normal 0 -1 0
    outer loop
      vertex 6.5 122.4 2.4
      vertex 52.3 122.4 13
      vertex 6.5 122.4 13
    endloop
  endfacet
  facet normal 0 -1 -0
    outer loop
      vertex 52.3 122.4 13
      vertex 6.5 122.4 2.4
      vertex 52.3 122.4 2.4
    endloop
  endfacet
  facet normal -0.980795 -0.19504 0
    outer loop
      vertex 56.3649 118.835 2.4
      vertex 56.2603 119.361 13
      vertex 56.2603 119.361 2.4
    endloop
  endfacet
  facet normal -0.980795 -0.19504 0
    outer loop
      vertex 56.2603 119.361 13
      vertex 56.3649 118.835 2.4
      vertex 56.3649 118.835 13
    endloop
  endfacet
  facet normal 0.751844 0.659341 0
    outer loop
      vertex 3.60086 3.60086 13
      vertex 3.24725 4.00408 2.4
      vertex 3.24725 4.00408 13
    endloop
  endfacet
  facet normal 0.751844 0.659341 0
    outer loop
      vertex 3.24725 4.00408 2.4
      vertex 3.60086 3.60086 13
      vertex 3.60086 3.60086 2.4
    endloop
  endfacet
  facet normal 0.896868 0.442299 0
    outer loop
      vertex 2.9493 4.45 13
      vertex 2.71209 4.931 2.4
      vertex 2.71209 4.931 13
    endloop
  endfacet
  facet normal 0.896868 0.442299 0
    outer loop
      vertex 2.71209 4.931 2.4
      vertex 2.9493 4.45 13
      vertex 2.9493 4.45 2.4
    endloop
  endfacet
  facet normal 0.321442 0.946929 -0
    outer loop
      vertex 5.43884 2.5397 2.4
      vertex 4.931 2.71209 13
      vertex 5.43884 2.5397 13
    endloop
  endfacet
  facet normal 0.321442 0.946929 0
    outer loop
      vertex 4.931 2.71209 13
      vertex 5.43884 2.5397 2.4
      vertex 4.931 2.71209 2.4
    endloop
  endfacet
  facet normal 0.0654101 0.997858 -0
    outer loop
      vertex 6.5 2.4 2.4
      vertex 5.96484 2.43508 13
      vertex 6.5 2.4 13
    endloop
  endfacet
  facet normal 0.0654101 0.997858 0
    outer loop
      vertex 5.96484 2.43508 13
      vertex 6.5 2.4 2.4
      vertex 5.96484 2.43508 2.4
    endloop
  endfacet
  facet normal 0.659341 0.751844 -0
    outer loop
      vertex 4.00408 3.24725 2.4
      vertex 3.60086 3.60086 13
      vertex 4.00408 3.24725 13
    endloop
  endfacet
  facet normal 0.659341 0.751844 0
    outer loop
      vertex 3.60086 3.60086 13
      vertex 4.00408 3.24725 2.4
      vertex 3.60086 3.60086 2.4
    endloop
  endfacet
  facet normal -0.980795 0.19504 0
    outer loop
      vertex 56.2603 5.43884 2.4
      vertex 56.3649 5.96484 13
      vertex 56.3649 5.96484 2.4
    endloop
  endfacet
  facet normal -0.980795 0.19504 0
    outer loop
      vertex 56.3649 5.96484 13
      vertex 56.2603 5.43884 2.4
      vertex 56.2603 5.43884 13
    endloop
  endfacet
  facet normal 0.946929 0.321442 0
    outer loop
      vertex 2.71209 4.931 13
      vertex 2.5397 5.43884 2.4
      vertex 2.5397 5.43884 13
    endloop
  endfacet
  facet normal 0.946929 0.321442 0
    outer loop
      vertex 2.5397 5.43884 2.4
      vertex 2.71209 4.931 13
      vertex 2.71209 4.931 2.4
    endloop
  endfacet
  facet normal 0.997858 0.0654101 0
    outer loop
      vertex 2.43508 5.96484 13
      vertex 2.4 6.5 2.4
      vertex 2.4 6.5 13
    endloop
  endfacet
  facet normal 0.997858 0.0654101 0
    outer loop
      vertex 2.4 6.5 2.4
      vertex 2.43508 5.96484 13
      vertex 2.43508 5.96484 2.4
    endloop
  endfacet
  facet normal 0.980788 -0.195076 0
    outer loop
      vertex 2.43508 118.835 13
      vertex 2.5397 119.361 2.4
      vertex 2.5397 119.361 13
    endloop
  endfacet
  facet normal 0.980788 -0.195076 0
    outer loop
      vertex 2.5397 119.361 2.4
      vertex 2.43508 118.835 13
      vertex 2.43508 118.835 2.4
    endloop
  endfacet
  facet normal 0.32079 -0.94715 0
    outer loop
      vertex 4.931 122.088 2.4
      vertex 5.43884 122.26 13
      vertex 4.931 122.088 13
    endloop
  endfacet
  facet normal 0.32079 -0.94715 0
    outer loop
      vertex 5.43884 122.26 13
      vertex 4.931 122.088 2.4
      vertex 5.43884 122.26 2.4
    endloop
  endfacet
  facet normal 0.195758 -0.980652 0
    outer loop
      vertex 5.43884 122.26 2.4
      vertex 5.96484 122.365 13
      vertex 5.43884 122.26 13
    endloop
  endfacet
  facet normal 0.195758 -0.980652 0
    outer loop
      vertex 5.96484 122.365 13
      vertex 5.43884 122.26 2.4
      vertex 5.96484 122.365 2.4
    endloop
  endfacet
  facet normal 0.441984 -0.897023 0
    outer loop
      vertex 4.45 121.851 2.4
      vertex 4.931 122.088 13
      vertex 4.45 121.851 13
    endloop
  endfacet
  facet normal 0.441984 -0.897023 0
    outer loop
      vertex 4.931 122.088 13
      vertex 4.45 121.851 2.4
      vertex 4.931 122.088 2.4
    endloop
  endfacet
  facet normal 0.0652616 -0.997868 0
    outer loop
      vertex 5.96484 122.365 2.4
      vertex 6.5 122.4 13
      vertex 5.96484 122.365 13
    endloop
  endfacet
  facet normal 0.0652616 -0.997868 0
    outer loop
      vertex 6.5 122.4 13
      vertex 5.96484 122.365 2.4
      vertex 6.5 122.4 2.4
    endloop
  endfacet
  facet normal -0.320812 -0.947143 0
    outer loop
      vertex 53.3612 122.26 2.4
      vertex 53.869 122.088 13
      vertex 53.3612 122.26 13
    endloop
  endfacet
  facet normal -0.320812 -0.947143 -0
    outer loop
      vertex 53.869 122.088 13
      vertex 53.3612 122.26 2.4
      vertex 53.869 122.088 2.4
    endloop
  endfacet
  facet normal -0.441984 -0.897023 0
    outer loop
      vertex 53.869 122.088 2.4
      vertex 54.35 121.851 13
      vertex 53.869 122.088 13
    endloop
  endfacet
  facet normal -0.441984 -0.897023 -0
    outer loop
      vertex 54.35 121.851 13
      vertex 53.869 122.088 2.4
      vertex 54.35 121.851 2.4
    endloop
  endfacet
  facet normal 0.980788 0.195076 0
    outer loop
      vertex 2.5397 5.43884 13
      vertex 2.43508 5.96484 2.4
      vertex 2.43508 5.96484 13
    endloop
  endfacet
  facet normal 0.980788 0.195076 0
    outer loop
      vertex 2.43508 5.96484 2.4
      vertex 2.5397 5.43884 13
      vertex 2.5397 5.43884 2.4
    endloop
  endfacet
  facet normal 0.831473 0.555565 0
    outer loop
      vertex 3.24725 4.00408 13
      vertex 2.9493 4.45 2.4
      vertex 2.9493 4.45 13
    endloop
  endfacet
  facet normal 0.831473 0.555565 0
    outer loop
      vertex 2.9493 4.45 2.4
      vertex 3.24725 4.00408 13
      vertex 3.24725 4.00408 2.4
    endloop
  endfacet
  facet normal 0.195076 0.980788 -0
    outer loop
      vertex 5.96484 2.43508 2.4
      vertex 5.43884 2.5397 13
      vertex 5.96484 2.43508 13
    endloop
  endfacet
  facet normal 0.195076 0.980788 0
    outer loop
      vertex 5.43884 2.5397 13
      vertex 5.96484 2.43508 2.4
      vertex 5.43884 2.5397 2.4
    endloop
  endfacet
  facet normal 0.442299 0.896868 -0
    outer loop
      vertex 4.931 2.71209 2.4
      vertex 4.45 2.9493 13
      vertex 4.931 2.71209 13
    endloop
  endfacet
  facet normal 0.442299 0.896868 0
    outer loop
      vertex 4.45 2.9493 13
      vertex 4.931 2.71209 2.4
      vertex 4.45 2.9493 2.4
    endloop
  endfacet
  facet normal -0.997856 0.0654472 0
    outer loop
      vertex 56.3649 5.96484 2.4
      vertex 56.4 6.5 13
      vertex 56.4 6.5 2.4
    endloop
  endfacet
  facet normal -0.997856 0.0654472 0
    outer loop
      vertex 56.4 6.5 13
      vertex 56.3649 5.96484 2.4
      vertex 56.3649 5.96484 13
    endloop
  endfacet
  facet normal 0.751666 -0.659545 0
    outer loop
      vertex 3.24725 120.796 13
      vertex 3.60086 121.199 2.4
      vertex 3.60086 121.199 13
    endloop
  endfacet
  facet normal 0.751666 -0.659545 0
    outer loop
      vertex 3.60086 121.199 2.4
      vertex 3.24725 120.796 13
      vertex 3.24725 120.796 2.4
    endloop
  endfacet
  facet normal 0.555629 -0.83143 0
    outer loop
      vertex 4.00408 121.553 2.4
      vertex 4.45 121.851 13
      vertex 4.00408 121.553 13
    endloop
  endfacet
  facet normal 0.555629 -0.83143 0
    outer loop
      vertex 4.45 121.851 13
      vertex 4.00408 121.553 2.4
      vertex 4.45 121.851 2.4
    endloop
  endfacet
  facet normal -0.997855 -0.0654667 0
    outer loop
      vertex 56.4 118.3 2.4
      vertex 56.3649 118.835 13
      vertex 56.3649 118.835 2.4
    endloop
  endfacet
  facet normal -0.997855 -0.0654667 0
    outer loop
      vertex 56.3649 118.835 13
      vertex 56.4 118.3 2.4
      vertex 56.4 118.3 13
    endloop
  endfacet
  facet normal -0.0652567 -0.997869 0
    outer loop
      vertex 52.3 122.4 2.4
      vertex 52.8352 122.365 13
      vertex 52.3 122.4 13
    endloop
  endfacet
  facet normal -0.0652567 -0.997869 -0
    outer loop
      vertex 52.8352 122.365 13
      vertex 52.3 122.4 2.4
      vertex 52.8352 122.365 2.4
    endloop
  endfacet
  facet normal -0.195758 -0.980652 0
    outer loop
      vertex 52.8352 122.365 2.4
      vertex 53.3612 122.26 13
      vertex 52.8352 122.365 13
    endloop
  endfacet
  facet normal -0.195758 -0.980652 -0
    outer loop
      vertex 53.3612 122.26 13
      vertex 52.8352 122.365 2.4
      vertex 53.3612 122.26 2.4
    endloop
  endfacet
  facet normal -0.65977 -0.751467 0
    outer loop
      vertex 54.7959 121.553 2.4
      vertex 55.1991 121.199 13
      vertex 54.7959 121.553 13
    endloop
  endfacet
  facet normal -0.65977 -0.751467 -0
    outer loop
      vertex 55.1991 121.199 13
      vertex 54.7959 121.553 2.4
      vertex 55.1991 121.199 2.4
    endloop
  endfacet
  facet normal -0.946954 -0.321368 0
    outer loop
      vertex 56.2603 119.361 2.4
      vertex 56.0879 119.869 13
      vertex 56.0879 119.869 2.4
    endloop
  endfacet
  facet normal -0.946954 -0.321368 0
    outer loop
      vertex 56.0879 119.869 13
      vertex 56.2603 119.361 2.4
      vertex 56.2603 119.361 13
    endloop
  endfacet
  facet normal -0.751675 -0.659534 0
    outer loop
      vertex 55.5527 120.796 2.4
      vertex 55.1991 121.199 13
      vertex 55.1991 121.199 2.4
    endloop
  endfacet
  facet normal -0.751675 -0.659534 0
    outer loop
      vertex 55.1991 121.199 13
      vertex 55.5527 120.796 2.4
      vertex 55.5527 120.796 13
    endloop
  endfacet
  facet normal 0.555565 0.831473 -0
    outer loop
      vertex 4.45 2.9493 2.4
      vertex 4.00408 3.24725 13
      vertex 4.45 2.9493 13
    endloop
  endfacet
  facet normal 0.555565 0.831473 0
    outer loop
      vertex 4.00408 3.24725 13
      vertex 4.45 2.9493 2.4
      vertex 4.00408 3.24725 2.4
    endloop
  endfacet
  facet normal -0.0654052 0.997859 0
    outer loop
      vertex 52.8352 2.43508 2.4
      vertex 52.3 2.4 13
      vertex 52.8352 2.43508 13
    endloop
  endfacet
  facet normal -0.0654052 0.997859 0
    outer loop
      vertex 52.3 2.4 13
      vertex 52.8352 2.43508 2.4
      vertex 52.3 2.4 2.4
    endloop
  endfacet
  facet normal -0.442299 0.896868 0
    outer loop
      vertex 54.35 2.9493 2.4
      vertex 53.869 2.71209 13
      vertex 54.35 2.9493 13
    endloop
  endfacet
  facet normal -0.442299 0.896868 0
    outer loop
      vertex 53.869 2.71209 13
      vertex 54.35 2.9493 2.4
      vertex 53.869 2.71209 2.4
    endloop
  endfacet
  facet normal -0.321465 0.946922 0
    outer loop
      vertex 53.869 2.71209 2.4
      vertex 53.3612 2.5397 13
      vertex 53.869 2.71209 13
    endloop
  endfacet
  facet normal -0.321465 0.946922 0
    outer loop
      vertex 53.3612 2.5397 13
      vertex 53.869 2.71209 2.4
      vertex 53.3612 2.5397 2.4
    endloop
  endfacet
  facet normal -0.83143 0.555629 0
    outer loop
      vertex 55.5527 4.00408 2.4
      vertex 55.8507 4.45 13
      vertex 55.8507 4.45 2.4
    endloop
  endfacet
  facet normal -0.83143 0.555629 0
    outer loop
      vertex 55.8507 4.45 13
      vertex 55.5527 4.00408 2.4
      vertex 55.5527 4.00408 13
    endloop
  endfacet
  facet normal -0.555646 -0.831419 0
    outer loop
      vertex 54.35 121.851 2.4
      vertex 54.7959 121.553 13
      vertex 54.35 121.851 13
    endloop
  endfacet
  facet normal -0.555646 -0.831419 -0
    outer loop
      vertex 54.7959 121.553 13
      vertex 54.35 121.851 2.4
      vertex 54.7959 121.553 2.4
    endloop
  endfacet
  facet normal -0.831476 -0.55556 0
    outer loop
      vertex 55.8507 120.35 2.4
      vertex 55.5527 120.796 13
      vertex 55.5527 120.796 2.4
    endloop
  endfacet
  facet normal -0.831476 -0.55556 0
    outer loop
      vertex 55.5527 120.796 13
      vertex 55.8507 120.35 2.4
      vertex 55.8507 120.35 13
    endloop
  endfacet
  facet normal -0.896875 -0.442284 0
    outer loop
      vertex 56.0879 119.869 2.4
      vertex 55.8507 120.35 13
      vertex 55.8507 120.35 2.4
    endloop
  endfacet
  facet normal -0.896875 -0.442284 0
    outer loop
      vertex 55.8507 120.35 13
      vertex 56.0879 119.869 2.4
      vertex 56.0879 119.869 13
    endloop
  endfacet
  facet normal -0.195076 0.980788 0
    outer loop
      vertex 53.3612 2.5397 2.4
      vertex 52.8352 2.43508 13
      vertex 53.3612 2.5397 13
    endloop
  endfacet
  facet normal -0.195076 0.980788 0
    outer loop
      vertex 52.8352 2.43508 13
      vertex 53.3612 2.5397 2.4
      vertex 52.8352 2.43508 2.4
    endloop
  endfacet
  facet normal -0.65936 0.751828 0
    outer loop
      vertex 55.1991 3.60086 2.4
      vertex 54.7959 3.24725 13
      vertex 55.1991 3.60086 13
    endloop
  endfacet
  facet normal -0.65936 0.751828 0
    outer loop
      vertex 54.7959 3.24725 13
      vertex 55.1991 3.60086 2.4
      vertex 54.7959 3.24725 2.4
    endloop
  endfacet
  facet normal -0.555582 0.831462 0
    outer loop
      vertex 54.7959 3.24725 2.4
      vertex 54.35 2.9493 13
      vertex 54.7959 3.24725 13
    endloop
  endfacet
  facet normal -0.555582 0.831462 0
    outer loop
      vertex 54.35 2.9493 13
      vertex 54.7959 3.24725 2.4
      vertex 54.35 2.9493 2.4
    endloop
  endfacet
  facet normal -0.751853 0.659331 0
    outer loop
      vertex 55.1991 3.60086 2.4
      vertex 55.5527 4.00408 13
      vertex 55.5527 4.00408 2.4
    endloop
  endfacet
  facet normal -0.751853 0.659331 0
    outer loop
      vertex 55.5527 4.00408 13
      vertex 55.1991 3.60086 2.4
      vertex 55.1991 3.60086 13
    endloop
  endfacet
  facet normal -0.896875 0.442284 0
    outer loop
      vertex 55.8507 4.45 2.4
      vertex 56.0879 4.931 13
      vertex 56.0879 4.931 2.4
    endloop
  endfacet
  facet normal -0.896875 0.442284 0
    outer loop
      vertex 56.0879 4.931 13
      vertex 55.8507 4.45 2.4
      vertex 55.8507 4.45 13
    endloop
  endfacet
  facet normal 0.555569 0.831471 -0
    outer loop
      vertex 8.93505 9.67341 2.4
      vertex 8.5 9.9641 13
      vertex 8.93505 9.67341 13
    endloop
  endfacet
  facet normal 0.555569 0.831471 0
    outer loop
      vertex 8.5 9.9641 13
      vertex 8.93505 9.67341 2.4
      vertex 8.5 9.9641 2.4
    endloop
  endfacet
  facet normal -0.980784 0.195094 0
    outer loop
      vertex 2.53422 7.0221 2.4
      vertex 2.6363 7.53528 13
      vertex 2.6363 7.53528 2.4
    endloop
  endfacet
  facet normal -0.980784 0.195094 0
    outer loop
      vertex 2.6363 7.53528 13
      vertex 2.53422 7.0221 2.4
      vertex 2.53422 7.0221 13
    endloop
  endfacet
  facet normal 0.980776 -0.195135 0
    outer loop
      vertex 10.3637 5.46472 13
      vertex 10.4658 5.97789 2.4
      vertex 10.4658 5.97789 13
    endloop
  endfacet
  facet normal 0.980776 -0.195135 0
    outer loop
      vertex 10.4658 5.97789 2.4
      vertex 10.3637 5.46472 13
      vertex 10.3637 5.46472 2.4
    endloop
  endfacet
  facet normal -0.195098 -0.980784 0
    outer loop
      vertex 5.46472 2.6363 2.4
      vertex 5.97789 2.53422 13
      vertex 5.46472 2.6363 13
    endloop
  endfacet
  facet normal -0.195098 -0.980784 -0
    outer loop
      vertex 5.97789 2.53422 13
      vertex 5.46472 2.6363 2.4
      vertex 5.97789 2.53422 2.4
    endloop
  endfacet
  facet normal -0.44226 0.896887 0
    outer loop
      vertex 4.96927 10.1955 2.4
      vertex 4.5 9.9641 13
      vertex 4.96927 10.1955 13
    endloop
  endfacet
  facet normal -0.44226 0.896887 0
    outer loop
      vertex 4.5 9.9641 13
      vertex 4.96927 10.1955 2.4
      vertex 4.5 9.9641 2.4
    endloop
  endfacet
  facet normal -0.946932 0.321435 0
    outer loop
      vertex 2.6363 7.53528 2.4
      vertex 2.80448 8.03073 13
      vertex 2.80448 8.03073 2.4
    endloop
  endfacet
  facet normal -0.946932 0.321435 0
    outer loop
      vertex 2.80448 8.03073 13
      vertex 2.6363 7.53528 2.4
      vertex 2.6363 7.53528 13
    endloop
  endfacet
  facet normal 0.896887 0.44226 0
    outer loop
      vertex 10.1955 8.03073 13
      vertex 9.9641 8.5 2.4
      vertex 9.9641 8.5 13
    endloop
  endfacet
  facet normal 0.896887 0.44226 0
    outer loop
      vertex 9.9641 8.5 2.4
      vertex 10.1955 8.03073 13
      vertex 10.1955 8.03073 2.4
    endloop
  endfacet
  facet normal 0.831471 0.555569 0
    outer loop
      vertex 9.9641 8.5 13
      vertex 9.67341 8.93505 2.4
      vertex 9.67341 8.93505 13
    endloop
  endfacet
  facet normal 0.831471 0.555569 0
    outer loop
      vertex 9.67341 8.93505 2.4
      vertex 9.9641 8.5 13
      vertex 9.9641 8.5 2.4
    endloop
  endfacet
  facet normal 0.321469 0.94692 -0
    outer loop
      vertex 8.03073 10.1955 2.4
      vertex 7.53528 10.3637 13
      vertex 8.03073 10.1955 13
    endloop
  endfacet
  facet normal 0.321469 0.94692 0
    outer loop
      vertex 7.53528 10.3637 13
      vertex 8.03073 10.1955 2.4
      vertex 7.53528 10.3637 2.4
    endloop
  endfacet
  facet normal -0.0653634 0.997862 0
    outer loop
      vertex 6.5 10.5 2.4
      vertex 5.97789 10.4658 13
      vertex 6.5 10.5 13
    endloop
  endfacet
  facet normal -0.0653634 0.997862 0
    outer loop
      vertex 5.97789 10.4658 13
      vertex 6.5 10.5 2.4
      vertex 5.97789 10.4658 2.4
    endloop
  endfacet
  facet normal -0.831471 0.555569 0
    outer loop
      vertex 3.0359 8.5 2.4
      vertex 3.32659 8.93505 13
      vertex 3.32659 8.93505 2.4
    endloop
  endfacet
  facet normal -0.831471 0.555569 0
    outer loop
      vertex 3.32659 8.93505 13
      vertex 3.0359 8.5 2.4
      vertex 3.0359 8.5 13
    endloop
  endfacet
  facet normal -0.555569 0.831471 0
    outer loop
      vertex 4.5 9.9641 2.4
      vertex 4.06495 9.67341 13
      vertex 4.5 9.9641 13
    endloop
  endfacet
  facet normal -0.555569 0.831471 0
    outer loop
      vertex 4.06495 9.67341 13
      vertex 4.5 9.9641 2.4
      vertex 4.06495 9.67341 2.4
    endloop
  endfacet
  facet normal -0.321469 0.94692 0
    outer loop
      vertex 5.46472 10.3637 2.4
      vertex 4.96927 10.1955 13
      vertex 5.46472 10.3637 13
    endloop
  endfacet
  facet normal -0.321469 0.94692 0
    outer loop
      vertex 4.96927 10.1955 13
      vertex 5.46472 10.3637 2.4
      vertex 4.96927 10.1955 2.4
    endloop
  endfacet
  facet normal 0.997862 -0.0653634 0
    outer loop
      vertex 10.4658 5.97789 13
      vertex 10.5 6.5 2.4
      vertex 10.5 6.5 13
    endloop
  endfacet
  facet normal 0.997862 -0.0653634 0
    outer loop
      vertex 10.5 6.5 2.4
      vertex 10.4658 5.97789 13
      vertex 10.4658 5.97789 2.4
    endloop
  endfacet
  facet normal 0.442291 -0.896871 0
    outer loop
      vertex 8.03073 2.80448 2.4
      vertex 8.5 3.0359 13
      vertex 8.03073 2.80448 13
    endloop
  endfacet
  facet normal 0.442291 -0.896871 0
    outer loop
      vertex 8.5 3.0359 13
      vertex 8.03073 2.80448 2.4
      vertex 8.5 3.0359 2.4
    endloop
  endfacet
  facet normal 0.555569 -0.831471 0
    outer loop
      vertex 8.5 3.0359 2.4
      vertex 8.93505 3.32659 13
      vertex 8.5 3.0359 13
    endloop
  endfacet
  facet normal 0.555569 -0.831471 0
    outer loop
      vertex 8.93505 3.32659 13
      vertex 8.5 3.0359 2.4
      vertex 8.93505 3.32659 2.4
    endloop
  endfacet
  facet normal 0.831471 -0.555569 0
    outer loop
      vertex 9.67341 4.06495 13
      vertex 9.9641 4.5 2.4
      vertex 9.9641 4.5 13
    endloop
  endfacet
  facet normal 0.831471 -0.555569 0
    outer loop
      vertex 9.9641 4.5 2.4
      vertex 9.67341 4.06495 13
      vertex 9.67341 4.06495 2.4
    endloop
  endfacet
  facet normal -0.0654014 -0.997859 0
    outer loop
      vertex 5.97789 2.53422 2.4
      vertex 6.5 2.5 13
      vertex 5.97789 2.53422 13
    endloop
  endfacet
  facet normal -0.0654014 -0.997859 -0
    outer loop
      vertex 6.5 2.5 13
      vertex 5.97789 2.53422 2.4
      vertex 6.5 2.5 2.4
    endloop
  endfacet
  facet normal -0.555569 -0.831471 0
    outer loop
      vertex 4.06495 3.32659 2.4
      vertex 4.5 3.0359 13
      vertex 4.06495 3.32659 13
    endloop
  endfacet
  facet normal -0.555569 -0.831471 -0
    outer loop
      vertex 4.5 3.0359 13
      vertex 4.06495 3.32659 2.4
      vertex 4.5 3.0359 2.4
    endloop
  endfacet
  facet normal -0.831471 -0.555569 0
    outer loop
      vertex 3.32659 4.06495 2.4
      vertex 3.0359 4.5 13
      vertex 3.0359 4.5 2.4
    endloop
  endfacet
  facet normal -0.831471 -0.555569 0
    outer loop
      vertex 3.0359 4.5 13
      vertex 3.32659 4.06495 2.4
      vertex 3.32659 4.06495 13
    endloop
  endfacet
  facet normal 0.94692 0.321469 0
    outer loop
      vertex 10.3637 7.53528 13
      vertex 10.1955 8.03073 2.4
      vertex 10.1955 8.03073 13
    endloop
  endfacet
  facet normal 0.94692 0.321469 0
    outer loop
      vertex 10.1955 8.03073 2.4
      vertex 10.3637 7.53528 13
      vertex 10.3637 7.53528 2.4
    endloop
  endfacet
  facet normal 0.751845 0.65934 0
    outer loop
      vertex 9.67341 8.93505 13
      vertex 9.32843 9.32843 2.4
      vertex 9.32843 9.32843 13
    endloop
  endfacet
  facet normal 0.751845 0.65934 0
    outer loop
      vertex 9.32843 9.32843 2.4
      vertex 9.67341 8.93505 13
      vertex 9.67341 8.93505 2.4
    endloop
  endfacet
  facet normal 0.65934 0.751845 -0
    outer loop
      vertex 9.32843 9.32843 2.4
      vertex 8.93505 9.67341 13
      vertex 9.32843 9.32843 13
    endloop
  endfacet
  facet normal 0.65934 0.751845 0
    outer loop
      vertex 8.93505 9.67341 13
      vertex 9.32843 9.32843 2.4
      vertex 8.93505 9.67341 2.4
    endloop
  endfacet
  facet normal 0.44226 0.896887 -0
    outer loop
      vertex 8.5 9.9641 2.4
      vertex 8.03073 10.1955 13
      vertex 8.5 9.9641 13
    endloop
  endfacet
  facet normal 0.44226 0.896887 0
    outer loop
      vertex 8.03073 10.1955 13
      vertex 8.5 9.9641 2.4
      vertex 8.03073 10.1955 2.4
    endloop
  endfacet
  facet normal 0.195131 0.980777 -0
    outer loop
      vertex 7.53528 10.3637 2.4
      vertex 7.0221 10.4658 13
      vertex 7.53528 10.3637 13
    endloop
  endfacet
  facet normal 0.195131 0.980777 0
    outer loop
      vertex 7.0221 10.4658 13
      vertex 7.53528 10.3637 2.4
      vertex 7.0221 10.4658 2.4
    endloop
  endfacet
  facet normal 0.0653646 0.997861 -0
    outer loop
      vertex 7.0221 10.4658 2.4
      vertex 6.5 10.5 13
      vertex 7.0221 10.4658 13
    endloop
  endfacet
  facet normal 0.0653646 0.997861 0
    outer loop
      vertex 6.5 10.5 13
      vertex 7.0221 10.4658 2.4
      vertex 6.5 10.5 2.4
    endloop
  endfacet
  facet normal -0.997859 -0.0654014 0
    outer loop
      vertex 2.53422 5.97789 2.4
      vertex 2.5 6.5 13
      vertex 2.5 6.5 2.4
    endloop
  endfacet
  facet normal -0.997859 -0.0654014 0
    outer loop
      vertex 2.5 6.5 13
      vertex 2.53422 5.97789 2.4
      vertex 2.53422 5.97789 13
    endloop
  endfacet
  facet normal -0.896871 0.442291 0
    outer loop
      vertex 2.80448 8.03073 2.4
      vertex 3.0359 8.5 13
      vertex 3.0359 8.5 2.4
    endloop
  endfacet
  facet normal -0.896871 0.442291 0
    outer loop
      vertex 3.0359 8.5 13
      vertex 2.80448 8.03073 2.4
      vertex 2.80448 8.03073 13
    endloop
  endfacet
  facet normal -0.195135 0.980776 0
    outer loop
      vertex 5.97789 10.4658 2.4
      vertex 5.46472 10.3637 13
      vertex 5.97789 10.4658 13
    endloop
  endfacet
  facet normal -0.195135 0.980776 0
    outer loop
      vertex 5.46472 10.3637 13
      vertex 5.97789 10.4658 2.4
      vertex 5.46472 10.3637 2.4
    endloop
  endfacet
  facet normal -0.65934 0.751845 0
    outer loop
      vertex 4.06495 9.67341 2.4
      vertex 3.67157 9.32843 13
      vertex 4.06495 9.67341 13
    endloop
  endfacet
  facet normal -0.65934 0.751845 0
    outer loop
      vertex 3.67157 9.32843 13
      vertex 4.06495 9.67341 2.4
      vertex 3.67157 9.32843 2.4
    endloop
  endfacet
  facet normal -0.751845 0.65934 0
    outer loop
      vertex 3.32659 8.93505 2.4
      vertex 3.67157 9.32843 13
      vertex 3.67157 9.32843 2.4
    endloop
  endfacet
  facet normal -0.751845 0.65934 0
    outer loop
      vertex 3.67157 9.32843 13
      vertex 3.32659 8.93505 2.4
      vertex 3.32659 8.93505 13
    endloop
  endfacet
  facet normal 0.997861 0.0653646 0
    outer loop
      vertex 10.5 6.5 13
      vertex 10.4658 7.0221 2.4
      vertex 10.4658 7.0221 13
    endloop
  endfacet
  facet normal 0.997861 0.0653646 0
    outer loop
      vertex 10.4658 7.0221 2.4
      vertex 10.5 6.5 13
      vertex 10.5 6.5 2.4
    endloop
  endfacet
  facet normal 0.195094 -0.980784 0
    outer loop
      vertex 7.0221 2.53422 2.4
      vertex 7.53528 2.6363 13
      vertex 7.0221 2.53422 13
    endloop
  endfacet
  facet normal 0.195094 -0.980784 0
    outer loop
      vertex 7.53528 2.6363 13
      vertex 7.0221 2.53422 2.4
      vertex 7.53528 2.6363 2.4
    endloop
  endfacet
  facet normal 0.321435 -0.946932 0
    outer loop
      vertex 7.53528 2.6363 2.4
      vertex 8.03073 2.80448 13
      vertex 7.53528 2.6363 13
    endloop
  endfacet
  facet normal 0.321435 -0.946932 0
    outer loop
      vertex 8.03073 2.80448 13
      vertex 7.53528 2.6363 2.4
      vertex 8.03073 2.80448 2.4
    endloop
  endfacet
  facet normal 0.65934 -0.751845 0
    outer loop
      vertex 8.93505 3.32659 2.4
      vertex 9.32843 3.67157 13
      vertex 8.93505 3.32659 13
    endloop
  endfacet
  facet normal 0.65934 -0.751845 0
    outer loop
      vertex 9.32843 3.67157 13
      vertex 8.93505 3.32659 2.4
      vertex 9.32843 3.67157 2.4
    endloop
  endfacet
  facet normal 0.94692 -0.321469 0
    outer loop
      vertex 10.1955 4.96927 13
      vertex 10.3637 5.46472 2.4
      vertex 10.3637 5.46472 13
    endloop
  endfacet
  facet normal 0.94692 -0.321469 0
    outer loop
      vertex 10.3637 5.46472 2.4
      vertex 10.1955 4.96927 13
      vertex 10.1955 4.96927 2.4
    endloop
  endfacet
  facet normal 0.0654027 -0.997859 0
    outer loop
      vertex 6.5 2.5 2.4
      vertex 7.0221 2.53422 13
      vertex 6.5 2.5 13
    endloop
  endfacet
  facet normal 0.0654027 -0.997859 0
    outer loop
      vertex 7.0221 2.53422 13
      vertex 6.5 2.5 2.4
      vertex 7.0221 2.53422 2.4
    endloop
  endfacet
  facet normal -0.321435 -0.946932 0
    outer loop
      vertex 4.96927 2.80448 2.4
      vertex 5.46472 2.6363 13
      vertex 4.96927 2.80448 13
    endloop
  endfacet
  facet normal -0.321435 -0.946932 -0
    outer loop
      vertex 5.46472 2.6363 13
      vertex 4.96927 2.80448 2.4
      vertex 5.46472 2.6363 2.4
    endloop
  endfacet
  facet normal -0.896871 -0.442291 0
    outer loop
      vertex 3.0359 4.5 2.4
      vertex 2.80448 4.96927 13
      vertex 2.80448 4.96927 2.4
    endloop
  endfacet
  facet normal -0.896871 -0.442291 0
    outer loop
      vertex 2.80448 4.96927 13
      vertex 3.0359 4.5 2.4
      vertex 3.0359 4.5 13
    endloop
  endfacet
  facet normal -0.980784 -0.195098 0
    outer loop
      vertex 2.6363 5.46472 2.4
      vertex 2.53422 5.97789 13
      vertex 2.53422 5.97789 2.4
    endloop
  endfacet
  facet normal -0.980784 -0.195098 0
    outer loop
      vertex 2.53422 5.97789 13
      vertex 2.6363 5.46472 2.4
      vertex 2.6363 5.46472 13
    endloop
  endfacet
  facet normal -0.751845 -0.65934 0
    outer loop
      vertex 3.67157 3.67157 2.4
      vertex 3.32659 4.06495 13
      vertex 3.32659 4.06495 2.4
    endloop
  endfacet
  facet normal -0.751845 -0.65934 0
    outer loop
      vertex 3.32659 4.06495 13
      vertex 3.67157 3.67157 2.4
      vertex 3.67157 3.67157 13
    endloop
  endfacet
  facet normal -0.65934 -0.751845 0
    outer loop
      vertex 3.67157 3.67157 2.4
      vertex 4.06495 3.32659 13
      vertex 3.67157 3.67157 13
    endloop
  endfacet
  facet normal -0.65934 -0.751845 -0
    outer loop
      vertex 4.06495 3.32659 13
      vertex 3.67157 3.67157 2.4
      vertex 4.06495 3.32659 2.4
    endloop
  endfacet
  facet normal 0.980777 0.195131 0
    outer loop
      vertex 10.4658 7.0221 13
      vertex 10.3637 7.53528 2.4
      vertex 10.3637 7.53528 13
    endloop
  endfacet
  facet normal 0.980777 0.195131 0
    outer loop
      vertex 10.3637 7.53528 2.4
      vertex 10.4658 7.0221 13
      vertex 10.4658 7.0221 2.4
    endloop
  endfacet
  facet normal 0 0 1
    outer loop
      vertex 8.1 6.5 13
      vertex 10.5 6.5 13
      vertex 10.4658 7.0221 13
    endloop
  endfacet
  facet normal 0 0 1
    outer loop
      vertex 8.08631 6.70884 13
      vertex 10.4658 7.0221 13
      vertex 10.3637 7.53528 13
    endloop
  endfacet
  facet normal 0 0 1
    outer loop
      vertex 10.5 6.5 13
      vertex 8.1 6.5 13
      vertex 10.4658 5.97789 13
    endloop
  endfacet
  facet normal 0 0 1
    outer loop
      vertex 8.04548 6.91411 13
      vertex 10.3637 7.53528 13
      vertex 10.1955 8.03073 13
    endloop
  endfacet
  facet normal -0 0 1
    outer loop
      vertex 8.08631 6.29116 13
      vertex 10.4658 5.97789 13
      vertex 8.1 6.5 13
    endloop
  endfacet
  facet normal 0 0 1
    outer loop
      vertex 7.97821 7.11229 13
      vertex 10.1955 8.03073 13
      vertex 9.9641 8.5 13
    endloop
  endfacet
  facet normal 0 0 1
    outer loop
      vertex 10.4658 5.97789 13
      vertex 8.08631 6.29116 13
      vertex 10.3637 5.46472 13
    endloop
  endfacet
  facet normal 0 0 1
    outer loop
      vertex 7.88564 7.3 13
      vertex 9.9641 8.5 13
      vertex 9.67341 8.93505 13
    endloop
  endfacet
  facet normal -0 0 1
    outer loop
      vertex 8.04548 6.08589 13
      vertex 10.3637 5.46472 13
      vertex 8.08631 6.29116 13
    endloop
  endfacet
  facet normal 0 0 1
    outer loop
      vertex 7.76937 7.47402 13
      vertex 9.67341 8.93505 13
      vertex 9.32843 9.32843 13
    endloop
  endfacet
  facet normal 0 0 1
    outer loop
      vertex 10.3637 5.46472 13
      vertex 8.04548 6.08589 13
      vertex 10.1955 4.96927 13
    endloop
  endfacet
  facet normal 0 0 1
    outer loop
      vertex 7.63137 7.63137 13
      vertex 9.32843 9.32843 13
      vertex 8.93505 9.67341 13
    endloop
  endfacet
  facet normal -0 0 1
    outer loop
      vertex 7.97821 5.88771 13
      vertex 10.1955 4.96927 13
      vertex 8.04548 6.08589 13
    endloop
  endfacet
  facet normal 0 0 1
    outer loop
      vertex 7.47402 7.76937 13
      vertex 8.93505 9.67341 13
      vertex 8.5 9.9641 13
    endloop
  endfacet
  facet normal 0 0 1
    outer loop
      vertex 10.1955 4.96927 13
      vertex 7.97821 5.88771 13
      vertex 9.9641 4.5 13
    endloop
  endfacet
  facet normal -0 0 1
    outer loop
      vertex 7.88564 5.7 13
      vertex 9.9641 4.5 13
      vertex 7.97821 5.88771 13
    endloop
  endfacet
  facet normal 0 0 1
    outer loop
      vertex 10.4658 7.0221 13
      vertex 8.08631 6.70884 13
      vertex 8.1 6.5 13
    endloop
  endfacet
  facet normal 0 0 1
    outer loop
      vertex 10.3637 7.53528 13
      vertex 8.04548 6.91411 13
      vertex 8.08631 6.70884 13
    endloop
  endfacet
  facet normal 0 0 1
    outer loop
      vertex 7.3 7.88564 13
      vertex 8.5 9.9641 13
      vertex 8.03073 10.1955 13
    endloop
  endfacet
  facet normal 0 0 1
    outer loop
      vertex 10.1955 8.03073 13
      vertex 7.97821 7.11229 13
      vertex 8.04548 6.91411 13
    endloop
  endfacet
  facet normal 0 0 1
    outer loop
      vertex 9.9641 8.5 13
      vertex 7.88564 7.3 13
      vertex 7.97821 7.11229 13
    endloop
  endfacet
  facet normal 0 0 1
    outer loop
      vertex 9.67341 8.93505 13
      vertex 7.76937 7.47402 13
      vertex 7.88564 7.3 13
    endloop
  endfacet
  facet normal 0 0 1
    outer loop
      vertex 9.32843 9.32843 13
      vertex 7.63137 7.63137 13
      vertex 7.76937 7.47402 13
    endloop
  endfacet
  facet normal 0 0 1
    outer loop
      vertex 7.11229 7.97821 13
      vertex 8.03073 10.1955 13
      vertex 7.53528 10.3637 13
    endloop
  endfacet
  facet normal 0 0 1
    outer loop
      vertex 8.93505 9.67341 13
      vertex 7.47402 7.76937 13
      vertex 7.63137 7.63137 13
    endloop
  endfacet
  facet normal 0 0 1
    outer loop
      vertex 8.5 9.9641 13
      vertex 7.3 7.88564 13
      vertex 7.47402 7.76937 13
    endloop
  endfacet
  facet normal 0 0 1
    outer loop
      vertex 8.03073 10.1955 13
      vertex 7.11229 7.97821 13
      vertex 7.3 7.88564 13
    endloop
  endfacet
  facet normal 0 0 1
    outer loop
      vertex 6.91411 8.04548 13
      vertex 7.53528 10.3637 13
      vertex 7.0221 10.4658 13
    endloop
  endfacet
  facet normal 0 0 1
    outer loop
      vertex 7.53528 10.3637 13
      vertex 6.91411 8.04548 13
      vertex 7.11229 7.97821 13
    endloop
  endfacet
  facet normal 0 0 1
    outer loop
      vertex 7.0221 10.4658 13
      vertex 6.70884 8.08631 13
      vertex 6.91411 8.04548 13
    endloop
  endfacet
  facet normal 0 0 1
    outer loop
      vertex 6.5 10.5 13
      vertex 6.70884 8.08631 13
      vertex 7.0221 10.4658 13
    endloop
  endfacet
  facet normal 0 0 1
    outer loop
      vertex 6.5 10.5 13
      vertex 6.5 8.1 13
      vertex 6.70884 8.08631 13
    endloop
  endfacet
  facet normal 0 0 1
    outer loop
      vertex 6.5 10.5 13
      vertex 6.29116 8.08631 13
      vertex 6.5 8.1 13
    endloop
  endfacet
  facet normal -0 0 1
    outer loop
      vertex 5.97789 10.4658 13
      vertex 6.29116 8.08631 13
      vertex 6.5 10.5 13
    endloop
  endfacet
  facet normal 0 0 1
    outer loop
      vertex 6.29116 8.08631 13
      vertex 5.97789 10.4658 13
      vertex 6.08589 8.04548 13
    endloop
  endfacet
  facet normal -0 0 1
    outer loop
      vertex 5.46472 10.3637 13
      vertex 6.08589 8.04548 13
      vertex 5.97789 10.4658 13
    endloop
  endfacet
  facet normal 0 0 1
    outer loop
      vertex 6.08589 8.04548 13
      vertex 5.46472 10.3637 13
      vertex 5.88771 7.97821 13
    endloop
  endfacet
  facet normal -0 0 1
    outer loop
      vertex 4.96927 10.1955 13
      vertex 5.88771 7.97821 13
      vertex 5.46472 10.3637 13
    endloop
  endfacet
  facet normal 0 0 1
    outer loop
      vertex 5.88771 7.97821 13
      vertex 4.96927 10.1955 13
      vertex 5.7 7.88564 13
    endloop
  endfacet
  facet normal -0 0 1
    outer loop
      vertex 4.5 9.9641 13
      vertex 5.7 7.88564 13
      vertex 4.96927 10.1955 13
    endloop
  endfacet
  facet normal 0 0 1
    outer loop
      vertex 5.7 7.88564 13
      vertex 4.5 9.9641 13
      vertex 5.52598 7.76937 13
    endloop
  endfacet
  facet normal -0 0 1
    outer loop
      vertex 4.06495 9.67341 13
      vertex 5.52598 7.76937 13
      vertex 4.5 9.9641 13
    endloop
  endfacet
  facet normal 0 0 1
    outer loop
      vertex 5.52598 7.76937 13
      vertex 4.06495 9.67341 13
      vertex 5.36863 7.63137 13
    endloop
  endfacet
  facet normal -0 0 1
    outer loop
      vertex 3.67157 9.32843 13
      vertex 5.36863 7.63137 13
      vertex 4.06495 9.67341 13
    endloop
  endfacet
  facet normal 0 0 1
    outer loop
      vertex 5.36863 7.63137 13
      vertex 3.67157 9.32843 13
      vertex 5.23063 7.47402 13
    endloop
  endfacet
  facet normal -0 0 1
    outer loop
      vertex 3.32659 8.93505 13
      vertex 5.23063 7.47402 13
      vertex 3.67157 9.32843 13
    endloop
  endfacet
  facet normal 0 0 1
    outer loop
      vertex 5.23063 7.47402 13
      vertex 3.32659 8.93505 13
      vertex 5.11436 7.3 13
    endloop
  endfacet
  facet normal -0 0 1
    outer loop
      vertex 3.0359 8.5 13
      vertex 5.11436 7.3 13
      vertex 3.32659 8.93505 13
    endloop
  endfacet
  facet normal 0 0 1
    outer loop
      vertex 9.9641 4.5 13
      vertex 7.88564 5.7 13
      vertex 9.67341 4.06495 13
    endloop
  endfacet
  facet normal -0 0 1
    outer loop
      vertex 7.76937 5.52598 13
      vertex 9.67341 4.06495 13
      vertex 7.88564 5.7 13
    endloop
  endfacet
  facet normal 0 0 1
    outer loop
      vertex 9.67341 4.06495 13
      vertex 7.76937 5.52598 13
      vertex 9.32843 3.67157 13
    endloop
  endfacet
  facet normal -0 0 1
    outer loop
      vertex 7.63137 5.36863 13
      vertex 9.32843 3.67157 13
      vertex 7.76937 5.52598 13
    endloop
  endfacet
  facet normal 0 0 1
    outer loop
      vertex 9.32843 3.67157 13
      vertex 7.63137 5.36863 13
      vertex 8.93505 3.32659 13
    endloop
  endfacet
  facet normal -0 0 1
    outer loop
      vertex 7.47402 5.23063 13
      vertex 8.93505 3.32659 13
      vertex 7.63137 5.36863 13
    endloop
  endfacet
  facet normal 0 0 1
    outer loop
      vertex 8.93505 3.32659 13
      vertex 7.47402 5.23063 13
      vertex 8.5 3.0359 13
    endloop
  endfacet
  facet normal -0 0 1
    outer loop
      vertex 7.3 5.11436 13
      vertex 8.5 3.0359 13
      vertex 7.47402 5.23063 13
    endloop
  endfacet
  facet normal 0 0 1
    outer loop
      vertex 8.5 3.0359 13
      vertex 7.3 5.11436 13
      vertex 8.03073 2.80448 13
    endloop
  endfacet
  facet normal -0 0 1
    outer loop
      vertex 7.11229 5.02179 13
      vertex 8.03073 2.80448 13
      vertex 7.3 5.11436 13
    endloop
  endfacet
  facet normal 0 0 1
    outer loop
      vertex 8.03073 2.80448 13
      vertex 7.11229 5.02179 13
      vertex 7.53528 2.6363 13
    endloop
  endfacet
  facet normal -0 0 1
    outer loop
      vertex 6.91411 4.95452 13
      vertex 7.53528 2.6363 13
      vertex 7.11229 5.02179 13
    endloop
  endfacet
  facet normal 0 0 1
    outer loop
      vertex 7.53528 2.6363 13
      vertex 6.91411 4.95452 13
      vertex 7.0221 2.53422 13
    endloop
  endfacet
  facet normal -0 0 1
    outer loop
      vertex 6.70884 4.91369 13
      vertex 7.0221 2.53422 13
      vertex 6.91411 4.95452 13
    endloop
  endfacet
  facet normal -0 0 1
    outer loop
      vertex 6.5 4.9 13
      vertex 7.0221 2.53422 13
      vertex 6.70884 4.91369 13
    endloop
  endfacet
  facet normal 0 0 1
    outer loop
      vertex 6.5 4.9 13
      vertex 6.5 2.5 13
      vertex 7.0221 2.53422 13
    endloop
  endfacet
  facet normal 0 0 1
    outer loop
      vertex 6.29116 4.91369 13
      vertex 6.5 2.5 13
      vertex 6.5 4.9 13
    endloop
  endfacet
  facet normal 0 0 1
    outer loop
      vertex 5.97789 2.53422 13
      vertex 6.29116 4.91369 13
      vertex 6.08589 4.95452 13
    endloop
  endfacet
  facet normal 0 0 1
    outer loop
      vertex 6.29116 4.91369 13
      vertex 5.97789 2.53422 13
      vertex 6.5 2.5 13
    endloop
  endfacet
  facet normal 0 0 1
    outer loop
      vertex 5.46472 2.6363 13
      vertex 6.08589 4.95452 13
      vertex 5.88771 5.02179 13
    endloop
  endfacet
  facet normal 0 0 1
    outer loop
      vertex 4.96927 2.80448 13
      vertex 5.88771 5.02179 13
      vertex 5.7 5.11436 13
    endloop
  endfacet
  facet normal 0 0 1
    outer loop
      vertex 4.5 3.0359 13
      vertex 5.7 5.11436 13
      vertex 5.52598 5.23063 13
    endloop
  endfacet
  facet normal 0 0 1
    outer loop
      vertex 6.08589 4.95452 13
      vertex 5.46472 2.6363 13
      vertex 5.97789 2.53422 13
    endloop
  endfacet
  facet normal 0 0 1
    outer loop
      vertex 4.06495 3.32659 13
      vertex 5.52598 5.23063 13
      vertex 5.36863 5.36863 13
    endloop
  endfacet
  facet normal 0 0 1
    outer loop
      vertex 3.67157 3.67157 13
      vertex 5.36863 5.36863 13
      vertex 5.23063 5.52598 13
    endloop
  endfacet
  facet normal 0 0 1
    outer loop
      vertex 3.32659 4.06495 13
      vertex 5.23063 5.52598 13
      vertex 5.11436 5.7 13
    endloop
  endfacet
  facet normal 0 0 1
    outer loop
      vertex 3.0359 4.5 13
      vertex 5.11436 5.7 13
      vertex 5.02179 5.88771 13
    endloop
  endfacet
  facet normal 0 0 1
    outer loop
      vertex 5.88771 5.02179 13
      vertex 4.96927 2.80448 13
      vertex 5.46472 2.6363 13
    endloop
  endfacet
  facet normal 0 0 1
    outer loop
      vertex 2.80448 4.96927 13
      vertex 5.02179 5.88771 13
      vertex 4.95452 6.08589 13
    endloop
  endfacet
  facet normal 0 0 1
    outer loop
      vertex 2.6363 5.46472 13
      vertex 4.95452 6.08589 13
      vertex 4.91369 6.29116 13
    endloop
  endfacet
  facet normal 0 0 1
    outer loop
      vertex 2.53422 5.97789 13
      vertex 4.91369 6.29116 13
      vertex 4.9 6.5 13
    endloop
  endfacet
  facet normal 0 0 1
    outer loop
      vertex 5.11436 7.3 13
      vertex 3.0359 8.5 13
      vertex 5.02179 7.11229 13
    endloop
  endfacet
  facet normal 0 0 1
    outer loop
      vertex 5.7 5.11436 13
      vertex 4.5 3.0359 13
      vertex 4.96927 2.80448 13
    endloop
  endfacet
  facet normal -0 0 1
    outer loop
      vertex 2.80448 8.03073 13
      vertex 5.02179 7.11229 13
      vertex 3.0359 8.5 13
    endloop
  endfacet
  facet normal 0 0 1
    outer loop
      vertex 5.52598 5.23063 13
      vertex 4.06495 3.32659 13
      vertex 4.5 3.0359 13
    endloop
  endfacet
  facet normal 0 0 1
    outer loop
      vertex 5.02179 7.11229 13
      vertex 2.80448 8.03073 13
      vertex 4.95452 6.91411 13
    endloop
  endfacet
  facet normal 0 0 1
    outer loop
      vertex 5.36863 5.36863 13
      vertex 3.67157 3.67157 13
      vertex 4.06495 3.32659 13
    endloop
  endfacet
  facet normal -0 0 1
    outer loop
      vertex 2.6363 7.53528 13
      vertex 4.95452 6.91411 13
      vertex 2.80448 8.03073 13
    endloop
  endfacet
  facet normal 0 0 1
    outer loop
      vertex 5.23063 5.52598 13
      vertex 3.32659 4.06495 13
      vertex 3.67157 3.67157 13
    endloop
  endfacet
  facet normal 0 0 1
    outer loop
      vertex 4.95452 6.91411 13
      vertex 2.6363 7.53528 13
      vertex 4.91369 6.70884 13
    endloop
  endfacet
  facet normal 0 0 1
    outer loop
      vertex 5.11436 5.7 13
      vertex 3.0359 4.5 13
      vertex 3.32659 4.06495 13
    endloop
  endfacet
  facet normal -0 0 1
    outer loop
      vertex 2.53422 7.0221 13
      vertex 4.91369 6.70884 13
      vertex 2.6363 7.53528 13
    endloop
  endfacet
  facet normal 0 0 1
    outer loop
      vertex 5.02179 5.88771 13
      vertex 2.80448 4.96927 13
      vertex 3.0359 4.5 13
    endloop
  endfacet
  facet normal 0 0 1
    outer loop
      vertex 4.91369 6.70884 13
      vertex 2.53422 7.0221 13
      vertex 4.9 6.5 13
    endloop
  endfacet
  facet normal 0 0 1
    outer loop
      vertex 4.95452 6.08589 13
      vertex 2.6363 5.46472 13
      vertex 2.80448 4.96927 13
    endloop
  endfacet
  facet normal 0 0 1
    outer loop
      vertex 2.5 6.5 13
      vertex 4.9 6.5 13
      vertex 2.53422 7.0221 13
    endloop
  endfacet
  facet normal 0 0 1
    outer loop
      vertex 4.91369 6.29116 13
      vertex 2.53422 5.97789 13
      vertex 2.6363 5.46472 13
    endloop
  endfacet
  facet normal 0 0 1
    outer loop
      vertex 4.9 6.5 13
      vertex 2.5 6.5 13
      vertex 2.53422 5.97789 13
    endloop
  endfacet
  facet normal -0.997859 0.0654027 0
    outer loop
      vertex 2.5 6.5 2.4
      vertex 2.53422 7.0221 13
      vertex 2.53422 7.0221 2.4
    endloop
  endfacet
  facet normal -0.997859 0.0654027 0
    outer loop
      vertex 2.53422 7.0221 13
      vertex 2.5 6.5 2.4
      vertex 2.5 6.5 13
    endloop
  endfacet
  facet normal 0.751845 -0.65934 0
    outer loop
      vertex 9.32843 3.67157 13
      vertex 9.67341 4.06495 2.4
      vertex 9.67341 4.06495 13
    endloop
  endfacet
  facet normal 0.751845 -0.65934 0
    outer loop
      vertex 9.67341 4.06495 2.4
      vertex 9.32843 3.67157 13
      vertex 9.32843 3.67157 2.4
    endloop
  endfacet
  facet normal 0.896887 -0.44226 0
    outer loop
      vertex 9.9641 4.5 13
      vertex 10.1955 4.96927 2.4
      vertex 10.1955 4.96927 13
    endloop
  endfacet
  facet normal 0.896887 -0.44226 0
    outer loop
      vertex 10.1955 4.96927 2.4
      vertex 9.9641 4.5 13
      vertex 9.9641 4.5 2.4
    endloop
  endfacet
  facet normal -0.442291 -0.896871 0
    outer loop
      vertex 4.5 3.0359 2.4
      vertex 4.96927 2.80448 13
      vertex 4.5 3.0359 13
    endloop
  endfacet
  facet normal -0.442291 -0.896871 -0
    outer loop
      vertex 4.96927 2.80448 13
      vertex 4.5 3.0359 2.4
      vertex 4.96927 2.80448 2.4
    endloop
  endfacet
  facet normal -0.946932 -0.321435 0
    outer loop
      vertex 2.80448 4.96927 2.4
      vertex 2.6363 5.46472 13
      vertex 2.6363 5.46472 2.4
    endloop
  endfacet
  facet normal -0.946932 -0.321435 0
    outer loop
      vertex 2.6363 5.46472 13
      vertex 2.80448 4.96927 2.4
      vertex 2.80448 4.96927 13
    endloop
  endfacet
  facet normal 0.997861 0.0653646 0
    outer loop
      vertex 56.3 6.5 13
      vertex 56.2658 7.0221 2.4
      vertex 56.2658 7.0221 13
    endloop
  endfacet
  facet normal 0.997861 0.0653646 0
    outer loop
      vertex 56.2658 7.0221 2.4
      vertex 56.3 6.5 13
      vertex 56.3 6.5 2.4
    endloop
  endfacet
  facet normal -0.0653646 0.997861 0
    outer loop
      vertex 52.3 10.5 2.4
      vertex 51.7779 10.4658 13
      vertex 52.3 10.5 13
    endloop
  endfacet
  facet normal -0.0653646 0.997861 0
    outer loop
      vertex 51.7779 10.4658 13
      vertex 52.3 10.5 2.4
      vertex 51.7779 10.4658 2.4
    endloop
  endfacet
  facet normal 0.659321 0.751861 -0
    outer loop
      vertex 55.1284 9.32843 2.4
      vertex 54.735 9.67341 13
      vertex 55.1284 9.32843 13
    endloop
  endfacet
  facet normal 0.659321 0.751861 0
    outer loop
      vertex 54.735 9.67341 13
      vertex 55.1284 9.32843 2.4
      vertex 54.735 9.67341 2.4
    endloop
  endfacet
  facet normal -0.751826 0.659362 0
    outer loop
      vertex 49.1266 8.93505 2.4
      vertex 49.4716 9.32843 13
      vertex 49.4716 9.32843 2.4
    endloop
  endfacet
  facet normal -0.751826 0.659362 0
    outer loop
      vertex 49.4716 9.32843 13
      vertex 49.1266 8.93505 2.4
      vertex 49.1266 8.93505 13
    endloop
  endfacet
  facet normal -0.442238 0.896898 0
    outer loop
      vertex 50.7693 10.1955 2.4
      vertex 50.3 9.9641 13
      vertex 50.7693 10.1955 13
    endloop
  endfacet
  facet normal -0.442238 0.896898 0
    outer loop
      vertex 50.3 9.9641 13
      vertex 50.7693 10.1955 2.4
      vertex 50.3 9.9641 2.4
    endloop
  endfacet
  facet normal -0.751826 -0.659362 0
    outer loop
      vertex 49.4716 3.67157 2.4
      vertex 49.1266 4.06495 13
      vertex 49.1266 4.06495 2.4
    endloop
  endfacet
  facet normal -0.751826 -0.659362 0
    outer loop
      vertex 49.1266 4.06495 13
      vertex 49.4716 3.67157 2.4
      vertex 49.4716 3.67157 13
    endloop
  endfacet
  facet normal 0.94692 0.321469 0
    outer loop
      vertex 56.1637 7.53528 13
      vertex 55.9955 8.03073 2.4
      vertex 55.9955 8.03073 13
    endloop
  endfacet
  facet normal 0.94692 0.321469 0
    outer loop
      vertex 55.9955 8.03073 2.4
      vertex 56.1637 7.53528 13
      vertex 56.1637 7.53528 2.4
    endloop
  endfacet
  facet normal 0.980777 0.195131 0
    outer loop
      vertex 56.2658 7.0221 13
      vertex 56.1637 7.53528 2.4
      vertex 56.1637 7.53528 13
    endloop
  endfacet
  facet normal 0.980777 0.195131 0
    outer loop
      vertex 56.1637 7.53528 2.4
      vertex 56.2658 7.0221 13
      vertex 56.2658 7.0221 2.4
    endloop
  endfacet
  facet normal 0.831462 0.555582 0
    outer loop
      vertex 55.7641 8.5 13
      vertex 55.4734 8.93505 2.4
      vertex 55.4734 8.93505 13
    endloop
  endfacet
  facet normal 0.831462 0.555582 0
    outer loop
      vertex 55.4734 8.93505 2.4
      vertex 55.7641 8.5 13
      vertex 55.7641 8.5 2.4
    endloop
  endfacet
  facet normal 0.321498 0.94691 -0
    outer loop
      vertex 53.8307 10.1955 2.4
      vertex 53.3353 10.3637 13
      vertex 53.8307 10.1955 13
    endloop
  endfacet
  facet normal 0.321498 0.94691 0
    outer loop
      vertex 53.3353 10.3637 13
      vertex 53.8307 10.1955 2.4
      vertex 53.3353 10.3637 2.4
    endloop
  endfacet
  facet normal 0.195124 0.980779 -0
    outer loop
      vertex 53.3353 10.3637 2.4
      vertex 52.8221 10.4658 13
      vertex 53.3353 10.3637 13
    endloop
  endfacet
  facet normal 0.195124 0.980779 0
    outer loop
      vertex 52.8221 10.4658 13
      vertex 53.3353 10.3637 2.4
      vertex 52.8221 10.4658 2.4
    endloop
  endfacet
  facet normal 0.555613 0.831441 -0
    outer loop
      vertex 54.735 9.67341 2.4
      vertex 54.3 9.9641 13
      vertex 54.735 9.67341 13
    endloop
  endfacet
  facet normal 0.555613 0.831441 0
    outer loop
      vertex 54.3 9.9641 13
      vertex 54.735 9.67341 2.4
      vertex 54.3 9.9641 2.4
    endloop
  endfacet
  facet normal -0.896887 0.44226 0
    outer loop
      vertex 48.6045 8.03073 2.4
      vertex 48.8359 8.5 13
      vertex 48.8359 8.5 2.4
    endloop
  endfacet
  facet normal -0.896887 0.44226 0
    outer loop
      vertex 48.8359 8.5 13
      vertex 48.6045 8.03073 2.4
      vertex 48.6045 8.03073 13
    endloop
  endfacet
  facet normal -0.831462 0.555582 0
    outer loop
      vertex 48.8359 8.5 2.4
      vertex 49.1266 8.93505 13
      vertex 49.1266 8.93505 2.4
    endloop
  endfacet
  facet normal -0.831462 0.555582 0
    outer loop
      vertex 49.1266 8.93505 13
      vertex 48.8359 8.5 2.4
      vertex 48.8359 8.5 13
    endloop
  endfacet
  facet normal -0.997861 0.0653646 0
    outer loop
      vertex 48.3 6.5 2.4
      vertex 48.3342 7.0221 13
      vertex 48.3342 7.0221 2.4
    endloop
  endfacet
  facet normal -0.997861 0.0653646 0
    outer loop
      vertex 48.3342 7.0221 13
      vertex 48.3 6.5 2.4
      vertex 48.3 6.5 13
    endloop
  endfacet
  facet normal -0.555613 0.831441 0
    outer loop
      vertex 50.3 9.9641 2.4
      vertex 49.865 9.67341 13
      vertex 50.3 9.9641 13
    endloop
  endfacet
  facet normal -0.555613 0.831441 0
    outer loop
      vertex 49.865 9.67341 13
      vertex 50.3 9.9641 2.4
      vertex 49.865 9.67341 2.4
    endloop
  endfacet
  facet normal -0.195124 0.980779 0
    outer loop
      vertex 51.7779 10.4658 2.4
      vertex 51.2647 10.3637 13
      vertex 51.7779 10.4658 13
    endloop
  endfacet
  facet normal -0.195124 0.980779 0
    outer loop
      vertex 51.2647 10.3637 13
      vertex 51.7779 10.4658 2.4
      vertex 51.2647 10.3637 2.4
    endloop
  endfacet
  facet normal 0.997862 -0.0653634 0
    outer loop
      vertex 56.2658 5.97789 13
      vertex 56.3 6.5 2.4
      vertex 56.3 6.5 13
    endloop
  endfacet
  facet normal 0.997862 -0.0653634 0
    outer loop
      vertex 56.3 6.5 2.4
      vertex 56.2658 5.97789 13
      vertex 56.2658 5.97789 2.4
    endloop
  endfacet
  facet normal 0.751826 -0.659362 0
    outer loop
      vertex 55.1284 3.67157 13
      vertex 55.4734 4.06495 2.4
      vertex 55.4734 4.06495 13
    endloop
  endfacet
  facet normal 0.751826 -0.659362 0
    outer loop
      vertex 55.4734 4.06495 2.4
      vertex 55.1284 3.67157 13
      vertex 55.1284 3.67157 2.4
    endloop
  endfacet
  facet normal 0.555613 -0.831441 0
    outer loop
      vertex 54.3 3.0359 2.4
      vertex 54.735 3.32659 13
      vertex 54.3 3.0359 13
    endloop
  endfacet
  facet normal 0.555613 -0.831441 0
    outer loop
      vertex 54.735 3.32659 13
      vertex 54.3 3.0359 2.4
      vertex 54.735 3.32659 2.4
    endloop
  endfacet
  facet normal 0.980776 -0.195135 0
    outer loop
      vertex 56.1637 5.46472 13
      vertex 56.2658 5.97789 2.4
      vertex 56.2658 5.97789 13
    endloop
  endfacet
  facet normal 0.980776 -0.195135 0
    outer loop
      vertex 56.2658 5.97789 2.4
      vertex 56.1637 5.46472 13
      vertex 56.1637 5.46472 2.4
    endloop
  endfacet
  facet normal -0.195087 -0.980786 0
    outer loop
      vertex 51.2647 2.6363 2.4
      vertex 51.7779 2.53422 13
      vertex 51.2647 2.6363 13
    endloop
  endfacet
  facet normal -0.195087 -0.980786 -0
    outer loop
      vertex 51.7779 2.53422 13
      vertex 51.2647 2.6363 2.4
      vertex 51.7779 2.53422 2.4
    endloop
  endfacet
  facet normal -0.321464 -0.946922 0
    outer loop
      vertex 50.7693 2.80448 2.4
      vertex 51.2647 2.6363 13
      vertex 50.7693 2.80448 13
    endloop
  endfacet
  facet normal -0.321464 -0.946922 -0
    outer loop
      vertex 51.2647 2.6363 13
      vertex 50.7693 2.80448 2.4
      vertex 51.2647 2.6363 2.4
    endloop
  endfacet
  facet normal -0.980776 -0.195135 0
    outer loop
      vertex 48.4363 5.46472 2.4
      vertex 48.3342 5.97789 13
      vertex 48.3342 5.97789 2.4
    endloop
  endfacet
  facet normal -0.980776 -0.195135 0
    outer loop
      vertex 48.3342 5.97789 13
      vertex 48.4363 5.46472 2.4
      vertex 48.4363 5.46472 13
    endloop
  endfacet
  facet normal -0.831462 -0.555582 0
    outer loop
      vertex 49.1266 4.06495 2.4
      vertex 48.8359 4.5 13
      vertex 48.8359 4.5 2.4
    endloop
  endfacet
  facet normal -0.831462 -0.555582 0
    outer loop
      vertex 48.8359 4.5 13
      vertex 49.1266 4.06495 2.4
      vertex 49.1266 4.06495 13
    endloop
  endfacet
  facet normal 0.896887 0.44226 0
    outer loop
      vertex 55.9955 8.03073 13
      vertex 55.7641 8.5 2.4
      vertex 55.7641 8.5 13
    endloop
  endfacet
  facet normal 0.896887 0.44226 0
    outer loop
      vertex 55.7641 8.5 2.4
      vertex 55.9955 8.03073 13
      vertex 55.9955 8.03073 2.4
    endloop
  endfacet
  facet normal 0.442238 0.896898 -0
    outer loop
      vertex 54.3 9.9641 2.4
      vertex 53.8307 10.1955 13
      vertex 54.3 9.9641 13
    endloop
  endfacet
  facet normal 0.442238 0.896898 0
    outer loop
      vertex 53.8307 10.1955 13
      vertex 54.3 9.9641 2.4
      vertex 53.8307 10.1955 2.4
    endloop
  endfacet
  facet normal -0.94692 0.321469 0
    outer loop
      vertex 48.4363 7.53528 2.4
      vertex 48.6045 8.03073 13
      vertex 48.6045 8.03073 2.4
    endloop
  endfacet
  facet normal -0.94692 0.321469 0
    outer loop
      vertex 48.6045 8.03073 13
      vertex 48.4363 7.53528 2.4
      vertex 48.4363 7.53528 13
    endloop
  endfacet
  facet normal -0.997862 -0.0653634 0
    outer loop
      vertex 48.3342 5.97789 2.4
      vertex 48.3 6.5 13
      vertex 48.3 6.5 2.4
    endloop
  endfacet
  facet normal -0.997862 -0.0653634 0
    outer loop
      vertex 48.3 6.5 13
      vertex 48.3342 5.97789 2.4
      vertex 48.3342 5.97789 13
    endloop
  endfacet
  facet normal -0.980777 0.195131 0
    outer loop
      vertex 48.3342 7.0221 2.4
      vertex 48.4363 7.53528 13
      vertex 48.4363 7.53528 2.4
    endloop
  endfacet
  facet normal -0.980777 0.195131 0
    outer loop
      vertex 48.4363 7.53528 13
      vertex 48.3342 7.0221 2.4
      vertex 48.3342 7.0221 13
    endloop
  endfacet
  facet normal -0.659321 0.751861 0
    outer loop
      vertex 49.865 9.67341 2.4
      vertex 49.4716 9.32843 13
      vertex 49.865 9.67341 13
    endloop
  endfacet
  facet normal -0.659321 0.751861 0
    outer loop
      vertex 49.4716 9.32843 13
      vertex 49.865 9.67341 2.4
      vertex 49.4716 9.32843 2.4
    endloop
  endfacet
  facet normal -0.321498 0.94691 0
    outer loop
      vertex 51.2647 10.3637 2.4
      vertex 50.7693 10.1955 13
      vertex 51.2647 10.3637 13
    endloop
  endfacet
  facet normal -0.321498 0.94691 0
    outer loop
      vertex 50.7693 10.1955 13
      vertex 51.2647 10.3637 2.4
      vertex 50.7693 10.1955 2.4
    endloop
  endfacet
  facet normal 0.442268 -0.896883 0
    outer loop
      vertex 53.8307 2.80448 2.4
      vertex 54.3 3.0359 13
      vertex 53.8307 2.80448 13
    endloop
  endfacet
  facet normal 0.442268 -0.896883 0
    outer loop
      vertex 54.3 3.0359 13
      vertex 53.8307 2.80448 2.4
      vertex 54.3 3.0359 2.4
    endloop
  endfacet
  facet normal 0.195087 -0.980786 0
    outer loop
      vertex 52.8221 2.53422 2.4
      vertex 53.3353 2.6363 13
      vertex 52.8221 2.53422 13
    endloop
  endfacet
  facet normal 0.195087 -0.980786 0
    outer loop
      vertex 53.3353 2.6363 13
      vertex 52.8221 2.53422 2.4
      vertex 53.3353 2.6363 2.4
    endloop
  endfacet
  facet normal 0.321464 -0.946922 0
    outer loop
      vertex 53.3353 2.6363 2.4
      vertex 53.8307 2.80448 13
      vertex 53.3353 2.6363 13
    endloop
  endfacet
  facet normal 0.321464 -0.946922 0
    outer loop
      vertex 53.8307 2.80448 13
      vertex 53.3353 2.6363 2.4
      vertex 53.8307 2.80448 2.4
    endloop
  endfacet
  facet normal 0.659321 -0.751861 0
    outer loop
      vertex 54.735 3.32659 2.4
      vertex 55.1284 3.67157 13
      vertex 54.735 3.32659 13
    endloop
  endfacet
  facet normal 0.659321 -0.751861 0
    outer loop
      vertex 55.1284 3.67157 13
      vertex 54.735 3.32659 2.4
      vertex 55.1284 3.67157 2.4
    endloop
  endfacet
  facet normal 0.94692 -0.321469 0
    outer loop
      vertex 55.9955 4.96927 13
      vertex 56.1637 5.46472 2.4
      vertex 56.1637 5.46472 13
    endloop
  endfacet
  facet normal 0.94692 -0.321469 0
    outer loop
      vertex 56.1637 5.46472 2.4
      vertex 55.9955 4.96927 13
      vertex 55.9955 4.96927 2.4
    endloop
  endfacet
  facet normal 0.831462 -0.555582 0
    outer loop
      vertex 55.4734 4.06495 13
      vertex 55.7641 4.5 2.4
      vertex 55.7641 4.5 13
    endloop
  endfacet
  facet normal 0.831462 -0.555582 0
    outer loop
      vertex 55.7641 4.5 2.4
      vertex 55.4734 4.06495 13
      vertex 55.4734 4.06495 2.4
    endloop
  endfacet
  facet normal 0.896887 -0.44226 0
    outer loop
      vertex 55.7641 4.5 13
      vertex 55.9955 4.96927 2.4
      vertex 55.9955 4.96927 13
    endloop
  endfacet
  facet normal 0.896887 -0.44226 0
    outer loop
      vertex 55.9955 4.96927 2.4
      vertex 55.7641 4.5 13
      vertex 55.7641 4.5 2.4
    endloop
  endfacet
  facet normal -0.0654027 -0.997859 0
    outer loop
      vertex 51.7779 2.53422 2.4
      vertex 52.3 2.5 13
      vertex 51.7779 2.53422 13
    endloop
  endfacet
  facet normal -0.0654027 -0.997859 -0
    outer loop
      vertex 52.3 2.5 13
      vertex 51.7779 2.53422 2.4
      vertex 52.3 2.5 2.4
    endloop
  endfacet
  facet normal -0.555613 -0.831441 0
    outer loop
      vertex 49.865 3.32659 2.4
      vertex 50.3 3.0359 13
      vertex 49.865 3.32659 13
    endloop
  endfacet
  facet normal -0.555613 -0.831441 -0
    outer loop
      vertex 50.3 3.0359 13
      vertex 49.865 3.32659 2.4
      vertex 50.3 3.0359 2.4
    endloop
  endfacet
  facet normal 0.0654027 -0.997859 0
    outer loop
      vertex 52.3 2.5 2.4
      vertex 52.8221 2.53422 13
      vertex 52.3 2.5 13
    endloop
  endfacet
  facet normal 0.0654027 -0.997859 0
    outer loop
      vertex 52.8221 2.53422 13
      vertex 52.3 2.5 2.4
      vertex 52.8221 2.53422 2.4
    endloop
  endfacet
  facet normal -0.442268 -0.896883 0
    outer loop
      vertex 50.3 3.0359 2.4
      vertex 50.7693 2.80448 13
      vertex 50.3 3.0359 13
    endloop
  endfacet
  facet normal -0.442268 -0.896883 -0
    outer loop
      vertex 50.7693 2.80448 13
      vertex 50.3 3.0359 2.4
      vertex 50.7693 2.80448 2.4
    endloop
  endfacet
  facet normal -0.659321 -0.751861 0
    outer loop
      vertex 49.4716 3.67157 2.4
      vertex 49.865 3.32659 13
      vertex 49.4716 3.67157 13
    endloop
  endfacet
  facet normal -0.659321 -0.751861 -0
    outer loop
      vertex 49.865 3.32659 13
      vertex 49.4716 3.67157 2.4
      vertex 49.865 3.32659 2.4
    endloop
  endfacet
  facet normal -0.94692 -0.321469 0
    outer loop
      vertex 48.6045 4.96927 2.4
      vertex 48.4363 5.46472 13
      vertex 48.4363 5.46472 2.4
    endloop
  endfacet
  facet normal -0.94692 -0.321469 0
    outer loop
      vertex 48.4363 5.46472 13
      vertex 48.6045 4.96927 2.4
      vertex 48.6045 4.96927 13
    endloop
  endfacet
  facet normal -0.896887 -0.44226 0
    outer loop
      vertex 48.8359 4.5 2.4
      vertex 48.6045 4.96927 13
      vertex 48.6045 4.96927 2.4
    endloop
  endfacet
  facet normal -0.896887 -0.44226 0
    outer loop
      vertex 48.6045 4.96927 13
      vertex 48.8359 4.5 2.4
      vertex 48.8359 4.5 13
    endloop
  endfacet
  facet normal 0.751826 0.659362 0
    outer loop
      vertex 55.4734 8.93505 13
      vertex 55.1284 9.32843 2.4
      vertex 55.1284 9.32843 13
    endloop
  endfacet
  facet normal 0.751826 0.659362 0
    outer loop
      vertex 55.1284 9.32843 2.4
      vertex 55.4734 8.93505 13
      vertex 55.4734 8.93505 2.4
    endloop
  endfacet
  facet normal 0.0653646 0.997861 -0
    outer loop
      vertex 52.8221 10.4658 2.4
      vertex 52.3 10.5 13
      vertex 52.8221 10.4658 13
    endloop
  endfacet
  facet normal 0.0653646 0.997861 0
    outer loop
      vertex 52.3 10.5 13
      vertex 52.8221 10.4658 2.4
      vertex 52.3 10.5 2.4
    endloop
  endfacet
  facet normal 0 0 1
    outer loop
      vertex 53.9 6.5 13
      vertex 56.3 6.5 13
      vertex 56.2658 7.0221 13
    endloop
  endfacet
  facet normal 0 0 1
    outer loop
      vertex 53.8863 6.70884 13
      vertex 56.2658 7.0221 13
      vertex 56.1637 7.53528 13
    endloop
  endfacet
  facet normal 0 0 1
    outer loop
      vertex 56.3 6.5 13
      vertex 53.9 6.5 13
      vertex 56.2658 5.97789 13
    endloop
  endfacet
  facet normal 0 0 1
    outer loop
      vertex 53.8455 6.91411 13
      vertex 56.1637 7.53528 13
      vertex 55.9955 8.03073 13
    endloop
  endfacet
  facet normal -0 0 1
    outer loop
      vertex 53.8863 6.29116 13
      vertex 56.2658 5.97789 13
      vertex 53.9 6.5 13
    endloop
  endfacet
  facet normal 0 0 1
    outer loop
      vertex 53.7782 7.11229 13
      vertex 55.9955 8.03073 13
      vertex 55.7641 8.5 13
    endloop
  endfacet
  facet normal 0 0 1
    outer loop
      vertex 56.2658 5.97789 13
      vertex 53.8863 6.29116 13
      vertex 56.1637 5.46472 13
    endloop
  endfacet
  facet normal 0 0 1
    outer loop
      vertex 53.6856 7.3 13
      vertex 55.7641 8.5 13
      vertex 55.4734 8.93505 13
    endloop
  endfacet
  facet normal -0 0 1
    outer loop
      vertex 53.8455 6.08589 13
      vertex 56.1637 5.46472 13
      vertex 53.8863 6.29116 13
    endloop
  endfacet
  facet normal 0 0 1
    outer loop
      vertex 53.5694 7.47402 13
      vertex 55.4734 8.93505 13
      vertex 55.1284 9.32843 13
    endloop
  endfacet
  facet normal 0 0 1
    outer loop
      vertex 56.1637 5.46472 13
      vertex 53.8455 6.08589 13
      vertex 55.9955 4.96927 13
    endloop
  endfacet
  facet normal 0 0 1
    outer loop
      vertex 53.4314 7.63137 13
      vertex 55.1284 9.32843 13
      vertex 54.735 9.67341 13
    endloop
  endfacet
  facet normal -0 0 1
    outer loop
      vertex 53.7782 5.88771 13
      vertex 55.9955 4.96927 13
      vertex 53.8455 6.08589 13
    endloop
  endfacet
  facet normal 0 0 1
    outer loop
      vertex 53.274 7.76937 13
      vertex 54.735 9.67341 13
      vertex 54.3 9.9641 13
    endloop
  endfacet
  facet normal 0 0 1
    outer loop
      vertex 55.9955 4.96927 13
      vertex 53.7782 5.88771 13
      vertex 55.7641 4.5 13
    endloop
  endfacet
  facet normal -0 0 1
    outer loop
      vertex 53.6856 5.7 13
      vertex 55.7641 4.5 13
      vertex 53.7782 5.88771 13
    endloop
  endfacet
  facet normal 0 0 1
    outer loop
      vertex 56.2658 7.0221 13
      vertex 53.8863 6.70884 13
      vertex 53.9 6.5 13
    endloop
  endfacet
  facet normal 0 0 1
    outer loop
      vertex 56.1637 7.53528 13
      vertex 53.8455 6.91411 13
      vertex 53.8863 6.70884 13
    endloop
  endfacet
  facet normal 0 0 1
    outer loop
      vertex 53.1 7.88564 13
      vertex 54.3 9.9641 13
      vertex 53.8307 10.1955 13
    endloop
  endfacet
  facet normal 0 0 1
    outer loop
      vertex 55.9955 8.03073 13
      vertex 53.7782 7.11229 13
      vertex 53.8455 6.91411 13
    endloop
  endfacet
  facet normal 0 0 1
    outer loop
      vertex 55.7641 8.5 13
      vertex 53.6856 7.3 13
      vertex 53.7782 7.11229 13
    endloop
  endfacet
  facet normal 0 0 1
    outer loop
      vertex 55.4734 8.93505 13
      vertex 53.5694 7.47402 13
      vertex 53.6856 7.3 13
    endloop
  endfacet
  facet normal 0 0 1
    outer loop
      vertex 55.1284 9.32843 13
      vertex 53.4314 7.63137 13
      vertex 53.5694 7.47402 13
    endloop
  endfacet
  facet normal 0 0 1
    outer loop
      vertex 52.9123 7.97821 13
      vertex 53.8307 10.1955 13
      vertex 53.3353 10.3637 13
    endloop
  endfacet
  facet normal 0 0 1
    outer loop
      vertex 54.735 9.67341 13
      vertex 53.274 7.76937 13
      vertex 53.4314 7.63137 13
    endloop
  endfacet
  facet normal 0 0 1
    outer loop
      vertex 54.3 9.9641 13
      vertex 53.1 7.88564 13
      vertex 53.274 7.76937 13
    endloop
  endfacet
  facet normal 0 0 1
    outer loop
      vertex 53.8307 10.1955 13
      vertex 52.9123 7.97821 13
      vertex 53.1 7.88564 13
    endloop
  endfacet
  facet normal 0 0 1
    outer loop
      vertex 52.7141 8.04548 13
      vertex 53.3353 10.3637 13
      vertex 52.8221 10.4658 13
    endloop
  endfacet
  facet normal 0 0 1
    outer loop
      vertex 53.3353 10.3637 13
      vertex 52.7141 8.04548 13
      vertex 52.9123 7.97821 13
    endloop
  endfacet
  facet normal 0 0 1
    outer loop
      vertex 52.8221 10.4658 13
      vertex 52.5088 8.08631 13
      vertex 52.7141 8.04548 13
    endloop
  endfacet
  facet normal 0 0 1
    outer loop
      vertex 52.3 10.5 13
      vertex 52.5088 8.08631 13
      vertex 52.8221 10.4658 13
    endloop
  endfacet
  facet normal 0 0 1
    outer loop
      vertex 52.3 10.5 13
      vertex 52.3 8.1 13
      vertex 52.5088 8.08631 13
    endloop
  endfacet
  facet normal 0 0 1
    outer loop
      vertex 52.3 10.5 13
      vertex 52.0912 8.08631 13
      vertex 52.3 8.1 13
    endloop
  endfacet
  facet normal -0 0 1
    outer loop
      vertex 51.7779 10.4658 13
      vertex 52.0912 8.08631 13
      vertex 52.3 10.5 13
    endloop
  endfacet
  facet normal 0 0 1
    outer loop
      vertex 52.0912 8.08631 13
      vertex 51.7779 10.4658 13
      vertex 51.8859 8.04548 13
    endloop
  endfacet
  facet normal -0 0 1
    outer loop
      vertex 51.2647 10.3637 13
      vertex 51.8859 8.04548 13
      vertex 51.7779 10.4658 13
    endloop
  endfacet
  facet normal 0 0 1
    outer loop
      vertex 51.8859 8.04548 13
      vertex 51.2647 10.3637 13
      vertex 51.6877 7.97821 13
    endloop
  endfacet
  facet normal -0 0 1
    outer loop
      vertex 50.7693 10.1955 13
      vertex 51.6877 7.97821 13
      vertex 51.2647 10.3637 13
    endloop
  endfacet
  facet normal 0 0 1
    outer loop
      vertex 51.6877 7.97821 13
      vertex 50.7693 10.1955 13
      vertex 51.5 7.88564 13
    endloop
  endfacet
  facet normal -0 0 1
    outer loop
      vertex 50.3 9.9641 13
      vertex 51.5 7.88564 13
      vertex 50.7693 10.1955 13
    endloop
  endfacet
  facet normal 0 0 1
    outer loop
      vertex 51.5 7.88564 13
      vertex 50.3 9.9641 13
      vertex 51.326 7.76937 13
    endloop
  endfacet
  facet normal -0 0 1
    outer loop
      vertex 49.865 9.67341 13
      vertex 51.326 7.76937 13
      vertex 50.3 9.9641 13
    endloop
  endfacet
  facet normal 0 0 1
    outer loop
      vertex 51.326 7.76937 13
      vertex 49.865 9.67341 13
      vertex 51.1686 7.63137 13
    endloop
  endfacet
  facet normal -0 0 1
    outer loop
      vertex 49.4716 9.32843 13
      vertex 51.1686 7.63137 13
      vertex 49.865 9.67341 13
    endloop
  endfacet
  facet normal 0 0 1
    outer loop
      vertex 51.1686 7.63137 13
      vertex 49.4716 9.32843 13
      vertex 51.0306 7.47402 13
    endloop
  endfacet
  facet normal -0 0 1
    outer loop
      vertex 49.1266 8.93505 13
      vertex 51.0306 7.47402 13
      vertex 49.4716 9.32843 13
    endloop
  endfacet
  facet normal 0 0 1
    outer loop
      vertex 51.0306 7.47402 13
      vertex 49.1266 8.93505 13
      vertex 50.9144 7.3 13
    endloop
  endfacet
  facet normal -0 0 1
    outer loop
      vertex 48.8359 8.5 13
      vertex 50.9144 7.3 13
      vertex 49.1266 8.93505 13
    endloop
  endfacet
  facet normal 0 0 1
    outer loop
      vertex 55.7641 4.5 13
      vertex 53.6856 5.7 13
      vertex 55.4734 4.06495 13
    endloop
  endfacet
  facet normal -0 0 1
    outer loop
      vertex 53.5694 5.52598 13
      vertex 55.4734 4.06495 13
      vertex 53.6856 5.7 13
    endloop
  endfacet
  facet normal 0 0 1
    outer loop
      vertex 55.4734 4.06495 13
      vertex 53.5694 5.52598 13
      vertex 55.1284 3.67157 13
    endloop
  endfacet
  facet normal -0 0 1
    outer loop
      vertex 53.4314 5.36863 13
      vertex 55.1284 3.67157 13
      vertex 53.5694 5.52598 13
    endloop
  endfacet
  facet normal 0 0 1
    outer loop
      vertex 55.1284 3.67157 13
      vertex 53.4314 5.36863 13
      vertex 54.735 3.32659 13
    endloop
  endfacet
  facet normal -0 0 1
    outer loop
      vertex 53.274 5.23063 13
      vertex 54.735 3.32659 13
      vertex 53.4314 5.36863 13
    endloop
  endfacet
  facet normal 0 0 1
    outer loop
      vertex 54.735 3.32659 13
      vertex 53.274 5.23063 13
      vertex 54.3 3.0359 13
    endloop
  endfacet
  facet normal -0 0 1
    outer loop
      vertex 53.1 5.11436 13
      vertex 54.3 3.0359 13
      vertex 53.274 5.23063 13
    endloop
  endfacet
  facet normal 0 0 1
    outer loop
      vertex 54.3 3.0359 13
      vertex 53.1 5.11436 13
      vertex 53.8307 2.80448 13
    endloop
  endfacet
  facet normal -0 0 1
    outer loop
      vertex 52.9123 5.02179 13
      vertex 53.8307 2.80448 13
      vertex 53.1 5.11436 13
    endloop
  endfacet
  facet normal 0 0 1
    outer loop
      vertex 53.8307 2.80448 13
      vertex 52.9123 5.02179 13
      vertex 53.3353 2.6363 13
    endloop
  endfacet
  facet normal -0 0 1
    outer loop
      vertex 52.7141 4.95452 13
      vertex 53.3353 2.6363 13
      vertex 52.9123 5.02179 13
    endloop
  endfacet
  facet normal 0 0 1
    outer loop
      vertex 53.3353 2.6363 13
      vertex 52.7141 4.95452 13
      vertex 52.8221 2.53422 13
    endloop
  endfacet
  facet normal -0 0 1
    outer loop
      vertex 52.5088 4.91369 13
      vertex 52.8221 2.53422 13
      vertex 52.7141 4.95452 13
    endloop
  endfacet
  facet normal -0 0 1
    outer loop
      vertex 52.3 4.9 13
      vertex 52.8221 2.53422 13
      vertex 52.5088 4.91369 13
    endloop
  endfacet
  facet normal 0 0 1
    outer loop
      vertex 52.3 4.9 13
      vertex 52.3 2.5 13
      vertex 52.8221 2.53422 13
    endloop
  endfacet
  facet normal 0 0 1
    outer loop
      vertex 52.0912 4.91369 13
      vertex 52.3 2.5 13
      vertex 52.3 4.9 13
    endloop
  endfacet
  facet normal 0 0 1
    outer loop
      vertex 51.7779 2.53422 13
      vertex 52.0912 4.91369 13
      vertex 51.8859 4.95452 13
    endloop
  endfacet
  facet normal 0 0 1
    outer loop
      vertex 52.0912 4.91369 13
      vertex 51.7779 2.53422 13
      vertex 52.3 2.5 13
    endloop
  endfacet
  facet normal 0 0 1
    outer loop
      vertex 51.2647 2.6363 13
      vertex 51.8859 4.95452 13
      vertex 51.6877 5.02179 13
    endloop
  endfacet
  facet normal 0 0 1
    outer loop
      vertex 50.7693 2.80448 13
      vertex 51.6877 5.02179 13
      vertex 51.5 5.11436 13
    endloop
  endfacet
  facet normal 0 0 1
    outer loop
      vertex 50.3 3.0359 13
      vertex 51.5 5.11436 13
      vertex 51.326 5.23063 13
    endloop
  endfacet
  facet normal 0 0 1
    outer loop
      vertex 51.8859 4.95452 13
      vertex 51.2647 2.6363 13
      vertex 51.7779 2.53422 13
    endloop
  endfacet
  facet normal 0 0 1
    outer loop
      vertex 49.865 3.32659 13
      vertex 51.326 5.23063 13
      vertex 51.1686 5.36863 13
    endloop
  endfacet
  facet normal 0 0 1
    outer loop
      vertex 49.4716 3.67157 13
      vertex 51.1686 5.36863 13
      vertex 51.0306 5.52598 13
    endloop
  endfacet
  facet normal 0 0 1
    outer loop
      vertex 49.1266 4.06495 13
      vertex 51.0306 5.52598 13
      vertex 50.9144 5.7 13
    endloop
  endfacet
  facet normal 0 0 1
    outer loop
      vertex 48.8359 4.5 13
      vertex 50.9144 5.7 13
      vertex 50.8218 5.88771 13
    endloop
  endfacet
  facet normal 0 0 1
    outer loop
      vertex 51.6877 5.02179 13
      vertex 50.7693 2.80448 13
      vertex 51.2647 2.6363 13
    endloop
  endfacet
  facet normal 0 0 1
    outer loop
      vertex 48.6045 4.96927 13
      vertex 50.8218 5.88771 13
      vertex 50.7545 6.08589 13
    endloop
  endfacet
  facet normal 0 0 1
    outer loop
      vertex 48.4363 5.46472 13
      vertex 50.7545 6.08589 13
      vertex 50.7137 6.29116 13
    endloop
  endfacet
  facet normal 0 0 1
    outer loop
      vertex 48.3342 5.97789 13
      vertex 50.7137 6.29116 13
      vertex 50.7 6.5 13
    endloop
  endfacet
  facet normal 0 0 1
    outer loop
      vertex 50.9144 7.3 13
      vertex 48.8359 8.5 13
      vertex 50.8218 7.11229 13
    endloop
  endfacet
  facet normal 0 0 1
    outer loop
      vertex 51.5 5.11436 13
      vertex 50.3 3.0359 13
      vertex 50.7693 2.80448 13
    endloop
  endfacet
  facet normal -0 0 1
    outer loop
      vertex 48.6045 8.03073 13
      vertex 50.8218 7.11229 13
      vertex 48.8359 8.5 13
    endloop
  endfacet
  facet normal 0 0 1
    outer loop
      vertex 51.326 5.23063 13
      vertex 49.865 3.32659 13
      vertex 50.3 3.0359 13
    endloop
  endfacet
  facet normal 0 0 1
    outer loop
      vertex 50.8218 7.11229 13
      vertex 48.6045 8.03073 13
      vertex 50.7545 6.91411 13
    endloop
  endfacet
  facet normal 0 0 1
    outer loop
      vertex 51.1686 5.36863 13
      vertex 49.4716 3.67157 13
      vertex 49.865 3.32659 13
    endloop
  endfacet
  facet normal -0 0 1
    outer loop
      vertex 48.4363 7.53528 13
      vertex 50.7545 6.91411 13
      vertex 48.6045 8.03073 13
    endloop
  endfacet
  facet normal 0 0 1
    outer loop
      vertex 51.0306 5.52598 13
      vertex 49.1266 4.06495 13
      vertex 49.4716 3.67157 13
    endloop
  endfacet
  facet normal 0 0 1
    outer loop
      vertex 50.7545 6.91411 13
      vertex 48.4363 7.53528 13
      vertex 50.7137 6.70884 13
    endloop
  endfacet
  facet normal 0 0 1
    outer loop
      vertex 50.9144 5.7 13
      vertex 48.8359 4.5 13
      vertex 49.1266 4.06495 13
    endloop
  endfacet
  facet normal -0 0 1
    outer loop
      vertex 48.3342 7.0221 13
      vertex 50.7137 6.70884 13
      vertex 48.4363 7.53528 13
    endloop
  endfacet
  facet normal 0 0 1
    outer loop
      vertex 50.8218 5.88771 13
      vertex 48.6045 4.96927 13
      vertex 48.8359 4.5 13
    endloop
  endfacet
  facet normal 0 0 1
    outer loop
      vertex 50.7137 6.70884 13
      vertex 48.3342 7.0221 13
      vertex 50.7 6.5 13
    endloop
  endfacet
  facet normal 0 0 1
    outer loop
      vertex 50.7545 6.08589 13
      vertex 48.4363 5.46472 13
      vertex 48.6045 4.96927 13
    endloop
  endfacet
  facet normal 0 0 1
    outer loop
      vertex 48.3 6.5 13
      vertex 50.7 6.5 13
      vertex 48.3342 7.0221 13
    endloop
  endfacet
  facet normal 0 0 1
    outer loop
      vertex 50.7137 6.29116 13
      vertex 48.3342 5.97789 13
      vertex 48.4363 5.46472 13
    endloop
  endfacet
  facet normal 0 0 1
    outer loop
      vertex 50.7 6.5 13
      vertex 48.3 6.5 13
      vertex 48.3342 5.97789 13
    endloop
  endfacet
  facet normal 0.997861 0.0653771 0
    outer loop
      vertex 10.5 118.3 13
      vertex 10.4658 118.822 2.4
      vertex 10.4658 118.822 13
    endloop
  endfacet
  facet normal 0.997861 0.0653771 0
    outer loop
      vertex 10.4658 118.822 2.4
      vertex 10.5 118.3 13
      vertex 10.5 118.3 2.4
    endloop
  endfacet
  facet normal -0.0649827 0.997886 0
    outer loop
      vertex 6.5 122.3 2.4
      vertex 5.97789 122.266 13
      vertex 6.5 122.3 13
    endloop
  endfacet
  facet normal -0.0649827 0.997886 0
    outer loop
      vertex 5.97789 122.266 13
      vertex 6.5 122.3 2.4
      vertex 5.97789 122.266 2.4
    endloop
  endfacet
  facet normal 0.064984 -0.997886 0
    outer loop
      vertex 6.5 114.3 2.4
      vertex 7.0221 114.334 13
      vertex 6.5 114.3 13
    endloop
  endfacet
  facet normal 0.064984 -0.997886 0
    outer loop
      vertex 7.0221 114.334 13
      vertex 6.5 114.3 2.4
      vertex 7.0221 114.334 2.4
    endloop
  endfacet
  facet normal 0.659362 0.751826 -0
    outer loop
      vertex 9.32843 121.128 2.4
      vertex 8.93505 121.473 13
      vertex 9.32843 121.128 13
    endloop
  endfacet
  facet normal 0.659362 0.751826 0
    outer loop
      vertex 8.93505 121.473 13
      vertex 9.32843 121.128 2.4
      vertex 8.93505 121.473 2.4
    endloop
  endfacet
  facet normal -0.751529 0.659701 0
    outer loop
      vertex 3.32659 120.735 2.4
      vertex 3.67157 121.128 13
      vertex 3.67157 121.128 2.4
    endloop
  endfacet
  facet normal -0.751529 0.659701 0
    outer loop
      vertex 3.67157 121.128 13
      vertex 3.32659 120.735 2.4
      vertex 3.32659 120.735 13
    endloop
  endfacet
  facet normal -0.443182 0.896432 0
    outer loop
      vertex 4.96927 121.996 2.4
      vertex 4.5 121.764 13
      vertex 4.96927 121.996 13
    endloop
  endfacet
  facet normal -0.443182 0.896432 0
    outer loop
      vertex 4.5 121.764 13
      vertex 4.96927 121.996 2.4
      vertex 4.5 121.764 2.4
    endloop
  endfacet
  facet normal 0.896786 0.442465 0
    outer loop
      vertex 10.1955 119.831 13
      vertex 9.9641 120.3 2.4
      vertex 9.9641 120.3 13
    endloop
  endfacet
  facet normal 0.896786 0.442465 0
    outer loop
      vertex 9.9641 120.3 2.4
      vertex 10.1955 119.831 13
      vertex 10.1955 119.831 2.4
    endloop
  endfacet
  facet normal 0.831441 0.555613 0
    outer loop
      vertex 9.9641 120.3 13
      vertex 9.67341 120.735 2.4
      vertex 9.67341 120.735 13
    endloop
  endfacet
  facet normal 0.831441 0.555613 0
    outer loop
      vertex 9.67341 120.735 2.4
      vertex 9.9641 120.3 13
      vertex 9.9641 120.3 2.4
    endloop
  endfacet
  facet normal 0.321126 0.947036 -0
    outer loop
      vertex 8.03073 121.996 2.4
      vertex 7.53528 122.164 13
      vertex 8.03073 121.996 13
    endloop
  endfacet
  facet normal 0.321126 0.947036 0
    outer loop
      vertex 7.53528 122.164 13
      vertex 8.03073 121.996 2.4
      vertex 7.53528 122.164 2.4
    endloop
  endfacet
  facet normal 0.555978 0.831197 -0
    outer loop
      vertex 8.93505 121.473 2.4
      vertex 8.5 121.764 13
      vertex 8.93505 121.473 13
    endloop
  endfacet
  facet normal 0.555978 0.831197 0
    outer loop
      vertex 8.5 121.764 13
      vertex 8.93505 121.473 2.4
      vertex 8.5 121.764 2.4
    endloop
  endfacet
  facet normal -0.94704 0.321115 0
    outer loop
      vertex 2.6363 119.335 2.4
      vertex 2.80448 119.831 13
      vertex 2.80448 119.831 2.4
    endloop
  endfacet
  facet normal -0.94704 0.321115 0
    outer loop
      vertex 2.80448 119.831 13
      vertex 2.6363 119.335 2.4
      vertex 2.6363 119.335 13
    endloop
  endfacet
  facet normal -0.980771 0.19516 0
    outer loop
      vertex 2.53422 118.822 2.4
      vertex 2.6363 119.335 13
      vertex 2.6363 119.335 2.4
    endloop
  endfacet
  facet normal -0.980771 0.19516 0
    outer loop
      vertex 2.6363 119.335 13
      vertex 2.53422 118.822 2.4
      vertex 2.53422 118.822 13
    endloop
  endfacet
  facet normal -0.555978 0.831197 0
    outer loop
      vertex 4.5 121.764 2.4
      vertex 4.06495 121.473 13
      vertex 4.5 121.764 13
    endloop
  endfacet
  facet normal -0.555978 0.831197 0
    outer loop
      vertex 4.06495 121.473 13
      vertex 4.5 121.764 2.4
      vertex 4.06495 121.473 2.4
    endloop
  endfacet
  facet normal -0.194951 0.980813 0
    outer loop
      vertex 5.97789 122.266 2.4
      vertex 5.46472 122.164 13
      vertex 5.97789 122.266 13
    endloop
  endfacet
  facet normal -0.194951 0.980813 0
    outer loop
      vertex 5.46472 122.164 13
      vertex 5.97789 122.266 2.4
      vertex 5.46472 122.164 2.4
    endloop
  endfacet
  facet normal 0.980764 -0.195197 0
    outer loop
      vertex 10.3637 117.265 13
      vertex 10.4658 117.778 2.4
      vertex 10.4658 117.778 13
    endloop
  endfacet
  facet normal 0.980764 -0.195197 0
    outer loop
      vertex 10.4658 117.778 2.4
      vertex 10.3637 117.265 13
      vertex 10.3637 117.265 2.4
    endloop
  endfacet
  facet normal 0.194947 -0.980814 0
    outer loop
      vertex 7.0221 114.334 2.4
      vertex 7.53528 114.436 13
      vertex 7.0221 114.334 13
    endloop
  endfacet
  facet normal 0.194947 -0.980814 0
    outer loop
      vertex 7.53528 114.436 13
      vertex 7.0221 114.334 2.4
      vertex 7.53528 114.436 2.4
    endloop
  endfacet
  facet normal 0.947028 0.32115 0
    outer loop
      vertex 10.3637 119.335 13
      vertex 10.1955 119.831 2.4
      vertex 10.1955 119.831 13
    endloop
  endfacet
  facet normal 0.947028 0.32115 0
    outer loop
      vertex 10.1955 119.831 2.4
      vertex 10.3637 119.335 13
      vertex 10.3637 119.335 2.4
    endloop
  endfacet
  facet normal 0.980764 0.195197 0
    outer loop
      vertex 10.4658 118.822 13
      vertex 10.3637 119.335 2.4
      vertex 10.3637 119.335 13
    endloop
  endfacet
  facet normal 0.980764 0.195197 0
    outer loop
      vertex 10.3637 119.335 2.4
      vertex 10.4658 118.822 13
      vertex 10.4658 118.822 2.4
    endloop
  endfacet
  facet normal 0.751529 0.659701 0
    outer loop
      vertex 9.67341 120.735 13
      vertex 9.32843 121.128 2.4
      vertex 9.32843 121.128 13
    endloop
  endfacet
  facet normal 0.751529 0.659701 0
    outer loop
      vertex 9.32843 121.128 2.4
      vertex 9.67341 120.735 13
      vertex 9.67341 120.735 2.4
    endloop
  endfacet
  facet normal 0.194947 0.980814 -0
    outer loop
      vertex 7.53528 122.164 2.4
      vertex 7.0221 122.266 13
      vertex 7.53528 122.164 13
    endloop
  endfacet
  facet normal 0.194947 0.980814 0
    outer loop
      vertex 7.0221 122.266 13
      vertex 7.53528 122.164 2.4
      vertex 7.0221 122.266 2.4
    endloop
  endfacet
  facet normal 0.064984 0.997886 -0
    outer loop
      vertex 7.0221 122.266 2.4
      vertex 6.5 122.3 13
      vertex 7.0221 122.266 13
    endloop
  endfacet
  facet normal 0.064984 0.997886 0
    outer loop
      vertex 6.5 122.3 13
      vertex 7.0221 122.266 2.4
      vertex 6.5 122.3 2.4
    endloop
  endfacet
  facet normal 0.443182 0.896432 -0
    outer loop
      vertex 8.5 121.764 2.4
      vertex 8.03073 121.996 13
      vertex 8.5 121.764 13
    endloop
  endfacet
  facet normal 0.443182 0.896432 0
    outer loop
      vertex 8.03073 121.996 13
      vertex 8.5 121.764 2.4
      vertex 8.03073 121.996 2.4
    endloop
  endfacet
  facet normal -0.89677 0.442496 0
    outer loop
      vertex 2.80448 119.831 2.4
      vertex 3.0359 120.3 13
      vertex 3.0359 120.3 2.4
    endloop
  endfacet
  facet normal -0.89677 0.442496 0
    outer loop
      vertex 3.0359 120.3 13
      vertex 2.80448 119.831 2.4
      vertex 2.80448 119.831 13
    endloop
  endfacet
  facet normal -0.831441 0.555613 0
    outer loop
      vertex 3.0359 120.3 2.4
      vertex 3.32659 120.735 13
      vertex 3.32659 120.735 2.4
    endloop
  endfacet
  facet normal -0.831441 0.555613 0
    outer loop
      vertex 3.32659 120.735 13
      vertex 3.0359 120.3 2.4
      vertex 3.0359 120.3 13
    endloop
  endfacet
  facet normal -0.997858 0.0654151 0
    outer loop
      vertex 2.5 118.3 2.4
      vertex 2.53422 118.822 13
      vertex 2.53422 118.822 2.4
    endloop
  endfacet
  facet normal -0.997858 0.0654151 0
    outer loop
      vertex 2.53422 118.822 13
      vertex 2.5 118.3 2.4
      vertex 2.5 118.3 13
    endloop
  endfacet
  facet normal 0 0 1
    outer loop
      vertex 8.1 118.3 13
      vertex 10.5 118.3 13
      vertex 10.4658 118.822 13
    endloop
  endfacet
  facet normal 0 0 1
    outer loop
      vertex 8.08631 118.509 13
      vertex 10.4658 118.822 13
      vertex 10.3637 119.335 13
    endloop
  endfacet
  facet normal 0 0 1
    outer loop
      vertex 10.5 118.3 13
      vertex 8.1 118.3 13
      vertex 10.4658 117.778 13
    endloop
  endfacet
  facet normal 0 0 1
    outer loop
      vertex 8.04548 118.714 13
      vertex 10.3637 119.335 13
      vertex 10.1955 119.831 13
    endloop
  endfacet
  facet normal -0 0 1
    outer loop
      vertex 8.08631 118.091 13
      vertex 10.4658 117.778 13
      vertex 8.1 118.3 13
    endloop
  endfacet
  facet normal 0 0 1
    outer loop
      vertex 7.97821 118.912 13
      vertex 10.1955 119.831 13
      vertex 9.9641 120.3 13
    endloop
  endfacet
  facet normal 0 0 1
    outer loop
      vertex 10.4658 117.778 13
      vertex 8.08631 118.091 13
      vertex 10.3637 117.265 13
    endloop
  endfacet
  facet normal 0 0 1
    outer loop
      vertex 7.88564 119.1 13
      vertex 9.9641 120.3 13
      vertex 9.67341 120.735 13
    endloop
  endfacet
  facet normal -0 0 1
    outer loop
      vertex 8.04548 117.886 13
      vertex 10.3637 117.265 13
      vertex 8.08631 118.091 13
    endloop
  endfacet
  facet normal 0 0 1
    outer loop
      vertex 7.76937 119.274 13
      vertex 9.67341 120.735 13
      vertex 9.32843 121.128 13
    endloop
  endfacet
  facet normal 0 0 1
    outer loop
      vertex 10.3637 117.265 13
      vertex 8.04548 117.886 13
      vertex 10.1955 116.769 13
    endloop
  endfacet
  facet normal 0 0 1
    outer loop
      vertex 7.63137 119.431 13
      vertex 9.32843 121.128 13
      vertex 8.93505 121.473 13
    endloop
  endfacet
  facet normal -0 0 1
    outer loop
      vertex 7.97821 117.688 13
      vertex 10.1955 116.769 13
      vertex 8.04548 117.886 13
    endloop
  endfacet
  facet normal 0 0 1
    outer loop
      vertex 7.47402 119.569 13
      vertex 8.93505 121.473 13
      vertex 8.5 121.764 13
    endloop
  endfacet
  facet normal 0 0 1
    outer loop
      vertex 10.1955 116.769 13
      vertex 7.97821 117.688 13
      vertex 9.9641 116.3 13
    endloop
  endfacet
  facet normal -0 0 1
    outer loop
      vertex 7.88564 117.5 13
      vertex 9.9641 116.3 13
      vertex 7.97821 117.688 13
    endloop
  endfacet
  facet normal 0 0 1
    outer loop
      vertex 10.4658 118.822 13
      vertex 8.08631 118.509 13
      vertex 8.1 118.3 13
    endloop
  endfacet
  facet normal 0 0 1
    outer loop
      vertex 10.3637 119.335 13
      vertex 8.04548 118.714 13
      vertex 8.08631 118.509 13
    endloop
  endfacet
  facet normal 0 0 1
    outer loop
      vertex 7.3 119.686 13
      vertex 8.5 121.764 13
      vertex 8.03073 121.996 13
    endloop
  endfacet
  facet normal 0 0 1
    outer loop
      vertex 10.1955 119.831 13
      vertex 7.97821 118.912 13
      vertex 8.04548 118.714 13
    endloop
  endfacet
  facet normal 0 0 1
    outer loop
      vertex 9.9641 120.3 13
      vertex 7.88564 119.1 13
      vertex 7.97821 118.912 13
    endloop
  endfacet
  facet normal 0 0 1
    outer loop
      vertex 9.67341 120.735 13
      vertex 7.76937 119.274 13
      vertex 7.88564 119.1 13
    endloop
  endfacet
  facet normal 0 0 1
    outer loop
      vertex 9.32843 121.128 13
      vertex 7.63137 119.431 13
      vertex 7.76937 119.274 13
    endloop
  endfacet
  facet normal 0 0 1
    outer loop
      vertex 7.11229 119.778 13
      vertex 8.03073 121.996 13
      vertex 7.53528 122.164 13
    endloop
  endfacet
  facet normal 0 0 1
    outer loop
      vertex 8.93505 121.473 13
      vertex 7.47402 119.569 13
      vertex 7.63137 119.431 13
    endloop
  endfacet
  facet normal 0 0 1
    outer loop
      vertex 8.5 121.764 13
      vertex 7.3 119.686 13
      vertex 7.47402 119.569 13
    endloop
  endfacet
  facet normal 0 0 1
    outer loop
      vertex 8.03073 121.996 13
      vertex 7.11229 119.778 13
      vertex 7.3 119.686 13
    endloop
  endfacet
  facet normal 0 0 1
    outer loop
      vertex 6.91411 119.845 13
      vertex 7.53528 122.164 13
      vertex 7.0221 122.266 13
    endloop
  endfacet
  facet normal 0 0 1
    outer loop
      vertex 7.53528 122.164 13
      vertex 6.91411 119.845 13
      vertex 7.11229 119.778 13
    endloop
  endfacet
  facet normal 0 0 1
    outer loop
      vertex 7.0221 122.266 13
      vertex 6.70884 119.886 13
      vertex 6.91411 119.845 13
    endloop
  endfacet
  facet normal 0 0 1
    outer loop
      vertex 6.5 122.3 13
      vertex 6.70884 119.886 13
      vertex 7.0221 122.266 13
    endloop
  endfacet
  facet normal 0 0 1
    outer loop
      vertex 6.5 122.3 13
      vertex 6.5 119.9 13
      vertex 6.70884 119.886 13
    endloop
  endfacet
  facet normal 0 0 1
    outer loop
      vertex 6.5 122.3 13
      vertex 6.29116 119.886 13
      vertex 6.5 119.9 13
    endloop
  endfacet
  facet normal -0 0 1
    outer loop
      vertex 5.97789 122.266 13
      vertex 6.29116 119.886 13
      vertex 6.5 122.3 13
    endloop
  endfacet
  facet normal 0 0 1
    outer loop
      vertex 6.29116 119.886 13
      vertex 5.97789 122.266 13
      vertex 6.08589 119.845 13
    endloop
  endfacet
  facet normal -0 0 1
    outer loop
      vertex 5.46472 122.164 13
      vertex 6.08589 119.845 13
      vertex 5.97789 122.266 13
    endloop
  endfacet
  facet normal 0 0 1
    outer loop
      vertex 6.08589 119.845 13
      vertex 5.46472 122.164 13
      vertex 5.88771 119.778 13
    endloop
  endfacet
  facet normal -0 0 1
    outer loop
      vertex 4.96927 121.996 13
      vertex 5.88771 119.778 13
      vertex 5.46472 122.164 13
    endloop
  endfacet
  facet normal 0 0 1
    outer loop
      vertex 5.88771 119.778 13
      vertex 4.96927 121.996 13
      vertex 5.7 119.686 13
    endloop
  endfacet
  facet normal -0 0 1
    outer loop
      vertex 4.5 121.764 13
      vertex 5.7 119.686 13
      vertex 4.96927 121.996 13
    endloop
  endfacet
  facet normal 0 0 1
    outer loop
      vertex 5.7 119.686 13
      vertex 4.5 121.764 13
      vertex 5.52598 119.569 13
    endloop
  endfacet
  facet normal -0 0 1
    outer loop
      vertex 4.06495 121.473 13
      vertex 5.52598 119.569 13
      vertex 4.5 121.764 13
    endloop
  endfacet
  facet normal 0 0 1
    outer loop
      vertex 5.52598 119.569 13
      vertex 4.06495 121.473 13
      vertex 5.36863 119.431 13
    endloop
  endfacet
  facet normal -0 0 1
    outer loop
      vertex 3.67157 121.128 13
      vertex 5.36863 119.431 13
      vertex 4.06495 121.473 13
    endloop
  endfacet
  facet normal 0 0 1
    outer loop
      vertex 5.36863 119.431 13
      vertex 3.67157 121.128 13
      vertex 5.23063 119.274 13
    endloop
  endfacet
  facet normal -0 0 1
    outer loop
      vertex 3.32659 120.735 13
      vertex 5.23063 119.274 13
      vertex 3.67157 121.128 13
    endloop
  endfacet
  facet normal 0 0 1
    outer loop
      vertex 5.23063 119.274 13
      vertex 3.32659 120.735 13
      vertex 5.11436 119.1 13
    endloop
  endfacet
  facet normal -0 0 1
    outer loop
      vertex 3.0359 120.3 13
      vertex 5.11436 119.1 13
      vertex 3.32659 120.735 13
    endloop
  endfacet
  facet normal 0 0 1
    outer loop
      vertex 9.9641 116.3 13
      vertex 7.88564 117.5 13
      vertex 9.67341 115.865 13
    endloop
  endfacet
  facet normal -0 0 1
    outer loop
      vertex 7.76937 117.326 13
      vertex 9.67341 115.865 13
      vertex 7.88564 117.5 13
    endloop
  endfacet
  facet normal 0 0 1
    outer loop
      vertex 9.67341 115.865 13
      vertex 7.76937 117.326 13
      vertex 9.32843 115.472 13
    endloop
  endfacet
  facet normal -0 0 1
    outer loop
      vertex 7.63137 117.169 13
      vertex 9.32843 115.472 13
      vertex 7.76937 117.326 13
    endloop
  endfacet
  facet normal 0 0 1
    outer loop
      vertex 9.32843 115.472 13
      vertex 7.63137 117.169 13
      vertex 8.93505 115.127 13
    endloop
  endfacet
  facet normal -0 0 1
    outer loop
      vertex 7.47402 117.031 13
      vertex 8.93505 115.127 13
      vertex 7.63137 117.169 13
    endloop
  endfacet
  facet normal 0 0 1
    outer loop
      vertex 8.93505 115.127 13
      vertex 7.47402 117.031 13
      vertex 8.5 114.836 13
    endloop
  endfacet
  facet normal -0 0 1
    outer loop
      vertex 7.3 116.914 13
      vertex 8.5 114.836 13
      vertex 7.47402 117.031 13
    endloop
  endfacet
  facet normal 0 0 1
    outer loop
      vertex 8.5 114.836 13
      vertex 7.3 116.914 13
      vertex 8.03073 114.604 13
    endloop
  endfacet
  facet normal -0 0 1
    outer loop
      vertex 7.11229 116.822 13
      vertex 8.03073 114.604 13
      vertex 7.3 116.914 13
    endloop
  endfacet
  facet normal 0 0 1
    outer loop
      vertex 8.03073 114.604 13
      vertex 7.11229 116.822 13
      vertex 7.53528 114.436 13
    endloop
  endfacet
  facet normal -0 0 1
    outer loop
      vertex 6.91411 116.755 13
      vertex 7.53528 114.436 13
      vertex 7.11229 116.822 13
    endloop
  endfacet
  facet normal 0 0 1
    outer loop
      vertex 7.53528 114.436 13
      vertex 6.91411 116.755 13
      vertex 7.0221 114.334 13
    endloop
  endfacet
  facet normal -0 0 1
    outer loop
      vertex 6.70884 116.714 13
      vertex 7.0221 114.334 13
      vertex 6.91411 116.755 13
    endloop
  endfacet
  facet normal -0 0 1
    outer loop
      vertex 6.5 116.7 13
      vertex 7.0221 114.334 13
      vertex 6.70884 116.714 13
    endloop
  endfacet
  facet normal 0 0 1
    outer loop
      vertex 6.5 116.7 13
      vertex 6.5 114.3 13
      vertex 7.0221 114.334 13
    endloop
  endfacet
  facet normal 0 0 1
    outer loop
      vertex 6.29116 116.714 13
      vertex 6.5 114.3 13
      vertex 6.5 116.7 13
    endloop
  endfacet
  facet normal 0 0 1
    outer loop
      vertex 5.97789 114.334 13
      vertex 6.29116 116.714 13
      vertex 6.08589 116.755 13
    endloop
  endfacet
  facet normal 0 0 1
    outer loop
      vertex 6.29116 116.714 13
      vertex 5.97789 114.334 13
      vertex 6.5 114.3 13
    endloop
  endfacet
  facet normal 0 0 1
    outer loop
      vertex 5.46472 114.436 13
      vertex 6.08589 116.755 13
      vertex 5.88771 116.822 13
    endloop
  endfacet
  facet normal 0 0 1
    outer loop
      vertex 4.96927 114.604 13
      vertex 5.88771 116.822 13
      vertex 5.7 116.914 13
    endloop
  endfacet
  facet normal 0 0 1
    outer loop
      vertex 4.5 114.836 13
      vertex 5.7 116.914 13
      vertex 5.52598 117.031 13
    endloop
  endfacet
  facet normal 0 0 1
    outer loop
      vertex 6.08589 116.755 13
      vertex 5.46472 114.436 13
      vertex 5.97789 114.334 13
    endloop
  endfacet
  facet normal 0 0 1
    outer loop
      vertex 4.06495 115.127 13
      vertex 5.52598 117.031 13
      vertex 5.36863 117.169 13
    endloop
  endfacet
  facet normal 0 0 1
    outer loop
      vertex 3.67157 115.472 13
      vertex 5.36863 117.169 13
      vertex 5.23063 117.326 13
    endloop
  endfacet
  facet normal 0 0 1
    outer loop
      vertex 3.32659 115.865 13
      vertex 5.23063 117.326 13
      vertex 5.11436 117.5 13
    endloop
  endfacet
  facet normal 0 0 1
    outer loop
      vertex 3.0359 116.3 13
      vertex 5.11436 117.5 13
      vertex 5.02179 117.688 13
    endloop
  endfacet
  facet normal 0 0 1
    outer loop
      vertex 5.88771 116.822 13
      vertex 4.96927 114.604 13
      vertex 5.46472 114.436 13
    endloop
  endfacet
  facet normal 0 0 1
    outer loop
      vertex 2.80448 116.769 13
      vertex 5.02179 117.688 13
      vertex 4.95452 117.886 13
    endloop
  endfacet
  facet normal 0 0 1
    outer loop
      vertex 2.6363 117.265 13
      vertex 4.95452 117.886 13
      vertex 4.91369 118.091 13
    endloop
  endfacet
  facet normal 0 0 1
    outer loop
      vertex 2.53422 117.778 13
      vertex 4.91369 118.091 13
      vertex 4.9 118.3 13
    endloop
  endfacet
  facet normal 0 0 1
    outer loop
      vertex 5.11436 119.1 13
      vertex 3.0359 120.3 13
      vertex 5.02179 118.912 13
    endloop
  endfacet
  facet normal 0 0 1
    outer loop
      vertex 5.7 116.914 13
      vertex 4.5 114.836 13
      vertex 4.96927 114.604 13
    endloop
  endfacet
  facet normal -0 0 1
    outer loop
      vertex 2.80448 119.831 13
      vertex 5.02179 118.912 13
      vertex 3.0359 120.3 13
    endloop
  endfacet
  facet normal 0 0 1
    outer loop
      vertex 5.52598 117.031 13
      vertex 4.06495 115.127 13
      vertex 4.5 114.836 13
    endloop
  endfacet
  facet normal 0 0 1
    outer loop
      vertex 5.02179 118.912 13
      vertex 2.80448 119.831 13
      vertex 4.95452 118.714 13
    endloop
  endfacet
  facet normal 0 0 1
    outer loop
      vertex 5.36863 117.169 13
      vertex 3.67157 115.472 13
      vertex 4.06495 115.127 13
    endloop
  endfacet
  facet normal -0 0 1
    outer loop
      vertex 2.6363 119.335 13
      vertex 4.95452 118.714 13
      vertex 2.80448 119.831 13
    endloop
  endfacet
  facet normal 0 0 1
    outer loop
      vertex 5.23063 117.326 13
      vertex 3.32659 115.865 13
      vertex 3.67157 115.472 13
    endloop
  endfacet
  facet normal 0 0 1
    outer loop
      vertex 4.95452 118.714 13
      vertex 2.6363 119.335 13
      vertex 4.91369 118.509 13
    endloop
  endfacet
  facet normal 0 0 1
    outer loop
      vertex 5.11436 117.5 13
      vertex 3.0359 116.3 13
      vertex 3.32659 115.865 13
    endloop
  endfacet
  facet normal -0 0 1
    outer loop
      vertex 2.53422 118.822 13
      vertex 4.91369 118.509 13
      vertex 2.6363 119.335 13
    endloop
  endfacet
  facet normal 0 0 1
    outer loop
      vertex 5.02179 117.688 13
      vertex 2.80448 116.769 13
      vertex 3.0359 116.3 13
    endloop
  endfacet
  facet normal 0 0 1
    outer loop
      vertex 4.91369 118.509 13
      vertex 2.53422 118.822 13
      vertex 4.9 118.3 13
    endloop
  endfacet
  facet normal 0 0 1
    outer loop
      vertex 4.95452 117.886 13
      vertex 2.6363 117.265 13
      vertex 2.80448 116.769 13
    endloop
  endfacet
  facet normal 0 0 1
    outer loop
      vertex 2.5 118.3 13
      vertex 4.9 118.3 13
      vertex 2.53422 118.822 13
    endloop
  endfacet
  facet normal 0 0 1
    outer loop
      vertex 4.91369 118.091 13
      vertex 2.53422 117.778 13
      vertex 2.6363 117.265 13
    endloop
  endfacet
  facet normal 0 0 1
    outer loop
      vertex 4.9 118.3 13
      vertex 2.5 118.3 13
      vertex 2.53422 117.778 13
    endloop
  endfacet
  facet normal -0.659362 0.751826 0
    outer loop
      vertex 4.06495 121.473 2.4
      vertex 3.67157 121.128 13
      vertex 4.06495 121.473 13
    endloop
  endfacet
  facet normal -0.659362 0.751826 0
    outer loop
      vertex 3.67157 121.128 13
      vertex 4.06495 121.473 2.4
      vertex 3.67157 121.128 2.4
    endloop
  endfacet
  facet normal -0.321126 0.947036 0
    outer loop
      vertex 5.46472 122.164 2.4
      vertex 4.96927 121.996 13
      vertex 5.46472 122.164 13
    endloop
  endfacet
  facet normal -0.321126 0.947036 0
    outer loop
      vertex 4.96927 121.996 13
      vertex 5.46472 122.164 2.4
      vertex 4.96927 121.996 2.4
    endloop
  endfacet
  facet normal 0.947028 -0.32115 0
    outer loop
      vertex 10.1955 116.769 13
      vertex 10.3637 117.265 2.4
      vertex 10.3637 117.265 13
    endloop
  endfacet
  facet normal 0.947028 -0.32115 0
    outer loop
      vertex 10.3637 117.265 2.4
      vertex 10.1955 116.769 13
      vertex 10.1955 116.769 2.4
    endloop
  endfacet
  facet normal -0.555978 -0.831197 0
    outer loop
      vertex 4.06495 115.127 2.4
      vertex 4.5 114.836 13
      vertex 4.06495 115.127 13
    endloop
  endfacet
  facet normal -0.555978 -0.831197 -0
    outer loop
      vertex 4.5 114.836 13
      vertex 4.06495 115.127 2.4
      vertex 4.5 114.836 2.4
    endloop
  endfacet
  facet normal -0.831441 -0.555613 0
    outer loop
      vertex 3.32659 115.865 2.4
      vertex 3.0359 116.3 13
      vertex 3.0359 116.3 2.4
    endloop
  endfacet
  facet normal -0.831441 -0.555613 0
    outer loop
      vertex 3.0359 116.3 13
      vertex 3.32659 115.865 2.4
      vertex 3.32659 115.865 13
    endloop
  endfacet
  facet normal -0.751529 -0.659701 0
    outer loop
      vertex 3.67157 115.472 2.4
      vertex 3.32659 115.865 13
      vertex 3.32659 115.865 2.4
    endloop
  endfacet
  facet normal -0.751529 -0.659701 0
    outer loop
      vertex 3.32659 115.865 13
      vertex 3.67157 115.472 2.4
      vertex 3.67157 115.472 13
    endloop
  endfacet
  facet normal 0.555978 -0.831197 0
    outer loop
      vertex 8.5 114.836 2.4
      vertex 8.93505 115.127 13
      vertex 8.5 114.836 13
    endloop
  endfacet
  facet normal 0.555978 -0.831197 0
    outer loop
      vertex 8.93505 115.127 13
      vertex 8.5 114.836 2.4
      vertex 8.93505 115.127 2.4
    endloop
  endfacet
  facet normal -0.997858 -0.0654151 0
    outer loop
      vertex 2.53422 117.778 2.4
      vertex 2.5 118.3 13
      vertex 2.5 118.3 2.4
    endloop
  endfacet
  facet normal -0.997858 -0.0654151 0
    outer loop
      vertex 2.5 118.3 13
      vertex 2.53422 117.778 2.4
      vertex 2.53422 117.778 13
    endloop
  endfacet
  facet normal 0.997861 -0.0653771 0
    outer loop
      vertex 10.4658 117.778 13
      vertex 10.5 118.3 2.4
      vertex 10.5 118.3 13
    endloop
  endfacet
  facet normal 0.997861 -0.0653771 0
    outer loop
      vertex 10.5 118.3 2.4
      vertex 10.4658 117.778 13
      vertex 10.4658 117.778 2.4
    endloop
  endfacet
  facet normal 0.831441 -0.555613 0
    outer loop
      vertex 9.67341 115.865 13
      vertex 9.9641 116.3 2.4
      vertex 9.9641 116.3 13
    endloop
  endfacet
  facet normal 0.831441 -0.555613 0
    outer loop
      vertex 9.9641 116.3 2.4
      vertex 9.67341 115.865 13
      vertex 9.67341 115.865 2.4
    endloop
  endfacet
  facet normal -0.194951 -0.980813 0
    outer loop
      vertex 5.46472 114.436 2.4
      vertex 5.97789 114.334 13
      vertex 5.46472 114.436 13
    endloop
  endfacet
  facet normal -0.194951 -0.980813 -0
    outer loop
      vertex 5.97789 114.334 13
      vertex 5.46472 114.436 2.4
      vertex 5.97789 114.334 2.4
    endloop
  endfacet
  facet normal -0.321126 -0.947036 0
    outer loop
      vertex 4.96927 114.604 2.4
      vertex 5.46472 114.436 13
      vertex 4.96927 114.604 13
    endloop
  endfacet
  facet normal -0.321126 -0.947036 -0
    outer loop
      vertex 5.46472 114.436 13
      vertex 4.96927 114.604 2.4
      vertex 5.46472 114.436 2.4
    endloop
  endfacet
  facet normal -0.659362 -0.751826 0
    outer loop
      vertex 3.67157 115.472 2.4
      vertex 4.06495 115.127 13
      vertex 3.67157 115.472 13
    endloop
  endfacet
  facet normal -0.659362 -0.751826 -0
    outer loop
      vertex 4.06495 115.127 13
      vertex 3.67157 115.472 2.4
      vertex 4.06495 115.127 2.4
    endloop
  endfacet
  facet normal -0.89677 -0.442496 0
    outer loop
      vertex 3.0359 116.3 2.4
      vertex 2.80448 116.769 13
      vertex 2.80448 116.769 2.4
    endloop
  endfacet
  facet normal -0.89677 -0.442496 0
    outer loop
      vertex 2.80448 116.769 13
      vertex 3.0359 116.3 2.4
      vertex 3.0359 116.3 13
    endloop
  endfacet
  facet normal 0.751529 -0.659701 0
    outer loop
      vertex 9.32843 115.472 13
      vertex 9.67341 115.865 2.4
      vertex 9.67341 115.865 13
    endloop
  endfacet
  facet normal 0.751529 -0.659701 0
    outer loop
      vertex 9.67341 115.865 2.4
      vertex 9.32843 115.472 13
      vertex 9.32843 115.472 2.4
    endloop
  endfacet
  facet normal 0.443182 -0.896432 0
    outer loop
      vertex 8.03073 114.604 2.4
      vertex 8.5 114.836 13
      vertex 8.03073 114.604 13
    endloop
  endfacet
  facet normal 0.443182 -0.896432 0
    outer loop
      vertex 8.5 114.836 13
      vertex 8.03073 114.604 2.4
      vertex 8.5 114.836 2.4
    endloop
  endfacet
  facet normal 0.321126 -0.947036 0
    outer loop
      vertex 7.53528 114.436 2.4
      vertex 8.03073 114.604 13
      vertex 7.53528 114.436 13
    endloop
  endfacet
  facet normal 0.321126 -0.947036 0
    outer loop
      vertex 8.03073 114.604 13
      vertex 7.53528 114.436 2.4
      vertex 8.03073 114.604 2.4
    endloop
  endfacet
  facet normal 0.896786 -0.442465 0
    outer loop
      vertex 9.9641 116.3 13
      vertex 10.1955 116.769 2.4
      vertex 10.1955 116.769 13
    endloop
  endfacet
  facet normal 0.896786 -0.442465 0
    outer loop
      vertex 10.1955 116.769 2.4
      vertex 9.9641 116.3 13
      vertex 9.9641 116.3 2.4
    endloop
  endfacet
  facet normal -0.0649827 -0.997886 0
    outer loop
      vertex 5.97789 114.334 2.4
      vertex 6.5 114.3 13
      vertex 5.97789 114.334 13
    endloop
  endfacet
  facet normal -0.0649827 -0.997886 -0
    outer loop
      vertex 6.5 114.3 13
      vertex 5.97789 114.334 2.4
      vertex 6.5 114.3 2.4
    endloop
  endfacet
  facet normal -0.443182 -0.896432 0
    outer loop
      vertex 4.5 114.836 2.4
      vertex 4.96927 114.604 13
      vertex 4.5 114.836 13
    endloop
  endfacet
  facet normal -0.443182 -0.896432 -0
    outer loop
      vertex 4.96927 114.604 13
      vertex 4.5 114.836 2.4
      vertex 4.96927 114.604 2.4
    endloop
  endfacet
  facet normal -0.94704 -0.321115 0
    outer loop
      vertex 2.80448 116.769 2.4
      vertex 2.6363 117.265 13
      vertex 2.6363 117.265 2.4
    endloop
  endfacet
  facet normal -0.94704 -0.321115 0
    outer loop
      vertex 2.6363 117.265 13
      vertex 2.80448 116.769 2.4
      vertex 2.80448 116.769 13
    endloop
  endfacet
  facet normal -0.980771 -0.19516 0
    outer loop
      vertex 2.6363 117.265 2.4
      vertex 2.53422 117.778 13
      vertex 2.53422 117.778 2.4
    endloop
  endfacet
  facet normal -0.980771 -0.19516 0
    outer loop
      vertex 2.53422 117.778 13
      vertex 2.6363 117.265 2.4
      vertex 2.6363 117.265 13
    endloop
  endfacet
  facet normal 0.659362 -0.751826 0
    outer loop
      vertex 8.93505 115.127 2.4
      vertex 9.32843 115.472 13
      vertex 8.93505 115.127 13
    endloop
  endfacet
  facet normal 0.659362 -0.751826 0
    outer loop
      vertex 9.32843 115.472 13
      vertex 8.93505 115.127 2.4
      vertex 9.32843 115.472 2.4
    endloop
  endfacet
  facet normal 0.556022 0.831167 -0
    outer loop
      vertex 54.735 121.473 2.4
      vertex 54.3 121.764 13
      vertex 54.735 121.473 13
    endloop
  endfacet
  facet normal 0.556022 0.831167 0
    outer loop
      vertex 54.3 121.764 13
      vertex 54.735 121.473 2.4
      vertex 54.3 121.764 2.4
    endloop
  endfacet
  facet normal 0.980764 -0.195197 0
    outer loop
      vertex 56.1637 117.265 13
      vertex 56.2658 117.778 2.4
      vertex 56.2658 117.778 13
    endloop
  endfacet
  facet normal 0.980764 -0.195197 0
    outer loop
      vertex 56.2658 117.778 2.4
      vertex 56.1637 117.265 13
      vertex 56.1637 117.265 2.4
    endloop
  endfacet
  facet normal -0.321156 0.947026 0
    outer loop
      vertex 51.2647 122.164 2.4
      vertex 50.7693 121.996 13
      vertex 51.2647 122.164 13
    endloop
  endfacet
  facet normal -0.321156 0.947026 0
    outer loop
      vertex 50.7693 121.996 13
      vertex 51.2647 122.164 2.4
      vertex 50.7693 121.996 2.4
    endloop
  endfacet
  facet normal -0.896786 0.442465 0
    outer loop
      vertex 48.6045 119.831 2.4
      vertex 48.8359 120.3 13
      vertex 48.8359 120.3 2.4
    endloop
  endfacet
  facet normal -0.896786 0.442465 0
    outer loop
      vertex 48.8359 120.3 13
      vertex 48.6045 119.831 2.4
      vertex 48.6045 119.831 13
    endloop
  endfacet
  facet normal 0.896786 0.442465 0
    outer loop
      vertex 55.9955 119.831 13
      vertex 55.7641 120.3 2.4
      vertex 55.7641 120.3 13
    endloop
  endfacet
  facet normal 0.896786 0.442465 0
    outer loop
      vertex 55.7641 120.3 2.4
      vertex 55.9955 119.831 13
      vertex 55.9955 119.831 2.4
    endloop
  endfacet
  facet normal 0.980764 0.195197 0
    outer loop
      vertex 56.2658 118.822 13
      vertex 56.1637 119.335 2.4
      vertex 56.1637 119.335 13
    endloop
  endfacet
  facet normal 0.980764 0.195197 0
    outer loop
      vertex 56.1637 119.335 2.4
      vertex 56.2658 118.822 13
      vertex 56.2658 118.822 2.4
    endloop
  endfacet
  facet normal 0.831432 0.555626 0
    outer loop
      vertex 55.7641 120.3 13
      vertex 55.4734 120.735 2.4
      vertex 55.4734 120.735 13
    endloop
  endfacet
  facet normal 0.831432 0.555626 0
    outer loop
      vertex 55.4734 120.735 2.4
      vertex 55.7641 120.3 13
      vertex 55.7641 120.3 2.4
    endloop
  endfacet
  facet normal 0.321156 0.947026 -0
    outer loop
      vertex 53.8307 121.996 2.4
      vertex 53.3353 122.164 13
      vertex 53.8307 121.996 13
    endloop
  endfacet
  facet normal 0.321156 0.947026 0
    outer loop
      vertex 53.3353 122.164 13
      vertex 53.8307 121.996 2.4
      vertex 53.3353 122.164 2.4
    endloop
  endfacet
  facet normal 0.064984 0.997886 -0
    outer loop
      vertex 52.8221 122.266 2.4
      vertex 52.3 122.3 13
      vertex 52.8221 122.266 13
    endloop
  endfacet
  facet normal 0.064984 0.997886 0
    outer loop
      vertex 52.3 122.3 13
      vertex 52.8221 122.266 2.4
      vertex 52.3 122.3 2.4
    endloop
  endfacet
  facet normal -0.997861 0.0653771 0
    outer loop
      vertex 48.3 118.3 2.4
      vertex 48.3342 118.822 13
      vertex 48.3342 118.822 2.4
    endloop
  endfacet
  facet normal -0.997861 0.0653771 0
    outer loop
      vertex 48.3342 118.822 13
      vertex 48.3 118.3 2.4
      vertex 48.3 118.3 13
    endloop
  endfacet
  facet normal -0.75151 0.659722 0
    outer loop
      vertex 49.1266 120.735 2.4
      vertex 49.4716 121.128 13
      vertex 49.4716 121.128 2.4
    endloop
  endfacet
  facet normal -0.75151 0.659722 0
    outer loop
      vertex 49.4716 121.128 13
      vertex 49.1266 120.735 2.4
      vertex 49.1266 120.735 13
    endloop
  endfacet
  facet normal -0.443159 0.896443 0
    outer loop
      vertex 50.7693 121.996 2.4
      vertex 50.3 121.764 13
      vertex 50.7693 121.996 13
    endloop
  endfacet
  facet normal -0.443159 0.896443 0
    outer loop
      vertex 50.3 121.764 13
      vertex 50.7693 121.996 2.4
      vertex 50.3 121.764 2.4
    endloop
  endfacet
  facet normal -0.19494 0.980815 0
    outer loop
      vertex 51.7779 122.266 2.4
      vertex 51.2647 122.164 13
      vertex 51.7779 122.266 13
    endloop
  endfacet
  facet normal -0.19494 0.980815 0
    outer loop
      vertex 51.2647 122.164 13
      vertex 51.7779 122.266 2.4
      vertex 51.2647 122.164 2.4
    endloop
  endfacet
  facet normal 0.997861 0.0653771 0
    outer loop
      vertex 56.3 118.3 13
      vertex 56.2658 118.822 2.4
      vertex 56.2658 118.822 13
    endloop
  endfacet
  facet normal 0.997861 0.0653771 0
    outer loop
      vertex 56.2658 118.822 2.4
      vertex 56.3 118.3 13
      vertex 56.3 118.3 2.4
    endloop
  endfacet
  facet normal 0.064984 -0.997886 0
    outer loop
      vertex 52.3 114.3 2.4
      vertex 52.8221 114.334 13
      vertex 52.3 114.3 13
    endloop
  endfacet
  facet normal 0.064984 -0.997886 0
    outer loop
      vertex 52.8221 114.334 13
      vertex 52.3 114.3 2.4
      vertex 52.8221 114.334 2.4
    endloop
  endfacet
  facet normal 0.947028 -0.32115 0
    outer loop
      vertex 55.9955 116.769 13
      vertex 56.1637 117.265 2.4
      vertex 56.1637 117.265 13
    endloop
  endfacet
  facet normal 0.947028 -0.32115 0
    outer loop
      vertex 56.1637 117.265 2.4
      vertex 55.9955 116.769 13
      vertex 55.9955 116.769 2.4
    endloop
  endfacet
  facet normal 0.443159 -0.896443 0
    outer loop
      vertex 53.8307 114.604 2.4
      vertex 54.3 114.836 13
      vertex 53.8307 114.604 13
    endloop
  endfacet
  facet normal 0.443159 -0.896443 0
    outer loop
      vertex 54.3 114.836 13
      vertex 53.8307 114.604 2.4
      vertex 54.3 114.836 2.4
    endloop
  endfacet
  facet normal -0.064984 -0.997886 0
    outer loop
      vertex 51.7779 114.334 2.4
      vertex 52.3 114.3 13
      vertex 51.7779 114.334 13
    endloop
  endfacet
  facet normal -0.064984 -0.997886 -0
    outer loop
      vertex 52.3 114.3 13
      vertex 51.7779 114.334 2.4
      vertex 52.3 114.3 2.4
    endloop
  endfacet
  facet normal -0.659343 -0.751842 0
    outer loop
      vertex 49.4716 115.472 2.4
      vertex 49.865 115.127 13
      vertex 49.4716 115.472 13
    endloop
  endfacet
  facet normal -0.659343 -0.751842 -0
    outer loop
      vertex 49.865 115.127 13
      vertex 49.4716 115.472 2.4
      vertex 49.865 115.127 2.4
    endloop
  endfacet
  facet normal -0.896786 -0.442465 0
    outer loop
      vertex 48.8359 116.3 2.4
      vertex 48.6045 116.769 13
      vertex 48.6045 116.769 2.4
    endloop
  endfacet
  facet normal -0.896786 -0.442465 0
    outer loop
      vertex 48.6045 116.769 13
      vertex 48.8359 116.3 2.4
      vertex 48.8359 116.3 13
    endloop
  endfacet
  facet normal -0.997861 -0.0653771 0
    outer loop
      vertex 48.3342 117.778 2.4
      vertex 48.3 118.3 13
      vertex 48.3 118.3 2.4
    endloop
  endfacet
  facet normal -0.997861 -0.0653771 0
    outer loop
      vertex 48.3 118.3 13
      vertex 48.3342 117.778 2.4
      vertex 48.3342 117.778 13
    endloop
  endfacet
  facet normal 0.947028 0.32115 0
    outer loop
      vertex 56.1637 119.335 13
      vertex 55.9955 119.831 2.4
      vertex 55.9955 119.831 13
    endloop
  endfacet
  facet normal 0.947028 0.32115 0
    outer loop
      vertex 55.9955 119.831 2.4
      vertex 56.1637 119.335 13
      vertex 56.1637 119.335 2.4
    endloop
  endfacet
  facet normal 0.75151 0.659722 0
    outer loop
      vertex 55.4734 120.735 13
      vertex 55.1284 121.128 2.4
      vertex 55.1284 121.128 13
    endloop
  endfacet
  facet normal 0.75151 0.659722 0
    outer loop
      vertex 55.1284 121.128 2.4
      vertex 55.4734 120.735 13
      vertex 55.4734 120.735 2.4
    endloop
  endfacet
  facet normal 0.659343 0.751842 -0
    outer loop
      vertex 55.1284 121.128 2.4
      vertex 54.735 121.473 13
      vertex 55.1284 121.128 13
    endloop
  endfacet
  facet normal 0.659343 0.751842 0
    outer loop
      vertex 54.735 121.473 13
      vertex 55.1284 121.128 2.4
      vertex 54.735 121.473 2.4
    endloop
  endfacet
  facet normal 0.443159 0.896443 -0
    outer loop
      vertex 54.3 121.764 2.4
      vertex 53.8307 121.996 13
      vertex 54.3 121.764 13
    endloop
  endfacet
  facet normal 0.443159 0.896443 0
    outer loop
      vertex 53.8307 121.996 13
      vertex 54.3 121.764 2.4
      vertex 53.8307 121.996 2.4
    endloop
  endfacet
  facet normal 0.19494 0.980815 -0
    outer loop
      vertex 53.3353 122.164 2.4
      vertex 52.8221 122.266 13
      vertex 53.3353 122.164 13
    endloop
  endfacet
  facet normal 0.19494 0.980815 0
    outer loop
      vertex 52.8221 122.266 13
      vertex 53.3353 122.164 2.4
      vertex 52.8221 122.266 2.4
    endloop
  endfacet
  facet normal 0 0 1
    outer loop
      vertex 53.9 118.3 13
      vertex 56.3 118.3 13
      vertex 56.2658 118.822 13
    endloop
  endfacet
  facet normal 0 0 1
    outer loop
      vertex 53.8863 118.509 13
      vertex 56.2658 118.822 13
      vertex 56.1637 119.335 13
    endloop
  endfacet
  facet normal 0 0 1
    outer loop
      vertex 56.3 118.3 13
      vertex 53.9 118.3 13
      vertex 56.2658 117.778 13
    endloop
  endfacet
  facet normal 0 0 1
    outer loop
      vertex 53.8455 118.714 13
      vertex 56.1637 119.335 13
      vertex 55.9955 119.831 13
    endloop
  endfacet
  facet normal -0 0 1
    outer loop
      vertex 53.8863 118.091 13
      vertex 56.2658 117.778 13
      vertex 53.9 118.3 13
    endloop
  endfacet
  facet normal 0 0 1
    outer loop
      vertex 53.7782 118.912 13
      vertex 55.9955 119.831 13
      vertex 55.7641 120.3 13
    endloop
  endfacet
  facet normal 0 0 1
    outer loop
      vertex 56.2658 117.778 13
      vertex 53.8863 118.091 13
      vertex 56.1637 117.265 13
    endloop
  endfacet
  facet normal 0 0 1
    outer loop
      vertex 53.6856 119.1 13
      vertex 55.7641 120.3 13
      vertex 55.4734 120.735 13
    endloop
  endfacet
  facet normal -0 0 1
    outer loop
      vertex 53.8455 117.886 13
      vertex 56.1637 117.265 13
      vertex 53.8863 118.091 13
    endloop
  endfacet
  facet normal 0 0 1
    outer loop
      vertex 53.5694 119.274 13
      vertex 55.4734 120.735 13
      vertex 55.1284 121.128 13
    endloop
  endfacet
  facet normal 0 0 1
    outer loop
      vertex 56.1637 117.265 13
      vertex 53.8455 117.886 13
      vertex 55.9955 116.769 13
    endloop
  endfacet
  facet normal 0 0 1
    outer loop
      vertex 53.4314 119.431 13
      vertex 55.1284 121.128 13
      vertex 54.735 121.473 13
    endloop
  endfacet
  facet normal -0 0 1
    outer loop
      vertex 53.7782 117.688 13
      vertex 55.9955 116.769 13
      vertex 53.8455 117.886 13
    endloop
  endfacet
  facet normal 0 0 1
    outer loop
      vertex 53.274 119.569 13
      vertex 54.735 121.473 13
      vertex 54.3 121.764 13
    endloop
  endfacet
  facet normal 0 0 1
    outer loop
      vertex 55.9955 116.769 13
      vertex 53.7782 117.688 13
      vertex 55.7641 116.3 13
    endloop
  endfacet
  facet normal -0 0 1
    outer loop
      vertex 53.6856 117.5 13
      vertex 55.7641 116.3 13
      vertex 53.7782 117.688 13
    endloop
  endfacet
  facet normal 0 0 1
    outer loop
      vertex 56.2658 118.822 13
      vertex 53.8863 118.509 13
      vertex 53.9 118.3 13
    endloop
  endfacet
  facet normal 0 0 1
    outer loop
      vertex 56.1637 119.335 13
      vertex 53.8455 118.714 13
      vertex 53.8863 118.509 13
    endloop
  endfacet
  facet normal 0 0 1
    outer loop
      vertex 53.1 119.686 13
      vertex 54.3 121.764 13
      vertex 53.8307 121.996 13
    endloop
  endfacet
  facet normal 0 0 1
    outer loop
      vertex 55.9955 119.831 13
      vertex 53.7782 118.912 13
      vertex 53.8455 118.714 13
    endloop
  endfacet
  facet normal 0 0 1
    outer loop
      vertex 55.7641 120.3 13
      vertex 53.6856 119.1 13
      vertex 53.7782 118.912 13
    endloop
  endfacet
  facet normal 0 0 1
    outer loop
      vertex 55.4734 120.735 13
      vertex 53.5694 119.274 13
      vertex 53.6856 119.1 13
    endloop
  endfacet
  facet normal 0 0 1
    outer loop
      vertex 55.1284 121.128 13
      vertex 53.4314 119.431 13
      vertex 53.5694 119.274 13
    endloop
  endfacet
  facet normal 0 0 1
    outer loop
      vertex 52.9123 119.778 13
      vertex 53.8307 121.996 13
      vertex 53.3353 122.164 13
    endloop
  endfacet
  facet normal 0 0 1
    outer loop
      vertex 54.735 121.473 13
      vertex 53.274 119.569 13
      vertex 53.4314 119.431 13
    endloop
  endfacet
  facet normal 0 0 1
    outer loop
      vertex 54.3 121.764 13
      vertex 53.1 119.686 13
      vertex 53.274 119.569 13
    endloop
  endfacet
  facet normal 0 0 1
    outer loop
      vertex 53.8307 121.996 13
      vertex 52.9123 119.778 13
      vertex 53.1 119.686 13
    endloop
  endfacet
  facet normal 0 0 1
    outer loop
      vertex 52.7141 119.845 13
      vertex 53.3353 122.164 13
      vertex 52.8221 122.266 13
    endloop
  endfacet
  facet normal 0 0 1
    outer loop
      vertex 53.3353 122.164 13
      vertex 52.7141 119.845 13
      vertex 52.9123 119.778 13
    endloop
  endfacet
  facet normal 0 0 1
    outer loop
      vertex 52.8221 122.266 13
      vertex 52.5088 119.886 13
      vertex 52.7141 119.845 13
    endloop
  endfacet
  facet normal 0 0 1
    outer loop
      vertex 52.3 122.3 13
      vertex 52.5088 119.886 13
      vertex 52.8221 122.266 13
    endloop
  endfacet
  facet normal 0 0 1
    outer loop
      vertex 52.3 122.3 13
      vertex 52.3 119.9 13
      vertex 52.5088 119.886 13
    endloop
  endfacet
  facet normal 0 0 1
    outer loop
      vertex 52.3 122.3 13
      vertex 52.0912 119.886 13
      vertex 52.3 119.9 13
    endloop
  endfacet
  facet normal -0 0 1
    outer loop
      vertex 51.7779 122.266 13
      vertex 52.0912 119.886 13
      vertex 52.3 122.3 13
    endloop
  endfacet
  facet normal 0 0 1
    outer loop
      vertex 52.0912 119.886 13
      vertex 51.7779 122.266 13
      vertex 51.8859 119.845 13
    endloop
  endfacet
  facet normal -0 0 1
    outer loop
      vertex 51.2647 122.164 13
      vertex 51.8859 119.845 13
      vertex 51.7779 122.266 13
    endloop
  endfacet
  facet normal 0 0 1
    outer loop
      vertex 51.8859 119.845 13
      vertex 51.2647 122.164 13
      vertex 51.6877 119.778 13
    endloop
  endfacet
  facet normal -0 0 1
    outer loop
      vertex 50.7693 121.996 13
      vertex 51.6877 119.778 13
      vertex 51.2647 122.164 13
    endloop
  endfacet
  facet normal 0 0 1
    outer loop
      vertex 51.6877 119.778 13
      vertex 50.7693 121.996 13
      vertex 51.5 119.686 13
    endloop
  endfacet
  facet normal -0 0 1
    outer loop
      vertex 50.3 121.764 13
      vertex 51.5 119.686 13
      vertex 50.7693 121.996 13
    endloop
  endfacet
  facet normal 0 0 1
    outer loop
      vertex 51.5 119.686 13
      vertex 50.3 121.764 13
      vertex 51.326 119.569 13
    endloop
  endfacet
  facet normal -0 0 1
    outer loop
      vertex 49.865 121.473 13
      vertex 51.326 119.569 13
      vertex 50.3 121.764 13
    endloop
  endfacet
  facet normal 0 0 1
    outer loop
      vertex 51.326 119.569 13
      vertex 49.865 121.473 13
      vertex 51.1686 119.431 13
    endloop
  endfacet
  facet normal -0 0 1
    outer loop
      vertex 49.4716 121.128 13
      vertex 51.1686 119.431 13
      vertex 49.865 121.473 13
    endloop
  endfacet
  facet normal 0 0 1
    outer loop
      vertex 51.1686 119.431 13
      vertex 49.4716 121.128 13
      vertex 51.0306 119.274 13
    endloop
  endfacet
  facet normal -0 0 1
    outer loop
      vertex 49.1266 120.735 13
      vertex 51.0306 119.274 13
      vertex 49.4716 121.128 13
    endloop
  endfacet
  facet normal 0 0 1
    outer loop
      vertex 51.0306 119.274 13
      vertex 49.1266 120.735 13
      vertex 50.9144 119.1 13
    endloop
  endfacet
  facet normal -0 0 1
    outer loop
      vertex 48.8359 120.3 13
      vertex 50.9144 119.1 13
      vertex 49.1266 120.735 13
    endloop
  endfacet
  facet normal 0 0 1
    outer loop
      vertex 55.7641 116.3 13
      vertex 53.6856 117.5 13
      vertex 55.4734 115.865 13
    endloop
  endfacet
  facet normal -0 0 1
    outer loop
      vertex 53.5694 117.326 13
      vertex 55.4734 115.865 13
      vertex 53.6856 117.5 13
    endloop
  endfacet
  facet normal 0 0 1
    outer loop
      vertex 55.4734 115.865 13
      vertex 53.5694 117.326 13
      vertex 55.1284 115.472 13
    endloop
  endfacet
  facet normal -0 0 1
    outer loop
      vertex 53.4314 117.169 13
      vertex 55.1284 115.472 13
      vertex 53.5694 117.326 13
    endloop
  endfacet
  facet normal 0 0 1
    outer loop
      vertex 55.1284 115.472 13
      vertex 53.4314 117.169 13
      vertex 54.735 115.127 13
    endloop
  endfacet
  facet normal -0 0 1
    outer loop
      vertex 53.274 117.031 13
      vertex 54.735 115.127 13
      vertex 53.4314 117.169 13
    endloop
  endfacet
  facet normal 0 0 1
    outer loop
      vertex 54.735 115.127 13
      vertex 53.274 117.031 13
      vertex 54.3 114.836 13
    endloop
  endfacet
  facet normal -0 0 1
    outer loop
      vertex 53.1 116.914 13
      vertex 54.3 114.836 13
      vertex 53.274 117.031 13
    endloop
  endfacet
  facet normal 0 0 1
    outer loop
      vertex 54.3 114.836 13
      vertex 53.1 116.914 13
      vertex 53.8307 114.604 13
    endloop
  endfacet
  facet normal -0 0 1
    outer loop
      vertex 52.9123 116.822 13
      vertex 53.8307 114.604 13
      vertex 53.1 116.914 13
    endloop
  endfacet
  facet normal 0 0 1
    outer loop
      vertex 53.8307 114.604 13
      vertex 52.9123 116.822 13
      vertex 53.3353 114.436 13
    endloop
  endfacet
  facet normal -0 0 1
    outer loop
      vertex 52.7141 116.755 13
      vertex 53.3353 114.436 13
      vertex 52.9123 116.822 13
    endloop
  endfacet
  facet normal 0 0 1
    outer loop
      vertex 53.3353 114.436 13
      vertex 52.7141 116.755 13
      vertex 52.8221 114.334 13
    endloop
  endfacet
  facet normal -0 0 1
    outer loop
      vertex 52.5088 116.714 13
      vertex 52.8221 114.334 13
      vertex 52.7141 116.755 13
    endloop
  endfacet
  facet normal -0 0 1
    outer loop
      vertex 52.3 116.7 13
      vertex 52.8221 114.334 13
      vertex 52.5088 116.714 13
    endloop
  endfacet
  facet normal 0 0 1
    outer loop
      vertex 52.3 116.7 13
      vertex 52.3 114.3 13
      vertex 52.8221 114.334 13
    endloop
  endfacet
  facet normal 0 0 1
    outer loop
      vertex 52.0912 116.714 13
      vertex 52.3 114.3 13
      vertex 52.3 116.7 13
    endloop
  endfacet
  facet normal 0 0 1
    outer loop
      vertex 51.7779 114.334 13
      vertex 52.0912 116.714 13
      vertex 51.8859 116.755 13
    endloop
  endfacet
  facet normal 0 0 1
    outer loop
      vertex 52.0912 116.714 13
      vertex 51.7779 114.334 13
      vertex 52.3 114.3 13
    endloop
  endfacet
  facet normal 0 0 1
    outer loop
      vertex 51.2647 114.436 13
      vertex 51.8859 116.755 13
      vertex 51.6877 116.822 13
    endloop
  endfacet
  facet normal 0 0 1
    outer loop
      vertex 50.7693 114.604 13
      vertex 51.6877 116.822 13
      vertex 51.5 116.914 13
    endloop
  endfacet
  facet normal 0 0 1
    outer loop
      vertex 50.3 114.836 13
      vertex 51.5 116.914 13
      vertex 51.326 117.031 13
    endloop
  endfacet
  facet normal 0 0 1
    outer loop
      vertex 51.8859 116.755 13
      vertex 51.2647 114.436 13
      vertex 51.7779 114.334 13
    endloop
  endfacet
  facet normal 0 0 1
    outer loop
      vertex 49.865 115.127 13
      vertex 51.326 117.031 13
      vertex 51.1686 117.169 13
    endloop
  endfacet
  facet normal 0 0 1
    outer loop
      vertex 49.4716 115.472 13
      vertex 51.1686 117.169 13
      vertex 51.0306 117.326 13
    endloop
  endfacet
  facet normal 0 0 1
    outer loop
      vertex 49.1266 115.865 13
      vertex 51.0306 117.326 13
      vertex 50.9144 117.5 13
    endloop
  endfacet
  facet normal 0 0 1
    outer loop
      vertex 48.8359 116.3 13
      vertex 50.9144 117.5 13
      vertex 50.8218 117.688 13
    endloop
  endfacet
  facet normal 0 0 1
    outer loop
      vertex 51.6877 116.822 13
      vertex 50.7693 114.604 13
      vertex 51.2647 114.436 13
    endloop
  endfacet
  facet normal 0 0 1
    outer loop
      vertex 48.6045 116.769 13
      vertex 50.8218 117.688 13
      vertex 50.7545 117.886 13
    endloop
  endfacet
  facet normal 0 0 1
    outer loop
      vertex 48.4363 117.265 13
      vertex 50.7545 117.886 13
      vertex 50.7137 118.091 13
    endloop
  endfacet
  facet normal 0 0 1
    outer loop
      vertex 48.3342 117.778 13
      vertex 50.7137 118.091 13
      vertex 50.7 118.3 13
    endloop
  endfacet
  facet normal 0 0 1
    outer loop
      vertex 50.9144 119.1 13
      vertex 48.8359 120.3 13
      vertex 50.8218 118.912 13
    endloop
  endfacet
  facet normal 0 0 1
    outer loop
      vertex 51.5 116.914 13
      vertex 50.3 114.836 13
      vertex 50.7693 114.604 13
    endloop
  endfacet
  facet normal -0 0 1
    outer loop
      vertex 48.6045 119.831 13
      vertex 50.8218 118.912 13
      vertex 48.8359 120.3 13
    endloop
  endfacet
  facet normal 0 0 1
    outer loop
      vertex 51.326 117.031 13
      vertex 49.865 115.127 13
      vertex 50.3 114.836 13
    endloop
  endfacet
  facet normal 0 0 1
    outer loop
      vertex 50.8218 118.912 13
      vertex 48.6045 119.831 13
      vertex 50.7545 118.714 13
    endloop
  endfacet
  facet normal 0 0 1
    outer loop
      vertex 51.1686 117.169 13
      vertex 49.4716 115.472 13
      vertex 49.865 115.127 13
    endloop
  endfacet
  facet normal -0 0 1
    outer loop
      vertex 48.4363 119.335 13
      vertex 50.7545 118.714 13
      vertex 48.6045 119.831 13
    endloop
  endfacet
  facet normal 0 0 1
    outer loop
      vertex 51.0306 117.326 13
      vertex 49.1266 115.865 13
      vertex 49.4716 115.472 13
    endloop
  endfacet
  facet normal 0 0 1
    outer loop
      vertex 50.7545 118.714 13
      vertex 48.4363 119.335 13
      vertex 50.7137 118.509 13
    endloop
  endfacet
  facet normal 0 0 1
    outer loop
      vertex 50.9144 117.5 13
      vertex 48.8359 116.3 13
      vertex 49.1266 115.865 13
    endloop
  endfacet
  facet normal -0 0 1
    outer loop
      vertex 48.3342 118.822 13
      vertex 50.7137 118.509 13
      vertex 48.4363 119.335 13
    endloop
  endfacet
  facet normal 0 0 1
    outer loop
      vertex 50.8218 117.688 13
      vertex 48.6045 116.769 13
      vertex 48.8359 116.3 13
    endloop
  endfacet
  facet normal 0 0 1
    outer loop
      vertex 50.7137 118.509 13
      vertex 48.3342 118.822 13
      vertex 50.7 118.3 13
    endloop
  endfacet
  facet normal 0 0 1
    outer loop
      vertex 50.7545 117.886 13
      vertex 48.4363 117.265 13
      vertex 48.6045 116.769 13
    endloop
  endfacet
  facet normal 0 0 1
    outer loop
      vertex 48.3 118.3 13
      vertex 50.7 118.3 13
      vertex 48.3342 118.822 13
    endloop
  endfacet
  facet normal 0 0 1
    outer loop
      vertex 50.7137 118.091 13
      vertex 48.3342 117.778 13
      vertex 48.4363 117.265 13
    endloop
  endfacet
  facet normal 0 0 1
    outer loop
      vertex 50.7 118.3 13
      vertex 48.3 118.3 13
      vertex 48.3342 117.778 13
    endloop
  endfacet
  facet normal -0.947028 0.32115 0
    outer loop
      vertex 48.4363 119.335 2.4
      vertex 48.6045 119.831 13
      vertex 48.6045 119.831 2.4
    endloop
  endfacet
  facet normal -0.947028 0.32115 0
    outer loop
      vertex 48.6045 119.831 13
      vertex 48.4363 119.335 2.4
      vertex 48.4363 119.335 13
    endloop
  endfacet
  facet normal -0.980764 0.195197 0
    outer loop
      vertex 48.3342 118.822 2.4
      vertex 48.4363 119.335 13
      vertex 48.4363 119.335 2.4
    endloop
  endfacet
  facet normal -0.980764 0.195197 0
    outer loop
      vertex 48.4363 119.335 13
      vertex 48.3342 118.822 2.4
      vertex 48.3342 118.822 13
    endloop
  endfacet
  facet normal -0.831432 0.555626 0
    outer loop
      vertex 48.8359 120.3 2.4
      vertex 49.1266 120.735 13
      vertex 49.1266 120.735 2.4
    endloop
  endfacet
  facet normal -0.831432 0.555626 0
    outer loop
      vertex 49.1266 120.735 13
      vertex 48.8359 120.3 2.4
      vertex 48.8359 120.3 13
    endloop
  endfacet
  facet normal -0.064984 0.997886 0
    outer loop
      vertex 52.3 122.3 2.4
      vertex 51.7779 122.266 13
      vertex 52.3 122.3 13
    endloop
  endfacet
  facet normal -0.064984 0.997886 0
    outer loop
      vertex 51.7779 122.266 13
      vertex 52.3 122.3 2.4
      vertex 51.7779 122.266 2.4
    endloop
  endfacet
  facet normal -0.556022 0.831167 0
    outer loop
      vertex 50.3 121.764 2.4
      vertex 49.865 121.473 13
      vertex 50.3 121.764 13
    endloop
  endfacet
  facet normal -0.556022 0.831167 0
    outer loop
      vertex 49.865 121.473 13
      vertex 50.3 121.764 2.4
      vertex 49.865 121.473 2.4
    endloop
  endfacet
  facet normal -0.659343 0.751842 0
    outer loop
      vertex 49.865 121.473 2.4
      vertex 49.4716 121.128 13
      vertex 49.865 121.473 13
    endloop
  endfacet
  facet normal -0.659343 0.751842 0
    outer loop
      vertex 49.4716 121.128 13
      vertex 49.865 121.473 2.4
      vertex 49.4716 121.128 2.4
    endloop
  endfacet
  facet normal 0.896786 -0.442465 0
    outer loop
      vertex 55.7641 116.3 13
      vertex 55.9955 116.769 2.4
      vertex 55.9955 116.769 13
    endloop
  endfacet
  facet normal 0.896786 -0.442465 0
    outer loop
      vertex 55.9955 116.769 2.4
      vertex 55.7641 116.3 13
      vertex 55.7641 116.3 2.4
    endloop
  endfacet
  facet normal 0.19494 -0.980815 0
    outer loop
      vertex 52.8221 114.334 2.4
      vertex 53.3353 114.436 13
      vertex 52.8221 114.334 13
    endloop
  endfacet
  facet normal 0.19494 -0.980815 0
    outer loop
      vertex 53.3353 114.436 13
      vertex 52.8221 114.334 2.4
      vertex 53.3353 114.436 2.4
    endloop
  endfacet
  facet normal 0.556022 -0.831167 0
    outer loop
      vertex 54.3 114.836 2.4
      vertex 54.735 115.127 13
      vertex 54.3 114.836 13
    endloop
  endfacet
  facet normal 0.556022 -0.831167 0
    outer loop
      vertex 54.735 115.127 13
      vertex 54.3 114.836 2.4
      vertex 54.735 115.127 2.4
    endloop
  endfacet
  facet normal -0.321156 -0.947026 0
    outer loop
      vertex 50.7693 114.604 2.4
      vertex 51.2647 114.436 13
      vertex 50.7693 114.604 13
    endloop
  endfacet
  facet normal -0.321156 -0.947026 -0
    outer loop
      vertex 51.2647 114.436 13
      vertex 50.7693 114.604 2.4
      vertex 51.2647 114.436 2.4
    endloop
  endfacet
  facet normal -0.443159 -0.896443 0
    outer loop
      vertex 50.3 114.836 2.4
      vertex 50.7693 114.604 13
      vertex 50.3 114.836 13
    endloop
  endfacet
  facet normal -0.443159 -0.896443 -0
    outer loop
      vertex 50.7693 114.604 13
      vertex 50.3 114.836 2.4
      vertex 50.7693 114.604 2.4
    endloop
  endfacet
  facet normal -0.980764 -0.195197 0
    outer loop
      vertex 48.4363 117.265 2.4
      vertex 48.3342 117.778 13
      vertex 48.3342 117.778 2.4
    endloop
  endfacet
  facet normal -0.980764 -0.195197 0
    outer loop
      vertex 48.3342 117.778 13
      vertex 48.4363 117.265 2.4
      vertex 48.4363 117.265 13
    endloop
  endfacet
  facet normal -0.831432 -0.555626 0
    outer loop
      vertex 49.1266 115.865 2.4
      vertex 48.8359 116.3 13
      vertex 48.8359 116.3 2.4
    endloop
  endfacet
  facet normal -0.831432 -0.555626 0
    outer loop
      vertex 48.8359 116.3 13
      vertex 49.1266 115.865 2.4
      vertex 49.1266 115.865 13
    endloop
  endfacet
  facet normal -0.75151 -0.659722 0
    outer loop
      vertex 49.4716 115.472 2.4
      vertex 49.1266 115.865 13
      vertex 49.1266 115.865 2.4
    endloop
  endfacet
  facet normal -0.75151 -0.659722 0
    outer loop
      vertex 49.1266 115.865 13
      vertex 49.4716 115.472 2.4
      vertex 49.4716 115.472 13
    endloop
  endfacet
  facet normal 0.997861 -0.0653771 0
    outer loop
      vertex 56.2658 117.778 13
      vertex 56.3 118.3 2.4
      vertex 56.3 118.3 13
    endloop
  endfacet
  facet normal 0.997861 -0.0653771 0
    outer loop
      vertex 56.3 118.3 2.4
      vertex 56.2658 117.778 13
      vertex 56.2658 117.778 2.4
    endloop
  endfacet
  facet normal 0.321156 -0.947026 0
    outer loop
      vertex 53.3353 114.436 2.4
      vertex 53.8307 114.604 13
      vertex 53.3353 114.436 13
    endloop
  endfacet
  facet normal 0.321156 -0.947026 0
    outer loop
      vertex 53.8307 114.604 13
      vertex 53.3353 114.436 2.4
      vertex 53.8307 114.604 2.4
    endloop
  endfacet
  facet normal 0.659343 -0.751842 0
    outer loop
      vertex 54.735 115.127 2.4
      vertex 55.1284 115.472 13
      vertex 54.735 115.127 13
    endloop
  endfacet
  facet normal 0.659343 -0.751842 0
    outer loop
      vertex 55.1284 115.472 13
      vertex 54.735 115.127 2.4
      vertex 55.1284 115.472 2.4
    endloop
  endfacet
  facet normal -0.19494 -0.980815 0
    outer loop
      vertex 51.2647 114.436 2.4
      vertex 51.7779 114.334 13
      vertex 51.2647 114.436 13
    endloop
  endfacet
  facet normal -0.19494 -0.980815 -0
    outer loop
      vertex 51.7779 114.334 13
      vertex 51.2647 114.436 2.4
      vertex 51.7779 114.334 2.4
    endloop
  endfacet
  facet normal -0.556022 -0.831167 0
    outer loop
      vertex 49.865 115.127 2.4
      vertex 50.3 114.836 13
      vertex 49.865 115.127 13
    endloop
  endfacet
  facet normal -0.556022 -0.831167 -0
    outer loop
      vertex 50.3 114.836 13
      vertex 49.865 115.127 2.4
      vertex 50.3 114.836 2.4
    endloop
  endfacet
  facet normal -0.947028 -0.32115 0
    outer loop
      vertex 48.6045 116.769 2.4
      vertex 48.4363 117.265 13
      vertex 48.4363 117.265 2.4
    endloop
  endfacet
  facet normal -0.947028 -0.32115 0
    outer loop
      vertex 48.4363 117.265 13
      vertex 48.6045 116.769 2.4
      vertex 48.6045 116.769 13
    endloop
  endfacet
  facet normal 0.831432 -0.555626 0
    outer loop
      vertex 55.4734 115.865 13
      vertex 55.7641 116.3 2.4
      vertex 55.7641 116.3 13
    endloop
  endfacet
  facet normal 0.831432 -0.555626 0
    outer loop
      vertex 55.7641 116.3 2.4
      vertex 55.4734 115.865 13
      vertex 55.4734 115.865 2.4
    endloop
  endfacet
  facet normal 0.75151 -0.659722 0
    outer loop
      vertex 55.1284 115.472 13
      vertex 55.4734 115.865 2.4
      vertex 55.4734 115.865 13
    endloop
  endfacet
  facet normal 0.75151 -0.659722 0
    outer loop
      vertex 55.4734 115.865 2.4
      vertex 55.1284 115.472 13
      vertex 55.1284 115.472 2.4
    endloop
  endfacet
  facet normal 0.997859 0.0653958 0
    outer loop
      vertex 36.4 100.4 5.4
      vertex 36.3401 101.314 2.4
      vertex 36.3401 101.314 5.4
    endloop
  endfacet
  facet normal 0.997859 0.0653958 0
    outer loop
      vertex 36.3401 101.314 2.4
      vertex 36.4 100.4 5.4
      vertex 36.4 100.4 2.4
    endloop
  endfacet
  facet normal -0.0655259 0.997851 0
    outer loop
      vertex 29.4 107.4 2.4
      vertex 28.4863 107.34 5.4
      vertex 29.4 107.4 5.4
    endloop
  endfacet
  facet normal -0.0655259 0.997851 0
    outer loop
      vertex 28.4863 107.34 5.4
      vertex 29.4 107.4 2.4
      vertex 28.4863 107.34 2.4
    endloop
  endfacet
  facet normal 0.0654172 -0.997858 0
    outer loop
      vertex 29.4 93.4 2.4
      vertex 30.3137 93.4599 5.4
      vertex 29.4 93.4 5.4
    endloop
  endfacet
  facet normal 0.0654172 -0.997858 0
    outer loop
      vertex 30.3137 93.4599 5.4
      vertex 29.4 93.4 2.4
      vertex 30.3137 93.4599 2.4
    endloop
  endfacet
  facet normal 0.658907 0.752225 -0
    outer loop
      vertex 34.3497 105.35 2.4
      vertex 33.6613 105.953 5.4
      vertex 34.3497 105.35 5.4
    endloop
  endfacet
  facet normal 0.658907 0.752225 0
    outer loop
      vertex 33.6613 105.953 5.4
      vertex 34.3497 105.35 2.4
      vertex 33.6613 105.953 2.4
    endloop
  endfacet
  facet normal -0.752076 0.659076 0
    outer loop
      vertex 23.8465 104.661 2.4
      vertex 24.4503 105.35 5.4
      vertex 24.4503 105.35 2.4
    endloop
  endfacet
  facet normal -0.752076 0.659076 0
    outer loop
      vertex 24.4503 105.35 5.4
      vertex 23.8465 104.661 2.4
      vertex 23.8465 104.661 5.4
    endloop
  endfacet
  facet normal -0.442314 0.89686 0
    outer loop
      vertex 26.7212 106.867 2.4
      vertex 25.9 106.462 5.4
      vertex 26.7212 106.867 5.4
    endloop
  endfacet
  facet normal -0.442314 0.89686 0
    outer loop
      vertex 25.9 106.462 5.4
      vertex 26.7212 106.867 2.4
      vertex 25.9 106.462 2.4
    endloop
  endfacet
  facet normal 0.89686 -0.442314 0
    outer loop
      vertex 35.4622 96.9 5.4
      vertex 35.8672 97.7212 2.4
      vertex 35.8672 97.7212 5.4
    endloop
  endfacet
  facet normal 0.89686 -0.442314 0
    outer loop
      vertex 35.8672 97.7212 2.4
      vertex 35.4622 96.9 5.4
      vertex 35.4622 96.9 2.4
    endloop
  endfacet
  facet normal -0.946944 -0.3214 0
    outer loop
      vertex 22.9328 97.7212 2.4
      vertex 22.6385 98.5883 5.4
      vertex 22.6385 98.5883 2.4
    endloop
  endfacet
  facet normal -0.946944 -0.3214 0
    outer loop
      vertex 22.6385 98.5883 5.4
      vertex 22.9328 97.7212 2.4
      vertex 22.9328 97.7212 5.4
    endloop
  endfacet
  facet normal 0.896817 0.442401 0
    outer loop
      vertex 35.8672 103.079 5.4
      vertex 35.4622 103.9 2.4
      vertex 35.4622 103.9 5.4
    endloop
  endfacet
  facet normal 0.896817 0.442401 0
    outer loop
      vertex 35.4622 103.9 2.4
      vertex 35.8672 103.079 5.4
      vertex 35.8672 103.079 2.4
    endloop
  endfacet
  facet normal 0.831361 0.555733 0
    outer loop
      vertex 35.4622 103.9 5.4
      vertex 34.9535 104.661 2.4
      vertex 34.9535 104.661 5.4
    endloop
  endfacet
  facet normal 0.831361 0.555733 0
    outer loop
      vertex 34.9535 104.661 2.4
      vertex 35.4622 103.9 5.4
      vertex 35.4622 103.9 2.4
    endloop
  endfacet
  facet normal 0.321106 0.947043 -0
    outer loop
      vertex 32.0788 106.867 2.4
      vertex 31.2117 107.161 5.4
      vertex 32.0788 106.867 5.4
    endloop
  endfacet
  facet normal 0.321106 0.947043 0
    outer loop
      vertex 31.2117 107.161 5.4
      vertex 32.0788 106.867 2.4
      vertex 31.2117 107.161 2.4
    endloop
  endfacet
  facet normal 0.195486 0.980706 -0
    outer loop
      vertex 31.2117 107.161 2.4
      vertex 30.3137 107.34 5.4
      vertex 31.2117 107.161 5.4
    endloop
  endfacet
  facet normal 0.195486 0.980706 0
    outer loop
      vertex 30.3137 107.34 5.4
      vertex 31.2117 107.161 2.4
      vertex 30.3137 107.34 2.4
    endloop
  endfacet
  facet normal 0.442314 0.89686 -0
    outer loop
      vertex 32.9 106.462 2.4
      vertex 32.0788 106.867 5.4
      vertex 32.9 106.462 5.4
    endloop
  endfacet
  facet normal 0.442314 0.89686 0
    outer loop
      vertex 32.0788 106.867 5.4
      vertex 32.9 106.462 2.4
      vertex 32.0788 106.867 2.4
    endloop
  endfacet
  facet normal -0.896817 0.442401 0
    outer loop
      vertex 22.9328 103.079 2.4
      vertex 23.3378 103.9 5.4
      vertex 23.3378 103.9 2.4
    endloop
  endfacet
  facet normal -0.896817 0.442401 0
    outer loop
      vertex 23.3378 103.9 5.4
      vertex 22.9328 103.079 2.4
      vertex 22.9328 103.079 5.4
    endloop
  endfacet
  facet normal -0.831361 0.555733 0
    outer loop
      vertex 23.3378 103.9 2.4
      vertex 23.8465 104.661 5.4
      vertex 23.8465 104.661 2.4
    endloop
  endfacet
  facet normal -0.831361 0.555733 0
    outer loop
      vertex 23.8465 104.661 5.4
      vertex 23.3378 103.9 2.4
      vertex 23.3378 103.9 5.4
    endloop
  endfacet
  facet normal -0.658907 0.752225 0
    outer loop
      vertex 25.1387 105.953 2.4
      vertex 24.4503 105.35 5.4
      vertex 25.1387 105.953 5.4
    endloop
  endfacet
  facet normal -0.658907 0.752225 0
    outer loop
      vertex 24.4503 105.35 5.4
      vertex 25.1387 105.953 2.4
      vertex 24.4503 105.35 2.4
    endloop
  endfacet
  facet normal -0.321106 0.947043 0
    outer loop
      vertex 27.5883 107.161 2.4
      vertex 26.7212 106.867 5.4
      vertex 27.5883 107.161 5.4
    endloop
  endfacet
  facet normal -0.321106 0.947043 0
    outer loop
      vertex 26.7212 106.867 5.4
      vertex 27.5883 107.161 2.4
      vertex 26.7212 106.867 2.4
    endloop
  endfacet
  facet normal 0.3214 -0.946944 0
    outer loop
      vertex 31.2117 93.6385 2.4
      vertex 32.0788 93.9328 5.4
      vertex 31.2117 93.6385 5.4
    endloop
  endfacet
  facet normal 0.3214 -0.946944 0
    outer loop
      vertex 32.0788 93.9328 5.4
      vertex 31.2117 93.6385 2.4
      vertex 32.0788 93.9328 2.4
    endloop
  endfacet
  facet normal 0.195066 -0.98079 0
    outer loop
      vertex 30.3137 93.4599 2.4
      vertex 31.2117 93.6385 5.4
      vertex 30.3137 93.4599 5.4
    endloop
  endfacet
  facet normal 0.195066 -0.98079 0
    outer loop
      vertex 31.2117 93.6385 5.4
      vertex 30.3137 93.4599 2.4
      vertex 31.2117 93.6385 2.4
    endloop
  endfacet
  facet normal -0.555582 -0.831462 0
    outer loop
      vertex 25.1387 94.8465 2.4
      vertex 25.9 94.3378 5.4
      vertex 25.1387 94.8465 5.4
    endloop
  endfacet
  facet normal -0.555582 -0.831462 -0
    outer loop
      vertex 25.9 94.3378 5.4
      vertex 25.1387 94.8465 2.4
      vertex 25.9 94.3378 2.4
    endloop
  endfacet
  facet normal -0.195066 -0.98079 0
    outer loop
      vertex 27.5883 93.6385 2.4
      vertex 28.4863 93.4599 5.4
      vertex 27.5883 93.6385 5.4
    endloop
  endfacet
  facet normal -0.195066 -0.98079 -0
    outer loop
      vertex 28.4863 93.4599 5.4
      vertex 27.5883 93.6385 2.4
      vertex 28.4863 93.4599 2.4
    endloop
  endfacet
  facet normal -0.659339 -0.751846 0
    outer loop
      vertex 24.4503 95.4502 2.4
      vertex 25.1387 94.8465 5.4
      vertex 24.4503 95.4502 5.4
    endloop
  endfacet
  facet normal -0.659339 -0.751846 -0
    outer loop
      vertex 25.1387 94.8465 5.4
      vertex 24.4503 95.4502 2.4
      vertex 25.1387 94.8465 2.4
    endloop
  endfacet
  facet normal -0.98079 -0.195066 0
    outer loop
      vertex 22.6385 98.5883 2.4
      vertex 22.4599 99.4863 5.4
      vertex 22.4599 99.4863 2.4
    endloop
  endfacet
  facet normal -0.98079 -0.195066 0
    outer loop
      vertex 22.4599 99.4863 5.4
      vertex 22.6385 98.5883 2.4
      vertex 22.6385 98.5883 5.4
    endloop
  endfacet
  facet normal 0.946932 0.321433 0
    outer loop
      vertex 36.1615 102.212 5.4
      vertex 35.8672 103.079 2.4
      vertex 35.8672 103.079 5.4
    endloop
  endfacet
  facet normal 0.946932 0.321433 0
    outer loop
      vertex 35.8672 103.079 2.4
      vertex 36.1615 102.212 5.4
      vertex 36.1615 102.212 2.4
    endloop
  endfacet
  facet normal 0.98079 0.195066 0
    outer loop
      vertex 36.3401 101.314 5.4
      vertex 36.1615 102.212 2.4
      vertex 36.1615 102.212 5.4
    endloop
  endfacet
  facet normal 0.98079 0.195066 0
    outer loop
      vertex 36.1615 102.212 2.4
      vertex 36.3401 101.314 5.4
      vertex 36.3401 101.314 2.4
    endloop
  endfacet
  facet normal 0.0655259 0.997851 -0
    outer loop
      vertex 30.3137 107.34 2.4
      vertex 29.4 107.4 5.4
      vertex 30.3137 107.34 5.4
    endloop
  endfacet
  facet normal 0.0655259 0.997851 0
    outer loop
      vertex 29.4 107.4 5.4
      vertex 30.3137 107.34 2.4
      vertex 29.4 107.4 2.4
    endloop
  endfacet
  facet normal 0.555808 0.83131 -0
    outer loop
      vertex 33.6613 105.953 2.4
      vertex 32.9 106.462 5.4
      vertex 33.6613 105.953 5.4
    endloop
  endfacet
  facet normal 0.555808 0.83131 0
    outer loop
      vertex 32.9 106.462 5.4
      vertex 33.6613 105.953 2.4
      vertex 32.9 106.462 2.4
    endloop
  endfacet
  facet normal -0.946932 0.321433 0
    outer loop
      vertex 22.6385 102.212 2.4
      vertex 22.9328 103.079 5.4
      vertex 22.9328 103.079 2.4
    endloop
  endfacet
  facet normal -0.946932 0.321433 0
    outer loop
      vertex 22.9328 103.079 5.4
      vertex 22.6385 102.212 2.4
      vertex 22.6385 102.212 5.4
    endloop
  endfacet
  facet normal -0.997859 0.0653958 0
    outer loop
      vertex 22.4 100.4 2.4
      vertex 22.4599 101.314 5.4
      vertex 22.4599 101.314 2.4
    endloop
  endfacet
  facet normal -0.997859 0.0653958 0
    outer loop
      vertex 22.4599 101.314 5.4
      vertex 22.4 100.4 2.4
      vertex 22.4 100.4 5.4
    endloop
  endfacet
  facet normal -0.997858 -0.0654172 0
    outer loop
      vertex 22.4599 99.4863 2.4
      vertex 22.4 100.4 5.4
      vertex 22.4 100.4 2.4
    endloop
  endfacet
  facet normal -0.997858 -0.0654172 0
    outer loop
      vertex 22.4 100.4 5.4
      vertex 22.4599 99.4863 2.4
      vertex 22.4599 99.4863 5.4
    endloop
  endfacet
  facet normal -0.555808 0.83131 0
    outer loop
      vertex 25.9 106.462 2.4
      vertex 25.1387 105.953 5.4
      vertex 25.9 106.462 5.4
    endloop
  endfacet
  facet normal -0.555808 0.83131 0
    outer loop
      vertex 25.1387 105.953 5.4
      vertex 25.9 106.462 2.4
      vertex 25.1387 105.953 2.4
    endloop
  endfacet
  facet normal -0.195486 0.980706 0
    outer loop
      vertex 28.4863 107.34 2.4
      vertex 27.5883 107.161 5.4
      vertex 28.4863 107.34 5.4
    endloop
  endfacet
  facet normal -0.195486 0.980706 0
    outer loop
      vertex 27.5883 107.161 5.4
      vertex 28.4863 107.34 2.4
      vertex 27.5883 107.161 2.4
    endloop
  endfacet
  facet normal 0.997858 -0.0654172 0
    outer loop
      vertex 36.3401 99.4863 5.4
      vertex 36.4 100.4 2.4
      vertex 36.4 100.4 5.4
    endloop
  endfacet
  facet normal 0.997858 -0.0654172 0
    outer loop
      vertex 36.4 100.4 2.4
      vertex 36.3401 99.4863 5.4
      vertex 36.3401 99.4863 2.4
    endloop
  endfacet
  facet normal 0.98079 -0.195066 0
    outer loop
      vertex 36.1615 98.5883 5.4
      vertex 36.3401 99.4863 2.4
      vertex 36.3401 99.4863 5.4
    endloop
  endfacet
  facet normal 0.98079 -0.195066 0
    outer loop
      vertex 36.3401 99.4863 2.4
      vertex 36.1615 98.5883 5.4
      vertex 36.1615 98.5883 2.4
    endloop
  endfacet
  facet normal 0.555582 -0.831462 0
    outer loop
      vertex 32.9 94.3378 2.4
      vertex 33.6613 94.8465 5.4
      vertex 32.9 94.3378 5.4
    endloop
  endfacet
  facet normal 0.555582 -0.831462 0
    outer loop
      vertex 33.6613 94.8465 5.4
      vertex 32.9 94.3378 2.4
      vertex 33.6613 94.8465 2.4
    endloop
  endfacet
  facet normal 0.751839 -0.659347 0
    outer loop
      vertex 34.3497 95.4502 5.4
      vertex 34.9535 96.1387 2.4
      vertex 34.9535 96.1387 5.4
    endloop
  endfacet
  facet normal 0.751839 -0.659347 0
    outer loop
      vertex 34.9535 96.1387 2.4
      vertex 34.3497 95.4502 5.4
      vertex 34.3497 95.4502 2.4
    endloop
  endfacet
  facet normal 0.831462 -0.555582 0
    outer loop
      vertex 34.9535 96.1387 5.4
      vertex 35.4622 96.9 2.4
      vertex 35.4622 96.9 5.4
    endloop
  endfacet
  facet normal 0.831462 -0.555582 0
    outer loop
      vertex 35.4622 96.9 2.4
      vertex 34.9535 96.1387 5.4
      vertex 34.9535 96.1387 2.4
    endloop
  endfacet
  facet normal -0.442314 -0.89686 0
    outer loop
      vertex 25.9 94.3378 2.4
      vertex 26.7212 93.9328 5.4
      vertex 25.9 94.3378 5.4
    endloop
  endfacet
  facet normal -0.442314 -0.89686 -0
    outer loop
      vertex 26.7212 93.9328 5.4
      vertex 25.9 94.3378 2.4
      vertex 26.7212 93.9328 2.4
    endloop
  endfacet
  facet normal -0.831462 -0.555582 0
    outer loop
      vertex 23.8465 96.1387 2.4
      vertex 23.3378 96.9 5.4
      vertex 23.3378 96.9 2.4
    endloop
  endfacet
  facet normal -0.831462 -0.555582 0
    outer loop
      vertex 23.3378 96.9 5.4
      vertex 23.8465 96.1387 2.4
      vertex 23.8465 96.1387 5.4
    endloop
  endfacet
  facet normal 0.752076 0.659076 0
    outer loop
      vertex 34.9535 104.661 5.4
      vertex 34.3497 105.35 2.4
      vertex 34.3497 105.35 5.4
    endloop
  endfacet
  facet normal 0.752076 0.659076 0
    outer loop
      vertex 34.3497 105.35 2.4
      vertex 34.9535 104.661 5.4
      vertex 34.9535 104.661 2.4
    endloop
  endfacet
  facet normal 0 0 1
    outer loop
      vertex 34.15 100.4 5.4
      vertex 36.4 100.4 5.4
      vertex 36.3401 101.314 5.4
    endloop
  endfacet
  facet normal 0 0 1
    outer loop
      vertex 34.1094 101.02 5.4
      vertex 36.3401 101.314 5.4
      vertex 36.1615 102.212 5.4
    endloop
  endfacet
  facet normal 0 0 1
    outer loop
      vertex 36.4 100.4 5.4
      vertex 34.15 100.4 5.4
      vertex 36.3401 99.4863 5.4
    endloop
  endfacet
  facet normal 0 0 1
    outer loop
      vertex 33.9881 101.629 5.4
      vertex 36.1615 102.212 5.4
      vertex 35.8672 103.079 5.4
    endloop
  endfacet
  facet normal -0 0 1
    outer loop
      vertex 34.1094 99.78 5.4
      vertex 36.3401 99.4863 5.4
      vertex 34.15 100.4 5.4
    endloop
  endfacet
  facet normal 0 0 1
    outer loop
      vertex 33.7884 102.218 5.4
      vertex 35.8672 103.079 5.4
      vertex 35.4622 103.9 5.4
    endloop
  endfacet
  facet normal 0 0 1
    outer loop
      vertex 36.3401 99.4863 5.4
      vertex 34.1094 99.78 5.4
      vertex 36.1615 98.5883 5.4
    endloop
  endfacet
  facet normal 0 0 1
    outer loop
      vertex 33.5136 102.775 5.4
      vertex 35.4622 103.9 5.4
      vertex 34.9535 104.661 5.4
    endloop
  endfacet
  facet normal -0 0 1
    outer loop
      vertex 33.9881 99.1706 5.4
      vertex 36.1615 98.5883 5.4
      vertex 34.1094 99.78 5.4
    endloop
  endfacet
  facet normal 0 0 1
    outer loop
      vertex 33.1684 103.292 5.4
      vertex 34.9535 104.661 5.4
      vertex 34.3497 105.35 5.4
    endloop
  endfacet
  facet normal 0 0 1
    outer loop
      vertex 36.1615 98.5883 5.4
      vertex 33.9881 99.1706 5.4
      vertex 35.8672 97.7212 5.4
    endloop
  endfacet
  facet normal -0 0 1
    outer loop
      vertex 33.7884 98.5823 5.4
      vertex 35.8672 97.7212 5.4
      vertex 33.9881 99.1706 5.4
    endloop
  endfacet
  facet normal 0 0 1
    outer loop
      vertex 36.3401 101.314 5.4
      vertex 34.1094 101.02 5.4
      vertex 34.15 100.4 5.4
    endloop
  endfacet
  facet normal 0 0 1
    outer loop
      vertex 36.1615 102.212 5.4
      vertex 33.9881 101.629 5.4
      vertex 34.1094 101.02 5.4
    endloop
  endfacet
  facet normal 0 0 1
    outer loop
      vertex 35.8672 103.079 5.4
      vertex 33.7884 102.218 5.4
      vertex 33.9881 101.629 5.4
    endloop
  endfacet
  facet normal 0 0 1
    outer loop
      vertex 32.7588 103.759 5.4
      vertex 34.3497 105.35 5.4
      vertex 33.6613 105.953 5.4
    endloop
  endfacet
  facet normal 0 0 1
    outer loop
      vertex 35.4622 103.9 5.4
      vertex 33.5136 102.775 5.4
      vertex 33.7884 102.218 5.4
    endloop
  endfacet
  facet normal 0 0 1
    outer loop
      vertex 34.9535 104.661 5.4
      vertex 33.1684 103.292 5.4
      vertex 33.5136 102.775 5.4
    endloop
  endfacet
  facet normal 0 0 1
    outer loop
      vertex 32.2916 104.168 5.4
      vertex 33.6613 105.953 5.4
      vertex 32.9 106.462 5.4
    endloop
  endfacet
  facet normal 0 0 1
    outer loop
      vertex 34.3497 105.35 5.4
      vertex 32.7588 103.759 5.4
      vertex 33.1684 103.292 5.4
    endloop
  endfacet
  facet normal 0 0 1
    outer loop
      vertex 33.6613 105.953 5.4
      vertex 32.2916 104.168 5.4
      vertex 32.7588 103.759 5.4
    endloop
  endfacet
  facet normal 0 0 1
    outer loop
      vertex 31.775 104.514 5.4
      vertex 32.9 106.462 5.4
      vertex 32.0788 106.867 5.4
    endloop
  endfacet
  facet normal 0 0 1
    outer loop
      vertex 32.9 106.462 5.4
      vertex 31.775 104.514 5.4
      vertex 32.2916 104.168 5.4
    endloop
  endfacet
  facet normal 0 0 1
    outer loop
      vertex 32.0788 106.867 5.4
      vertex 31.2177 104.788 5.4
      vertex 31.775 104.514 5.4
    endloop
  endfacet
  facet normal 0 0 1
    outer loop
      vertex 31.2117 107.161 5.4
      vertex 31.2177 104.788 5.4
      vertex 32.0788 106.867 5.4
    endloop
  endfacet
  facet normal 0 0 1
    outer loop
      vertex 31.2117 107.161 5.4
      vertex 30.6294 104.988 5.4
      vertex 31.2177 104.788 5.4
    endloop
  endfacet
  facet normal 0 0 1
    outer loop
      vertex 30.3137 107.34 5.4
      vertex 30.6294 104.988 5.4
      vertex 31.2117 107.161 5.4
    endloop
  endfacet
  facet normal 0 0 1
    outer loop
      vertex 30.3137 107.34 5.4
      vertex 30.02 105.109 5.4
      vertex 30.6294 104.988 5.4
    endloop
  endfacet
  facet normal 0 0 1
    outer loop
      vertex 29.4 107.4 5.4
      vertex 30.02 105.109 5.4
      vertex 30.3137 107.34 5.4
    endloop
  endfacet
  facet normal 0 0 1
    outer loop
      vertex 29.4 107.4 5.4
      vertex 29.4 105.15 5.4
      vertex 30.02 105.109 5.4
    endloop
  endfacet
  facet normal 0 0 1
    outer loop
      vertex 29.4 107.4 5.4
      vertex 28.78 105.109 5.4
      vertex 29.4 105.15 5.4
    endloop
  endfacet
  facet normal -0 0 1
    outer loop
      vertex 28.4863 107.34 5.4
      vertex 28.78 105.109 5.4
      vertex 29.4 107.4 5.4
    endloop
  endfacet
  facet normal 0 0 1
    outer loop
      vertex 28.4863 107.34 5.4
      vertex 28.1706 104.988 5.4
      vertex 28.78 105.109 5.4
    endloop
  endfacet
  facet normal -0 0 1
    outer loop
      vertex 27.5883 107.161 5.4
      vertex 28.1706 104.988 5.4
      vertex 28.4863 107.34 5.4
    endloop
  endfacet
  facet normal 0 0 1
    outer loop
      vertex 27.5883 107.161 5.4
      vertex 27.5823 104.788 5.4
      vertex 28.1706 104.988 5.4
    endloop
  endfacet
  facet normal -0 0 1
    outer loop
      vertex 26.7212 106.867 5.4
      vertex 27.5823 104.788 5.4
      vertex 27.5883 107.161 5.4
    endloop
  endfacet
  facet normal 0 0 1
    outer loop
      vertex 27.5823 104.788 5.4
      vertex 26.7212 106.867 5.4
      vertex 27.025 104.514 5.4
    endloop
  endfacet
  facet normal -0 0 1
    outer loop
      vertex 25.9 106.462 5.4
      vertex 27.025 104.514 5.4
      vertex 26.7212 106.867 5.4
    endloop
  endfacet
  facet normal 0 0 1
    outer loop
      vertex 27.025 104.514 5.4
      vertex 25.9 106.462 5.4
      vertex 26.5084 104.168 5.4
    endloop
  endfacet
  facet normal -0 0 1
    outer loop
      vertex 25.1387 105.953 5.4
      vertex 26.5084 104.168 5.4
      vertex 25.9 106.462 5.4
    endloop
  endfacet
  facet normal 0 0 1
    outer loop
      vertex 26.5084 104.168 5.4
      vertex 25.1387 105.953 5.4
      vertex 26.0412 103.759 5.4
    endloop
  endfacet
  facet normal -0 0 1
    outer loop
      vertex 24.4503 105.35 5.4
      vertex 26.0412 103.759 5.4
      vertex 25.1387 105.953 5.4
    endloop
  endfacet
  facet normal 0 0 1
    outer loop
      vertex 26.0412 103.759 5.4
      vertex 24.4503 105.35 5.4
      vertex 25.6316 103.292 5.4
    endloop
  endfacet
  facet normal -0 0 1
    outer loop
      vertex 23.8465 104.661 5.4
      vertex 25.6316 103.292 5.4
      vertex 24.4503 105.35 5.4
    endloop
  endfacet
  facet normal 0 0 1
    outer loop
      vertex 25.6316 103.292 5.4
      vertex 23.8465 104.661 5.4
      vertex 25.2864 102.775 5.4
    endloop
  endfacet
  facet normal -0 0 1
    outer loop
      vertex 23.3378 103.9 5.4
      vertex 25.2864 102.775 5.4
      vertex 23.8465 104.661 5.4
    endloop
  endfacet
  facet normal -0 0 1
    outer loop
      vertex 22.9328 103.079 5.4
      vertex 25.0116 102.218 5.4
      vertex 23.3378 103.9 5.4
    endloop
  endfacet
  facet normal 0 0 1
    outer loop
      vertex 25.2864 102.775 5.4
      vertex 23.3378 103.9 5.4
      vertex 25.0116 102.218 5.4
    endloop
  endfacet
  facet normal 0 0 1
    outer loop
      vertex 35.8672 97.7212 5.4
      vertex 33.7884 98.5823 5.4
      vertex 35.4622 96.9 5.4
    endloop
  endfacet
  facet normal -0 0 1
    outer loop
      vertex 33.5136 98.025 5.4
      vertex 35.4622 96.9 5.4
      vertex 33.7884 98.5823 5.4
    endloop
  endfacet
  facet normal 0 0 1
    outer loop
      vertex 35.4622 96.9 5.4
      vertex 33.5136 98.025 5.4
      vertex 34.9535 96.1387 5.4
    endloop
  endfacet
  facet normal -0 0 1
    outer loop
      vertex 33.1684 97.5084 5.4
      vertex 34.9535 96.1387 5.4
      vertex 33.5136 98.025 5.4
    endloop
  endfacet
  facet normal 0 0 1
    outer loop
      vertex 34.9535 96.1387 5.4
      vertex 33.1684 97.5084 5.4
      vertex 34.3497 95.4502 5.4
    endloop
  endfacet
  facet normal -0 0 1
    outer loop
      vertex 32.7588 97.0412 5.4
      vertex 34.3497 95.4502 5.4
      vertex 33.1684 97.5084 5.4
    endloop
  endfacet
  facet normal 0 0 1
    outer loop
      vertex 34.3497 95.4502 5.4
      vertex 32.7588 97.0412 5.4
      vertex 33.6613 94.8465 5.4
    endloop
  endfacet
  facet normal -0 0 1
    outer loop
      vertex 32.2916 96.6316 5.4
      vertex 33.6613 94.8465 5.4
      vertex 32.7588 97.0412 5.4
    endloop
  endfacet
  facet normal 0 0 1
    outer loop
      vertex 33.6613 94.8465 5.4
      vertex 32.2916 96.6316 5.4
      vertex 32.9 94.3378 5.4
    endloop
  endfacet
  facet normal -0 0 1
    outer loop
      vertex 31.775 96.2864 5.4
      vertex 32.9 94.3378 5.4
      vertex 32.2916 96.6316 5.4
    endloop
  endfacet
  facet normal 0 0 1
    outer loop
      vertex 32.9 94.3378 5.4
      vertex 31.775 96.2864 5.4
      vertex 32.0788 93.9328 5.4
    endloop
  endfacet
  facet normal -0 0 1
    outer loop
      vertex 31.2177 96.0116 5.4
      vertex 32.0788 93.9328 5.4
      vertex 31.775 96.2864 5.4
    endloop
  endfacet
  facet normal 0 0 1
    outer loop
      vertex 31.2177 96.0116 5.4
      vertex 31.2117 93.6385 5.4
      vertex 32.0788 93.9328 5.4
    endloop
  endfacet
  facet normal -0 0 1
    outer loop
      vertex 30.6294 95.8119 5.4
      vertex 31.2117 93.6385 5.4
      vertex 31.2177 96.0116 5.4
    endloop
  endfacet
  facet normal 0 0 1
    outer loop
      vertex 30.6294 95.8119 5.4
      vertex 30.3137 93.4599 5.4
      vertex 31.2117 93.6385 5.4
    endloop
  endfacet
  facet normal -0 0 1
    outer loop
      vertex 30.02 95.6906 5.4
      vertex 30.3137 93.4599 5.4
      vertex 30.6294 95.8119 5.4
    endloop
  endfacet
  facet normal -0 0 1
    outer loop
      vertex 29.4 95.65 5.4
      vertex 30.3137 93.4599 5.4
      vertex 30.02 95.6906 5.4
    endloop
  endfacet
  facet normal 0 0 1
    outer loop
      vertex 29.4 95.65 5.4
      vertex 29.4 93.4 5.4
      vertex 30.3137 93.4599 5.4
    endloop
  endfacet
  facet normal 0 0 1
    outer loop
      vertex 28.78 95.6906 5.4
      vertex 29.4 93.4 5.4
      vertex 29.4 95.65 5.4
    endloop
  endfacet
  facet normal 0 0 1
    outer loop
      vertex 28.78 95.6906 5.4
      vertex 28.4863 93.4599 5.4
      vertex 29.4 93.4 5.4
    endloop
  endfacet
  facet normal 0 0 1
    outer loop
      vertex 28.1706 95.8119 5.4
      vertex 28.4863 93.4599 5.4
      vertex 28.78 95.6906 5.4
    endloop
  endfacet
  facet normal 0 0 1
    outer loop
      vertex 28.1706 95.8119 5.4
      vertex 27.5883 93.6385 5.4
      vertex 28.4863 93.4599 5.4
    endloop
  endfacet
  facet normal 0 0 1
    outer loop
      vertex 27.5823 96.0116 5.4
      vertex 27.5883 93.6385 5.4
      vertex 28.1706 95.8119 5.4
    endloop
  endfacet
  facet normal 0 0 1
    outer loop
      vertex 26.7212 93.9328 5.4
      vertex 27.5823 96.0116 5.4
      vertex 27.025 96.2864 5.4
    endloop
  endfacet
  facet normal 0 0 1
    outer loop
      vertex 27.5823 96.0116 5.4
      vertex 26.7212 93.9328 5.4
      vertex 27.5883 93.6385 5.4
    endloop
  endfacet
  facet normal 0 0 1
    outer loop
      vertex 25.9 94.3378 5.4
      vertex 27.025 96.2864 5.4
      vertex 26.5084 96.6316 5.4
    endloop
  endfacet
  facet normal 0 0 1
    outer loop
      vertex 25.1387 94.8465 5.4
      vertex 26.5084 96.6316 5.4
      vertex 26.0412 97.0412 5.4
    endloop
  endfacet
  facet normal 0 0 1
    outer loop
      vertex 27.025 96.2864 5.4
      vertex 25.9 94.3378 5.4
      vertex 26.7212 93.9328 5.4
    endloop
  endfacet
  facet normal 0 0 1
    outer loop
      vertex 24.4503 95.4502 5.4
      vertex 26.0412 97.0412 5.4
      vertex 25.6316 97.5084 5.4
    endloop
  endfacet
  facet normal 0 0 1
    outer loop
      vertex 23.8465 96.1387 5.4
      vertex 25.6316 97.5084 5.4
      vertex 25.2864 98.025 5.4
    endloop
  endfacet
  facet normal 0 0 1
    outer loop
      vertex 26.5084 96.6316 5.4
      vertex 25.1387 94.8465 5.4
      vertex 25.9 94.3378 5.4
    endloop
  endfacet
  facet normal 0 0 1
    outer loop
      vertex 23.3378 96.9 5.4
      vertex 25.2864 98.025 5.4
      vertex 25.0116 98.5823 5.4
    endloop
  endfacet
  facet normal 0 0 1
    outer loop
      vertex 22.9328 97.7212 5.4
      vertex 25.0116 98.5823 5.4
      vertex 24.8119 99.1706 5.4
    endloop
  endfacet
  facet normal 0 0 1
    outer loop
      vertex 22.6385 98.5883 5.4
      vertex 24.8119 99.1706 5.4
      vertex 24.6906 99.78 5.4
    endloop
  endfacet
  facet normal 0 0 1
    outer loop
      vertex 26.0412 97.0412 5.4
      vertex 24.4503 95.4502 5.4
      vertex 25.1387 94.8465 5.4
    endloop
  endfacet
  facet normal 0 0 1
    outer loop
      vertex 22.4599 99.4863 5.4
      vertex 24.6906 99.78 5.4
      vertex 24.65 100.4 5.4
    endloop
  endfacet
  facet normal 0 0 1
    outer loop
      vertex 25.0116 102.218 5.4
      vertex 22.9328 103.079 5.4
      vertex 24.8119 101.629 5.4
    endloop
  endfacet
  facet normal -0 0 1
    outer loop
      vertex 22.6385 102.212 5.4
      vertex 24.8119 101.629 5.4
      vertex 22.9328 103.079 5.4
    endloop
  endfacet
  facet normal 0 0 1
    outer loop
      vertex 25.6316 97.5084 5.4
      vertex 23.8465 96.1387 5.4
      vertex 24.4503 95.4502 5.4
    endloop
  endfacet
  facet normal 0 0 1
    outer loop
      vertex 24.8119 101.629 5.4
      vertex 22.6385 102.212 5.4
      vertex 24.6906 101.02 5.4
    endloop
  endfacet
  facet normal 0 0 1
    outer loop
      vertex 25.2864 98.025 5.4
      vertex 23.3378 96.9 5.4
      vertex 23.8465 96.1387 5.4
    endloop
  endfacet
  facet normal -0 0 1
    outer loop
      vertex 22.4599 101.314 5.4
      vertex 24.6906 101.02 5.4
      vertex 22.6385 102.212 5.4
    endloop
  endfacet
  facet normal 0 0 1
    outer loop
      vertex 25.0116 98.5823 5.4
      vertex 22.9328 97.7212 5.4
      vertex 23.3378 96.9 5.4
    endloop
  endfacet
  facet normal 0 0 1
    outer loop
      vertex 24.6906 101.02 5.4
      vertex 22.4599 101.314 5.4
      vertex 24.65 100.4 5.4
    endloop
  endfacet
  facet normal 0 0 1
    outer loop
      vertex 24.8119 99.1706 5.4
      vertex 22.6385 98.5883 5.4
      vertex 22.9328 97.7212 5.4
    endloop
  endfacet
  facet normal 0 0 1
    outer loop
      vertex 22.4 100.4 5.4
      vertex 24.65 100.4 5.4
      vertex 22.4599 101.314 5.4
    endloop
  endfacet
  facet normal 0 0 1
    outer loop
      vertex 24.6906 99.78 5.4
      vertex 22.4599 99.4863 5.4
      vertex 22.6385 98.5883 5.4
    endloop
  endfacet
  facet normal 0 0 1
    outer loop
      vertex 24.65 100.4 5.4
      vertex 22.4 100.4 5.4
      vertex 22.4599 99.4863 5.4
    endloop
  endfacet
  facet normal -0.98079 0.195066 0
    outer loop
      vertex 22.4599 101.314 2.4
      vertex 22.6385 102.212 5.4
      vertex 22.6385 102.212 2.4
    endloop
  endfacet
  facet normal -0.98079 0.195066 0
    outer loop
      vertex 22.6385 102.212 5.4
      vertex 22.4599 101.314 2.4
      vertex 22.4599 101.314 5.4
    endloop
  endfacet
  facet normal 0.946944 -0.3214 0
    outer loop
      vertex 35.8672 97.7212 5.4
      vertex 36.1615 98.5883 2.4
      vertex 36.1615 98.5883 5.4
    endloop
  endfacet
  facet normal 0.946944 -0.3214 0
    outer loop
      vertex 36.1615 98.5883 2.4
      vertex 35.8672 97.7212 5.4
      vertex 35.8672 97.7212 2.4
    endloop
  endfacet
  facet normal 0.442314 -0.89686 0
    outer loop
      vertex 32.0788 93.9328 2.4
      vertex 32.9 94.3378 5.4
      vertex 32.0788 93.9328 5.4
    endloop
  endfacet
  facet normal 0.442314 -0.89686 0
    outer loop
      vertex 32.9 94.3378 5.4
      vertex 32.0788 93.9328 2.4
      vertex 32.9 94.3378 2.4
    endloop
  endfacet
  facet normal 0.659339 -0.751846 0
    outer loop
      vertex 33.6613 94.8465 2.4
      vertex 34.3497 95.4502 5.4
      vertex 33.6613 94.8465 5.4
    endloop
  endfacet
  facet normal 0.659339 -0.751846 0
    outer loop
      vertex 34.3497 95.4502 5.4
      vertex 33.6613 94.8465 2.4
      vertex 34.3497 95.4502 2.4
    endloop
  endfacet
  facet normal -0.3214 -0.946944 0
    outer loop
      vertex 26.7212 93.9328 2.4
      vertex 27.5883 93.6385 5.4
      vertex 26.7212 93.9328 5.4
    endloop
  endfacet
  facet normal -0.3214 -0.946944 -0
    outer loop
      vertex 27.5883 93.6385 5.4
      vertex 26.7212 93.9328 2.4
      vertex 27.5883 93.6385 2.4
    endloop
  endfacet
  facet normal -0.0654172 -0.997858 0
    outer loop
      vertex 28.4863 93.4599 2.4
      vertex 29.4 93.4 5.4
      vertex 28.4863 93.4599 5.4
    endloop
  endfacet
  facet normal -0.0654172 -0.997858 -0
    outer loop
      vertex 29.4 93.4 5.4
      vertex 28.4863 93.4599 2.4
      vertex 29.4 93.4 2.4
    endloop
  endfacet
  facet normal -0.751839 -0.659347 0
    outer loop
      vertex 24.4503 95.4502 2.4
      vertex 23.8465 96.1387 5.4
      vertex 23.8465 96.1387 2.4
    endloop
  endfacet
  facet normal -0.751839 -0.659347 0
    outer loop
      vertex 23.8465 96.1387 5.4
      vertex 24.4503 95.4502 2.4
      vertex 24.4503 95.4502 5.4
    endloop
  endfacet
  facet normal -0.89686 -0.442314 0
    outer loop
      vertex 23.3378 96.9 2.4
      vertex 22.9328 97.7212 5.4
      vertex 22.9328 97.7212 2.4
    endloop
  endfacet
  facet normal -0.89686 -0.442314 0
    outer loop
      vertex 22.9328 97.7212 5.4
      vertex 23.3378 96.9 2.4
      vertex 23.3378 96.9 5.4
    endloop
  endfacet
  facet normal -0.555549 -0.831484 0
    outer loop
      vertex 7.3 7.88564 1.7
      vertex 7.47402 7.76937 13
      vertex 7.3 7.88564 13
    endloop
  endfacet
  facet normal -0.555549 -0.831484 -0
    outer loop
      vertex 7.47402 7.76937 13
      vertex 7.3 7.88564 1.7
      vertex 7.47402 7.76937 1.7
    endloop
  endfacet
  facet normal 0.980786 -0.195087 0
    outer loop
      vertex 4.91369 6.70884 13
      vertex 4.95452 6.91411 1.7
      vertex 4.95452 6.91411 13
    endloop
  endfacet
  facet normal 0.980786 -0.195087 0
    outer loop
      vertex 4.95452 6.91411 1.7
      vertex 4.91369 6.70884 13
      vertex 4.91369 6.70884 1.7
    endloop
  endfacet
  facet normal -0.980786 0.195087 0
    outer loop
      vertex 8.04548 6.08589 1.7
      vertex 8.08631 6.29116 13
      vertex 8.08631 6.29116 1.7
    endloop
  endfacet
  facet normal -0.980786 0.195087 0
    outer loop
      vertex 8.08631 6.29116 13
      vertex 8.04548 6.08589 1.7
      vertex 8.04548 6.08589 13
    endloop
  endfacet
  facet normal 0.195087 0.980786 -0
    outer loop
      vertex 6.29116 4.91369 1.7
      vertex 6.08589 4.95452 13
      vertex 6.29116 4.91369 13
    endloop
  endfacet
  facet normal 0.195087 0.980786 0
    outer loop
      vertex 6.08589 4.95452 13
      vertex 6.29116 4.91369 1.7
      vertex 6.08589 4.95452 1.7
    endloop
  endfacet
  facet normal 0.442295 -0.89687 0
    outer loop
      vertex 5.7 7.88564 1.7
      vertex 5.88771 7.97821 13
      vertex 5.7 7.88564 13
    endloop
  endfacet
  facet normal 0.442295 -0.89687 0
    outer loop
      vertex 5.88771 7.97821 13
      vertex 5.7 7.88564 1.7
      vertex 5.88771 7.97821 1.7
    endloop
  endfacet
  facet normal 0.946935 -0.321426 0
    outer loop
      vertex 4.95452 6.91411 13
      vertex 5.02179 7.11229 1.7
      vertex 5.02179 7.11229 13
    endloop
  endfacet
  facet normal 0.946935 -0.321426 0
    outer loop
      vertex 5.02179 7.11229 1.7
      vertex 4.95452 6.91411 13
      vertex 4.95452 6.91411 1.7
    endloop
  endfacet
  facet normal -0.89687 -0.442295 0
    outer loop
      vertex 7.97821 7.11229 1.7
      vertex 7.88564 7.3 13
      vertex 7.88564 7.3 1.7
    endloop
  endfacet
  facet normal -0.89687 -0.442295 0
    outer loop
      vertex 7.88564 7.3 13
      vertex 7.97821 7.11229 1.7
      vertex 7.97821 7.11229 13
    endloop
  endfacet
  facet normal -0.831484 -0.555549 0
    outer loop
      vertex 7.88564 7.3 1.7
      vertex 7.76937 7.47402 13
      vertex 7.76937 7.47402 1.7
    endloop
  endfacet
  facet normal -0.831484 -0.555549 0
    outer loop
      vertex 7.76937 7.47402 13
      vertex 7.88564 7.3 1.7
      vertex 7.88564 7.3 13
    endloop
  endfacet
  facet normal -0.321426 -0.946935 0
    outer loop
      vertex 6.91411 8.04548 1.7
      vertex 7.11229 7.97821 13
      vertex 6.91411 8.04548 13
    endloop
  endfacet
  facet normal -0.321426 -0.946935 -0
    outer loop
      vertex 7.11229 7.97821 13
      vertex 6.91411 8.04548 1.7
      vertex 7.11229 7.97821 1.7
    endloop
  endfacet
  facet normal -0.195087 -0.980786 0
    outer loop
      vertex 6.70884 8.08631 1.7
      vertex 6.91411 8.04548 13
      vertex 6.70884 8.08631 13
    endloop
  endfacet
  facet normal -0.195087 -0.980786 -0
    outer loop
      vertex 6.91411 8.04548 13
      vertex 6.70884 8.08631 1.7
      vertex 6.91411 8.04548 1.7
    endloop
  endfacet
  facet normal 0.831484 -0.555549 0
    outer loop
      vertex 5.11436 7.3 13
      vertex 5.23063 7.47402 1.7
      vertex 5.23063 7.47402 13
    endloop
  endfacet
  facet normal 0.831484 -0.555549 0
    outer loop
      vertex 5.23063 7.47402 1.7
      vertex 5.11436 7.3 13
      vertex 5.11436 7.3 1.7
    endloop
  endfacet
  facet normal 0.555549 -0.831484 0
    outer loop
      vertex 5.52598 7.76937 1.7
      vertex 5.7 7.88564 13
      vertex 5.52598 7.76937 13
    endloop
  endfacet
  facet normal 0.555549 -0.831484 0
    outer loop
      vertex 5.7 7.88564 13
      vertex 5.52598 7.76937 1.7
      vertex 5.7 7.88564 1.7
    endloop
  endfacet
  facet normal 0.321426 -0.946935 0
    outer loop
      vertex 5.88771 7.97821 1.7
      vertex 6.08589 8.04548 13
      vertex 5.88771 7.97821 13
    endloop
  endfacet
  facet normal 0.321426 -0.946935 0
    outer loop
      vertex 6.08589 8.04548 13
      vertex 5.88771 7.97821 1.7
      vertex 6.08589 8.04548 1.7
    endloop
  endfacet
  facet normal -0.997858 0.0654122 0
    outer loop
      vertex 8.08631 6.29116 1.7
      vertex 8.1 6.5 13
      vertex 8.1 6.5 1.7
    endloop
  endfacet
  facet normal -0.997858 0.0654122 0
    outer loop
      vertex 8.1 6.5 13
      vertex 8.08631 6.29116 1.7
      vertex 8.08631 6.29116 13
    endloop
  endfacet
  facet normal -0.442295 0.89687 0
    outer loop
      vertex 7.3 5.11436 1.7
      vertex 7.11229 5.02179 13
      vertex 7.3 5.11436 13
    endloop
  endfacet
  facet normal -0.442295 0.89687 0
    outer loop
      vertex 7.11229 5.02179 13
      vertex 7.3 5.11436 1.7
      vertex 7.11229 5.02179 1.7
    endloop
  endfacet
  facet normal -0.555549 0.831484 0
    outer loop
      vertex 7.47402 5.23063 1.7
      vertex 7.3 5.11436 13
      vertex 7.47402 5.23063 13
    endloop
  endfacet
  facet normal -0.555549 0.831484 0
    outer loop
      vertex 7.3 5.11436 13
      vertex 7.47402 5.23063 1.7
      vertex 7.3 5.11436 1.7
    endloop
  endfacet
  facet normal -0.831484 0.555549 0
    outer loop
      vertex 7.76937 5.52598 1.7
      vertex 7.88564 5.7 13
      vertex 7.88564 5.7 1.7
    endloop
  endfacet
  facet normal -0.831484 0.555549 0
    outer loop
      vertex 7.88564 5.7 13
      vertex 7.76937 5.52598 1.7
      vertex 7.76937 5.52598 13
    endloop
  endfacet
  facet normal 0.0654122 0.997858 -0
    outer loop
      vertex 6.5 4.9 1.7
      vertex 6.29116 4.91369 13
      vertex 6.5 4.9 13
    endloop
  endfacet
  facet normal 0.0654122 0.997858 0
    outer loop
      vertex 6.29116 4.91369 13
      vertex 6.5 4.9 1.7
      vertex 6.29116 4.91369 1.7
    endloop
  endfacet
  facet normal 0.555549 0.831484 -0
    outer loop
      vertex 5.7 5.11436 1.7
      vertex 5.52598 5.23063 13
      vertex 5.7 5.11436 13
    endloop
  endfacet
  facet normal 0.555549 0.831484 0
    outer loop
      vertex 5.52598 5.23063 13
      vertex 5.7 5.11436 1.7
      vertex 5.52598 5.23063 1.7
    endloop
  endfacet
  facet normal 0.831484 0.555549 0
    outer loop
      vertex 5.23063 5.52598 13
      vertex 5.11436 5.7 1.7
      vertex 5.11436 5.7 13
    endloop
  endfacet
  facet normal 0.831484 0.555549 0
    outer loop
      vertex 5.11436 5.7 1.7
      vertex 5.23063 5.52598 13
      vertex 5.23063 5.52598 1.7
    endloop
  endfacet
  facet normal 0.946935 0.321426 0
    outer loop
      vertex 5.02179 5.88771 13
      vertex 4.95452 6.08589 1.7
      vertex 4.95452 6.08589 13
    endloop
  endfacet
  facet normal 0.946935 0.321426 0
    outer loop
      vertex 4.95452 6.08589 1.7
      vertex 5.02179 5.88771 13
      vertex 5.02179 5.88771 1.7
    endloop
  endfacet
  facet normal -0.946935 -0.321426 0
    outer loop
      vertex 8.04548 6.91411 1.7
      vertex 7.97821 7.11229 13
      vertex 7.97821 7.11229 1.7
    endloop
  endfacet
  facet normal -0.946935 -0.321426 0
    outer loop
      vertex 7.97821 7.11229 13
      vertex 8.04548 6.91411 1.7
      vertex 8.04548 6.91411 13
    endloop
  endfacet
  facet normal -0.751821 -0.659367 0
    outer loop
      vertex 7.76937 7.47402 1.7
      vertex 7.63137 7.63137 13
      vertex 7.63137 7.63137 1.7
    endloop
  endfacet
  facet normal -0.751821 -0.659367 0
    outer loop
      vertex 7.63137 7.63137 13
      vertex 7.76937 7.47402 1.7
      vertex 7.76937 7.47402 13
    endloop
  endfacet
  facet normal -0.659367 -0.751821 0
    outer loop
      vertex 7.47402 7.76937 1.7
      vertex 7.63137 7.63137 13
      vertex 7.47402 7.76937 13
    endloop
  endfacet
  facet normal -0.659367 -0.751821 -0
    outer loop
      vertex 7.63137 7.63137 13
      vertex 7.47402 7.76937 1.7
      vertex 7.63137 7.63137 1.7
    endloop
  endfacet
  facet normal -0.442295 -0.89687 0
    outer loop
      vertex 7.11229 7.97821 1.7
      vertex 7.3 7.88564 13
      vertex 7.11229 7.97821 13
    endloop
  endfacet
  facet normal -0.442295 -0.89687 -0
    outer loop
      vertex 7.3 7.88564 13
      vertex 7.11229 7.97821 1.7
      vertex 7.3 7.88564 1.7
    endloop
  endfacet
  facet normal 0.0654122 -0.997858 0
    outer loop
      vertex 6.29116 8.08631 1.7
      vertex 6.5 8.1 13
      vertex 6.29116 8.08631 13
    endloop
  endfacet
  facet normal 0.0654122 -0.997858 0
    outer loop
      vertex 6.5 8.1 13
      vertex 6.29116 8.08631 1.7
      vertex 6.5 8.1 1.7
    endloop
  endfacet
  facet normal 0.997858 0.0654122 0
    outer loop
      vertex 4.91369 6.29116 13
      vertex 4.9 6.5 1.7
      vertex 4.9 6.5 13
    endloop
  endfacet
  facet normal 0.997858 0.0654122 0
    outer loop
      vertex 4.9 6.5 1.7
      vertex 4.91369 6.29116 13
      vertex 4.91369 6.29116 1.7
    endloop
  endfacet
  facet normal 0.89687 -0.442295 0
    outer loop
      vertex 5.02179 7.11229 13
      vertex 5.11436 7.3 1.7
      vertex 5.11436 7.3 13
    endloop
  endfacet
  facet normal 0.89687 -0.442295 0
    outer loop
      vertex 5.11436 7.3 1.7
      vertex 5.02179 7.11229 13
      vertex 5.02179 7.11229 1.7
    endloop
  endfacet
  facet normal 0.195087 -0.980786 0
    outer loop
      vertex 6.08589 8.04548 1.7
      vertex 6.29116 8.08631 13
      vertex 6.08589 8.04548 13
    endloop
  endfacet
  facet normal 0.195087 -0.980786 0
    outer loop
      vertex 6.29116 8.08631 13
      vertex 6.08589 8.04548 1.7
      vertex 6.29116 8.08631 1.7
    endloop
  endfacet
  facet normal 0.659367 -0.751821 0
    outer loop
      vertex 5.36863 7.63137 1.7
      vertex 5.52598 7.76937 13
      vertex 5.36863 7.63137 13
    endloop
  endfacet
  facet normal 0.659367 -0.751821 0
    outer loop
      vertex 5.52598 7.76937 13
      vertex 5.36863 7.63137 1.7
      vertex 5.52598 7.76937 1.7
    endloop
  endfacet
  facet normal 0.751821 -0.659367 0
    outer loop
      vertex 5.23063 7.47402 13
      vertex 5.36863 7.63137 1.7
      vertex 5.36863 7.63137 13
    endloop
  endfacet
  facet normal 0.751821 -0.659367 0
    outer loop
      vertex 5.36863 7.63137 1.7
      vertex 5.23063 7.47402 13
      vertex 5.23063 7.47402 1.7
    endloop
  endfacet
  facet normal -0.997858 -0.0654122 0
    outer loop
      vertex 8.1 6.5 1.7
      vertex 8.08631 6.70884 13
      vertex 8.08631 6.70884 1.7
    endloop
  endfacet
  facet normal -0.997858 -0.0654122 0
    outer loop
      vertex 8.08631 6.70884 13
      vertex 8.1 6.5 1.7
      vertex 8.1 6.5 13
    endloop
  endfacet
  facet normal -0.195087 0.980786 0
    outer loop
      vertex 6.91411 4.95452 1.7
      vertex 6.70884 4.91369 13
      vertex 6.91411 4.95452 13
    endloop
  endfacet
  facet normal -0.195087 0.980786 0
    outer loop
      vertex 6.70884 4.91369 13
      vertex 6.91411 4.95452 1.7
      vertex 6.70884 4.91369 1.7
    endloop
  endfacet
  facet normal -0.321426 0.946935 0
    outer loop
      vertex 7.11229 5.02179 1.7
      vertex 6.91411 4.95452 13
      vertex 7.11229 5.02179 13
    endloop
  endfacet
  facet normal -0.321426 0.946935 0
    outer loop
      vertex 6.91411 4.95452 13
      vertex 7.11229 5.02179 1.7
      vertex 6.91411 4.95452 1.7
    endloop
  endfacet
  facet normal -0.659367 0.751821 0
    outer loop
      vertex 7.63137 5.36863 1.7
      vertex 7.47402 5.23063 13
      vertex 7.63137 5.36863 13
    endloop
  endfacet
  facet normal -0.659367 0.751821 0
    outer loop
      vertex 7.47402 5.23063 13
      vertex 7.63137 5.36863 1.7
      vertex 7.47402 5.23063 1.7
    endloop
  endfacet
  facet normal -0.946935 0.321426 0
    outer loop
      vertex 7.97821 5.88771 1.7
      vertex 8.04548 6.08589 13
      vertex 8.04548 6.08589 1.7
    endloop
  endfacet
  facet normal -0.946935 0.321426 0
    outer loop
      vertex 8.04548 6.08589 13
      vertex 7.97821 5.88771 1.7
      vertex 7.97821 5.88771 13
    endloop
  endfacet
  facet normal -0.0654122 0.997858 0
    outer loop
      vertex 6.70884 4.91369 1.7
      vertex 6.5 4.9 13
      vertex 6.70884 4.91369 13
    endloop
  endfacet
  facet normal -0.0654122 0.997858 0
    outer loop
      vertex 6.5 4.9 13
      vertex 6.70884 4.91369 1.7
      vertex 6.5 4.9 1.7
    endloop
  endfacet
  facet normal 0.321426 0.946935 -0
    outer loop
      vertex 6.08589 4.95452 1.7
      vertex 5.88771 5.02179 13
      vertex 6.08589 4.95452 13
    endloop
  endfacet
  facet normal 0.321426 0.946935 0
    outer loop
      vertex 5.88771 5.02179 13
      vertex 6.08589 4.95452 1.7
      vertex 5.88771 5.02179 1.7
    endloop
  endfacet
  facet normal 0.89687 0.442295 0
    outer loop
      vertex 5.11436 5.7 13
      vertex 5.02179 5.88771 1.7
      vertex 5.02179 5.88771 13
    endloop
  endfacet
  facet normal 0.89687 0.442295 0
    outer loop
      vertex 5.02179 5.88771 1.7
      vertex 5.11436 5.7 13
      vertex 5.11436 5.7 1.7
    endloop
  endfacet
  facet normal 0.980786 0.195087 0
    outer loop
      vertex 4.95452 6.08589 13
      vertex 4.91369 6.29116 1.7
      vertex 4.91369 6.29116 13
    endloop
  endfacet
  facet normal 0.980786 0.195087 0
    outer loop
      vertex 4.91369 6.29116 1.7
      vertex 4.95452 6.08589 13
      vertex 4.95452 6.08589 1.7
    endloop
  endfacet
  facet normal 0.751821 0.659367 0
    outer loop
      vertex 5.36863 5.36863 13
      vertex 5.23063 5.52598 1.7
      vertex 5.23063 5.52598 13
    endloop
  endfacet
  facet normal 0.751821 0.659367 0
    outer loop
      vertex 5.23063 5.52598 1.7
      vertex 5.36863 5.36863 13
      vertex 5.36863 5.36863 1.7
    endloop
  endfacet
  facet normal -0.980786 -0.195087 0
    outer loop
      vertex 8.08631 6.70884 1.7
      vertex 8.04548 6.91411 13
      vertex 8.04548 6.91411 1.7
    endloop
  endfacet
  facet normal -0.980786 -0.195087 0
    outer loop
      vertex 8.04548 6.91411 13
      vertex 8.08631 6.70884 1.7
      vertex 8.08631 6.70884 13
    endloop
  endfacet
  facet normal -0.0654122 -0.997858 0
    outer loop
      vertex 6.5 8.1 1.7
      vertex 6.70884 8.08631 13
      vertex 6.5 8.1 13
    endloop
  endfacet
  facet normal -0.0654122 -0.997858 -0
    outer loop
      vertex 6.70884 8.08631 13
      vertex 6.5 8.1 1.7
      vertex 6.70884 8.08631 1.7
    endloop
  endfacet
  facet normal 0.997858 -0.0654122 0
    outer loop
      vertex 4.9 6.5 13
      vertex 4.91369 6.70884 1.7
      vertex 4.91369 6.70884 13
    endloop
  endfacet
  facet normal 0.997858 -0.0654122 0
    outer loop
      vertex 4.91369 6.70884 1.7
      vertex 4.9 6.5 13
      vertex 4.9 6.5 1.7
    endloop
  endfacet
  facet normal -0.751821 0.659367 0
    outer loop
      vertex 7.63137 5.36863 1.7
      vertex 7.76937 5.52598 13
      vertex 7.76937 5.52598 1.7
    endloop
  endfacet
  facet normal -0.751821 0.659367 0
    outer loop
      vertex 7.76937 5.52598 13
      vertex 7.63137 5.36863 1.7
      vertex 7.63137 5.36863 13
    endloop
  endfacet
  facet normal -0.89687 0.442295 0
    outer loop
      vertex 7.88564 5.7 1.7
      vertex 7.97821 5.88771 13
      vertex 7.97821 5.88771 1.7
    endloop
  endfacet
  facet normal -0.89687 0.442295 0
    outer loop
      vertex 7.97821 5.88771 13
      vertex 7.88564 5.7 1.7
      vertex 7.88564 5.7 13
    endloop
  endfacet
  facet normal 0.442295 0.89687 -0
    outer loop
      vertex 5.88771 5.02179 1.7
      vertex 5.7 5.11436 13
      vertex 5.88771 5.02179 13
    endloop
  endfacet
  facet normal 0.442295 0.89687 0
    outer loop
      vertex 5.7 5.11436 13
      vertex 5.88771 5.02179 1.7
      vertex 5.7 5.11436 1.7
    endloop
  endfacet
  facet normal 0.659367 0.751821 -0
    outer loop
      vertex 5.52598 5.23063 1.7
      vertex 5.36863 5.36863 13
      vertex 5.52598 5.23063 13
    endloop
  endfacet
  facet normal 0.659367 0.751821 0
    outer loop
      vertex 5.36863 5.36863 13
      vertex 5.52598 5.23063 1.7
      vertex 5.36863 5.36863 1.7
    endloop
  endfacet
  facet normal -0.746515 -0.0489096 -0.663568
    outer loop
      vertex 8.1 6.5 1.7
      vertex 9.61035 6.5116 0
      vertex 9.61111 6.5 0
    endloop
  endfacet
  facet normal -0.746514 -0.0489359 -0.663568
    outer loop
      vertex 9.61035 6.5116 0
      vertex 8.1 6.5 1.7
      vertex 8.08631 6.70884 1.7
    endloop
  endfacet
  facet normal -0.746514 -0.0489375 -0.663568
    outer loop
      vertex 9.58449 6.90608 0
      vertex 9.61035 6.5116 0
      vertex 8.08631 6.70884 1.7
    endloop
  endfacet
  facet normal 0.0489096 0.746515 -0.663568
    outer loop
      vertex 6.4884 3.38965 0
      vertex 6.5 4.9 1.7
      vertex 6.5 3.38889 0
    endloop
  endfacet
  facet normal 0.0489359 0.746514 -0.663568
    outer loop
      vertex 6.5 4.9 1.7
      vertex 6.4884 3.38965 0
      vertex 6.29116 4.91369 1.7
    endloop
  endfacet
  facet normal -0.240464 -0.708417 -0.663568
    outer loop
      vertex 7.30521 9.5051 0
      vertex 7.11229 7.97821 1.7
      vertex 6.91411 8.04548 1.7
    endloop
  endfacet
  facet normal -0.240471 -0.708415 -0.663567
    outer loop
      vertex 7.11229 7.97821 1.7
      vertex 7.30521 9.5051 0
      vertex 7.69057 9.37429 0
    endloop
  endfacet
  facet normal 0.562448 -0.493282 -0.66357
    outer loop
      vertex 5.23063 7.47402 1.7
      vertex 4.30011 8.69989 0
      vertex 5.36863 7.63137 1.7
    endloop
  endfacet
  facet normal 0.562472 -0.493259 -0.663567
    outer loop
      vertex 4.30011 8.69989 0
      vertex 5.23063 7.47402 1.7
      vertex 4.03179 8.39392 0
    endloop
  endfacet
  facet normal 0.622046 0.415615 -0.663568
    outer loop
      vertex 3.81216 4.93478 0
      vertex 5.11436 5.7 1.7
      vertex 5.23063 5.52598 1.7
    endloop
  endfacet
  facet normal 0.621882 0.415875 -0.663559
    outer loop
      vertex 5.11436 5.7 1.7
      vertex 3.81216 4.93478 0
      vertex 3.8057 4.94444 0
    endloop
  endfacet
  facet normal 0.145948 0.733742 -0.663568
    outer loop
      vertex 5.70619 3.49263 0
      vertex 6.08589 4.95452 1.7
      vertex 6.29116 4.91369 1.7
    endloop
  endfacet
  facet normal 0.145975 0.733735 -0.663569
    outer loop
      vertex 6.08589 4.95452 1.7
      vertex 5.70619 3.49263 0
      vertex 5.69478 3.4949 0
    endloop
  endfacet
  facet normal -0.733743 -0.145942 -0.663568
    outer loop
      vertex 9.50737 7.29381 0
      vertex 9.58449 6.90608 0
      vertex 8.08631 6.70884 1.7
    endloop
  endfacet
  facet normal -0.621882 -0.415875 -0.663559
    outer loop
      vertex 7.88564 7.3 1.7
      vertex 9.18784 8.06522 0
      vertex 9.1943 8.05556 0
    endloop
  endfacet
  facet normal -0.622046 -0.415615 -0.663568
    outer loop
      vertex 9.18784 8.06522 0
      vertex 7.88564 7.3 1.7
      vertex 7.76937 7.47402 1.7
    endloop
  endfacet
  facet normal 0.145942 -0.733743 -0.663568
    outer loop
      vertex 6.09392 9.58449 0
      vertex 6.29116 8.08631 1.7
      vertex 5.70619 9.50737 0
    endloop
  endfacet
  facet normal 0.733738 -0.14596 -0.663569
    outer loop
      vertex 3.49263 7.29381 0
      vertex 4.91369 6.70884 1.7
      vertex 3.4155 6.90608 0
    endloop
  endfacet
  facet normal 0.415622 0.622042 -0.663567
    outer loop
      vertex 5.52598 5.23063 1.7
      vertex 4.93478 3.81216 0
      vertex 4.60607 4.03179 0
    endloop
  endfacet
  facet normal 0.622042 0.415622 -0.663567
    outer loop
      vertex 5.23063 5.52598 1.7
      vertex 4.03179 4.60607 0
      vertex 3.81216 4.93478 0
    endloop
  endfacet
  facet normal 0.0489185 0.746514 -0.663569
    outer loop
      vertex 6.29116 4.91369 1.7
      vertex 6.4884 3.38965 0
      vertex 6.09392 3.4155 0
    endloop
  endfacet
  facet normal 0.14596 0.733738 -0.663569
    outer loop
      vertex 6.29116 4.91369 1.7
      vertex 6.09392 3.4155 0
      vertex 5.70619 3.49263 0
    endloop
  endfacet
  facet normal -0.146098 0.733708 -0.663573
    outer loop
      vertex 7.29381 3.49263 0
      vertex 6.91411 4.95452 1.7
      vertex 7.30521 3.4949 0
    endloop
  endfacet
  facet normal -0.145948 0.733742 -0.663568
    outer loop
      vertex 6.91411 4.95452 1.7
      vertex 7.29381 3.49263 0
      vertex 6.70884 4.91369 1.7
    endloop
  endfacet
  facet normal 0.330887 0.670961 -0.66357
    outer loop
      vertex 4.95487 3.80055 0
      vertex 5.7 5.11436 1.7
      vertex 5.88771 5.02179 1.7
    endloop
  endfacet
  facet normal 0.331214 0.670789 -0.663581
    outer loop
      vertex 5.7 5.11436 1.7
      vertex 4.95487 3.80055 0
      vertex 4.94444 3.8057 0
    endloop
  endfacet
  facet normal 0.240464 0.708416 -0.663569
    outer loop
      vertex 5.69478 3.4949 0
      vertex 5.88771 5.02179 1.7
      vertex 6.08589 4.95452 1.7
    endloop
  endfacet
  facet normal 0.240476 0.708413 -0.663567
    outer loop
      vertex 5.88771 5.02179 1.7
      vertex 5.69478 3.4949 0
      vertex 5.30943 3.62571 0
    endloop
  endfacet
  facet normal -0.622042 0.415622 -0.663567
    outer loop
      vertex 9.18784 4.93478 0
      vertex 8.96821 4.60607 0
      vertex 7.76937 5.52598 1.7
    endloop
  endfacet
  facet normal -0.733743 0.145942 -0.663568
    outer loop
      vertex 9.58449 6.09392 0
      vertex 9.50737 5.70619 0
      vertex 8.08631 6.29116 1.7
    endloop
  endfacet
  facet normal -0.746515 0.0489096 -0.663568
    outer loop
      vertex 9.61035 6.4884 0
      vertex 8.1 6.5 1.7
      vertex 9.61111 6.5 0
    endloop
  endfacet
  facet normal -0.746514 0.0489359 -0.663568
    outer loop
      vertex 8.1 6.5 1.7
      vertex 9.61035 6.4884 0
      vertex 8.08631 6.29116 1.7
    endloop
  endfacet
  facet normal -0.746514 0.0489375 -0.663568
    outer loop
      vertex 9.61035 6.4884 0
      vertex 9.58449 6.09392 0
      vertex 8.08631 6.29116 1.7
    endloop
  endfacet
  facet normal -0.622037 -0.415631 -0.663566
    outer loop
      vertex 8.96821 8.39392 0
      vertex 9.18784 8.06522 0
      vertex 7.76937 7.47402 1.7
    endloop
  endfacet
  facet normal -0.415631 -0.622037 -0.663566
    outer loop
      vertex 8.06522 9.18784 0
      vertex 8.39392 8.96821 0
      vertex 7.47402 7.76937 1.7
    endloop
  endfacet
  facet normal -0.670965 -0.330884 -0.663567
    outer loop
      vertex 9.19944 8.04513 0
      vertex 9.37429 7.69057 0
      vertex 7.97821 7.11229 1.7
    endloop
  endfacet
  facet normal -0.330884 -0.670965 -0.663567
    outer loop
      vertex 7.69057 9.37429 0
      vertex 8.04513 9.19944 0
      vertex 7.11229 7.97821 1.7
    endloop
  endfacet
  facet normal 0.0489375 -0.746514 -0.663568
    outer loop
      vertex 6.4884 9.61035 0
      vertex 6.29116 8.08631 1.7
      vertex 6.09392 9.58449 0
    endloop
  endfacet
  facet normal 0.415615 -0.622046 -0.663568
    outer loop
      vertex 4.93478 9.18784 0
      vertex 5.7 7.88564 1.7
      vertex 5.52598 7.76937 1.7
    endloop
  endfacet
  facet normal 0.415875 -0.621882 -0.663559
    outer loop
      vertex 5.7 7.88564 1.7
      vertex 4.93478 9.18784 0
      vertex 4.94444 9.1943 0
    endloop
  endfacet
  facet normal 0.145975 -0.733735 -0.663569
    outer loop
      vertex 5.70619 9.50737 0
      vertex 6.08589 8.04548 1.7
      vertex 5.69478 9.5051 0
    endloop
  endfacet
  facet normal 0.145948 -0.733742 -0.663568
    outer loop
      vertex 6.08589 8.04548 1.7
      vertex 5.70619 9.50737 0
      vertex 6.29116 8.08631 1.7
    endloop
  endfacet
  facet normal 0.240476 -0.708413 -0.663567
    outer loop
      vertex 5.69478 9.5051 0
      vertex 5.88771 7.97821 1.7
      vertex 5.30943 9.37429 0
    endloop
  endfacet
  facet normal 0.240464 -0.708416 -0.663569
    outer loop
      vertex 5.88771 7.97821 1.7
      vertex 5.69478 9.5051 0
      vertex 6.08589 8.04548 1.7
    endloop
  endfacet
  facet normal 0.708415 -0.240471 -0.663567
    outer loop
      vertex 5.02179 7.11229 1.7
      vertex 3.4949 7.30521 0
      vertex 3.62571 7.69057 0
    endloop
  endfacet
  facet normal 0.708417 -0.240464 -0.663568
    outer loop
      vertex 3.4949 7.30521 0
      vertex 5.02179 7.11229 1.7
      vertex 4.95452 6.91411 1.7
    endloop
  endfacet
  facet normal 0.746514 -0.0489359 -0.663568
    outer loop
      vertex 4.9 6.5 1.7
      vertex 3.38965 6.5116 0
      vertex 4.91369 6.70884 1.7
    endloop
  endfacet
  facet normal 0.746515 -0.0489096 -0.663568
    outer loop
      vertex 3.38965 6.5116 0
      vertex 4.9 6.5 1.7
      vertex 3.38889 6.5 0
    endloop
  endfacet
  facet normal 0.746514 0.0489185 -0.663569
    outer loop
      vertex 4.91369 6.29116 1.7
      vertex 3.4155 6.09392 0
      vertex 3.38965 6.4884 0
    endloop
  endfacet
  facet normal 0.733738 0.14596 -0.663569
    outer loop
      vertex 4.91369 6.29116 1.7
      vertex 3.49263 5.70619 0
      vertex 3.4155 6.09392 0
    endloop
  endfacet
  facet normal 0.562448 0.493282 -0.66357
    outer loop
      vertex 4.30011 4.30011 0
      vertex 5.23063 5.52598 1.7
      vertex 5.36863 5.36863 1.7
    endloop
  endfacet
  facet normal 0.562463 0.493268 -0.663568
    outer loop
      vertex 5.23063 5.52598 1.7
      vertex 4.30011 4.30011 0
      vertex 4.03179 4.60607 0
    endloop
  endfacet
  facet normal -0.0489359 0.746514 -0.663568
    outer loop
      vertex 6.5116 3.38965 0
      vertex 6.5 4.9 1.7
      vertex 6.70884 4.91369 1.7
    endloop
  endfacet
  facet normal -0.0489096 0.746515 -0.663568
    outer loop
      vertex 6.5 4.9 1.7
      vertex 6.5116 3.38965 0
      vertex 6.5 3.38889 0
    endloop
  endfacet
  facet normal -0.0489185 0.746514 -0.663569
    outer loop
      vertex 6.70884 4.91369 1.7
      vertex 6.90608 3.4155 0
      vertex 6.5116 3.38965 0
    endloop
  endfacet
  facet normal 0.415875 0.621882 -0.663559
    outer loop
      vertex 4.93478 3.81216 0
      vertex 5.7 5.11436 1.7
      vertex 4.94444 3.8057 0
    endloop
  endfacet
  facet normal 0.415615 0.622046 -0.663568
    outer loop
      vertex 5.7 5.11436 1.7
      vertex 4.93478 3.81216 0
      vertex 5.52598 5.23063 1.7
    endloop
  endfacet
  facet normal 0.330869 0.670972 -0.663568
    outer loop
      vertex 5.88771 5.02179 1.7
      vertex 5.30943 3.62571 0
      vertex 4.95487 3.80055 0
    endloop
  endfacet
  facet normal -0.415631 0.622037 -0.663566
    outer loop
      vertex 8.39392 4.03179 0
      vertex 8.06522 3.81216 0
      vertex 7.47402 5.23063 1.7
    endloop
  endfacet
  facet normal -0.670965 0.330884 -0.663567
    outer loop
      vertex 9.37429 5.30943 0
      vertex 9.19944 4.95487 0
      vertex 7.97821 5.88771 1.7
    endloop
  endfacet
  facet normal -0.621882 0.415875 -0.663559
    outer loop
      vertex 9.18784 4.93478 0
      vertex 7.88564 5.7 1.7
      vertex 9.1943 4.94444 0
    endloop
  endfacet
  facet normal -0.622046 0.415615 -0.663568
    outer loop
      vertex 7.88564 5.7 1.7
      vertex 9.18784 4.93478 0
      vertex 7.76937 5.52598 1.7
    endloop
  endfacet
  facet normal -0.733742 0.145948 -0.663568
    outer loop
      vertex 9.50737 5.70619 0
      vertex 8.04548 6.08589 1.7
      vertex 8.08631 6.29116 1.7
    endloop
  endfacet
  facet normal -0.733735 0.145975 -0.663569
    outer loop
      vertex 8.04548 6.08589 1.7
      vertex 9.50737 5.70619 0
      vertex 9.5051 5.69478 0
    endloop
  endfacet
  facet normal -0.493258 -0.562471 -0.663569
    outer loop
      vertex 7.63137 7.63137 1.7
      vertex 8.39392 8.96821 0
      vertex 8.69989 8.69989 0
    endloop
  endfacet
  facet normal -0.493284 -0.562451 -0.663565
    outer loop
      vertex 8.39392 8.96821 0
      vertex 7.63137 7.63137 1.7
      vertex 7.47402 7.76937 1.7
    endloop
  endfacet
  facet normal -0.562472 -0.493259 -0.663567
    outer loop
      vertex 7.76937 7.47402 1.7
      vertex 8.69989 8.69989 0
      vertex 8.96821 8.39392 0
    endloop
  endfacet
  facet normal -0.562448 -0.493282 -0.66357
    outer loop
      vertex 8.69989 8.69989 0
      vertex 7.76937 7.47402 1.7
      vertex 7.63137 7.63137 1.7
    endloop
  endfacet
  facet normal -0.671059 -0.330704 -0.663562
    outer loop
      vertex 9.19944 8.04513 0
      vertex 7.88564 7.3 1.7
      vertex 9.1943 8.05556 0
    endloop
  endfacet
  facet normal -0.670963 -0.330888 -0.663568
    outer loop
      vertex 7.88564 7.3 1.7
      vertex 9.19944 8.04513 0
      vertex 7.97821 7.11229 1.7
    endloop
  endfacet
  facet normal -0.733708 -0.146098 -0.663573
    outer loop
      vertex 9.50737 7.29381 0
      vertex 8.04548 6.91411 1.7
      vertex 9.5051 7.30521 0
    endloop
  endfacet
  facet normal -0.733742 -0.145948 -0.663568
    outer loop
      vertex 8.04548 6.91411 1.7
      vertex 9.50737 7.29381 0
      vertex 8.08631 6.70884 1.7
    endloop
  endfacet
  facet normal -0.708415 -0.240471 -0.663567
    outer loop
      vertex 9.5051 7.30521 0
      vertex 7.97821 7.11229 1.7
      vertex 9.37429 7.69057 0
    endloop
  endfacet
  facet normal -0.708417 -0.240464 -0.663568
    outer loop
      vertex 7.97821 7.11229 1.7
      vertex 9.5051 7.30521 0
      vertex 8.04548 6.91411 1.7
    endloop
  endfacet
  facet normal -0.415615 -0.622046 -0.663568
    outer loop
      vertex 7.3 7.88564 1.7
      vertex 8.06522 9.18784 0
      vertex 7.47402 7.76937 1.7
    endloop
  endfacet
  facet normal -0.415875 -0.621882 -0.663559
    outer loop
      vertex 8.06522 9.18784 0
      vertex 7.3 7.88564 1.7
      vertex 8.05556 9.1943 0
    endloop
  endfacet
  facet normal -0.330888 -0.670963 -0.663568
    outer loop
      vertex 8.04513 9.19944 0
      vertex 7.3 7.88564 1.7
      vertex 7.11229 7.97821 1.7
    endloop
  endfacet
  facet normal -0.330704 -0.671059 -0.663562
    outer loop
      vertex 7.3 7.88564 1.7
      vertex 8.04513 9.19944 0
      vertex 8.05556 9.1943 0
    endloop
  endfacet
  facet normal -0.145948 -0.733742 -0.663568
    outer loop
      vertex 7.29381 9.50737 0
      vertex 6.91411 8.04548 1.7
      vertex 6.70884 8.08631 1.7
    endloop
  endfacet
  facet normal -0.146098 -0.733708 -0.663573
    outer loop
      vertex 6.91411 8.04548 1.7
      vertex 7.29381 9.50737 0
      vertex 7.30521 9.5051 0
    endloop
  endfacet
  facet normal 0.415622 -0.622042 -0.663567
    outer loop
      vertex 4.93478 9.18784 0
      vertex 5.52598 7.76937 1.7
      vertex 4.60607 8.96821 0
    endloop
  endfacet
  facet normal 0.493283 -0.56245 -0.663567
    outer loop
      vertex 5.36863 7.63137 1.7
      vertex 4.60607 8.96821 0
      vertex 5.52598 7.76937 1.7
    endloop
  endfacet
  facet normal 0.493267 -0.562462 -0.663569
    outer loop
      vertex 4.60607 8.96821 0
      vertex 5.36863 7.63137 1.7
      vertex 4.30011 8.69989 0
    endloop
  endfacet
  facet normal 0.330884 -0.670965 -0.663567
    outer loop
      vertex 5.30943 9.37429 0
      vertex 5.88771 7.97821 1.7
      vertex 4.95487 9.19944 0
    endloop
  endfacet
  facet normal 0.330704 -0.671059 -0.663562
    outer loop
      vertex 4.95487 9.19944 0
      vertex 5.7 7.88564 1.7
      vertex 4.94444 9.1943 0
    endloop
  endfacet
  facet normal 0.330888 -0.670963 -0.663568
    outer loop
      vertex 5.7 7.88564 1.7
      vertex 4.95487 9.19944 0
      vertex 5.88771 7.97821 1.7
    endloop
  endfacet
  facet normal 0.622046 -0.415615 -0.663568
    outer loop
      vertex 5.11436 7.3 1.7
      vertex 3.81216 8.06522 0
      vertex 5.23063 7.47402 1.7
    endloop
  endfacet
  facet normal 0.621882 -0.415875 -0.663559
    outer loop
      vertex 3.81216 8.06522 0
      vertex 5.11436 7.3 1.7
      vertex 3.8057 8.05556 0
    endloop
  endfacet
  facet normal 0.622037 -0.415631 -0.663566
    outer loop
      vertex 4.03179 8.39392 0
      vertex 5.23063 7.47402 1.7
      vertex 3.81216 8.06522 0
    endloop
  endfacet
  facet normal 0.733708 -0.146098 -0.663573
    outer loop
      vertex 4.95452 6.91411 1.7
      vertex 3.49263 7.29381 0
      vertex 3.4949 7.30521 0
    endloop
  endfacet
  facet normal 0.733742 -0.145948 -0.663568
    outer loop
      vertex 3.49263 7.29381 0
      vertex 4.95452 6.91411 1.7
      vertex 4.91369 6.70884 1.7
    endloop
  endfacet
  facet normal 0.746514 -0.0489185 -0.663569
    outer loop
      vertex 3.4155 6.90608 0
      vertex 4.91369 6.70884 1.7
      vertex 3.38965 6.5116 0
    endloop
  endfacet
  facet normal 0.733742 0.145948 -0.663568
    outer loop
      vertex 4.95452 6.08589 1.7
      vertex 3.49263 5.70619 0
      vertex 4.91369 6.29116 1.7
    endloop
  endfacet
  facet normal 0.733735 0.145975 -0.663569
    outer loop
      vertex 3.49263 5.70619 0
      vertex 4.95452 6.08589 1.7
      vertex 3.4949 5.69478 0
    endloop
  endfacet
  facet normal 0.708416 0.240464 -0.663569
    outer loop
      vertex 5.02179 5.88771 1.7
      vertex 3.4949 5.69478 0
      vertex 4.95452 6.08589 1.7
    endloop
  endfacet
  facet normal 0.708413 0.240476 -0.663567
    outer loop
      vertex 3.4949 5.69478 0
      vertex 5.02179 5.88771 1.7
      vertex 3.62571 5.30943 0
    endloop
  endfacet
  facet normal 0.493283 0.56245 -0.663567
    outer loop
      vertex 4.60607 4.03179 0
      vertex 5.36863 5.36863 1.7
      vertex 5.52598 5.23063 1.7
    endloop
  endfacet
  facet normal 0.493267 0.562462 -0.663569
    outer loop
      vertex 5.36863 5.36863 1.7
      vertex 4.60607 4.03179 0
      vertex 4.30011 4.30011 0
    endloop
  endfacet
  facet normal -0.240471 0.708415 -0.663567
    outer loop
      vertex 7.30521 3.4949 0
      vertex 7.11229 5.02179 1.7
      vertex 7.69057 3.62571 0
    endloop
  endfacet
  facet normal -0.240464 0.708417 -0.663568
    outer loop
      vertex 7.11229 5.02179 1.7
      vertex 7.30521 3.4949 0
      vertex 6.91411 4.95452 1.7
    endloop
  endfacet
  facet normal -0.14596 0.733738 -0.663569
    outer loop
      vertex 7.29381 3.49263 0
      vertex 6.90608 3.4155 0
      vertex 6.70884 4.91369 1.7
    endloop
  endfacet
  facet normal -0.330869 0.670972 -0.663568
    outer loop
      vertex 8.04513 3.80055 0
      vertex 7.69057 3.62571 0
      vertex 7.11229 5.02179 1.7
    endloop
  endfacet
  facet normal -0.493258 0.562471 -0.663569
    outer loop
      vertex 8.39392 4.03179 0
      vertex 7.63137 5.36863 1.7
      vertex 8.69989 4.30011 0
    endloop
  endfacet
  facet normal -0.493284 0.562451 -0.663565
    outer loop
      vertex 7.63137 5.36863 1.7
      vertex 8.39392 4.03179 0
      vertex 7.47402 5.23063 1.7
    endloop
  endfacet
  facet normal -0.562463 0.493268 -0.663568
    outer loop
      vertex 8.69989 4.30011 0
      vertex 7.76937 5.52598 1.7
      vertex 8.96821 4.60607 0
    endloop
  endfacet
  facet normal -0.562448 0.493282 -0.66357
    outer loop
      vertex 7.76937 5.52598 1.7
      vertex 8.69989 4.30011 0
      vertex 7.63137 5.36863 1.7
    endloop
  endfacet
  facet normal -0.670963 0.330888 -0.663568
    outer loop
      vertex 9.19944 4.95487 0
      vertex 7.88564 5.7 1.7
      vertex 7.97821 5.88771 1.7
    endloop
  endfacet
  facet normal -0.671059 0.330704 -0.663562
    outer loop
      vertex 7.88564 5.7 1.7
      vertex 9.19944 4.95487 0
      vertex 9.1943 4.94444 0
    endloop
  endfacet
  facet normal -0.708416 0.240464 -0.663569
    outer loop
      vertex 9.5051 5.69478 0
      vertex 7.97821 5.88771 1.7
      vertex 8.04548 6.08589 1.7
    endloop
  endfacet
  facet normal -0.708413 0.240476 -0.663567
    outer loop
      vertex 7.97821 5.88771 1.7
      vertex 9.5051 5.69478 0
      vertex 9.37429 5.30943 0
    endloop
  endfacet
  facet normal -0.0489096 -0.746515 -0.663568
    outer loop
      vertex 6.5116 9.61035 0
      vertex 6.5 8.1 1.7
      vertex 6.5 9.61111 0
    endloop
  endfacet
  facet normal -0.0489359 -0.746514 -0.663568
    outer loop
      vertex 6.5 8.1 1.7
      vertex 6.5116 9.61035 0
      vertex 6.70884 8.08631 1.7
    endloop
  endfacet
  facet normal 0.0489359 -0.746514 -0.663568
    outer loop
      vertex 6.4884 9.61035 0
      vertex 6.5 8.1 1.7
      vertex 6.29116 8.08631 1.7
    endloop
  endfacet
  facet normal 0.0489096 -0.746515 -0.663568
    outer loop
      vertex 6.5 8.1 1.7
      vertex 6.4884 9.61035 0
      vertex 6.5 9.61111 0
    endloop
  endfacet
  facet normal -0.0489375 -0.746514 -0.663568
    outer loop
      vertex 6.90608 9.58449 0
      vertex 6.70884 8.08631 1.7
      vertex 6.5116 9.61035 0
    endloop
  endfacet
  facet normal -0.145942 -0.733743 -0.663568
    outer loop
      vertex 6.90608 9.58449 0
      vertex 7.29381 9.50737 0
      vertex 6.70884 8.08631 1.7
    endloop
  endfacet
  facet normal 0.670972 -0.330869 -0.663568
    outer loop
      vertex 3.80055 8.04513 0
      vertex 5.02179 7.11229 1.7
      vertex 3.62571 7.69057 0
    endloop
  endfacet
  facet normal 0.670789 -0.331214 -0.663581
    outer loop
      vertex 5.11436 7.3 1.7
      vertex 3.80055 8.04513 0
      vertex 3.8057 8.05556 0
    endloop
  endfacet
  facet normal 0.670961 -0.330887 -0.66357
    outer loop
      vertex 3.80055 8.04513 0
      vertex 5.11436 7.3 1.7
      vertex 5.02179 7.11229 1.7
    endloop
  endfacet
  facet normal 0.746515 0.0489096 -0.663568
    outer loop
      vertex 4.9 6.5 1.7
      vertex 3.38965 6.4884 0
      vertex 3.38889 6.5 0
    endloop
  endfacet
  facet normal 0.746514 0.0489359 -0.663568
    outer loop
      vertex 3.38965 6.4884 0
      vertex 4.9 6.5 1.7
      vertex 4.91369 6.29116 1.7
    endloop
  endfacet
  facet normal 0.670972 0.330869 -0.663568
    outer loop
      vertex 5.02179 5.88771 1.7
      vertex 3.80055 4.95487 0
      vertex 3.62571 5.30943 0
    endloop
  endfacet
  facet normal -0.331214 0.670789 -0.663581
    outer loop
      vertex 8.04513 3.80055 0
      vertex 7.3 5.11436 1.7
      vertex 8.05556 3.8057 0
    endloop
  endfacet
  facet normal -0.330887 0.670961 -0.66357
    outer loop
      vertex 7.3 5.11436 1.7
      vertex 8.04513 3.80055 0
      vertex 7.11229 5.02179 1.7
    endloop
  endfacet
  facet normal -0.415875 0.621882 -0.663559
    outer loop
      vertex 7.3 5.11436 1.7
      vertex 8.06522 3.81216 0
      vertex 8.05556 3.8057 0
    endloop
  endfacet
  facet normal -0.415615 0.622046 -0.663568
    outer loop
      vertex 8.06522 3.81216 0
      vertex 7.3 5.11436 1.7
      vertex 7.47402 5.23063 1.7
    endloop
  endfacet
  facet normal 0.670961 0.330887 -0.66357
    outer loop
      vertex 5.11436 5.7 1.7
      vertex 3.80055 4.95487 0
      vertex 5.02179 5.88771 1.7
    endloop
  endfacet
  facet normal 0.670789 0.331214 -0.663581
    outer loop
      vertex 3.80055 4.95487 0
      vertex 5.11436 5.7 1.7
      vertex 3.8057 4.94444 0
    endloop
  endfacet
  facet normal -0.555593 -0.831454 0
    outer loop
      vertex 53.1 7.88564 1.7
      vertex 53.274 7.76937 13
      vertex 53.1 7.88564 13
    endloop
  endfacet
  facet normal -0.555593 -0.831454 -0
    outer loop
      vertex 53.274 7.76937 13
      vertex 53.1 7.88564 1.7
      vertex 53.274 7.76937 1.7
    endloop
  endfacet
  facet normal 0.980813 -0.194949 0
    outer loop
      vertex 50.7137 6.70884 13
      vertex 50.7545 6.91411 1.7
      vertex 50.7545 6.91411 13
    endloop
  endfacet
  facet normal 0.980813 -0.194949 0
    outer loop
      vertex 50.7545 6.91411 1.7
      vertex 50.7137 6.70884 13
      vertex 50.7137 6.70884 1.7
    endloop
  endfacet
  facet normal -0.980813 0.194949 0
    outer loop
      vertex 53.8455 6.08589 1.7
      vertex 53.8863 6.29116 13
      vertex 53.8863 6.29116 1.7
    endloop
  endfacet
  facet normal -0.980813 0.194949 0
    outer loop
      vertex 53.8863 6.29116 13
      vertex 53.8455 6.08589 1.7
      vertex 53.8455 6.08589 13
    endloop
  endfacet
  facet normal 0.195059 0.980791 -0
    outer loop
      vertex 52.0912 4.91369 1.7
      vertex 51.8859 4.95452 13
      vertex 52.0912 4.91369 13
    endloop
  endfacet
  facet normal 0.195059 0.980791 0
    outer loop
      vertex 51.8859 4.95452 13
      vertex 52.0912 4.91369 1.7
      vertex 51.8859 4.95452 1.7
    endloop
  endfacet
  facet normal 0.442314 -0.89686 0
    outer loop
      vertex 51.5 7.88564 1.7
      vertex 51.6877 7.97821 13
      vertex 51.5 7.88564 13
    endloop
  endfacet
  facet normal 0.442314 -0.89686 0
    outer loop
      vertex 51.6877 7.97821 13
      vertex 51.5 7.88564 1.7
      vertex 51.6877 7.97821 1.7
    endloop
  endfacet
  facet normal 0.946891 -0.321555 0
    outer loop
      vertex 50.7545 6.91411 13
      vertex 50.8218 7.11229 1.7
      vertex 50.8218 7.11229 13
    endloop
  endfacet
  facet normal 0.946891 -0.321555 0
    outer loop
      vertex 50.8218 7.11229 1.7
      vertex 50.7545 6.91411 13
      vertex 50.7545 6.91411 1.7
    endloop
  endfacet
  facet normal -0.751821 0.659367 0
    outer loop
      vertex 53.4314 5.36863 1.7
      vertex 53.5694 5.52598 13
      vertex 53.5694 5.52598 1.7
    endloop
  endfacet
  facet normal -0.751821 0.659367 0
    outer loop
      vertex 53.5694 5.52598 13
      vertex 53.4314 5.36863 1.7
      vertex 53.4314 5.36863 13
    endloop
  endfacet
  facet normal -0.997855 0.0654598 0
    outer loop
      vertex 53.8863 6.29116 1.7
      vertex 53.9 6.5 13
      vertex 53.9 6.5 1.7
    endloop
  endfacet
  facet normal -0.997855 0.0654598 0
    outer loop
      vertex 53.9 6.5 13
      vertex 53.8863 6.29116 1.7
      vertex 53.8863 6.29116 13
    endloop
  endfacet
  facet normal -0.896813 -0.44241 0
    outer loop
      vertex 53.7782 7.11229 1.7
      vertex 53.6856 7.3 13
      vertex 53.6856 7.3 1.7
    endloop
  endfacet
  facet normal -0.896813 -0.44241 0
    outer loop
      vertex 53.6856 7.3 13
      vertex 53.7782 7.11229 1.7
      vertex 53.7782 7.11229 13
    endloop
  endfacet
  facet normal -0.831638 -0.555318 0
    outer loop
      vertex 53.6856 7.3 1.7
      vertex 53.5694 7.47402 13
      vertex 53.5694 7.47402 1.7
    endloop
  endfacet
  facet normal -0.831638 -0.555318 0
    outer loop
      vertex 53.5694 7.47402 13
      vertex 53.6856 7.3 1.7
      vertex 53.6856 7.3 13
    endloop
  endfacet
  facet normal -0.659248 -0.751925 0
    outer loop
      vertex 53.274 7.76937 1.7
      vertex 53.4314 7.63137 13
      vertex 53.274 7.76937 13
    endloop
  endfacet
  facet normal -0.659248 -0.751925 -0
    outer loop
      vertex 53.4314 7.63137 13
      vertex 53.274 7.76937 1.7
      vertex 53.4314 7.63137 1.7
    endloop
  endfacet
  facet normal -0.321397 -0.946944 0
    outer loop
      vertex 52.7141 8.04548 1.7
      vertex 52.9123 7.97821 13
      vertex 52.7141 8.04548 13
    endloop
  endfacet
  facet normal -0.321397 -0.946944 -0
    outer loop
      vertex 52.9123 7.97821 13
      vertex 52.7141 8.04548 1.7
      vertex 52.9123 7.97821 1.7
    endloop
  endfacet
  facet normal 0.831638 -0.555318 0
    outer loop
      vertex 50.9144 7.3 13
      vertex 51.0306 7.47402 1.7
      vertex 51.0306 7.47402 13
    endloop
  endfacet
  facet normal 0.831638 -0.555318 0
    outer loop
      vertex 51.0306 7.47402 1.7
      vertex 50.9144 7.3 13
      vertex 50.9144 7.3 1.7
    endloop
  endfacet
  facet normal 0.555593 -0.831454 0
    outer loop
      vertex 51.326 7.76937 1.7
      vertex 51.5 7.88564 13
      vertex 51.326 7.76937 13
    endloop
  endfacet
  facet normal 0.555593 -0.831454 0
    outer loop
      vertex 51.5 7.88564 13
      vertex 51.326 7.76937 1.7
      vertex 51.5 7.88564 1.7
    endloop
  endfacet
  facet normal 0.321397 -0.946944 0
    outer loop
      vertex 51.6877 7.97821 1.7
      vertex 51.8859 8.04548 13
      vertex 51.6877 7.97821 13
    endloop
  endfacet
  facet normal 0.321397 -0.946944 0
    outer loop
      vertex 51.8859 8.04548 13
      vertex 51.6877 7.97821 1.7
      vertex 51.8859 8.04548 1.7
    endloop
  endfacet
  facet normal -0.831638 0.555318 0
    outer loop
      vertex 53.5694 5.52598 1.7
      vertex 53.6856 5.7 13
      vertex 53.6856 5.7 1.7
    endloop
  endfacet
  facet normal -0.831638 0.555318 0
    outer loop
      vertex 53.6856 5.7 13
      vertex 53.5694 5.52598 1.7
      vertex 53.5694 5.52598 13
    endloop
  endfacet
  facet normal -0.946891 0.321555 0
    outer loop
      vertex 53.7782 5.88771 1.7
      vertex 53.8455 6.08589 13
      vertex 53.8455 6.08589 1.7
    endloop
  endfacet
  facet normal -0.946891 0.321555 0
    outer loop
      vertex 53.8455 6.08589 13
      vertex 53.7782 5.88771 1.7
      vertex 53.7782 5.88771 13
    endloop
  endfacet
  facet normal -0.442314 0.89686 0
    outer loop
      vertex 53.1 5.11436 1.7
      vertex 52.9123 5.02179 13
      vertex 53.1 5.11436 13
    endloop
  endfacet
  facet normal -0.442314 0.89686 0
    outer loop
      vertex 52.9123 5.02179 13
      vertex 53.1 5.11436 1.7
      vertex 52.9123 5.02179 1.7
    endloop
  endfacet
  facet normal 0.0654247 0.997858 -0
    outer loop
      vertex 52.3 4.9 1.7
      vertex 52.0912 4.91369 13
      vertex 52.3 4.9 13
    endloop
  endfacet
  facet normal 0.0654247 0.997858 0
    outer loop
      vertex 52.0912 4.91369 13
      vertex 52.3 4.9 1.7
      vertex 52.0912 4.91369 1.7
    endloop
  endfacet
  facet normal 0.555593 0.831454 -0
    outer loop
      vertex 51.5 5.11436 1.7
      vertex 51.326 5.23063 13
      vertex 51.5 5.11436 13
    endloop
  endfacet
  facet normal 0.555593 0.831454 0
    outer loop
      vertex 51.326 5.23063 13
      vertex 51.5 5.11436 1.7
      vertex 51.326 5.23063 1.7
    endloop
  endfacet
  facet normal 0.831638 0.555318 0
    outer loop
      vertex 51.0306 5.52598 13
      vertex 50.9144 5.7 1.7
      vertex 50.9144 5.7 13
    endloop
  endfacet
  facet normal 0.831638 0.555318 0
    outer loop
      vertex 50.9144 5.7 1.7
      vertex 51.0306 5.52598 13
      vertex 51.0306 5.52598 1.7
    endloop
  endfacet
  facet normal -0.946891 -0.321555 0
    outer loop
      vertex 53.8455 6.91411 1.7
      vertex 53.7782 7.11229 13
      vertex 53.7782 7.11229 1.7
    endloop
  endfacet
  facet normal -0.946891 -0.321555 0
    outer loop
      vertex 53.7782 7.11229 13
      vertex 53.8455 6.91411 1.7
      vertex 53.8455 6.91411 13
    endloop
  endfacet
  facet normal -0.751821 -0.659367 0
    outer loop
      vertex 53.5694 7.47402 1.7
      vertex 53.4314 7.63137 13
      vertex 53.4314 7.63137 1.7
    endloop
  endfacet
  facet normal -0.751821 -0.659367 0
    outer loop
      vertex 53.4314 7.63137 13
      vertex 53.5694 7.47402 1.7
      vertex 53.5694 7.47402 13
    endloop
  endfacet
  facet normal -0.442314 -0.89686 0
    outer loop
      vertex 52.9123 7.97821 1.7
      vertex 53.1 7.88564 13
      vertex 52.9123 7.97821 13
    endloop
  endfacet
  facet normal -0.442314 -0.89686 -0
    outer loop
      vertex 53.1 7.88564 13
      vertex 52.9123 7.97821 1.7
      vertex 53.1 7.88564 1.7
    endloop
  endfacet
  facet normal 0.0654247 -0.997858 0
    outer loop
      vertex 52.0912 8.08631 1.7
      vertex 52.3 8.1 13
      vertex 52.0912 8.08631 13
    endloop
  endfacet
  facet normal 0.0654247 -0.997858 0
    outer loop
      vertex 52.3 8.1 13
      vertex 52.0912 8.08631 1.7
      vertex 52.3 8.1 1.7
    endloop
  endfacet
  facet normal -0.195059 -0.980791 0
    outer loop
      vertex 52.5088 8.08631 1.7
      vertex 52.7141 8.04548 13
      vertex 52.5088 8.08631 13
    endloop
  endfacet
  facet normal -0.195059 -0.980791 -0
    outer loop
      vertex 52.7141 8.04548 13
      vertex 52.5088 8.08631 1.7
      vertex 52.7141 8.04548 1.7
    endloop
  endfacet
  facet normal 0.997855 0.0654598 0
    outer loop
      vertex 50.7137 6.29116 13
      vertex 50.7 6.5 1.7
      vertex 50.7 6.5 13
    endloop
  endfacet
  facet normal 0.997855 0.0654598 0
    outer loop
      vertex 50.7 6.5 1.7
      vertex 50.7137 6.29116 13
      vertex 50.7137 6.29116 1.7
    endloop
  endfacet
  facet normal 0.896813 -0.44241 0
    outer loop
      vertex 50.8218 7.11229 13
      vertex 50.9144 7.3 1.7
      vertex 50.9144 7.3 13
    endloop
  endfacet
  facet normal 0.896813 -0.44241 0
    outer loop
      vertex 50.9144 7.3 1.7
      vertex 50.8218 7.11229 13
      vertex 50.8218 7.11229 1.7
    endloop
  endfacet
  facet normal 0.195059 -0.980791 0
    outer loop
      vertex 51.8859 8.04548 1.7
      vertex 52.0912 8.08631 13
      vertex 51.8859 8.04548 13
    endloop
  endfacet
  facet normal 0.195059 -0.980791 0
    outer loop
      vertex 52.0912 8.08631 13
      vertex 51.8859 8.04548 1.7
      vertex 52.0912 8.08631 1.7
    endloop
  endfacet
  facet normal 0.659248 -0.751925 0
    outer loop
      vertex 51.1686 7.63137 1.7
      vertex 51.326 7.76937 13
      vertex 51.1686 7.63137 13
    endloop
  endfacet
  facet normal 0.659248 -0.751925 0
    outer loop
      vertex 51.326 7.76937 13
      vertex 51.1686 7.63137 1.7
      vertex 51.326 7.76937 1.7
    endloop
  endfacet
  facet normal 0.751821 -0.659367 0
    outer loop
      vertex 51.0306 7.47402 13
      vertex 51.1686 7.63137 1.7
      vertex 51.1686 7.63137 13
    endloop
  endfacet
  facet normal 0.751821 -0.659367 0
    outer loop
      vertex 51.1686 7.63137 1.7
      vertex 51.0306 7.47402 13
      vertex 51.0306 7.47402 1.7
    endloop
  endfacet
  facet normal -0.997855 -0.0654598 0
    outer loop
      vertex 53.9 6.5 1.7
      vertex 53.8863 6.70884 13
      vertex 53.8863 6.70884 1.7
    endloop
  endfacet
  facet normal -0.997855 -0.0654598 0
    outer loop
      vertex 53.8863 6.70884 13
      vertex 53.9 6.5 1.7
      vertex 53.9 6.5 13
    endloop
  endfacet
  facet normal -0.195059 0.980791 0
    outer loop
      vertex 52.7141 4.95452 1.7
      vertex 52.5088 4.91369 13
      vertex 52.7141 4.95452 13
    endloop
  endfacet
  facet normal -0.195059 0.980791 0
    outer loop
      vertex 52.5088 4.91369 13
      vertex 52.7141 4.95452 1.7
      vertex 52.5088 4.91369 1.7
    endloop
  endfacet
  facet normal -0.321397 0.946944 0
    outer loop
      vertex 52.9123 5.02179 1.7
      vertex 52.7141 4.95452 13
      vertex 52.9123 5.02179 13
    endloop
  endfacet
  facet normal -0.321397 0.946944 0
    outer loop
      vertex 52.7141 4.95452 13
      vertex 52.9123 5.02179 1.7
      vertex 52.7141 4.95452 1.7
    endloop
  endfacet
  facet normal -0.555593 0.831454 0
    outer loop
      vertex 53.274 5.23063 1.7
      vertex 53.1 5.11436 13
      vertex 53.274 5.23063 13
    endloop
  endfacet
  facet normal -0.555593 0.831454 0
    outer loop
      vertex 53.1 5.11436 13
      vertex 53.274 5.23063 1.7
      vertex 53.1 5.11436 1.7
    endloop
  endfacet
  facet normal -0.0654247 0.997858 0
    outer loop
      vertex 52.5088 4.91369 1.7
      vertex 52.3 4.9 13
      vertex 52.5088 4.91369 13
    endloop
  endfacet
  facet normal -0.0654247 0.997858 0
    outer loop
      vertex 52.3 4.9 13
      vertex 52.5088 4.91369 1.7
      vertex 52.3 4.9 1.7
    endloop
  endfacet
  facet normal 0.321397 0.946944 -0
    outer loop
      vertex 51.8859 4.95452 1.7
      vertex 51.6877 5.02179 13
      vertex 51.8859 4.95452 13
    endloop
  endfacet
  facet normal 0.321397 0.946944 0
    outer loop
      vertex 51.6877 5.02179 13
      vertex 51.8859 4.95452 1.7
      vertex 51.6877 5.02179 1.7
    endloop
  endfacet
  facet normal 0.896813 0.44241 0
    outer loop
      vertex 50.9144 5.7 13
      vertex 50.8218 5.88771 1.7
      vertex 50.8218 5.88771 13
    endloop
  endfacet
  facet normal 0.896813 0.44241 0
    outer loop
      vertex 50.8218 5.88771 1.7
      vertex 50.9144 5.7 13
      vertex 50.9144 5.7 1.7
    endloop
  endfacet
  facet normal 0.980813 0.194949 0
    outer loop
      vertex 50.7545 6.08589 13
      vertex 50.7137 6.29116 1.7
      vertex 50.7137 6.29116 13
    endloop
  endfacet
  facet normal 0.980813 0.194949 0
    outer loop
      vertex 50.7137 6.29116 1.7
      vertex 50.7545 6.08589 13
      vertex 50.7545 6.08589 1.7
    endloop
  endfacet
  facet normal 0.751821 0.659367 0
    outer loop
      vertex 51.1686 5.36863 13
      vertex 51.0306 5.52598 1.7
      vertex 51.0306 5.52598 13
    endloop
  endfacet
  facet normal 0.751821 0.659367 0
    outer loop
      vertex 51.0306 5.52598 1.7
      vertex 51.1686 5.36863 13
      vertex 51.1686 5.36863 1.7
    endloop
  endfacet
  facet normal -0.980813 -0.194949 0
    outer loop
      vertex 53.8863 6.70884 1.7
      vertex 53.8455 6.91411 13
      vertex 53.8455 6.91411 1.7
    endloop
  endfacet
  facet normal -0.980813 -0.194949 0
    outer loop
      vertex 53.8455 6.91411 13
      vertex 53.8863 6.70884 1.7
      vertex 53.8863 6.70884 13
    endloop
  endfacet
  facet normal -0.0654247 -0.997858 0
    outer loop
      vertex 52.3 8.1 1.7
      vertex 52.5088 8.08631 13
      vertex 52.3 8.1 13
    endloop
  endfacet
  facet normal -0.0654247 -0.997858 -0
    outer loop
      vertex 52.5088 8.08631 13
      vertex 52.3 8.1 1.7
      vertex 52.5088 8.08631 1.7
    endloop
  endfacet
  facet normal 0.997855 -0.0654598 0
    outer loop
      vertex 50.7 6.5 13
      vertex 50.7137 6.70884 1.7
      vertex 50.7137 6.70884 13
    endloop
  endfacet
  facet normal 0.997855 -0.0654598 0
    outer loop
      vertex 50.7137 6.70884 1.7
      vertex 50.7 6.5 13
      vertex 50.7 6.5 1.7
    endloop
  endfacet
  facet normal -0.896813 0.44241 0
    outer loop
      vertex 53.6856 5.7 1.7
      vertex 53.7782 5.88771 13
      vertex 53.7782 5.88771 1.7
    endloop
  endfacet
  facet normal -0.896813 0.44241 0
    outer loop
      vertex 53.7782 5.88771 13
      vertex 53.6856 5.7 1.7
      vertex 53.6856 5.7 13
    endloop
  endfacet
  facet normal -0.659248 0.751925 0
    outer loop
      vertex 53.4314 5.36863 1.7
      vertex 53.274 5.23063 13
      vertex 53.4314 5.36863 13
    endloop
  endfacet
  facet normal -0.659248 0.751925 0
    outer loop
      vertex 53.274 5.23063 13
      vertex 53.4314 5.36863 1.7
      vertex 53.274 5.23063 1.7
    endloop
  endfacet
  facet normal 0.442314 0.89686 -0
    outer loop
      vertex 51.6877 5.02179 1.7
      vertex 51.5 5.11436 13
      vertex 51.6877 5.02179 13
    endloop
  endfacet
  facet normal 0.442314 0.89686 0
    outer loop
      vertex 51.5 5.11436 13
      vertex 51.6877 5.02179 1.7
      vertex 51.5 5.11436 1.7
    endloop
  endfacet
  facet normal 0.946891 0.321555 0
    outer loop
      vertex 50.8218 5.88771 13
      vertex 50.7545 6.08589 1.7
      vertex 50.7545 6.08589 13
    endloop
  endfacet
  facet normal 0.946891 0.321555 0
    outer loop
      vertex 50.7545 6.08589 1.7
      vertex 50.8218 5.88771 13
      vertex 50.8218 5.88771 1.7
    endloop
  endfacet
  facet normal 0.659248 0.751925 -0
    outer loop
      vertex 51.326 5.23063 1.7
      vertex 51.1686 5.36863 13
      vertex 51.326 5.23063 13
    endloop
  endfacet
  facet normal 0.659248 0.751925 0
    outer loop
      vertex 51.1686 5.36863 13
      vertex 51.326 5.23063 1.7
      vertex 51.1686 5.36863 1.7
    endloop
  endfacet
  facet normal -0.746653 -0.0450566 -0.663686
    outer loop
      vertex 53.9 6.5 1.7
      vertex 55.4104 6.5116 0
      vertex 55.4111 6.5 0
    endloop
  endfacet
  facet normal -0.746502 -0.0489709 -0.663579
    outer loop
      vertex 55.4104 6.5116 0
      vertex 53.9 6.5 1.7
      vertex 53.8863 6.70884 1.7
    endloop
  endfacet
  facet normal -0.746503 -0.0490124 -0.663575
    outer loop
      vertex 55.3845 6.90608 0
      vertex 55.4104 6.5116 0
      vertex 53.8863 6.70884 1.7
    endloop
  endfacet
  facet normal 0.0489096 0.746515 -0.663568
    outer loop
      vertex 52.2884 3.38965 0
      vertex 52.3 4.9 1.7
      vertex 52.3 3.38889 0
    endloop
  endfacet
  facet normal 0.0489453 0.746514 -0.663567
    outer loop
      vertex 52.3 4.9 1.7
      vertex 52.2884 3.38965 0
      vertex 52.0912 4.91369 1.7
    endloop
  endfacet
  facet normal -0.67092 0.330974 -0.663568
    outer loop
      vertex 55.1743 5.30943 0
      vertex 53.6856 5.7 1.7
      vertex 53.7782 5.88771 1.7
    endloop
  endfacet
  facet normal -0.671863 0.328524 -0.663832
    outer loop
      vertex 53.6856 5.7 1.7
      vertex 55.1743 5.30943 0
      vertex 55.1692 5.299 0
    endloop
  endfacet
  facet normal -0.240442 -0.708424 -0.663569
    outer loop
      vertex 53.1052 9.5051 0
      vertex 52.9123 7.97821 1.7
      vertex 52.7141 8.04548 1.7
    endloop
  endfacet
  facet normal -0.240448 -0.708422 -0.663568
    outer loop
      vertex 52.9123 7.97821 1.7
      vertex 53.1052 9.5051 0
      vertex 53.4906 9.37429 0
    endloop
  endfacet
  facet normal 0.562451 -0.493284 -0.663566
    outer loop
      vertex 51.0306 7.47402 1.7
      vertex 50.1001 8.69989 0
      vertex 51.1686 7.63137 1.7
    endloop
  endfacet
  facet normal 0.562495 -0.493242 -0.66356
    outer loop
      vertex 50.1001 8.69989 0
      vertex 51.0306 7.47402 1.7
      vertex 49.8318 8.39392 0
    endloop
  endfacet
  facet normal 0.670926 0.330959 -0.663569
    outer loop
      vertex 50.8218 5.88771 1.7
      vertex 49.6006 4.95487 0
      vertex 49.4257 5.30943 0
    endloop
  endfacet
  facet normal 0.145927 0.733746 -0.663567
    outer loop
      vertex 51.5062 3.49263 0
      vertex 51.8859 4.95452 1.7
      vertex 52.0912 4.91369 1.7
    endloop
  endfacet
  facet normal 0.146098 0.733708 -0.663573
    outer loop
      vertex 51.8859 4.95452 1.7
      vertex 51.5062 3.49263 0
      vertex 51.4948 3.4949 0
    endloop
  endfacet
  facet normal -0.493292 0.562443 -0.663567
    outer loop
      vertex 54.4999 4.30011 0
      vertex 54.2027 4.03945 0
      vertex 53.4314 5.36863 1.7
    endloop
  endfacet
  facet normal -0.70839 0.240562 -0.663561
    outer loop
      vertex 55.3051 5.69478 0
      vertex 53.7782 5.88771 1.7
      vertex 53.8455 6.08589 1.7
    endloop
  endfacet
  facet normal -0.708416 0.240459 -0.663571
    outer loop
      vertex 53.7782 5.88771 1.7
      vertex 55.3051 5.69478 0
      vertex 55.1743 5.30943 0
    endloop
  endfacet
  facet normal -0.622055 -0.415586 -0.663578
    outer loop
      vertex 54.7747 8.38426 0
      vertex 54.9943 8.05556 0
      vertex 53.6856 7.3 1.7
    endloop
  endfacet
  facet normal 0.145953 -0.733739 -0.66357
    outer loop
      vertex 51.8939 9.58449 0
      vertex 52.0912 8.08631 1.7
      vertex 51.5062 9.50737 0
    endloop
  endfacet
  facet normal 0.415631 0.622037 -0.663566
    outer loop
      vertex 51.326 5.23063 1.7
      vertex 50.7348 3.81216 0
      vertex 50.4061 4.03179 0
    endloop
  endfacet
  facet normal 0.622076 0.415588 -0.663558
    outer loop
      vertex 51.0306 5.52598 1.7
      vertex 49.8318 4.60607 0
      vertex 49.6122 4.93478 0
    endloop
  endfacet
  facet normal 0.562451 0.493284 -0.663566
    outer loop
      vertex 50.1001 4.30011 0
      vertex 51.0306 5.52598 1.7
      vertex 51.1686 5.36863 1.7
    endloop
  endfacet
  facet normal 0.562486 0.493251 -0.663561
    outer loop
      vertex 51.0306 5.52598 1.7
      vertex 50.1001 4.30011 0
      vertex 49.8318 4.60607 0
    endloop
  endfacet
  facet normal 0.048916 0.746513 -0.66357
    outer loop
      vertex 52.0912 4.91369 1.7
      vertex 52.2884 3.38965 0
      vertex 51.8939 3.4155 0
    endloop
  endfacet
  facet normal 0.145971 0.733734 -0.663572
    outer loop
      vertex 52.0912 4.91369 1.7
      vertex 51.8939 3.4155 0
      vertex 51.5062 3.49263 0
    endloop
  endfacet
  facet normal -0.146098 0.733708 -0.663573
    outer loop
      vertex 53.0938 3.49263 0
      vertex 52.7141 4.95452 1.7
      vertex 53.1052 3.4949 0
    endloop
  endfacet
  facet normal -0.145927 0.733746 -0.663567
    outer loop
      vertex 52.7141 4.95452 1.7
      vertex 53.0938 3.49263 0
      vertex 52.5088 4.91369 1.7
    endloop
  endfacet
  facet normal 0.330903 0.670956 -0.663567
    outer loop
      vertex 50.7549 3.80055 0
      vertex 51.5 5.11436 1.7
      vertex 51.6877 5.02179 1.7
    endloop
  endfacet
  facet normal 0.329459 0.671713 -0.66352
    outer loop
      vertex 51.5 5.11436 1.7
      vertex 50.7549 3.80055 0
      vertex 50.7444 3.8057 0
    endloop
  endfacet
  facet normal 0.240442 0.708424 -0.663569
    outer loop
      vertex 51.4948 3.4949 0
      vertex 51.6877 5.02179 1.7
      vertex 51.8859 4.95452 1.7
    endloop
  endfacet
  facet normal 0.240448 0.708422 -0.663568
    outer loop
      vertex 51.6877 5.02179 1.7
      vertex 51.4948 3.4949 0
      vertex 51.1094 3.62571 0
    endloop
  endfacet
  facet normal -0.491134 0.564227 -0.663654
    outer loop
      vertex 53.274 5.23063 1.7
      vertex 54.2027 4.03945 0
      vertex 54.1939 4.03179 0
    endloop
  endfacet
  facet normal -0.493187 0.56252 -0.66358
    outer loop
      vertex 54.2027 4.03945 0
      vertex 53.274 5.23063 1.7
      vertex 53.4314 5.36863 1.7
    endloop
  endfacet
  facet normal -0.622055 0.415586 -0.663578
    outer loop
      vertex 54.9943 4.94444 0
      vertex 54.7747 4.61574 0
      vertex 53.6856 5.7 1.7
    endloop
  endfacet
  facet normal -0.733745 0.145905 -0.663574
    outer loop
      vertex 55.3845 6.09392 0
      vertex 55.3074 5.70619 0
      vertex 53.8863 6.29116 1.7
    endloop
  endfacet
  facet normal -0.746653 0.0450566 -0.663686
    outer loop
      vertex 55.4104 6.4884 0
      vertex 53.9 6.5 1.7
      vertex 55.4111 6.5 0
    endloop
  endfacet
  facet normal -0.746502 0.0489709 -0.663579
    outer loop
      vertex 53.9 6.5 1.7
      vertex 55.4104 6.4884 0
      vertex 53.8863 6.29116 1.7
    endloop
  endfacet
  facet normal -0.746503 0.0490124 -0.663575
    outer loop
      vertex 55.4104 6.4884 0
      vertex 55.3845 6.09392 0
      vertex 53.8863 6.29116 1.7
    endloop
  endfacet
  facet normal -0.733745 -0.145905 -0.663574
    outer loop
      vertex 55.3074 7.29381 0
      vertex 55.3845 6.90608 0
      vertex 53.8863 6.70884 1.7
    endloop
  endfacet
  facet normal -0.562518 -0.493211 -0.663563
    outer loop
      vertex 54.4999 8.69989 0
      vertex 54.7605 8.40267 0
      vertex 53.4314 7.63137 1.7
    endloop
  endfacet
  facet normal -0.493189 -0.562521 -0.663578
    outer loop
      vertex 53.274 7.76937 1.7
      vertex 54.2027 8.96054 0
      vertex 53.4314 7.63137 1.7
    endloop
  endfacet
  facet normal -0.491507 -0.563919 -0.663639
    outer loop
      vertex 54.2027 8.96054 0
      vertex 53.274 7.76937 1.7
      vertex 54.1939 8.96821 0
    endloop
  endfacet
  facet normal -0.415631 -0.622037 -0.663566
    outer loop
      vertex 53.8652 9.18784 0
      vertex 54.1939 8.96821 0
      vertex 53.274 7.76937 1.7
    endloop
  endfacet
  facet normal -0.708418 -0.240453 -0.663571
    outer loop
      vertex 55.3051 7.30521 0
      vertex 53.7782 7.11229 1.7
      vertex 55.1743 7.69057 0
    endloop
  endfacet
  facet normal -0.708391 -0.240563 -0.66356
    outer loop
      vertex 53.7782 7.11229 1.7
      vertex 55.3051 7.30521 0
      vertex 53.8455 6.91411 1.7
    endloop
  endfacet
  facet normal -0.330929 -0.670942 -0.663568
    outer loop
      vertex 53.4906 9.37429 0
      vertex 53.8451 9.19944 0
      vertex 52.9123 7.97821 1.7
    endloop
  endfacet
  facet normal 0.0489349 -0.746513 -0.663568
    outer loop
      vertex 52.2884 9.61035 0
      vertex 52.0912 8.08631 1.7
      vertex 51.8939 9.58449 0
    endloop
  endfacet
  facet normal 0.41565 -0.622027 -0.663564
    outer loop
      vertex 50.7348 9.18784 0
      vertex 51.5 7.88564 1.7
      vertex 51.326 7.76937 1.7
    endloop
  endfacet
  facet normal 0.417699 -0.620729 -0.663493
    outer loop
      vertex 51.5 7.88564 1.7
      vertex 50.7348 9.18784 0
      vertex 50.7444 9.1943 0
    endloop
  endfacet
  facet normal 0.146098 -0.733708 -0.663573
    outer loop
      vertex 51.5062 9.50737 0
      vertex 51.8859 8.04548 1.7
      vertex 51.4948 9.5051 0
    endloop
  endfacet
  facet normal 0.145927 -0.733746 -0.663567
    outer loop
      vertex 51.8859 8.04548 1.7
      vertex 51.5062 9.50737 0
      vertex 52.0912 8.08631 1.7
    endloop
  endfacet
  facet normal 0.240448 -0.708422 -0.663568
    outer loop
      vertex 51.4948 9.5051 0
      vertex 51.6877 7.97821 1.7
      vertex 51.1094 9.37429 0
    endloop
  endfacet
  facet normal 0.240442 -0.708424 -0.663569
    outer loop
      vertex 51.6877 7.97821 1.7
      vertex 51.4948 9.5051 0
      vertex 51.8859 8.04548 1.7
    endloop
  endfacet
  facet normal 0.708418 -0.240453 -0.663571
    outer loop
      vertex 50.8218 7.11229 1.7
      vertex 49.2949 7.30521 0
      vertex 49.4257 7.69057 0
    endloop
  endfacet
  facet normal 0.708391 -0.240563 -0.66356
    outer loop
      vertex 49.2949 7.30521 0
      vertex 50.8218 7.11229 1.7
      vertex 50.7545 6.91411 1.7
    endloop
  endfacet
  facet normal 0.746268 -0.0514668 -0.663653
    outer loop
      vertex 50.7137 6.70884 1.7
      vertex 49.2147 6.89448 0
      vertex 49.2155 6.90608 0
    endloop
  endfacet
  facet normal 0.746498 -0.0489706 -0.663583
    outer loop
      vertex 49.2147 6.89448 0
      vertex 50.7137 6.70884 1.7
      vertex 50.7 6.5 1.7
    endloop
  endfacet
  facet normal 0.733756 0.145843 -0.663576
    outer loop
      vertex 50.7545 6.08589 1.7
      vertex 49.2155 6.09392 0
      vertex 50.7137 6.29116 1.7
    endloop
  endfacet
  facet normal 0.733538 0.147865 -0.663369
    outer loop
      vertex 49.2155 6.09392 0
      vertex 50.7545 6.08589 1.7
      vertex 49.2178 6.08251 0
    endloop
  endfacet
  facet normal 0.493193 0.562526 -0.663569
    outer loop
      vertex 50.4061 4.03179 0
      vertex 51.1686 5.36863 1.7
      vertex 51.326 5.23063 1.7
    endloop
  endfacet
  facet normal 0.493233 0.562498 -0.663564
    outer loop
      vertex 51.1686 5.36863 1.7
      vertex 50.4061 4.03179 0
      vertex 50.1001 4.30011 0
    endloop
  endfacet
  facet normal 0.622158 0.415439 -0.663574
    outer loop
      vertex 49.6122 4.93478 0
      vertex 50.9144 5.7 1.7
      vertex 51.0306 5.52598 1.7
    endloop
  endfacet
  facet normal 0.620738 0.417681 -0.663496
    outer loop
      vertex 50.9144 5.7 1.7
      vertex 49.6122 4.93478 0
      vertex 49.6057 4.94444 0
    endloop
  endfacet
  facet normal -0.0489453 0.746514 -0.663567
    outer loop
      vertex 52.3116 3.38965 0
      vertex 52.3 4.9 1.7
      vertex 52.5088 4.91369 1.7
    endloop
  endfacet
  facet normal -0.0489096 0.746515 -0.663568
    outer loop
      vertex 52.3 4.9 1.7
      vertex 52.3116 3.38965 0
      vertex 52.3 3.38889 0
    endloop
  endfacet
  facet normal -0.048916 0.746513 -0.66357
    outer loop
      vertex 52.5088 4.91369 1.7
      vertex 52.7061 3.4155 0
      vertex 52.3116 3.38965 0
    endloop
  endfacet
  facet normal 0.417699 0.620729 -0.663493
    outer loop
      vertex 50.7348 3.81216 0
      vertex 51.5 5.11436 1.7
      vertex 50.7444 3.8057 0
    endloop
  endfacet
  facet normal 0.41565 0.622027 -0.663564
    outer loop
      vertex 51.5 5.11436 1.7
      vertex 50.7348 3.81216 0
      vertex 51.326 5.23063 1.7
    endloop
  endfacet
  facet normal 0.330913 0.670949 -0.663568
    outer loop
      vertex 51.6877 5.02179 1.7
      vertex 51.1094 3.62571 0
      vertex 50.7549 3.80055 0
    endloop
  endfacet
  facet normal -0.562518 0.493211 -0.663563
    outer loop
      vertex 54.7605 4.59733 0
      vertex 54.4999 4.30011 0
      vertex 53.4314 5.36863 1.7
    endloop
  endfacet
  facet normal -0.330913 0.670949 -0.663568
    outer loop
      vertex 53.8451 3.80055 0
      vertex 53.4906 3.62571 0
      vertex 52.9123 5.02179 1.7
    endloop
  endfacet
  facet normal -0.670917 0.330955 -0.66358
    outer loop
      vertex 55.1692 5.299 0
      vertex 54.9943 4.94444 0
      vertex 53.6856 5.7 1.7
    endloop
  endfacet
  facet normal -0.733763 0.145845 -0.663567
    outer loop
      vertex 55.3074 5.70619 0
      vertex 53.8455 6.08589 1.7
      vertex 53.8863 6.29116 1.7
    endloop
  endfacet
  facet normal -0.733316 0.14782 -0.663624
    outer loop
      vertex 53.8455 6.08589 1.7
      vertex 55.3074 5.70619 0
      vertex 55.3051 5.69478 0
    endloop
  endfacet
  facet normal -0.493281 -0.562453 -0.663567
    outer loop
      vertex 54.2027 8.96054 0
      vertex 54.4999 8.69989 0
      vertex 53.4314 7.63137 1.7
    endloop
  endfacet
  facet normal -0.671863 -0.328524 -0.663832
    outer loop
      vertex 55.1743 7.69057 0
      vertex 53.6856 7.3 1.7
      vertex 55.1692 7.701 0
    endloop
  endfacet
  facet normal -0.67092 -0.330974 -0.663568
    outer loop
      vertex 53.6856 7.3 1.7
      vertex 55.1743 7.69057 0
      vertex 53.7782 7.11229 1.7
    endloop
  endfacet
  facet normal -0.670917 -0.330955 -0.66358
    outer loop
      vertex 54.9943 8.05556 0
      vertex 55.1692 7.701 0
      vertex 53.6856 7.3 1.7
    endloop
  endfacet
  facet normal -0.733288 -0.147944 -0.663628
    outer loop
      vertex 55.3074 7.29381 0
      vertex 53.8455 6.91411 1.7
      vertex 55.3051 7.30521 0
    endloop
  endfacet
  facet normal -0.733763 -0.145845 -0.663567
    outer loop
      vertex 53.8455 6.91411 1.7
      vertex 55.3074 7.29381 0
      vertex 53.8863 6.70884 1.7
    endloop
  endfacet
  facet normal -0.41565 -0.622027 -0.663564
    outer loop
      vertex 53.1 7.88564 1.7
      vertex 53.8652 9.18784 0
      vertex 53.274 7.76937 1.7
    endloop
  endfacet
  facet normal -0.417699 -0.620729 -0.663493
    outer loop
      vertex 53.8652 9.18784 0
      vertex 53.1 7.88564 1.7
      vertex 53.8556 9.1943 0
    endloop
  endfacet
  facet normal -0.330903 -0.670958 -0.663565
    outer loop
      vertex 53.8451 9.19944 0
      vertex 53.1 7.88564 1.7
      vertex 52.9123 7.97821 1.7
    endloop
  endfacet
  facet normal -0.328951 -0.671981 -0.6635
    outer loop
      vertex 53.1 7.88564 1.7
      vertex 53.8451 9.19944 0
      vertex 53.8556 9.1943 0
    endloop
  endfacet
  facet normal -0.145927 -0.733746 -0.663567
    outer loop
      vertex 53.0938 9.50737 0
      vertex 52.7141 8.04548 1.7
      vertex 52.5088 8.08631 1.7
    endloop
  endfacet
  facet normal -0.146098 -0.733708 -0.663573
    outer loop
      vertex 52.7141 8.04548 1.7
      vertex 53.0938 9.50737 0
      vertex 53.1052 9.5051 0
    endloop
  endfacet
  facet normal 0.415631 -0.622037 -0.663566
    outer loop
      vertex 50.7348 9.18784 0
      vertex 51.326 7.76937 1.7
      vertex 50.4061 8.96821 0
    endloop
  endfacet
  facet normal 0.493193 -0.562526 -0.663569
    outer loop
      vertex 51.1686 7.63137 1.7
      vertex 50.4061 8.96821 0
      vertex 51.326 7.76937 1.7
    endloop
  endfacet
  facet normal 0.493233 -0.562498 -0.663564
    outer loop
      vertex 50.4061 8.96821 0
      vertex 51.1686 7.63137 1.7
      vertex 50.1001 8.69989 0
    endloop
  endfacet
  facet normal 0.330929 -0.670942 -0.663568
    outer loop
      vertex 51.1094 9.37429 0
      vertex 51.6877 7.97821 1.7
      vertex 50.7549 9.19944 0
    endloop
  endfacet
  facet normal 0.328951 -0.671981 -0.6635
    outer loop
      vertex 50.7549 9.19944 0
      vertex 51.5 7.88564 1.7
      vertex 50.7444 9.1943 0
    endloop
  endfacet
  facet normal 0.330903 -0.670958 -0.663565
    outer loop
      vertex 51.5 7.88564 1.7
      vertex 50.7549 9.19944 0
      vertex 51.6877 7.97821 1.7
    endloop
  endfacet
  facet normal 0.622158 -0.415439 -0.663574
    outer loop
      vertex 50.9144 7.3 1.7
      vertex 49.6122 8.06522 0
      vertex 51.0306 7.47402 1.7
    endloop
  endfacet
  facet normal 0.620738 -0.417681 -0.663496
    outer loop
      vertex 49.6122 8.06522 0
      vertex 50.9144 7.3 1.7
      vertex 49.6057 8.05556 0
    endloop
  endfacet
  facet normal 0.622071 -0.415597 -0.663556
    outer loop
      vertex 49.8318 8.39392 0
      vertex 51.0306 7.47402 1.7
      vertex 49.6122 8.06522 0
    endloop
  endfacet
  facet normal 0.733755 -0.145911 -0.663561
    outer loop
      vertex 49.2949 7.30521 0
      vertex 50.7545 6.91411 1.7
      vertex 49.2178 6.91749 0
    endloop
  endfacet
  facet normal 0.733538 -0.147865 -0.663369
    outer loop
      vertex 50.7545 6.91411 1.7
      vertex 49.2155 6.90608 0
      vertex 49.2178 6.91749 0
    endloop
  endfacet
  facet normal 0.733756 -0.145843 -0.663576
    outer loop
      vertex 49.2155 6.90608 0
      vertex 50.7545 6.91411 1.7
      vertex 50.7137 6.70884 1.7
    endloop
  endfacet
  facet normal 0.74652 -0.0488243 -0.663569
    outer loop
      vertex 49.2147 6.89448 0
      vertex 50.7 6.5 1.7
      vertex 49.1889 6.5 0
    endloop
  endfacet
  facet normal 0.70839 0.240562 -0.663561
    outer loop
      vertex 50.8218 5.88771 1.7
      vertex 49.2949 5.69478 0
      vertex 50.7545 6.08589 1.7
    endloop
  endfacet
  facet normal 0.708416 0.240459 -0.663571
    outer loop
      vertex 49.2949 5.69478 0
      vertex 50.8218 5.88771 1.7
      vertex 49.4257 5.30943 0
    endloop
  endfacet
  facet normal 0.670918 0.330973 -0.663571
    outer loop
      vertex 50.9144 5.7 1.7
      vertex 49.6006 4.95487 0
      vertex 50.8218 5.88771 1.7
    endloop
  endfacet
  facet normal 0.672133 0.328655 -0.663493
    outer loop
      vertex 49.6006 4.95487 0
      vertex 50.9144 5.7 1.7
      vertex 49.6057 4.94444 0
    endloop
  endfacet
  facet normal -0.240448 0.708422 -0.663568
    outer loop
      vertex 53.1052 3.4949 0
      vertex 52.9123 5.02179 1.7
      vertex 53.4906 3.62571 0
    endloop
  endfacet
  facet normal -0.240442 0.708424 -0.663569
    outer loop
      vertex 52.9123 5.02179 1.7
      vertex 53.1052 3.4949 0
      vertex 52.7141 4.95452 1.7
    endloop
  endfacet
  facet normal -0.145971 0.733734 -0.663572
    outer loop
      vertex 53.0938 3.49263 0
      vertex 52.7061 3.4155 0
      vertex 52.5088 4.91369 1.7
    endloop
  endfacet
  facet normal -0.561383 0.494582 -0.663504
    outer loop
      vertex 54.7605 4.59733 0
      vertex 53.5694 5.52598 1.7
      vertex 54.7682 4.60607 0
    endloop
  endfacet
  facet normal -0.562459 0.493291 -0.663553
    outer loop
      vertex 53.5694 5.52598 1.7
      vertex 54.7605 4.59733 0
      vertex 53.4314 5.36863 1.7
    endloop
  endfacet
  facet normal -0.620843 0.417319 -0.663625
    outer loop
      vertex 53.5694 5.52598 1.7
      vertex 54.7747 4.61574 0
      vertex 54.7682 4.60607 0
    endloop
  endfacet
  facet normal -0.622167 0.415446 -0.663561
    outer loop
      vertex 54.7747 4.61574 0
      vertex 53.5694 5.52598 1.7
      vertex 53.6856 5.7 1.7
    endloop
  endfacet
  facet normal -0.417699 0.620729 -0.663493
    outer loop
      vertex 53.1 5.11436 1.7
      vertex 53.8652 3.81216 0
      vertex 53.8556 3.8057 0
    endloop
  endfacet
  facet normal -0.41565 0.622027 -0.663564
    outer loop
      vertex 53.8652 3.81216 0
      vertex 53.1 5.11436 1.7
      vertex 53.274 5.23063 1.7
    endloop
  endfacet
  facet normal -0.415631 0.622037 -0.663566
    outer loop
      vertex 54.1939 4.03179 0
      vertex 53.8652 3.81216 0
      vertex 53.274 5.23063 1.7
    endloop
  endfacet
  facet normal -0.622167 -0.415446 -0.663561
    outer loop
      vertex 53.5694 7.47402 1.7
      vertex 54.7747 8.38426 0
      vertex 53.6856 7.3 1.7
    endloop
  endfacet
  facet normal -0.620636 -0.417612 -0.663635
    outer loop
      vertex 54.7747 8.38426 0
      vertex 53.5694 7.47402 1.7
      vertex 54.7682 8.39392 0
    endloop
  endfacet
  facet normal -0.561655 -0.494256 -0.663517
    outer loop
      vertex 53.5694 7.47402 1.7
      vertex 54.7605 8.40267 0
      vertex 54.7682 8.39392 0
    endloop
  endfacet
  facet normal -0.562459 -0.493291 -0.663553
    outer loop
      vertex 54.7605 8.40267 0
      vertex 53.5694 7.47402 1.7
      vertex 53.4314 7.63137 1.7
    endloop
  endfacet
  facet normal -0.0489096 -0.746515 -0.663568
    outer loop
      vertex 52.3116 9.61035 0
      vertex 52.3 8.1 1.7
      vertex 52.3 9.61111 0
    endloop
  endfacet
  facet normal -0.0489453 -0.746514 -0.663567
    outer loop
      vertex 52.3 8.1 1.7
      vertex 52.3116 9.61035 0
      vertex 52.5088 8.08631 1.7
    endloop
  endfacet
  facet normal 0.0489453 -0.746514 -0.663567
    outer loop
      vertex 52.2884 9.61035 0
      vertex 52.3 8.1 1.7
      vertex 52.0912 8.08631 1.7
    endloop
  endfacet
  facet normal 0.0489096 -0.746515 -0.663568
    outer loop
      vertex 52.3 8.1 1.7
      vertex 52.2884 9.61035 0
      vertex 52.3 9.61111 0
    endloop
  endfacet
  facet normal -0.0489349 -0.746513 -0.663568
    outer loop
      vertex 52.7061 9.58449 0
      vertex 52.5088 8.08631 1.7
      vertex 52.3116 9.61035 0
    endloop
  endfacet
  facet normal -0.145953 -0.733739 -0.66357
    outer loop
      vertex 52.7061 9.58449 0
      vertex 53.0938 9.50737 0
      vertex 52.5088 8.08631 1.7
    endloop
  endfacet
  facet normal 0.670926 -0.330959 -0.663569
    outer loop
      vertex 49.6006 8.04513 0
      vertex 50.8218 7.11229 1.7
      vertex 49.4257 7.69057 0
    endloop
  endfacet
  facet normal 0.672133 -0.328655 -0.663493
    outer loop
      vertex 50.9144 7.3 1.7
      vertex 49.6006 8.04513 0
      vertex 49.6057 8.05556 0
    endloop
  endfacet
  facet normal 0.670918 -0.330973 -0.663571
    outer loop
      vertex 49.6006 8.04513 0
      vertex 50.9144 7.3 1.7
      vertex 50.8218 7.11229 1.7
    endloop
  endfacet
  facet normal 0.746515 0.0489717 -0.663564
    outer loop
      vertex 50.7137 6.29116 1.7
      vertex 49.1889 6.5 0
      vertex 50.7 6.5 1.7
    endloop
  endfacet
  facet normal 0.746513 0.0488999 -0.663571
    outer loop
      vertex 49.1889 6.5 0
      vertex 50.7137 6.29116 1.7
      vertex 49.2155 6.09392 0
    endloop
  endfacet
  facet normal 0.733755 0.145907 -0.663562
    outer loop
      vertex 50.7545 6.08589 1.7
      vertex 49.2949 5.69478 0
      vertex 49.2178 6.08251 0
    endloop
  endfacet
  facet normal -0.329459 0.671713 -0.66352
    outer loop
      vertex 53.8451 3.80055 0
      vertex 53.1 5.11436 1.7
      vertex 53.8556 3.8057 0
    endloop
  endfacet
  facet normal -0.330903 0.670956 -0.663567
    outer loop
      vertex 53.1 5.11436 1.7
      vertex 53.8451 3.80055 0
      vertex 52.9123 5.02179 1.7
    endloop
  endfacet
  facet normal -0.89714 -0.441746 0
    outer loop
      vertex 7.97821 118.912 1.7
      vertex 7.88564 119.1 13
      vertex 7.88564 119.1 1.7
    endloop
  endfacet
  facet normal -0.89714 -0.441746 0
    outer loop
      vertex 7.88564 119.1 13
      vertex 7.97821 118.912 1.7
      vertex 7.97821 118.912 13
    endloop
  endfacet
  facet normal -0.831454 -0.555593 0
    outer loop
      vertex 7.88564 119.1 1.7
      vertex 7.76937 119.274 13
      vertex 7.76937 119.274 1.7
    endloop
  endfacet
  facet normal -0.831454 -0.555593 0
    outer loop
      vertex 7.76937 119.274 13
      vertex 7.88564 119.1 1.7
      vertex 7.88564 119.1 13
    endloop
  endfacet
  facet normal -0.320269 -0.947327 0
    outer loop
      vertex 6.91411 119.845 1.7
      vertex 7.11229 119.778 13
      vertex 6.91411 119.845 13
    endloop
  endfacet
  facet normal -0.320269 -0.947327 -0
    outer loop
      vertex 7.11229 119.778 13
      vertex 6.91411 119.845 1.7
      vertex 7.11229 119.778 1.7
    endloop
  endfacet
  facet normal 0.320269 -0.947327 0
    outer loop
      vertex 5.88771 119.778 1.7
      vertex 6.08589 119.845 13
      vertex 5.88771 119.778 13
    endloop
  endfacet
  facet normal 0.320269 -0.947327 0
    outer loop
      vertex 6.08589 119.845 13
      vertex 5.88771 119.778 1.7
      vertex 6.08589 119.845 1.7
    endloop
  endfacet
  facet normal 0.89714 -0.441746 0
    outer loop
      vertex 5.02179 118.912 13
      vertex 5.11436 119.1 1.7
      vertex 5.11436 119.1 13
    endloop
  endfacet
  facet normal 0.89714 -0.441746 0
    outer loop
      vertex 5.11436 119.1 1.7
      vertex 5.02179 118.912 13
      vertex 5.02179 118.912 1.7
    endloop
  endfacet
  facet normal -0.980737 0.195334 0
    outer loop
      vertex 8.04548 117.886 1.7
      vertex 8.08631 118.091 13
      vertex 8.08631 118.091 1.7
    endloop
  endfacet
  facet normal -0.980737 0.195334 0
    outer loop
      vertex 8.08631 118.091 13
      vertex 8.04548 117.886 1.7
      vertex 8.04548 117.886 13
    endloop
  endfacet
  facet normal -0.659367 -0.751821 0
    outer loop
      vertex 7.47402 119.569 1.7
      vertex 7.63137 119.431 13
      vertex 7.47402 119.569 13
    endloop
  endfacet
  facet normal -0.659367 -0.751821 -0
    outer loop
      vertex 7.63137 119.431 13
      vertex 7.47402 119.569 1.7
      vertex 7.63137 119.431 1.7
    endloop
  endfacet
  facet normal -0.0668868 -0.997761 0
    outer loop
      vertex 6.5 119.9 1.7
      vertex 6.70884 119.886 13
      vertex 6.5 119.9 13
    endloop
  endfacet
  facet normal -0.0668868 -0.997761 -0
    outer loop
      vertex 6.70884 119.886 13
      vertex 6.5 119.9 1.7
      vertex 6.70884 119.886 1.7
    endloop
  endfacet
  facet normal -0.4401 -0.897949 0
    outer loop
      vertex 7.11229 119.778 1.7
      vertex 7.3 119.686 13
      vertex 7.11229 119.778 13
    endloop
  endfacet
  facet normal -0.4401 -0.897949 -0
    outer loop
      vertex 7.3 119.686 13
      vertex 7.11229 119.778 1.7
      vertex 7.3 119.686 1.7
    endloop
  endfacet
  facet normal 0.997862 -0.0653623 0
    outer loop
      vertex 4.9 118.3 13
      vertex 4.91369 118.509 1.7
      vertex 4.91369 118.509 13
    endloop
  endfacet
  facet normal 0.997862 -0.0653623 0
    outer loop
      vertex 4.91369 118.509 1.7
      vertex 4.9 118.3 13
      vertex 4.9 118.3 1.7
    endloop
  endfacet
  facet normal 0.751093 -0.660196 0
    outer loop
      vertex 5.23063 119.274 13
      vertex 5.36863 119.431 1.7
      vertex 5.36863 119.431 13
    endloop
  endfacet
  facet normal 0.751093 -0.660196 0
    outer loop
      vertex 5.36863 119.431 1.7
      vertex 5.23063 119.274 13
      vertex 5.23063 119.274 1.7
    endloop
  endfacet
  facet normal 0.4401 -0.897949 0
    outer loop
      vertex 5.7 119.686 1.7
      vertex 5.88771 119.778 13
      vertex 5.7 119.686 13
    endloop
  endfacet
  facet normal 0.4401 -0.897949 0
    outer loop
      vertex 5.88771 119.778 13
      vertex 5.7 119.686 1.7
      vertex 5.88771 119.778 1.7
    endloop
  endfacet
  facet normal 0.195868 -0.98063 0
    outer loop
      vertex 6.08589 119.845 1.7
      vertex 6.29116 119.886 13
      vertex 6.08589 119.845 13
    endloop
  endfacet
  facet normal 0.195868 -0.98063 0
    outer loop
      vertex 6.29116 119.886 13
      vertex 6.08589 119.845 1.7
      vertex 6.29116 119.886 1.7
    endloop
  endfacet
  facet normal -0.997862 0.0653623 0
    outer loop
      vertex 8.08631 118.091 1.7
      vertex 8.1 118.3 13
      vertex 8.1 118.3 1.7
    endloop
  endfacet
  facet normal -0.997862 0.0653623 0
    outer loop
      vertex 8.1 118.3 13
      vertex 8.08631 118.091 1.7
      vertex 8.08631 118.091 13
    endloop
  endfacet
  facet normal -0.946846 0.321688 0
    outer loop
      vertex 7.97821 117.688 1.7
      vertex 8.04548 117.886 13
      vertex 8.04548 117.886 1.7
    endloop
  endfacet
  facet normal -0.946846 0.321688 0
    outer loop
      vertex 8.04548 117.886 13
      vertex 7.97821 117.688 1.7
      vertex 7.97821 117.688 13
    endloop
  endfacet
  facet normal -0.557953 0.829872 0
    outer loop
      vertex 7.47402 117.031 1.7
      vertex 7.3 116.914 13
      vertex 7.47402 117.031 13
    endloop
  endfacet
  facet normal -0.557953 0.829872 0
    outer loop
      vertex 7.3 116.914 13
      vertex 7.47402 117.031 1.7
      vertex 7.3 116.914 1.7
    endloop
  endfacet
  facet normal -0.980737 -0.195334 0
    outer loop
      vertex 8.08631 118.509 1.7
      vertex 8.04548 118.714 13
      vertex 8.04548 118.714 1.7
    endloop
  endfacet
  facet normal -0.980737 -0.195334 0
    outer loop
      vertex 8.04548 118.714 13
      vertex 8.08631 118.509 1.7
      vertex 8.08631 118.509 13
    endloop
  endfacet
  facet normal -0.946846 -0.321688 0
    outer loop
      vertex 8.04548 118.714 1.7
      vertex 7.97821 118.912 13
      vertex 7.97821 118.912 1.7
    endloop
  endfacet
  facet normal -0.946846 -0.321688 0
    outer loop
      vertex 7.97821 118.912 13
      vertex 8.04548 118.714 1.7
      vertex 8.04548 118.714 13
    endloop
  endfacet
  facet normal -0.751093 -0.660196 0
    outer loop
      vertex 7.76937 119.274 1.7
      vertex 7.63137 119.431 13
      vertex 7.63137 119.431 1.7
    endloop
  endfacet
  facet normal -0.751093 -0.660196 0
    outer loop
      vertex 7.63137 119.431 13
      vertex 7.76937 119.274 1.7
      vertex 7.76937 119.274 13
    endloop
  endfacet
  facet normal 0.0668868 -0.997761 0
    outer loop
      vertex 6.29116 119.886 1.7
      vertex 6.5 119.9 13
      vertex 6.29116 119.886 13
    endloop
  endfacet
  facet normal 0.0668868 -0.997761 0
    outer loop
      vertex 6.5 119.9 13
      vertex 6.29116 119.886 1.7
      vertex 6.5 119.9 1.7
    endloop
  endfacet
  facet normal -0.195868 -0.98063 0
    outer loop
      vertex 6.70884 119.886 1.7
      vertex 6.91411 119.845 13
      vertex 6.70884 119.886 13
    endloop
  endfacet
  facet normal -0.195868 -0.98063 -0
    outer loop
      vertex 6.91411 119.845 13
      vertex 6.70884 119.886 1.7
      vertex 6.91411 119.845 1.7
    endloop
  endfacet
  facet normal -0.557953 -0.829872 0
    outer loop
      vertex 7.3 119.686 1.7
      vertex 7.47402 119.569 13
      vertex 7.3 119.686 13
    endloop
  endfacet
  facet normal -0.557953 -0.829872 -0
    outer loop
      vertex 7.47402 119.569 13
      vertex 7.3 119.686 1.7
      vertex 7.47402 119.569 1.7
    endloop
  endfacet
  facet normal 0.946846 -0.321688 0
    outer loop
      vertex 4.95452 118.714 13
      vertex 5.02179 118.912 1.7
      vertex 5.02179 118.912 13
    endloop
  endfacet
  facet normal 0.946846 -0.321688 0
    outer loop
      vertex 5.02179 118.912 1.7
      vertex 4.95452 118.714 13
      vertex 4.95452 118.714 1.7
    endloop
  endfacet
  facet normal 0.980737 -0.195334 0
    outer loop
      vertex 4.91369 118.509 13
      vertex 4.95452 118.714 1.7
      vertex 4.95452 118.714 13
    endloop
  endfacet
  facet normal 0.980737 -0.195334 0
    outer loop
      vertex 4.95452 118.714 1.7
      vertex 4.91369 118.509 13
      vertex 4.91369 118.509 1.7
    endloop
  endfacet
  facet normal 0.831454 -0.555593 0
    outer loop
      vertex 5.11436 119.1 13
      vertex 5.23063 119.274 1.7
      vertex 5.23063 119.274 13
    endloop
  endfacet
  facet normal 0.831454 -0.555593 0
    outer loop
      vertex 5.23063 119.274 1.7
      vertex 5.11436 119.1 13
      vertex 5.11436 119.1 1.7
    endloop
  endfacet
  facet normal 0.557953 -0.829872 0
    outer loop
      vertex 5.52598 119.569 1.7
      vertex 5.7 119.686 13
      vertex 5.52598 119.569 13
    endloop
  endfacet
  facet normal 0.557953 -0.829872 0
    outer loop
      vertex 5.7 119.686 13
      vertex 5.52598 119.569 1.7
      vertex 5.7 119.686 1.7
    endloop
  endfacet
  facet normal 0.659367 -0.751821 0
    outer loop
      vertex 5.36863 119.431 1.7
      vertex 5.52598 119.569 13
      vertex 5.36863 119.431 13
    endloop
  endfacet
  facet normal 0.659367 -0.751821 0
    outer loop
      vertex 5.52598 119.569 13
      vertex 5.36863 119.431 1.7
      vertex 5.52598 119.569 1.7
    endloop
  endfacet
  facet normal -0.997862 -0.0653623 0
    outer loop
      vertex 8.1 118.3 1.7
      vertex 8.08631 118.509 13
      vertex 8.08631 118.509 1.7
    endloop
  endfacet
  facet normal -0.997862 -0.0653623 0
    outer loop
      vertex 8.08631 118.509 13
      vertex 8.1 118.3 1.7
      vertex 8.1 118.3 13
    endloop
  endfacet
  facet normal -0.831454 0.555593 0
    outer loop
      vertex 7.76937 117.326 1.7
      vertex 7.88564 117.5 13
      vertex 7.88564 117.5 1.7
    endloop
  endfacet
  facet normal -0.831454 0.555593 0
    outer loop
      vertex 7.88564 117.5 13
      vertex 7.76937 117.326 1.7
      vertex 7.76937 117.326 13
    endloop
  endfacet
  facet normal 0.997862 0.0653623 0
    outer loop
      vertex 4.91369 118.091 13
      vertex 4.9 118.3 1.7
      vertex 4.9 118.3 13
    endloop
  endfacet
  facet normal 0.997862 0.0653623 0
    outer loop
      vertex 4.9 118.3 1.7
      vertex 4.91369 118.091 13
      vertex 4.91369 118.091 1.7
    endloop
  endfacet
  facet normal 0.89714 0.441746 0
    outer loop
      vertex 5.11436 117.5 13
      vertex 5.02179 117.688 1.7
      vertex 5.02179 117.688 13
    endloop
  endfacet
  facet normal 0.89714 0.441746 0
    outer loop
      vertex 5.02179 117.688 1.7
      vertex 5.11436 117.5 13
      vertex 5.11436 117.5 1.7
    endloop
  endfacet
  facet normal -0.195868 0.98063 0
    outer loop
      vertex 6.91411 116.755 1.7
      vertex 6.70884 116.714 13
      vertex 6.91411 116.755 13
    endloop
  endfacet
  facet normal -0.195868 0.98063 0
    outer loop
      vertex 6.70884 116.714 13
      vertex 6.91411 116.755 1.7
      vertex 6.70884 116.714 1.7
    endloop
  endfacet
  facet normal -0.659367 0.751821 0
    outer loop
      vertex 7.63137 117.169 1.7
      vertex 7.47402 117.031 13
      vertex 7.63137 117.169 13
    endloop
  endfacet
  facet normal -0.659367 0.751821 0
    outer loop
      vertex 7.47402 117.031 13
      vertex 7.63137 117.169 1.7
      vertex 7.47402 117.031 1.7
    endloop
  endfacet
  facet normal -0.89714 0.441746 0
    outer loop
      vertex 7.88564 117.5 1.7
      vertex 7.97821 117.688 13
      vertex 7.97821 117.688 1.7
    endloop
  endfacet
  facet normal -0.89714 0.441746 0
    outer loop
      vertex 7.97821 117.688 13
      vertex 7.88564 117.5 1.7
      vertex 7.88564 117.5 13
    endloop
  endfacet
  facet normal 0.0668868 0.997761 -0
    outer loop
      vertex 6.5 116.7 1.7
      vertex 6.29116 116.714 13
      vertex 6.5 116.7 13
    endloop
  endfacet
  facet normal 0.0668868 0.997761 0
    outer loop
      vertex 6.29116 116.714 13
      vertex 6.5 116.7 1.7
      vertex 6.29116 116.714 1.7
    endloop
  endfacet
  facet normal 0.946846 0.321688 0
    outer loop
      vertex 5.02179 117.688 13
      vertex 4.95452 117.886 1.7
      vertex 4.95452 117.886 13
    endloop
  endfacet
  facet normal 0.946846 0.321688 0
    outer loop
      vertex 4.95452 117.886 1.7
      vertex 5.02179 117.688 13
      vertex 5.02179 117.688 1.7
    endloop
  endfacet
  facet normal 0.980737 0.195334 0
    outer loop
      vertex 4.95452 117.886 13
      vertex 4.91369 118.091 1.7
      vertex 4.91369 118.091 13
    endloop
  endfacet
  facet normal 0.980737 0.195334 0
    outer loop
      vertex 4.91369 118.091 1.7
      vertex 4.95452 117.886 13
      vertex 4.95452 117.886 1.7
    endloop
  endfacet
  facet normal -0.4401 0.897949 0
    outer loop
      vertex 7.3 116.914 1.7
      vertex 7.11229 116.822 13
      vertex 7.3 116.914 13
    endloop
  endfacet
  facet normal -0.4401 0.897949 0
    outer loop
      vertex 7.11229 116.822 13
      vertex 7.3 116.914 1.7
      vertex 7.11229 116.822 1.7
    endloop
  endfacet
  facet normal -0.320269 0.947327 0
    outer loop
      vertex 7.11229 116.822 1.7
      vertex 6.91411 116.755 13
      vertex 7.11229 116.822 13
    endloop
  endfacet
  facet normal -0.320269 0.947327 0
    outer loop
      vertex 6.91411 116.755 13
      vertex 7.11229 116.822 1.7
      vertex 6.91411 116.755 1.7
    endloop
  endfacet
  facet normal 0.320269 0.947327 -0
    outer loop
      vertex 6.08589 116.755 1.7
      vertex 5.88771 116.822 13
      vertex 6.08589 116.755 13
    endloop
  endfacet
  facet normal 0.320269 0.947327 0
    outer loop
      vertex 5.88771 116.822 13
      vertex 6.08589 116.755 1.7
      vertex 5.88771 116.822 1.7
    endloop
  endfacet
  facet normal -0.0668868 0.997761 0
    outer loop
      vertex 6.70884 116.714 1.7
      vertex 6.5 116.7 13
      vertex 6.70884 116.714 13
    endloop
  endfacet
  facet normal -0.0668868 0.997761 0
    outer loop
      vertex 6.5 116.7 13
      vertex 6.70884 116.714 1.7
      vertex 6.5 116.7 1.7
    endloop
  endfacet
  facet normal 0.195868 0.98063 -0
    outer loop
      vertex 6.29116 116.714 1.7
      vertex 6.08589 116.755 13
      vertex 6.29116 116.714 13
    endloop
  endfacet
  facet normal 0.195868 0.98063 0
    outer loop
      vertex 6.08589 116.755 13
      vertex 6.29116 116.714 1.7
      vertex 6.08589 116.755 1.7
    endloop
  endfacet
  facet normal 0.751093 0.660196 0
    outer loop
      vertex 5.36863 117.169 13
      vertex 5.23063 117.326 1.7
      vertex 5.23063 117.326 13
    endloop
  endfacet
  facet normal 0.751093 0.660196 0
    outer loop
      vertex 5.23063 117.326 1.7
      vertex 5.36863 117.169 13
      vertex 5.36863 117.169 1.7
    endloop
  endfacet
  facet normal 0.659367 0.751821 -0
    outer loop
      vertex 5.52598 117.031 1.7
      vertex 5.36863 117.169 13
      vertex 5.52598 117.031 13
    endloop
  endfacet
  facet normal 0.659367 0.751821 0
    outer loop
      vertex 5.36863 117.169 13
      vertex 5.52598 117.031 1.7
      vertex 5.36863 117.169 1.7
    endloop
  endfacet
  facet normal -0.751093 0.660196 0
    outer loop
      vertex 7.63137 117.169 1.7
      vertex 7.76937 117.326 13
      vertex 7.76937 117.326 1.7
    endloop
  endfacet
  facet normal -0.751093 0.660196 0
    outer loop
      vertex 7.76937 117.326 13
      vertex 7.63137 117.169 1.7
      vertex 7.63137 117.169 13
    endloop
  endfacet
  facet normal 0.557953 0.829872 -0
    outer loop
      vertex 5.7 116.914 1.7
      vertex 5.52598 117.031 13
      vertex 5.7 116.914 13
    endloop
  endfacet
  facet normal 0.557953 0.829872 0
    outer loop
      vertex 5.52598 117.031 13
      vertex 5.7 116.914 1.7
      vertex 5.52598 117.031 1.7
    endloop
  endfacet
  facet normal 0.831454 0.555593 0
    outer loop
      vertex 5.23063 117.326 13
      vertex 5.11436 117.5 1.7
      vertex 5.11436 117.5 13
    endloop
  endfacet
  facet normal 0.831454 0.555593 0
    outer loop
      vertex 5.11436 117.5 1.7
      vertex 5.23063 117.326 13
      vertex 5.23063 117.326 1.7
    endloop
  endfacet
  facet normal 0.4401 0.897949 -0
    outer loop
      vertex 5.88771 116.822 1.7
      vertex 5.7 116.914 13
      vertex 5.88771 116.822 13
    endloop
  endfacet
  facet normal 0.4401 0.897949 0
    outer loop
      vertex 5.7 116.914 13
      vertex 5.88771 116.822 1.7
      vertex 5.7 116.914 1.7
    endloop
  endfacet
  facet normal -0.746574 -0.047283 -0.66362
    outer loop
      vertex 8.1 118.3 1.7
      vertex 9.61035 118.312 0
      vertex 9.61111 118.3 0
    endloop
  endfacet
  facet normal -0.74651 -0.0488982 -0.663575
    outer loop
      vertex 9.61035 118.312 0
      vertex 8.1 118.3 1.7
      vertex 8.08631 118.509 1.7
    endloop
  endfacet
  facet normal -0.746512 -0.0489969 -0.663566
    outer loop
      vertex 9.58449 118.706 0
      vertex 9.61035 118.312 0
      vertex 8.08631 118.509 1.7
    endloop
  endfacet
  facet normal 0.493266 0.56243 -0.663597
    outer loop
      vertex 4.60607 115.832 0
      vertex 5.36863 117.169 1.7
      vertex 5.52598 117.031 1.7
    endloop
  endfacet
  facet normal 0.49289 0.562704 -0.663644
    outer loop
      vertex 5.36863 117.169 1.7
      vertex 4.60607 115.832 0
      vertex 4.30011 116.1 0
    endloop
  endfacet
  facet normal -0.493194 -0.562348 -0.66372
    outer loop
      vertex 7.47402 119.569 1.7
      vertex 8.40267 120.761 0
      vertex 7.63137 119.431 1.7
    endloop
  endfacet
  facet normal -0.466929 -0.583661 -0.664317
    outer loop
      vertex 8.40267 120.761 0
      vertex 7.47402 119.569 1.7
      vertex 8.39392 120.768 0
    endloop
  endfacet
  facet normal -0.608454 -0.436735 -0.662606
    outer loop
      vertex 7.88564 119.1 1.7
      vertex 9.18784 119.865 0
      vertex 9.1943 119.856 0
    endloop
  endfacet
  facet normal -0.622047 -0.415663 -0.663537
    outer loop
      vertex 9.18784 119.865 0
      vertex 7.88564 119.1 1.7
      vertex 7.76937 119.274 1.7
    endloop
  endfacet
  facet normal 0.74651 -0.0488982 -0.663575
    outer loop
      vertex 4.9 118.3 1.7
      vertex 3.38965 118.312 0
      vertex 4.91369 118.509 1.7
    endloop
  endfacet
  facet normal 0.746574 -0.047283 -0.66362
    outer loop
      vertex 3.38965 118.312 0
      vertex 4.9 118.3 1.7
      vertex 3.38889 118.3 0
    endloop
  endfacet
  facet normal -0.41609 0.621676 -0.663618
    outer loop
      vertex 8.39392 115.832 0
      vertex 8.06522 115.612 0
      vertex 7.47402 117.031 1.7
    endloop
  endfacet
  facet normal -0.708363 0.240664 -0.663553
    outer loop
      vertex 9.5051 117.495 0
      vertex 7.97821 117.688 1.7
      vertex 8.04548 117.886 1.7
    endloop
  endfacet
  facet normal -0.708499 0.240101 -0.663612
    outer loop
      vertex 7.97821 117.688 1.7
      vertex 9.5051 117.495 0
      vertex 9.37429 117.109 0
    endloop
  endfacet
  facet normal -0.73377 -0.145846 -0.663559
    outer loop
      vertex 9.50737 119.094 0
      vertex 9.58449 118.706 0
      vertex 8.08631 118.509 1.7
    endloop
  endfacet
  facet normal 0.562219 -0.493427 -0.663656
    outer loop
      vertex 4.30011 120.5 0
      vertex 5.36863 119.431 1.7
      vertex 4.03945 120.203 0
    endloop
  endfacet
  facet normal -0.414856 -0.622662 -0.663465
    outer loop
      vertex 8.05556 120.994 0
      vertex 8.38426 120.775 0
      vertex 7.3 119.686 1.7
    endloop
  endfacet
  facet normal 0.708363 0.240664 -0.663553
    outer loop
      vertex 5.02179 117.688 1.7
      vertex 3.4949 117.495 0
      vertex 4.95452 117.886 1.7
    endloop
  endfacet
  facet normal 0.708499 0.240101 -0.663612
    outer loop
      vertex 3.4949 117.495 0
      vertex 5.02179 117.688 1.7
      vertex 3.62571 117.109 0
    endloop
  endfacet
  facet normal -0.0492033 0.746528 -0.663532
    outer loop
      vertex 6.5 116.7 1.7
      vertex 6.89448 115.215 0
      vertex 6.5 115.189 0
    endloop
  endfacet
  facet normal -0.62221 0.415368 -0.66357
    outer loop
      vertex 9.18784 116.735 0
      vertex 8.96821 116.406 0
      vertex 7.76937 117.326 1.7
    endloop
  endfacet
  facet normal -0.73377 0.145846 -0.663559
    outer loop
      vertex 9.58449 117.894 0
      vertex 9.50737 117.506 0
      vertex 8.08631 118.091 1.7
    endloop
  endfacet
  facet normal -0.746574 0.047283 -0.66362
    outer loop
      vertex 9.61035 118.288 0
      vertex 8.1 118.3 1.7
      vertex 9.61111 118.3 0
    endloop
  endfacet
  facet normal -0.74651 0.0488982 -0.663575
    outer loop
      vertex 8.1 118.3 1.7
      vertex 9.61035 118.288 0
      vertex 8.08631 118.091 1.7
    endloop
  endfacet
  facet normal -0.746512 0.0489969 -0.663566
    outer loop
      vertex 9.61035 118.288 0
      vertex 9.58449 117.894 0
      vertex 8.08631 118.091 1.7
    endloop
  endfacet
  facet normal 0.733765 -0.145864 -0.663561
    outer loop
      vertex 3.49263 119.094 0
      vertex 4.91369 118.509 1.7
      vertex 3.4155 118.706 0
    endloop
  endfacet
  facet normal 0.746511 -0.048978 -0.663567
    outer loop
      vertex 3.4155 118.706 0
      vertex 4.91369 118.509 1.7
      vertex 3.38965 118.312 0
    endloop
  endfacet
  facet normal 0.708499 -0.240101 -0.663612
    outer loop
      vertex 5.02179 118.912 1.7
      vertex 3.4949 119.105 0
      vertex 3.62571 119.491 0
    endloop
  endfacet
  facet normal 0.708363 -0.240664 -0.663553
    outer loop
      vertex 3.4949 119.105 0
      vertex 5.02179 118.912 1.7
      vertex 4.95452 118.714 1.7
    endloop
  endfacet
  facet normal 0.240792 -0.708314 -0.663559
    outer loop
      vertex 5.69478 121.305 0
      vertex 5.88771 119.778 1.7
      vertex 5.30943 121.174 0
    endloop
  endfacet
  facet normal 0.239565 -0.70861 -0.663687
    outer loop
      vertex 5.88771 119.778 1.7
      vertex 5.69478 121.305 0
      vertex 6.08589 119.845 1.7
    endloop
  endfacet
  facet normal -0.569177 -0.485065 -0.66389
    outer loop
      vertex 7.76937 119.274 1.7
      vertex 8.96054 120.203 0
      vertex 8.96821 120.194 0
    endloop
  endfacet
  facet normal -0.561884 -0.493885 -0.663599
    outer loop
      vertex 8.96054 120.203 0
      vertex 7.76937 119.274 1.7
      vertex 7.63137 119.431 1.7
    endloop
  endfacet
  facet normal -0.62221 -0.415368 -0.66357
    outer loop
      vertex 8.96821 120.194 0
      vertex 9.18784 119.865 0
      vertex 7.76937 119.274 1.7
    endloop
  endfacet
  facet normal -0.562228 -0.493417 -0.663656
    outer loop
      vertex 8.69989 120.5 0
      vertex 8.96054 120.203 0
      vertex 7.63137 119.431 1.7
    endloop
  endfacet
  facet normal -0.493574 -0.562069 -0.663674
    outer loop
      vertex 8.40267 120.761 0
      vertex 8.69989 120.5 0
      vertex 7.63137 119.431 1.7
    endloop
  endfacet
  facet normal -0.438618 -0.605294 -0.664254
    outer loop
      vertex 7.47402 119.569 1.7
      vertex 8.38426 120.775 0
      vertex 8.39392 120.768 0
    endloop
  endfacet
  facet normal -0.417314 -0.620692 -0.66377
    outer loop
      vertex 8.38426 120.775 0
      vertex 7.47402 119.569 1.7
      vertex 7.3 119.686 1.7
    endloop
  endfacet
  facet normal -0.0643006 -0.745887 -0.662962
    outer loop
      vertex 6.5116 121.41 0
      vertex 6.5 119.9 1.7
      vertex 6.5 121.411 0
    endloop
  endfacet
  facet normal -0.0500461 -0.746545 -0.66345
    outer loop
      vertex 6.5 119.9 1.7
      vertex 6.5116 121.41 0
      vertex 6.70884 119.886 1.7
    endloop
  endfacet
  facet normal 0.746574 0.047283 -0.66362
    outer loop
      vertex 4.9 118.3 1.7
      vertex 3.38965 118.288 0
      vertex 3.38889 118.3 0
    endloop
  endfacet
  facet normal 0.74651 0.0488982 -0.663575
    outer loop
      vertex 3.38965 118.288 0
      vertex 4.9 118.3 1.7
      vertex 4.91369 118.091 1.7
    endloop
  endfacet
  facet normal 0.671185 0.330487 -0.663543
    outer loop
      vertex 5.11436 117.5 1.7
      vertex 3.80055 116.755 0
      vertex 5.02179 117.688 1.7
    endloop
  endfacet
  facet normal 0.677957 0.317407 -0.663044
    outer loop
      vertex 3.80055 116.755 0
      vertex 5.11436 117.5 1.7
      vertex 3.8057 116.744 0
    endloop
  endfacet
  facet normal 0.670714 0.331265 -0.663631
    outer loop
      vertex 5.02179 117.688 1.7
      vertex 3.80055 116.755 0
      vertex 3.62571 117.109 0
    endloop
  endfacet
  facet normal 0.746511 0.048978 -0.663567
    outer loop
      vertex 4.91369 118.091 1.7
      vertex 3.4155 117.894 0
      vertex 3.38965 118.288 0
    endloop
  endfacet
  facet normal 0.733765 0.145864 -0.663561
    outer loop
      vertex 4.91369 118.091 1.7
      vertex 3.49263 117.506 0
      vertex 3.4155 117.894 0
    endloop
  endfacet
  facet normal -0.145713 0.733712 -0.663652
    outer loop
      vertex 7.30521 115.295 0
      vertex 6.91749 115.218 0
      vertex 6.91411 116.755 1.7
    endloop
  endfacet
  facet normal -0.492882 0.562713 -0.663643
    outer loop
      vertex 8.39392 115.832 0
      vertex 7.63137 117.169 1.7
      vertex 8.69989 116.1 0
    endloop
  endfacet
  facet normal -0.493267 0.562432 -0.663595
    outer loop
      vertex 7.63137 117.169 1.7
      vertex 8.39392 115.832 0
      vertex 7.47402 117.031 1.7
    endloop
  endfacet
  facet normal -0.562484 0.493222 -0.663584
    outer loop
      vertex 8.69989 116.1 0
      vertex 7.76937 117.326 1.7
      vertex 8.96821 116.406 0
    endloop
  endfacet
  facet normal -0.561834 0.493841 -0.663675
    outer loop
      vertex 7.76937 117.326 1.7
      vertex 8.69989 116.1 0
      vertex 7.63137 117.169 1.7
    endloop
  endfacet
  facet normal -0.670707 0.33128 -0.663631
    outer loop
      vertex 9.37429 117.109 0
      vertex 9.19944 116.755 0
      vertex 7.97821 117.688 1.7
    endloop
  endfacet
  facet normal -0.608454 0.436735 -0.662606
    outer loop
      vertex 9.18784 116.735 0
      vertex 7.88564 117.5 1.7
      vertex 9.1943 116.744 0
    endloop
  endfacet
  facet normal -0.622047 0.415663 -0.663537
    outer loop
      vertex 7.88564 117.5 1.7
      vertex 9.18784 116.735 0
      vertex 7.76937 117.326 1.7
    endloop
  endfacet
  facet normal -0.733688 0.146129 -0.663588
    outer loop
      vertex 9.50737 117.506 0
      vertex 8.04548 117.886 1.7
      vertex 8.08631 118.091 1.7
    endloop
  endfacet
  facet normal -0.732539 0.151169 -0.663727
    outer loop
      vertex 8.04548 117.886 1.7
      vertex 9.50737 117.506 0
      vertex 9.5051 117.495 0
    endloop
  endfacet
  facet normal -0.708499 -0.240101 -0.663612
    outer loop
      vertex 9.5051 119.105 0
      vertex 7.97821 118.912 1.7
      vertex 9.37429 119.491 0
    endloop
  endfacet
  facet normal -0.708363 -0.240664 -0.663553
    outer loop
      vertex 7.97821 118.912 1.7
      vertex 9.5051 119.105 0
      vertex 8.04548 118.714 1.7
    endloop
  endfacet
  facet normal -0.670707 -0.33128 -0.663631
    outer loop
      vertex 9.19944 119.845 0
      vertex 9.37429 119.491 0
      vertex 7.97821 118.912 1.7
    endloop
  endfacet
  facet normal 0.732539 -0.151169 -0.663727
    outer loop
      vertex 4.95452 118.714 1.7
      vertex 3.49263 119.094 0
      vertex 3.4949 119.105 0
    endloop
  endfacet
  facet normal 0.733688 -0.146129 -0.663588
    outer loop
      vertex 3.49263 119.094 0
      vertex 4.95452 118.714 1.7
      vertex 4.91369 118.509 1.7
    endloop
  endfacet
  facet normal 0.62221 -0.415368 -0.66357
    outer loop
      vertex 4.03179 120.194 0
      vertex 5.23063 119.274 1.7
      vertex 3.81216 119.865 0
    endloop
  endfacet
  facet normal 0.323137 -0.674064 -0.664244
    outer loop
      vertex 5.30943 121.174 0
      vertex 5.7 119.686 1.7
      vertex 5.299 121.169 0
    endloop
  endfacet
  facet normal 0.329231 -0.671738 -0.663608
    outer loop
      vertex 5.7 119.686 1.7
      vertex 5.30943 121.174 0
      vertex 5.88771 119.778 1.7
    endloop
  endfacet
  facet normal 0.14573 -0.733818 -0.663531
    outer loop
      vertex 6.09392 121.384 0
      vertex 6.29116 119.886 1.7
      vertex 5.70619 121.307 0
    endloop
  endfacet
  facet normal -0.331166 -0.670961 -0.663431
    outer loop
      vertex 7.701 121.169 0
      vertex 8.05556 120.994 0
      vertex 7.3 119.686 1.7
    endloop
  endfacet
  facet normal -0.14573 -0.733818 -0.663531
    outer loop
      vertex 6.90608 121.384 0
      vertex 7.29381 121.307 0
      vertex 6.70884 119.886 1.7
    endloop
  endfacet
  facet normal 0.0500461 -0.746545 -0.66345
    outer loop
      vertex 6.4884 121.41 0
      vertex 6.5 119.9 1.7
      vertex 6.29116 119.886 1.7
    endloop
  endfacet
  facet normal 0.0643006 -0.745887 -0.662962
    outer loop
      vertex 6.5 119.9 1.7
      vertex 6.4884 121.41 0
      vertex 6.5 121.411 0
    endloop
  endfacet
  facet normal 0.0500429 0.746497 -0.663504
    outer loop
      vertex 6.5 115.189 0
      vertex 6.29116 116.714 1.7
      vertex 6.5 116.7 1.7
    endloop
  endfacet
  facet normal 0.0477923 0.746442 -0.663732
    outer loop
      vertex 6.29116 116.714 1.7
      vertex 6.5 115.189 0
      vertex 6.09392 115.215 0
    endloop
  endfacet
  facet normal 0.62221 0.415368 -0.66357
    outer loop
      vertex 5.23063 117.326 1.7
      vertex 4.03179 116.406 0
      vertex 3.81216 116.735 0
    endloop
  endfacet
  facet normal 0.561834 0.493841 -0.663675
    outer loop
      vertex 4.30011 116.1 0
      vertex 5.23063 117.326 1.7
      vertex 5.36863 117.169 1.7
    endloop
  endfacet
  facet normal 0.562484 0.493222 -0.663584
    outer loop
      vertex 5.23063 117.326 1.7
      vertex 4.30011 116.1 0
      vertex 4.03179 116.406 0
    endloop
  endfacet
  facet normal 0.733688 0.146129 -0.663588
    outer loop
      vertex 4.95452 117.886 1.7
      vertex 3.49263 117.506 0
      vertex 4.91369 118.091 1.7
    endloop
  endfacet
  facet normal 0.732539 0.151169 -0.663727
    outer loop
      vertex 3.49263 117.506 0
      vertex 4.95452 117.886 1.7
      vertex 3.4949 117.495 0
    endloop
  endfacet
  facet normal -0.240786 0.708316 -0.663559
    outer loop
      vertex 7.30521 115.295 0
      vertex 7.11229 116.822 1.7
      vertex 7.69057 115.426 0
    endloop
  endfacet
  facet normal -0.239565 0.708611 -0.663686
    outer loop
      vertex 7.11229 116.822 1.7
      vertex 7.30521 115.295 0
      vertex 6.91411 116.755 1.7
    endloop
  endfacet
  facet normal -0.331122 0.670873 -0.663541
    outer loop
      vertex 8.04513 115.601 0
      vertex 7.69057 115.426 0
      vertex 7.11229 116.822 1.7
    endloop
  endfacet
  facet normal -0.671187 0.330488 -0.66354
    outer loop
      vertex 9.19944 116.755 0
      vertex 7.88564 117.5 1.7
      vertex 7.97821 117.688 1.7
    endloop
  endfacet
  facet normal -0.678213 0.31691 -0.66302
    outer loop
      vertex 7.88564 117.5 1.7
      vertex 9.19944 116.755 0
      vertex 9.1943 116.744 0
    endloop
  endfacet
  facet normal -0.678213 -0.31691 -0.66302
    outer loop
      vertex 9.19944 119.845 0
      vertex 7.88564 119.1 1.7
      vertex 9.1943 119.856 0
    endloop
  endfacet
  facet normal -0.671187 -0.330488 -0.66354
    outer loop
      vertex 7.88564 119.1 1.7
      vertex 9.19944 119.845 0
      vertex 7.97821 118.912 1.7
    endloop
  endfacet
  facet normal -0.732539 -0.151169 -0.663727
    outer loop
      vertex 9.50737 119.094 0
      vertex 8.04548 118.714 1.7
      vertex 9.5051 119.105 0
    endloop
  endfacet
  facet normal -0.733688 -0.146129 -0.663588
    outer loop
      vertex 8.04548 118.714 1.7
      vertex 9.50737 119.094 0
      vertex 8.08631 118.509 1.7
    endloop
  endfacet
  facet normal 0.670714 -0.331265 -0.663631
    outer loop
      vertex 3.80055 119.845 0
      vertex 5.02179 118.912 1.7
      vertex 3.62571 119.491 0
    endloop
  endfacet
  facet normal 0.561883 -0.493884 -0.663601
    outer loop
      vertex 5.23063 119.274 1.7
      vertex 4.03945 120.203 0
      vertex 5.36863 119.431 1.7
    endloop
  endfacet
  facet normal 0.569481 -0.484692 -0.663902
    outer loop
      vertex 4.03945 120.203 0
      vertex 5.23063 119.274 1.7
      vertex 4.03179 120.194 0
    endloop
  endfacet
  facet normal 0.493574 -0.562069 -0.663674
    outer loop
      vertex 4.59733 120.761 0
      vertex 5.36863 119.431 1.7
      vertex 4.30011 120.5 0
    endloop
  endfacet
  facet normal 0.331166 -0.670961 -0.663431
    outer loop
      vertex 5.299 121.169 0
      vertex 5.7 119.686 1.7
      vertex 4.94444 120.994 0
    endloop
  endfacet
  facet normal 0.12925 -0.737371 -0.663007
    outer loop
      vertex 5.70619 121.307 0
      vertex 6.08589 119.845 1.7
      vertex 5.69478 121.305 0
    endloop
  endfacet
  facet normal 0.146524 -0.733587 -0.663612
    outer loop
      vertex 6.08589 119.845 1.7
      vertex 5.70619 121.307 0
      vertex 6.29116 119.886 1.7
    endloop
  endfacet
  facet normal 0.0492033 -0.746528 -0.663532
    outer loop
      vertex 6.4884 121.41 0
      vertex 6.29116 119.886 1.7
      vertex 6.09392 121.384 0
    endloop
  endfacet
  facet normal -0.329231 -0.671738 -0.663608
    outer loop
      vertex 7.69057 121.174 0
      vertex 7.3 119.686 1.7
      vertex 7.11229 119.778 1.7
    endloop
  endfacet
  facet normal -0.323137 -0.674064 -0.664244
    outer loop
      vertex 7.3 119.686 1.7
      vertex 7.69057 121.174 0
      vertex 7.701 121.169 0
    endloop
  endfacet
  facet normal -0.0492033 -0.746528 -0.663532
    outer loop
      vertex 6.90608 121.384 0
      vertex 6.70884 119.886 1.7
      vertex 6.5116 121.41 0
    endloop
  endfacet
  facet normal -0.239565 -0.708611 -0.663686
    outer loop
      vertex 7.30521 121.305 0
      vertex 7.11229 119.778 1.7
      vertex 6.91411 119.845 1.7
    endloop
  endfacet
  facet normal -0.240786 -0.708316 -0.663559
    outer loop
      vertex 7.11229 119.778 1.7
      vertex 7.30521 121.305 0
      vertex 7.69057 121.174 0
    endloop
  endfacet
  facet normal -0.146524 -0.733587 -0.663612
    outer loop
      vertex 7.29381 121.307 0
      vertex 6.91411 119.845 1.7
      vertex 6.70884 119.886 1.7
    endloop
  endfacet
  facet normal -0.129359 -0.737348 -0.663012
    outer loop
      vertex 6.91411 119.845 1.7
      vertex 7.29381 121.307 0
      vertex 7.30521 121.305 0
    endloop
  endfacet
  facet normal 0.394507 0.635156 -0.664034
    outer loop
      vertex 4.93478 115.612 0
      vertex 5.7 116.914 1.7
      vertex 4.94444 115.606 0
    endloop
  endfacet
  facet normal 0.417466 0.620918 -0.663463
    outer loop
      vertex 5.7 116.914 1.7
      vertex 4.93478 115.612 0
      vertex 5.52598 117.031 1.7
    endloop
  endfacet
  facet normal 0.41608 0.621681 -0.663619
    outer loop
      vertex 5.52598 117.031 1.7
      vertex 4.93478 115.612 0
      vertex 4.60607 115.832 0
    endloop
  endfacet
  facet normal 0.239565 0.70861 -0.663687
    outer loop
      vertex 5.69478 115.295 0
      vertex 5.88771 116.822 1.7
      vertex 6.08589 116.755 1.7
    endloop
  endfacet
  facet normal 0.240792 0.708314 -0.663559
    outer loop
      vertex 5.88771 116.822 1.7
      vertex 5.69478 115.295 0
      vertex 5.30943 115.426 0
    endloop
  endfacet
  facet normal 0.622047 0.415663 -0.663537
    outer loop
      vertex 3.81216 116.735 0
      vertex 5.11436 117.5 1.7
      vertex 5.23063 117.326 1.7
    endloop
  endfacet
  facet normal 0.608454 0.436735 -0.662606
    outer loop
      vertex 5.11436 117.5 1.7
      vertex 3.81216 116.735 0
      vertex 3.8057 116.744 0
    endloop
  endfacet
  facet normal 0 0.750057 -0.661374
    outer loop
      vertex 6.89448 115.215 0
      vertex 6.70884 116.714 1.7
      vertex 6.90608 115.215 0
    endloop
  endfacet
  facet normal -0.0500364 0.7464 -0.663613
    outer loop
      vertex 6.70884 116.714 1.7
      vertex 6.89448 115.215 0
      vertex 6.5 116.7 1.7
    endloop
  endfacet
  facet normal -0.323565 0.674957 -0.663128
    outer loop
      vertex 8.04513 115.601 0
      vertex 7.3 116.914 1.7
      vertex 8.05556 115.606 0
    endloop
  endfacet
  facet normal -0.329336 0.671953 -0.663337
    outer loop
      vertex 7.3 116.914 1.7
      vertex 8.04513 115.601 0
      vertex 7.11229 116.822 1.7
    endloop
  endfacet
  facet normal -0.394507 0.635156 -0.664034
    outer loop
      vertex 7.3 116.914 1.7
      vertex 8.06522 115.612 0
      vertex 8.05556 115.606 0
    endloop
  endfacet
  facet normal -0.417466 0.620918 -0.663463
    outer loop
      vertex 8.06522 115.612 0
      vertex 7.3 116.914 1.7
      vertex 7.47402 117.031 1.7
    endloop
  endfacet
  facet normal 0.622047 -0.415663 -0.663537
    outer loop
      vertex 5.11436 119.1 1.7
      vertex 3.81216 119.865 0
      vertex 5.23063 119.274 1.7
    endloop
  endfacet
  facet normal 0.608454 -0.436735 -0.662606
    outer loop
      vertex 3.81216 119.865 0
      vertex 5.11436 119.1 1.7
      vertex 3.8057 119.856 0
    endloop
  endfacet
  facet normal 0.677957 -0.317407 -0.663044
    outer loop
      vertex 5.11436 119.1 1.7
      vertex 3.80055 119.845 0
      vertex 3.8057 119.856 0
    endloop
  endfacet
  facet normal 0.671185 -0.330487 -0.663543
    outer loop
      vertex 3.80055 119.845 0
      vertex 5.11436 119.1 1.7
      vertex 5.02179 118.912 1.7
    endloop
  endfacet
  facet normal 0.414856 -0.622662 -0.663465
    outer loop
      vertex 4.94444 120.994 0
      vertex 5.7 119.686 1.7
      vertex 4.61574 120.775 0
    endloop
  endfacet
  facet normal 0.145709 0.733713 -0.663652
    outer loop
      vertex 6.08589 116.755 1.7
      vertex 6.08251 115.218 0
      vertex 5.69478 115.295 0
    endloop
  endfacet
  facet normal 0.146501 0.73347 -0.663746
    outer loop
      vertex 6.09392 115.215 0
      vertex 6.08589 116.755 1.7
      vertex 6.29116 116.714 1.7
    endloop
  endfacet
  facet normal 0.191378 0.727874 -0.658464
    outer loop
      vertex 6.08589 116.755 1.7
      vertex 6.09392 115.215 0
      vertex 6.08251 115.218 0
    endloop
  endfacet
  facet normal 0.329336 0.671953 -0.663337
    outer loop
      vertex 4.95487 115.601 0
      vertex 5.7 116.914 1.7
      vertex 5.88771 116.822 1.7
    endloop
  endfacet
  facet normal 0.323565 0.674957 -0.663128
    outer loop
      vertex 5.7 116.914 1.7
      vertex 4.95487 115.601 0
      vertex 4.94444 115.606 0
    endloop
  endfacet
  facet normal 0.331122 0.670873 -0.663541
    outer loop
      vertex 5.88771 116.822 1.7
      vertex 5.30943 115.426 0
      vertex 4.95487 115.601 0
    endloop
  endfacet
  facet normal -0.191378 0.727874 -0.658464
    outer loop
      vertex 6.90608 115.215 0
      vertex 6.91411 116.755 1.7
      vertex 6.91749 115.218 0
    endloop
  endfacet
  facet normal -0.146501 0.73347 -0.663746
    outer loop
      vertex 6.91411 116.755 1.7
      vertex 6.90608 115.215 0
      vertex 6.70884 116.714 1.7
    endloop
  endfacet
  facet normal 0.417314 -0.620692 -0.66377
    outer loop
      vertex 5.52598 119.569 1.7
      vertex 4.61574 120.775 0
      vertex 5.7 119.686 1.7
    endloop
  endfacet
  facet normal 0.438323 -0.605512 -0.664251
    outer loop
      vertex 4.61574 120.775 0
      vertex 5.52598 119.569 1.7
      vertex 4.60607 120.768 0
    endloop
  endfacet
  facet normal 0.493194 -0.562348 -0.66372
    outer loop
      vertex 4.59733 120.761 0
      vertex 5.52598 119.569 1.7
      vertex 5.36863 119.431 1.7
    endloop
  endfacet
  facet normal 0.467256 -0.583403 -0.664314
    outer loop
      vertex 5.52598 119.569 1.7
      vertex 4.59733 120.761 0
      vertex 4.60607 120.768 0
    endloop
  endfacet
  facet normal -0.897083 -0.441861 0
    outer loop
      vertex 53.7782 118.912 1.7
      vertex 53.6856 119.1 13
      vertex 53.6856 119.1 1.7
    endloop
  endfacet
  facet normal -0.897083 -0.441861 0
    outer loop
      vertex 53.6856 119.1 13
      vertex 53.7782 118.912 1.7
      vertex 53.7782 118.912 13
    endloop
  endfacet
  facet normal -0.831609 -0.555362 0
    outer loop
      vertex 53.6856 119.1 1.7
      vertex 53.5694 119.274 13
      vertex 53.5694 119.274 1.7
    endloop
  endfacet
  facet normal -0.831609 -0.555362 0
    outer loop
      vertex 53.5694 119.274 13
      vertex 53.6856 119.1 1.7
      vertex 53.6856 119.1 13
    endloop
  endfacet
  facet normal -0.195841 -0.980636 0
    outer loop
      vertex 52.5088 119.886 1.7
      vertex 52.7141 119.845 13
      vertex 52.5088 119.886 13
    endloop
  endfacet
  facet normal -0.195841 -0.980636 -0
    outer loop
      vertex 52.7141 119.845 13
      vertex 52.5088 119.886 1.7
      vertex 52.7141 119.845 1.7
    endloop
  endfacet
  facet normal -0.32024 -0.947336 0
    outer loop
      vertex 52.7141 119.845 1.7
      vertex 52.9123 119.778 13
      vertex 52.7141 119.845 13
    endloop
  endfacet
  facet normal -0.32024 -0.947336 -0
    outer loop
      vertex 52.9123 119.778 13
      vertex 52.7141 119.845 1.7
      vertex 52.9123 119.778 1.7
    endloop
  endfacet
  facet normal 0.32024 -0.947336 0
    outer loop
      vertex 51.6877 119.778 1.7
      vertex 51.8859 119.845 13
      vertex 51.6877 119.778 13
    endloop
  endfacet
  facet normal 0.32024 -0.947336 0
    outer loop
      vertex 51.8859 119.845 13
      vertex 51.6877 119.778 1.7
      vertex 51.8859 119.845 1.7
    endloop
  endfacet
  facet normal 0.897083 -0.441861 0
    outer loop
      vertex 50.8218 118.912 13
      vertex 50.9144 119.1 1.7
      vertex 50.9144 119.1 13
    endloop
  endfacet
  facet normal 0.897083 -0.441861 0
    outer loop
      vertex 50.9144 119.1 1.7
      vertex 50.8218 118.912 13
      vertex 50.8218 118.912 1.7
    endloop
  endfacet
  facet normal -0.980764 0.195196 0
    outer loop
      vertex 53.8455 117.886 1.7
      vertex 53.8863 118.091 13
      vertex 53.8863 118.091 1.7
    endloop
  endfacet
  facet normal -0.980764 0.195196 0
    outer loop
      vertex 53.8863 118.091 13
      vertex 53.8455 117.886 1.7
      vertex 53.8455 117.886 13
    endloop
  endfacet
  facet normal -0.659248 -0.751925 0
    outer loop
      vertex 53.274 119.569 1.7
      vertex 53.4314 119.431 13
      vertex 53.274 119.569 13
    endloop
  endfacet
  facet normal -0.659248 -0.751925 -0
    outer loop
      vertex 53.4314 119.431 13
      vertex 53.274 119.569 1.7
      vertex 53.4314 119.431 1.7
    endloop
  endfacet
  facet normal -0.0668996 -0.99776 0
    outer loop
      vertex 52.3 119.9 1.7
      vertex 52.5088 119.886 13
      vertex 52.3 119.9 13
    endloop
  endfacet
  facet normal -0.0668996 -0.99776 -0
    outer loop
      vertex 52.5088 119.886 13
      vertex 52.3 119.9 1.7
      vertex 52.5088 119.886 1.7
    endloop
  endfacet
  facet normal -0.557998 -0.829843 0
    outer loop
      vertex 53.1 119.686 1.7
      vertex 53.274 119.569 13
      vertex 53.1 119.686 13
    endloop
  endfacet
  facet normal -0.557998 -0.829843 -0
    outer loop
      vertex 53.274 119.569 13
      vertex 53.1 119.686 1.7
      vertex 53.274 119.569 1.7
    endloop
  endfacet
  facet normal 0.997858 -0.0654099 0
    outer loop
      vertex 50.7 118.3 13
      vertex 50.7137 118.509 1.7
      vertex 50.7137 118.509 13
    endloop
  endfacet
  facet normal 0.997858 -0.0654099 0
    outer loop
      vertex 50.7137 118.509 1.7
      vertex 50.7 118.3 13
      vertex 50.7 118.3 1.7
    endloop
  endfacet
  facet normal 0.751093 -0.660196 0
    outer loop
      vertex 51.0306 119.274 13
      vertex 51.1686 119.431 1.7
      vertex 51.1686 119.431 13
    endloop
  endfacet
  facet normal 0.751093 -0.660196 0
    outer loop
      vertex 51.1686 119.431 1.7
      vertex 51.0306 119.274 13
      vertex 51.0306 119.274 1.7
    endloop
  endfacet
  facet normal 0.440119 -0.897939 0
    outer loop
      vertex 51.5 119.686 1.7
      vertex 51.6877 119.778 13
      vertex 51.5 119.686 13
    endloop
  endfacet
  facet normal 0.440119 -0.897939 0
    outer loop
      vertex 51.6877 119.778 13
      vertex 51.5 119.686 1.7
      vertex 51.6877 119.778 1.7
    endloop
  endfacet
  facet normal 0.195841 -0.980636 0
    outer loop
      vertex 51.8859 119.845 1.7
      vertex 52.0912 119.886 13
      vertex 51.8859 119.845 13
    endloop
  endfacet
  facet normal 0.195841 -0.980636 0
    outer loop
      vertex 52.0912 119.886 13
      vertex 51.8859 119.845 1.7
      vertex 52.0912 119.886 1.7
    endloop
  endfacet
  facet normal -0.997858 0.0654099 0
    outer loop
      vertex 53.8863 118.091 1.7
      vertex 53.9 118.3 13
      vertex 53.9 118.3 1.7
    endloop
  endfacet
  facet normal -0.997858 0.0654099 0
    outer loop
      vertex 53.9 118.3 13
      vertex 53.8863 118.091 1.7
      vertex 53.8863 118.091 13
    endloop
  endfacet
  facet normal -0.946802 0.321817 0
    outer loop
      vertex 53.7782 117.688 1.7
      vertex 53.8455 117.886 13
      vertex 53.8455 117.886 1.7
    endloop
  endfacet
  facet normal -0.946802 0.321817 0
    outer loop
      vertex 53.8455 117.886 13
      vertex 53.7782 117.688 1.7
      vertex 53.7782 117.688 13
    endloop
  endfacet
  facet normal -0.980764 -0.195196 0
    outer loop
      vertex 53.8863 118.509 1.7
      vertex 53.8455 118.714 13
      vertex 53.8455 118.714 1.7
    endloop
  endfacet
  facet normal -0.980764 -0.195196 0
    outer loop
      vertex 53.8455 118.714 13
      vertex 53.8863 118.509 1.7
      vertex 53.8863 118.509 13
    endloop
  endfacet
  facet normal -0.946802 -0.321817 0
    outer loop
      vertex 53.8455 118.714 1.7
      vertex 53.7782 118.912 13
      vertex 53.7782 118.912 1.7
    endloop
  endfacet
  facet normal -0.946802 -0.321817 0
    outer loop
      vertex 53.7782 118.912 13
      vertex 53.8455 118.714 1.7
      vertex 53.8455 118.714 13
    endloop
  endfacet
  facet normal -0.751093 -0.660196 0
    outer loop
      vertex 53.5694 119.274 1.7
      vertex 53.4314 119.431 13
      vertex 53.4314 119.431 1.7
    endloop
  endfacet
  facet normal -0.751093 -0.660196 0
    outer loop
      vertex 53.4314 119.431 13
      vertex 53.5694 119.274 1.7
      vertex 53.5694 119.274 13
    endloop
  endfacet
  facet normal 0.0668996 -0.99776 0
    outer loop
      vertex 52.0912 119.886 1.7
      vertex 52.3 119.9 13
      vertex 52.0912 119.886 13
    endloop
  endfacet
  facet normal 0.0668996 -0.99776 0
    outer loop
      vertex 52.3 119.9 13
      vertex 52.0912 119.886 1.7
      vertex 52.3 119.9 1.7
    endloop
  endfacet
  facet normal -0.440119 -0.897939 0
    outer loop
      vertex 52.9123 119.778 1.7
      vertex 53.1 119.686 13
      vertex 52.9123 119.778 13
    endloop
  endfacet
  facet normal -0.440119 -0.897939 -0
    outer loop
      vertex 53.1 119.686 13
      vertex 52.9123 119.778 1.7
      vertex 53.1 119.686 1.7
    endloop
  endfacet
  facet normal 0.946802 -0.321817 0
    outer loop
      vertex 50.7545 118.714 13
      vertex 50.8218 118.912 1.7
      vertex 50.8218 118.912 13
    endloop
  endfacet
  facet normal 0.946802 -0.321817 0
    outer loop
      vertex 50.8218 118.912 1.7
      vertex 50.7545 118.714 13
      vertex 50.7545 118.714 1.7
    endloop
  endfacet
  facet normal 0.980764 -0.195196 0
    outer loop
      vertex 50.7137 118.509 13
      vertex 50.7545 118.714 1.7
      vertex 50.7545 118.714 13
    endloop
  endfacet
  facet normal 0.980764 -0.195196 0
    outer loop
      vertex 50.7545 118.714 1.7
      vertex 50.7137 118.509 13
      vertex 50.7137 118.509 1.7
    endloop
  endfacet
  facet normal 0.831609 -0.555362 0
    outer loop
      vertex 50.9144 119.1 13
      vertex 51.0306 119.274 1.7
      vertex 51.0306 119.274 13
    endloop
  endfacet
  facet normal 0.831609 -0.555362 0
    outer loop
      vertex 51.0306 119.274 1.7
      vertex 50.9144 119.1 13
      vertex 50.9144 119.1 1.7
    endloop
  endfacet
  facet normal 0.557998 -0.829843 0
    outer loop
      vertex 51.326 119.569 1.7
      vertex 51.5 119.686 13
      vertex 51.326 119.569 13
    endloop
  endfacet
  facet normal 0.557998 -0.829843 0
    outer loop
      vertex 51.5 119.686 13
      vertex 51.326 119.569 1.7
      vertex 51.5 119.686 1.7
    endloop
  endfacet
  facet normal 0.659248 -0.751925 0
    outer loop
      vertex 51.1686 119.431 1.7
      vertex 51.326 119.569 13
      vertex 51.1686 119.431 13
    endloop
  endfacet
  facet normal 0.659248 -0.751925 0
    outer loop
      vertex 51.326 119.569 13
      vertex 51.1686 119.431 1.7
      vertex 51.326 119.569 1.7
    endloop
  endfacet
  facet normal -0.997858 -0.0654099 0
    outer loop
      vertex 53.9 118.3 1.7
      vertex 53.8863 118.509 13
      vertex 53.8863 118.509 1.7
    endloop
  endfacet
  facet normal -0.997858 -0.0654099 0
    outer loop
      vertex 53.8863 118.509 13
      vertex 53.9 118.3 1.7
      vertex 53.9 118.3 13
    endloop
  endfacet
  facet normal 0.997858 0.0654099 0
    outer loop
      vertex 50.7137 118.091 13
      vertex 50.7 118.3 1.7
      vertex 50.7 118.3 13
    endloop
  endfacet
  facet normal 0.997858 0.0654099 0
    outer loop
      vertex 50.7 118.3 1.7
      vertex 50.7137 118.091 13
      vertex 50.7137 118.091 1.7
    endloop
  endfacet
  facet normal 0.897083 0.441861 0
    outer loop
      vertex 50.9144 117.5 13
      vertex 50.8218 117.688 1.7
      vertex 50.8218 117.688 13
    endloop
  endfacet
  facet normal 0.897083 0.441861 0
    outer loop
      vertex 50.8218 117.688 1.7
      vertex 50.9144 117.5 13
      vertex 50.9144 117.5 1.7
    endloop
  endfacet
  facet normal -0.195841 0.980636 0
    outer loop
      vertex 52.7141 116.755 1.7
      vertex 52.5088 116.714 13
      vertex 52.7141 116.755 13
    endloop
  endfacet
  facet normal -0.195841 0.980636 0
    outer loop
      vertex 52.5088 116.714 13
      vertex 52.7141 116.755 1.7
      vertex 52.5088 116.714 1.7
    endloop
  endfacet
  facet normal -0.440119 0.897939 0
    outer loop
      vertex 53.1 116.914 1.7
      vertex 52.9123 116.822 13
      vertex 53.1 116.914 13
    endloop
  endfacet
  facet normal -0.440119 0.897939 0
    outer loop
      vertex 52.9123 116.822 13
      vertex 53.1 116.914 1.7
      vertex 52.9123 116.822 1.7
    endloop
  endfacet
  facet normal -0.751093 0.660196 0
    outer loop
      vertex 53.4314 117.169 1.7
      vertex 53.5694 117.326 13
      vertex 53.5694 117.326 1.7
    endloop
  endfacet
  facet normal -0.751093 0.660196 0
    outer loop
      vertex 53.5694 117.326 13
      vertex 53.4314 117.169 1.7
      vertex 53.4314 117.169 13
    endloop
  endfacet
  facet normal -0.897083 0.441861 0
    outer loop
      vertex 53.6856 117.5 1.7
      vertex 53.7782 117.688 13
      vertex 53.7782 117.688 1.7
    endloop
  endfacet
  facet normal -0.897083 0.441861 0
    outer loop
      vertex 53.7782 117.688 13
      vertex 53.6856 117.5 1.7
      vertex 53.6856 117.5 13
    endloop
  endfacet
  facet normal 0.0668996 0.99776 -0
    outer loop
      vertex 52.3 116.7 1.7
      vertex 52.0912 116.714 13
      vertex 52.3 116.7 13
    endloop
  endfacet
  facet normal 0.0668996 0.99776 0
    outer loop
      vertex 52.0912 116.714 13
      vertex 52.3 116.7 1.7
      vertex 52.0912 116.714 1.7
    endloop
  endfacet
  facet normal 0.946802 0.321817 0
    outer loop
      vertex 50.8218 117.688 13
      vertex 50.7545 117.886 1.7
      vertex 50.7545 117.886 13
    endloop
  endfacet
  facet normal 0.946802 0.321817 0
    outer loop
      vertex 50.7545 117.886 1.7
      vertex 50.8218 117.688 13
      vertex 50.8218 117.688 1.7
    endloop
  endfacet
  facet normal 0.980764 0.195196 0
    outer loop
      vertex 50.7545 117.886 13
      vertex 50.7137 118.091 1.7
      vertex 50.7137 118.091 13
    endloop
  endfacet
  facet normal 0.980764 0.195196 0
    outer loop
      vertex 50.7137 118.091 1.7
      vertex 50.7545 117.886 13
      vertex 50.7545 117.886 1.7
    endloop
  endfacet
  facet normal -0.32024 0.947336 0
    outer loop
      vertex 52.9123 116.822 1.7
      vertex 52.7141 116.755 13
      vertex 52.9123 116.822 13
    endloop
  endfacet
  facet normal -0.32024 0.947336 0
    outer loop
      vertex 52.7141 116.755 13
      vertex 52.9123 116.822 1.7
      vertex 52.7141 116.755 1.7
    endloop
  endfacet
  facet normal -0.659248 0.751925 0
    outer loop
      vertex 53.4314 117.169 1.7
      vertex 53.274 117.031 13
      vertex 53.4314 117.169 13
    endloop
  endfacet
  facet normal -0.659248 0.751925 0
    outer loop
      vertex 53.274 117.031 13
      vertex 53.4314 117.169 1.7
      vertex 53.274 117.031 1.7
    endloop
  endfacet
  facet normal -0.557998 0.829843 0
    outer loop
      vertex 53.274 117.031 1.7
      vertex 53.1 116.914 13
      vertex 53.274 117.031 13
    endloop
  endfacet
  facet normal -0.557998 0.829843 0
    outer loop
      vertex 53.1 116.914 13
      vertex 53.274 117.031 1.7
      vertex 53.1 116.914 1.7
    endloop
  endfacet
  facet normal -0.831609 0.555362 0
    outer loop
      vertex 53.5694 117.326 1.7
      vertex 53.6856 117.5 13
      vertex 53.6856 117.5 1.7
    endloop
  endfacet
  facet normal -0.831609 0.555362 0
    outer loop
      vertex 53.6856 117.5 13
      vertex 53.5694 117.326 1.7
      vertex 53.5694 117.326 13
    endloop
  endfacet
  facet normal 0.32024 0.947336 -0
    outer loop
      vertex 51.8859 116.755 1.7
      vertex 51.6877 116.822 13
      vertex 51.8859 116.755 13
    endloop
  endfacet
  facet normal 0.32024 0.947336 0
    outer loop
      vertex 51.6877 116.822 13
      vertex 51.8859 116.755 1.7
      vertex 51.6877 116.822 1.7
    endloop
  endfacet
  facet normal -0.0668996 0.99776 0
    outer loop
      vertex 52.5088 116.714 1.7
      vertex 52.3 116.7 13
      vertex 52.5088 116.714 13
    endloop
  endfacet
  facet normal -0.0668996 0.99776 0
    outer loop
      vertex 52.3 116.7 13
      vertex 52.5088 116.714 1.7
      vertex 52.3 116.7 1.7
    endloop
  endfacet
  facet normal 0.195841 0.980636 -0
    outer loop
      vertex 52.0912 116.714 1.7
      vertex 51.8859 116.755 13
      vertex 52.0912 116.714 13
    endloop
  endfacet
  facet normal 0.195841 0.980636 0
    outer loop
      vertex 51.8859 116.755 13
      vertex 52.0912 116.714 1.7
      vertex 51.8859 116.755 1.7
    endloop
  endfacet
  facet normal 0.751093 0.660196 0
    outer loop
      vertex 51.1686 117.169 13
      vertex 51.0306 117.326 1.7
      vertex 51.0306 117.326 13
    endloop
  endfacet
  facet normal 0.751093 0.660196 0
    outer loop
      vertex 51.0306 117.326 1.7
      vertex 51.1686 117.169 13
      vertex 51.1686 117.169 1.7
    endloop
  endfacet
  facet normal 0.659248 0.751925 -0
    outer loop
      vertex 51.326 117.031 1.7
      vertex 51.1686 117.169 13
      vertex 51.326 117.031 13
    endloop
  endfacet
  facet normal 0.659248 0.751925 0
    outer loop
      vertex 51.1686 117.169 13
      vertex 51.326 117.031 1.7
      vertex 51.1686 117.169 1.7
    endloop
  endfacet
  facet normal 0.831609 0.555362 0
    outer loop
      vertex 51.0306 117.326 13
      vertex 50.9144 117.5 1.7
      vertex 50.9144 117.5 13
    endloop
  endfacet
  facet normal 0.831609 0.555362 0
    outer loop
      vertex 50.9144 117.5 1.7
      vertex 51.0306 117.326 13
      vertex 51.0306 117.326 1.7
    endloop
  endfacet
  facet normal 0.440119 0.897939 -0
    outer loop
      vertex 51.6877 116.822 1.7
      vertex 51.5 116.914 13
      vertex 51.6877 116.822 13
    endloop
  endfacet
  facet normal 0.440119 0.897939 0
    outer loop
      vertex 51.5 116.914 13
      vertex 51.6877 116.822 1.7
      vertex 51.5 116.914 1.7
    endloop
  endfacet
  facet normal 0.557998 0.829843 -0
    outer loop
      vertex 51.5 116.914 1.7
      vertex 51.326 117.031 13
      vertex 51.5 116.914 13
    endloop
  endfacet
  facet normal 0.557998 0.829843 0
    outer loop
      vertex 51.326 117.031 13
      vertex 51.5 116.914 1.7
      vertex 51.326 117.031 1.7
    endloop
  endfacet
  facet normal -0.746702 -0.0435576 -0.663731
    outer loop
      vertex 53.9 118.3 1.7
      vertex 55.4104 118.312 0
      vertex 55.4111 118.3 0
    endloop
  endfacet
  facet normal -0.746498 -0.0489331 -0.663586
    outer loop
      vertex 55.4104 118.312 0
      vertex 53.9 118.3 1.7
      vertex 53.8863 118.509 1.7
    endloop
  endfacet
  facet normal -0.7465 -0.049072 -0.663573
    outer loop
      vertex 55.3845 118.706 0
      vertex 55.4104 118.312 0
      vertex 53.8863 118.509 1.7
    endloop
  endfacet
  facet normal 0.41609 0.621676 -0.663618
    outer loop
      vertex 51.326 117.031 1.7
      vertex 50.7348 115.612 0
      vertex 50.4061 115.832 0
    endloop
  endfacet
  facet normal -0.440395 -0.603971 -0.664283
    outer loop
      vertex 53.274 119.569 1.7
      vertex 54.1843 120.775 0
      vertex 54.1939 120.768 0
    endloop
  endfacet
  facet normal -0.417342 -0.620663 -0.66378
    outer loop
      vertex 54.1843 120.775 0
      vertex 53.274 119.569 1.7
      vertex 53.1 119.686 1.7
    endloop
  endfacet
  facet normal -0.493099 -0.562418 -0.663731
    outer loop
      vertex 53.274 119.569 1.7
      vertex 54.2027 120.761 0
      vertex 53.4314 119.431 1.7
    endloop
  endfacet
  facet normal -0.465295 -0.584943 -0.664336
    outer loop
      vertex 54.2027 120.761 0
      vertex 53.274 119.569 1.7
      vertex 54.1939 120.768 0
    endloop
  endfacet
  facet normal -0.239543 -0.708618 -0.663687
    outer loop
      vertex 53.1052 121.305 0
      vertex 52.9123 119.778 1.7
      vertex 52.7141 119.845 1.7
    endloop
  endfacet
  facet normal -0.240764 -0.708323 -0.66356
    outer loop
      vertex 52.9123 119.778 1.7
      vertex 53.1052 121.305 0
      vertex 53.4906 121.174 0
    endloop
  endfacet
  facet normal 0.622243 0.415333 -0.66356
    outer loop
      vertex 51.0306 117.326 1.7
      vertex 49.8318 116.406 0
      vertex 49.6122 116.735 0
    endloop
  endfacet
  facet normal -0.493594 0.562054 -0.663671
    outer loop
      vertex 54.4999 116.1 0
      vertex 54.2027 115.839 0
      vertex 53.4314 117.169 1.7
    endloop
  endfacet
  facet normal -0.708501 -0.240083 -0.663616
    outer loop
      vertex 55.3051 119.105 0
      vertex 53.7782 118.912 1.7
      vertex 55.1743 119.491 0
    endloop
  endfacet
  facet normal -0.708337 -0.240763 -0.663545
    outer loop
      vertex 53.7782 118.912 1.7
      vertex 55.3051 119.105 0
      vertex 53.8455 118.714 1.7
    endloop
  endfacet
  facet normal 0.561893 -0.493893 -0.663586
    outer loop
      vertex 51.0306 119.274 1.7
      vertex 49.8395 120.203 0
      vertex 51.1686 119.431 1.7
    endloop
  endfacet
  facet normal 0.568271 -0.486187 -0.663845
    outer loop
      vertex 49.8395 120.203 0
      vertex 51.0306 119.274 1.7
      vertex 49.8318 120.194 0
    endloop
  endfacet
  facet normal -0.493594 -0.562054 -0.663671
    outer loop
      vertex 54.2027 120.761 0
      vertex 54.4999 120.5 0
      vertex 53.4314 119.431 1.7
    endloop
  endfacet
  facet normal -0.331135 -0.670973 -0.663434
    outer loop
      vertex 53.501 121.169 0
      vertex 53.8556 120.994 0
      vertex 53.1 119.686 1.7
    endloop
  endfacet
  facet normal 0.0492008 -0.746528 -0.663533
    outer loop
      vertex 52.2884 121.41 0
      vertex 52.0912 119.886 1.7
      vertex 51.8939 121.384 0
    endloop
  endfacet
  facet normal 0.708337 0.240763 -0.663545
    outer loop
      vertex 50.8218 117.688 1.7
      vertex 49.2949 117.495 0
      vertex 50.7545 117.886 1.7
    endloop
  endfacet
  facet normal 0.708501 0.240083 -0.663616
    outer loop
      vertex 49.2949 117.495 0
      vertex 50.8218 117.688 1.7
      vertex 49.4257 117.109 0
    endloop
  endfacet
  facet normal 0.561836 0.493843 -0.663671
    outer loop
      vertex 50.1001 116.1 0
      vertex 51.0306 117.326 1.7
      vertex 51.1686 117.169 1.7
    endloop
  endfacet
  facet normal 0.562507 0.493205 -0.663577
    outer loop
      vertex 51.0306 117.326 1.7
      vertex 50.1001 116.1 0
      vertex 49.8318 116.406 0
    endloop
  endfacet
  facet normal 0.396295 0.634073 -0.664005
    outer loop
      vertex 50.7348 115.612 0
      vertex 51.5 116.914 1.7
      vertex 50.7444 115.606 0
    endloop
  endfacet
  facet normal 0.417501 0.620898 -0.663459
    outer loop
      vertex 51.5 116.914 1.7
      vertex 50.7348 115.612 0
      vertex 51.326 117.031 1.7
    endloop
  endfacet
  facet normal 0.671142 0.330573 -0.663543
    outer loop
      vertex 50.9144 117.5 1.7
      vertex 49.6006 116.755 0
      vertex 50.8218 117.688 1.7
    endloop
  endfacet
  facet normal 0.679229 0.314915 -0.662931
    outer loop
      vertex 49.6006 116.755 0
      vertex 50.9144 117.5 1.7
      vertex 49.6057 116.744 0
    endloop
  endfacet
  facet normal -0.240764 0.708323 -0.66356
    outer loop
      vertex 53.1052 115.295 0
      vertex 52.9123 116.822 1.7
      vertex 53.4906 115.426 0
    endloop
  endfacet
  facet normal -0.239543 0.708618 -0.663687
    outer loop
      vertex 52.9123 116.822 1.7
      vertex 53.1052 115.295 0
      vertex 52.7141 116.755 1.7
    endloop
  endfacet
  facet normal -0.396295 0.634073 -0.664005
    outer loop
      vertex 53.1 116.914 1.7
      vertex 53.8652 115.612 0
      vertex 53.8556 115.606 0
    endloop
  endfacet
  facet normal -0.417501 0.620898 -0.663459
    outer loop
      vertex 53.8652 115.612 0
      vertex 53.1 116.914 1.7
      vertex 53.274 117.031 1.7
    endloop
  endfacet
  facet normal -0.627502 0.407876 -0.663233
    outer loop
      vertex 53.5694 117.326 1.7
      vertex 54.7747 116.416 0
      vertex 54.7682 116.406 0
    endloop
  endfacet
  facet normal -0.622169 0.415494 -0.663529
    outer loop
      vertex 54.7747 116.416 0
      vertex 53.5694 117.326 1.7
      vertex 53.6856 117.5 1.7
    endloop
  endfacet
  facet normal -0.733772 0.145809 -0.663565
    outer loop
      vertex 55.3845 117.894 0
      vertex 55.3074 117.506 0
      vertex 53.8863 118.091 1.7
    endloop
  endfacet
  facet normal -0.746702 0.0435576 -0.663731
    outer loop
      vertex 55.4104 118.288 0
      vertex 53.9 118.3 1.7
      vertex 55.4111 118.3 0
    endloop
  endfacet
  facet normal -0.746498 0.0489331 -0.663586
    outer loop
      vertex 53.9 118.3 1.7
      vertex 55.4104 118.288 0
      vertex 53.8863 118.091 1.7
    endloop
  endfacet
  facet normal -0.7465 0.049072 -0.663573
    outer loop
      vertex 55.4104 118.288 0
      vertex 55.3845 117.894 0
      vertex 53.8863 118.091 1.7
    endloop
  endfacet
  facet normal -0.733772 -0.145809 -0.663565
    outer loop
      vertex 55.3074 119.094 0
      vertex 55.3845 118.706 0
      vertex 53.8863 118.509 1.7
    endloop
  endfacet
  facet normal 0.733782 -0.145811 -0.663553
    outer loop
      vertex 49.2949 119.105 0
      vertex 50.7545 118.714 1.7
      vertex 49.2178 118.717 0
    endloop
  endfacet
  facet normal 0.240764 -0.708323 -0.66356
    outer loop
      vertex 51.4948 121.305 0
      vertex 51.6877 119.778 1.7
      vertex 51.1094 121.174 0
    endloop
  endfacet
  facet normal 0.239543 -0.708618 -0.663687
    outer loop
      vertex 51.6877 119.778 1.7
      vertex 51.4948 121.305 0
      vertex 51.8859 119.845 1.7
    endloop
  endfacet
  facet normal -0.621618 -0.416181 -0.663614
    outer loop
      vertex 54.7747 120.184 0
      vertex 54.9943 119.856 0
      vertex 53.6856 119.1 1.7
    endloop
  endfacet
  facet normal -0.414853 -0.622658 -0.663471
    outer loop
      vertex 53.8556 120.994 0
      vertex 54.1843 120.775 0
      vertex 53.1 119.686 1.7
    endloop
  endfacet
  facet normal 0.0500557 -0.746545 -0.663449
    outer loop
      vertex 52.2884 121.41 0
      vertex 52.3 119.9 1.7
      vertex 52.0912 119.886 1.7
    endloop
  endfacet
  facet normal 0.0643006 -0.745887 -0.662962
    outer loop
      vertex 52.3 119.9 1.7
      vertex 52.2884 121.41 0
      vertex 52.3 121.411 0
    endloop
  endfacet
  facet normal 0.733782 0.145811 -0.663553
    outer loop
      vertex 50.7545 117.886 1.7
      vertex 49.2949 117.495 0
      vertex 49.2178 117.883 0
    endloop
  endfacet
  facet normal 0.239543 0.708618 -0.663687
    outer loop
      vertex 51.4948 115.295 0
      vertex 51.6877 116.822 1.7
      vertex 51.8859 116.755 1.7
    endloop
  endfacet
  facet normal 0.240764 0.708323 -0.66356
    outer loop
      vertex 51.6877 116.822 1.7
      vertex 51.4948 115.295 0
      vertex 51.1094 115.426 0
    endloop
  endfacet
  facet normal 0.14572 0.733711 -0.663652
    outer loop
      vertex 51.8859 116.755 1.7
      vertex 51.8825 115.218 0
      vertex 51.4948 115.295 0
    endloop
  endfacet
  facet normal 0.0492009 0.746528 -0.663532
    outer loop
      vertex 52.3 116.7 1.7
      vertex 52.3 115.189 0
      vertex 51.9055 115.215 0
    endloop
  endfacet
  facet normal 0.622158 0.415487 -0.663543
    outer loop
      vertex 49.6122 116.735 0
      vertex 50.9144 117.5 1.7
      vertex 51.0306 117.326 1.7
    endloop
  endfacet
  facet normal 0.607245 0.438566 -0.662505
    outer loop
      vertex 50.9144 117.5 1.7
      vertex 49.6122 116.735 0
      vertex 49.6057 116.744 0
    endloop
  endfacet
  facet normal 0.670668 0.331356 -0.663632
    outer loop
      vertex 50.8218 117.688 1.7
      vertex 49.6006 116.755 0
      vertex 49.4257 117.109 0
    endloop
  endfacet
  facet normal -0.465295 0.584943 -0.664336
    outer loop
      vertex 53.274 117.031 1.7
      vertex 54.2027 115.839 0
      vertex 54.1939 115.832 0
    endloop
  endfacet
  facet normal -0.493099 0.562418 -0.663731
    outer loop
      vertex 54.2027 115.839 0
      vertex 53.274 117.031 1.7
      vertex 53.4314 117.169 1.7
    endloop
  endfacet
  facet normal -0.41609 0.621676 -0.663618
    outer loop
      vertex 54.1939 115.832 0
      vertex 53.8652 115.612 0
      vertex 53.274 117.031 1.7
    endloop
  endfacet
  facet normal -0.562279 0.493367 -0.66365
    outer loop
      vertex 54.7605 116.397 0
      vertex 54.4999 116.1 0
      vertex 53.4314 117.169 1.7
    endloop
  endfacet
  facet normal -0.568271 0.486187 -0.663845
    outer loop
      vertex 54.7605 116.397 0
      vertex 53.5694 117.326 1.7
      vertex 54.7682 116.406 0
    endloop
  endfacet
  facet normal -0.561893 0.493893 -0.663586
    outer loop
      vertex 53.5694 117.326 1.7
      vertex 54.7605 116.397 0
      vertex 53.4314 117.169 1.7
    endloop
  endfacet
  facet normal -0.331167 0.67085 -0.663542
    outer loop
      vertex 53.8451 115.601 0
      vertex 53.4906 115.426 0
      vertex 52.9123 116.822 1.7
    endloop
  endfacet
  facet normal -0.671052 0.330611 -0.663616
    outer loop
      vertex 55.1692 117.099 0
      vertex 54.9943 116.744 0
      vertex 53.6856 117.5 1.7
    endloop
  endfacet
  facet normal -0.621618 0.416181 -0.663614
    outer loop
      vertex 54.9943 116.744 0
      vertex 54.7747 116.416 0
      vertex 53.6856 117.5 1.7
    endloop
  endfacet
  facet normal -0.733709 0.146026 -0.663587
    outer loop
      vertex 55.3074 117.506 0
      vertex 53.8455 117.886 1.7
      vertex 53.8863 118.091 1.7
    endloop
  endfacet
  facet normal -0.732098 0.153075 -0.663778
    outer loop
      vertex 53.8455 117.886 1.7
      vertex 55.3074 117.506 0
      vertex 55.3051 117.495 0
    endloop
  endfacet
  facet normal -0.732098 -0.153075 -0.663778
    outer loop
      vertex 55.3074 119.094 0
      vertex 53.8455 118.714 1.7
      vertex 55.3051 119.105 0
    endloop
  endfacet
  facet normal -0.733709 -0.146026 -0.663587
    outer loop
      vertex 53.8455 118.714 1.7
      vertex 55.3074 119.094 0
      vertex 53.8863 118.509 1.7
    endloop
  endfacet
  facet normal 0.622243 -0.415333 -0.66356
    outer loop
      vertex 49.8318 120.194 0
      vertex 51.0306 119.274 1.7
      vertex 49.6122 119.865 0
    endloop
  endfacet
  facet normal 0.746516 -0.0489343 -0.663565
    outer loop
      vertex 49.1889 118.3 0
      vertex 50.7137 118.509 1.7
      vertex 50.7 118.3 1.7
    endloop
  endfacet
  facet normal 0.746516 -0.0489097 -0.663568
    outer loop
      vertex 50.7137 118.509 1.7
      vertex 49.1889 118.3 0
      vertex 49.2155 118.706 0
    endloop
  endfacet
  facet normal 0.732941 -0.153251 -0.662806
    outer loop
      vertex 50.7545 118.714 1.7
      vertex 49.2155 118.706 0
      vertex 49.2178 118.717 0
    endloop
  endfacet
  facet normal 0.733734 -0.146031 -0.663558
    outer loop
      vertex 49.2155 118.706 0
      vertex 50.7545 118.714 1.7
      vertex 50.7137 118.509 1.7
    endloop
  endfacet
  facet normal 0.733734 0.146031 -0.663558
    outer loop
      vertex 50.7545 117.886 1.7
      vertex 49.2155 117.894 0
      vertex 50.7137 118.091 1.7
    endloop
  endfacet
  facet normal 0.732941 0.153251 -0.662806
    outer loop
      vertex 49.2155 117.894 0
      vertex 50.7545 117.886 1.7
      vertex 49.2178 117.883 0
    endloop
  endfacet
  facet normal 0.323924 -0.673762 -0.664167
    outer loop
      vertex 51.1094 121.174 0
      vertex 51.5 119.686 1.7
      vertex 51.099 121.169 0
    endloop
  endfacet
  facet normal 0.329244 -0.67173 -0.66361
    outer loop
      vertex 51.5 119.686 1.7
      vertex 51.1094 121.174 0
      vertex 51.6877 119.778 1.7
    endloop
  endfacet
  facet normal 0.145741 -0.733814 -0.663534
    outer loop
      vertex 51.8939 121.384 0
      vertex 52.0912 119.886 1.7
      vertex 51.5062 121.307 0
    endloop
  endfacet
  facet normal -0.562279 -0.493367 -0.66365
    outer loop
      vertex 54.4999 120.5 0
      vertex 54.7605 120.203 0
      vertex 53.4314 119.431 1.7
    endloop
  endfacet
  facet normal -0.667236 -0.34029 -0.662569
    outer loop
      vertex 55.1743 119.491 0
      vertex 53.6856 119.1 1.7
      vertex 55.1692 119.501 0
    endloop
  endfacet
  facet normal -0.671048 -0.330527 -0.663662
    outer loop
      vertex 53.6856 119.1 1.7
      vertex 55.1743 119.491 0
      vertex 53.7782 118.912 1.7
    endloop
  endfacet
  facet normal -0.671052 -0.330611 -0.663616
    outer loop
      vertex 54.9943 119.856 0
      vertex 55.1692 119.501 0
      vertex 53.6856 119.1 1.7
    endloop
  endfacet
  facet normal -0.0643006 -0.745887 -0.662962
    outer loop
      vertex 52.3116 121.41 0
      vertex 52.3 119.9 1.7
      vertex 52.3 121.411 0
    endloop
  endfacet
  facet normal -0.0500557 -0.746545 -0.663449
    outer loop
      vertex 52.3 119.9 1.7
      vertex 52.3116 121.41 0
      vertex 52.5088 119.886 1.7
    endloop
  endfacet
  facet normal -0.145741 -0.733814 -0.663534
    outer loop
      vertex 52.7061 121.384 0
      vertex 53.0938 121.307 0
      vertex 52.5088 119.886 1.7
    endloop
  endfacet
  facet normal -0.0492008 -0.746528 -0.663533
    outer loop
      vertex 52.7061 121.384 0
      vertex 52.5088 119.886 1.7
      vertex 52.3116 121.41 0
    endloop
  endfacet
  facet normal -0.0477899 0.746442 -0.663732
    outer loop
      vertex 52.3 115.189 0
      vertex 52.5088 116.714 1.7
      vertex 52.7061 115.215 0
    endloop
  endfacet
  facet normal -0.0500525 0.746497 -0.663504
    outer loop
      vertex 52.5088 116.714 1.7
      vertex 52.3 115.189 0
      vertex 52.3 116.7 1.7
    endloop
  endfacet
  facet normal 0.14648 0.733471 -0.663749
    outer loop
      vertex 51.8939 115.215 0
      vertex 51.8859 116.755 1.7
      vertex 52.0912 116.714 1.7
    endloop
  endfacet
  facet normal 0.191539 0.727849 -0.658444
    outer loop
      vertex 51.8859 116.755 1.7
      vertex 51.8939 115.215 0
      vertex 51.8825 115.218 0
    endloop
  endfacet
  facet normal 0.493176 0.562507 -0.663599
    outer loop
      vertex 50.4061 115.832 0
      vertex 51.1686 117.169 1.7
      vertex 51.326 117.031 1.7
    endloop
  endfacet
  facet normal 0.492857 0.562739 -0.663639
    outer loop
      vertex 51.1686 117.169 1.7
      vertex 50.4061 115.832 0
      vertex 50.1001 116.1 0
    endloop
  endfacet
  facet normal -0.321835 0.675854 -0.663056
    outer loop
      vertex 53.8451 115.601 0
      vertex 53.1 116.914 1.7
      vertex 53.8556 115.606 0
    endloop
  endfacet
  facet normal -0.329352 0.671949 -0.663334
    outer loop
      vertex 53.1 116.914 1.7
      vertex 53.8451 115.601 0
      vertex 52.9123 116.822 1.7
    endloop
  endfacet
  facet normal -0.191539 0.727849 -0.658444
    outer loop
      vertex 52.7061 115.215 0
      vertex 52.7141 116.755 1.7
      vertex 52.7175 115.218 0
    endloop
  endfacet
  facet normal -0.14648 0.733471 -0.663749
    outer loop
      vertex 52.7141 116.755 1.7
      vertex 52.7061 115.215 0
      vertex 52.5088 116.714 1.7
    endloop
  endfacet
  facet normal -0.14572 0.733711 -0.663652
    outer loop
      vertex 53.1052 115.295 0
      vertex 52.7175 115.218 0
      vertex 52.7141 116.755 1.7
    endloop
  endfacet
  facet normal -0.671048 0.330527 -0.663662
    outer loop
      vertex 55.1743 117.109 0
      vertex 53.6856 117.5 1.7
      vertex 53.7782 117.688 1.7
    endloop
  endfacet
  facet normal -0.667236 0.34029 -0.662569
    outer loop
      vertex 53.6856 117.5 1.7
      vertex 55.1743 117.109 0
      vertex 55.1692 117.099 0
    endloop
  endfacet
  facet normal -0.708337 0.240763 -0.663545
    outer loop
      vertex 55.3051 117.495 0
      vertex 53.7782 117.688 1.7
      vertex 53.8455 117.886 1.7
    endloop
  endfacet
  facet normal -0.708501 0.240083 -0.663616
    outer loop
      vertex 53.7782 117.688 1.7
      vertex 55.3051 117.495 0
      vertex 55.1743 117.109 0
    endloop
  endfacet
  facet normal 0.708501 -0.240083 -0.663616
    outer loop
      vertex 50.8218 118.912 1.7
      vertex 49.2949 119.105 0
      vertex 49.4257 119.491 0
    endloop
  endfacet
  facet normal 0.708337 -0.240763 -0.663545
    outer loop
      vertex 49.2949 119.105 0
      vertex 50.8218 118.912 1.7
      vertex 50.7545 118.714 1.7
    endloop
  endfacet
  facet normal 0.746518 0.0488837 -0.663567
    outer loop
      vertex 50.7 118.3 1.7
      vertex 49.2147 117.906 0
      vertex 49.1889 118.3 0
    endloop
  endfacet
  facet normal 0.493099 -0.562418 -0.663731
    outer loop
      vertex 50.3973 120.761 0
      vertex 51.326 119.569 1.7
      vertex 51.1686 119.431 1.7
    endloop
  endfacet
  facet normal 0.465295 -0.584943 -0.664336
    outer loop
      vertex 51.326 119.569 1.7
      vertex 50.3973 120.761 0
      vertex 50.4061 120.768 0
    endloop
  endfacet
  facet normal 0.331135 -0.670973 -0.663434
    outer loop
      vertex 51.099 121.169 0
      vertex 51.5 119.686 1.7
      vertex 50.7444 120.994 0
    endloop
  endfacet
  facet normal 0.129359 -0.737348 -0.663012
    outer loop
      vertex 51.5062 121.307 0
      vertex 51.8859 119.845 1.7
      vertex 51.4948 121.305 0
    endloop
  endfacet
  facet normal 0.146504 -0.733592 -0.663611
    outer loop
      vertex 51.8859 119.845 1.7
      vertex 51.5062 121.307 0
      vertex 52.0912 119.886 1.7
    endloop
  endfacet
  facet normal -0.622169 -0.415494 -0.663529
    outer loop
      vertex 53.5694 119.274 1.7
      vertex 54.7747 120.184 0
      vertex 53.6856 119.1 1.7
    endloop
  endfacet
  facet normal -0.627502 -0.407876 -0.663233
    outer loop
      vertex 54.7747 120.184 0
      vertex 53.5694 119.274 1.7
      vertex 54.7682 120.194 0
    endloop
  endfacet
  facet normal -0.568271 -0.486187 -0.663845
    outer loop
      vertex 53.5694 119.274 1.7
      vertex 54.7605 120.203 0
      vertex 54.7682 120.194 0
    endloop
  endfacet
  facet normal -0.561893 -0.493893 -0.663586
    outer loop
      vertex 54.7605 120.203 0
      vertex 53.5694 119.274 1.7
      vertex 53.4314 119.431 1.7
    endloop
  endfacet
  facet normal -0.329244 -0.67173 -0.66361
    outer loop
      vertex 53.4906 121.174 0
      vertex 53.1 119.686 1.7
      vertex 52.9123 119.778 1.7
    endloop
  endfacet
  facet normal -0.323924 -0.673762 -0.664167
    outer loop
      vertex 53.1 119.686 1.7
      vertex 53.4906 121.174 0
      vertex 53.501 121.169 0
    endloop
  endfacet
  facet normal -0.146504 -0.733592 -0.663611
    outer loop
      vertex 53.0938 121.307 0
      vertex 52.7141 119.845 1.7
      vertex 52.5088 119.886 1.7
    endloop
  endfacet
  facet normal -0.129359 -0.737348 -0.663012
    outer loop
      vertex 52.7141 119.845 1.7
      vertex 53.0938 121.307 0
      vertex 53.1052 121.305 0
    endloop
  endfacet
  facet normal 0.329352 0.671949 -0.663334
    outer loop
      vertex 50.7549 115.601 0
      vertex 51.5 116.914 1.7
      vertex 51.6877 116.822 1.7
    endloop
  endfacet
  facet normal 0.321835 0.675854 -0.663056
    outer loop
      vertex 51.5 116.914 1.7
      vertex 50.7549 115.601 0
      vertex 50.7444 115.606 0
    endloop
  endfacet
  facet normal 0.331167 0.67085 -0.663542
    outer loop
      vertex 51.6877 116.822 1.7
      vertex 51.1094 115.426 0
      vertex 50.7549 115.601 0
    endloop
  endfacet
  facet normal 0.0500459 0.746399 -0.663615
    outer loop
      vertex 51.9055 115.215 0
      vertex 52.0912 116.714 1.7
      vertex 52.3 116.7 1.7
    endloop
  endfacet
  facet normal 0 0.750057 -0.661374
    outer loop
      vertex 52.0912 116.714 1.7
      vertex 51.9055 115.215 0
      vertex 51.8939 115.215 0
    endloop
  endfacet
  facet normal 0.670668 -0.331356 -0.663632
    outer loop
      vertex 49.6006 119.845 0
      vertex 50.8218 118.912 1.7
      vertex 49.4257 119.491 0
    endloop
  endfacet
  facet normal 0.622158 -0.415487 -0.663543
    outer loop
      vertex 50.9144 119.1 1.7
      vertex 49.6122 119.865 0
      vertex 51.0306 119.274 1.7
    endloop
  endfacet
  facet normal 0.607245 -0.438566 -0.662505
    outer loop
      vertex 49.6122 119.865 0
      vertex 50.9144 119.1 1.7
      vertex 49.6057 119.856 0
    endloop
  endfacet
  facet normal 0.679229 -0.314915 -0.662931
    outer loop
      vertex 50.9144 119.1 1.7
      vertex 49.6006 119.845 0
      vertex 49.6057 119.856 0
    endloop
  endfacet
  facet normal 0.671142 -0.330573 -0.663543
    outer loop
      vertex 49.6006 119.845 0
      vertex 50.9144 119.1 1.7
      vertex 50.8218 118.912 1.7
    endloop
  endfacet
  facet normal 0.746511 0.0489339 -0.663572
    outer loop
      vertex 50.7137 118.091 1.7
      vertex 49.2147 117.906 0
      vertex 50.7 118.3 1.7
    endloop
  endfacet
  facet normal 0.746435 0.0497623 -0.663595
    outer loop
      vertex 49.2147 117.906 0
      vertex 50.7137 118.091 1.7
      vertex 49.2155 117.894 0
    endloop
  endfacet
  facet normal 0.493594 -0.562054 -0.663671
    outer loop
      vertex 50.3973 120.761 0
      vertex 51.1686 119.431 1.7
      vertex 50.1001 120.5 0
    endloop
  endfacet
  facet normal 0.562279 -0.493367 -0.66365
    outer loop
      vertex 50.1001 120.5 0
      vertex 51.1686 119.431 1.7
      vertex 49.8395 120.203 0
    endloop
  endfacet
  facet normal 0.414853 -0.622658 -0.663471
    outer loop
      vertex 50.7444 120.994 0
      vertex 51.5 119.686 1.7
      vertex 50.4157 120.775 0
    endloop
  endfacet
  facet normal 0.417342 -0.620663 -0.66378
    outer loop
      vertex 51.326 119.569 1.7
      vertex 50.4157 120.775 0
      vertex 51.5 119.686 1.7
    endloop
  endfacet
  facet normal 0.440395 -0.603971 -0.664283
    outer loop
      vertex 50.4157 120.775 0
      vertex 51.326 119.569 1.7
      vertex 50.4061 120.768 0
    endloop
  endfacet
  facet normal -0.997863 -0.0653439 0
    outer loop
      vertex 34.15 100.4 1.7
      vertex 34.1094 101.02 5.4
      vertex 34.1094 101.02 1.7
    endloop
  endfacet
  facet normal -0.997863 -0.0653439 0
    outer loop
      vertex 34.1094 101.02 5.4
      vertex 34.15 100.4 1.7
      vertex 34.15 100.4 5.4
    endloop
  endfacet
  facet normal 0.0659849 -0.997821 0
    outer loop
      vertex 28.78 105.109 1.7
      vertex 29.4 105.15 5.4
      vertex 28.78 105.109 5.4
    endloop
  endfacet
  facet normal 0.0659849 -0.997821 0
    outer loop
      vertex 29.4 105.15 5.4
      vertex 28.78 105.109 1.7
      vertex 29.4 105.15 1.7
    endloop
  endfacet
  facet normal -0.0653439 0.997863 0
    outer loop
      vertex 30.02 95.6906 1.7
      vertex 29.4 95.65 5.4
      vertex 30.02 95.6906 5.4
    endloop
  endfacet
  facet normal -0.0653439 0.997863 0
    outer loop
      vertex 29.4 95.65 5.4
      vertex 30.02 95.6906 1.7
      vertex 29.4 95.65 1.7
    endloop
  endfacet
  facet normal -0.658687 -0.752417 0
    outer loop
      vertex 32.2916 104.168 1.7
      vertex 32.7588 103.759 5.4
      vertex 32.2916 104.168 5.4
    endloop
  endfacet
  facet normal -0.658687 -0.752417 -0
    outer loop
      vertex 32.7588 103.759 5.4
      vertex 32.2916 104.168 1.7
      vertex 32.7588 103.759 1.7
    endloop
  endfacet
  facet normal 0.751798 -0.659393 0
    outer loop
      vertex 25.6316 103.292 5.4
      vertex 26.0412 103.759 1.7
      vertex 26.0412 103.759 5.4
    endloop
  endfacet
  facet normal 0.751798 -0.659393 0
    outer loop
      vertex 26.0412 103.759 1.7
      vertex 25.6316 103.292 5.4
      vertex 25.6316 103.292 1.7
    endloop
  endfacet
  facet normal 0.441213 -0.897402 0
    outer loop
      vertex 27.025 104.514 1.7
      vertex 27.5823 104.788 5.4
      vertex 27.025 104.514 5.4
    endloop
  endfacet
  facet normal 0.441213 -0.897402 0
    outer loop
      vertex 27.5823 104.788 5.4
      vertex 27.025 104.514 1.7
      vertex 27.5823 104.788 1.7
    endloop
  endfacet
  facet normal -0.831456 0.555591 0
    outer loop
      vertex 33.1684 97.5084 1.7
      vertex 33.5136 98.025 5.4
      vertex 33.5136 98.025 1.7
    endloop
  endfacet
  facet normal -0.831456 0.555591 0
    outer loop
      vertex 33.5136 98.025 5.4
      vertex 33.1684 97.5084 1.7
      vertex 33.1684 97.5084 5.4
    endloop
  endfacet
  facet normal -0.896797 -0.442442 0
    outer loop
      vertex 33.7884 102.218 1.7
      vertex 33.5136 102.775 5.4
      vertex 33.5136 102.775 1.7
    endloop
  endfacet
  facet normal -0.896797 -0.442442 0
    outer loop
      vertex 33.5136 102.775 5.4
      vertex 33.7884 102.218 1.7
      vertex 33.7884 102.218 5.4
    endloop
  endfacet
  facet normal -0.321871 -0.946784 0
    outer loop
      vertex 30.6294 104.988 1.7
      vertex 31.2177 104.788 5.4
      vertex 30.6294 104.988 5.4
    endloop
  endfacet
  facet normal -0.321871 -0.946784 -0
    outer loop
      vertex 31.2177 104.788 5.4
      vertex 30.6294 104.988 1.7
      vertex 31.2177 104.788 1.7
    endloop
  endfacet
  facet normal -0.55648 -0.830861 0
    outer loop
      vertex 31.775 104.514 1.7
      vertex 32.2916 104.168 5.4
      vertex 31.775 104.514 5.4
    endloop
  endfacet
  facet normal -0.55648 -0.830861 -0
    outer loop
      vertex 32.2916 104.168 5.4
      vertex 31.775 104.514 1.7
      vertex 32.2916 104.168 1.7
    endloop
  endfacet
  facet normal 0.947047 -0.321096 0
    outer loop
      vertex 24.8119 101.629 5.4
      vertex 25.0116 102.218 1.7
      vertex 25.0116 102.218 5.4
    endloop
  endfacet
  facet normal 0.947047 -0.321096 0
    outer loop
      vertex 25.0116 102.218 1.7
      vertex 24.8119 101.629 5.4
      vertex 24.8119 101.629 1.7
    endloop
  endfacet
  facet normal 0.831654 -0.555294 0
    outer loop
      vertex 25.2864 102.775 5.4
      vertex 25.6316 103.292 1.7
      vertex 25.6316 103.292 5.4
    endloop
  endfacet
  facet normal 0.831654 -0.555294 0
    outer loop
      vertex 25.6316 103.292 1.7
      vertex 25.2864 102.775 5.4
      vertex 25.2864 102.775 1.7
    endloop
  endfacet
  facet normal 0.321871 -0.946784 0
    outer loop
      vertex 27.5823 104.788 1.7
      vertex 28.1706 104.988 5.4
      vertex 27.5823 104.788 5.4
    endloop
  endfacet
  facet normal 0.321871 -0.946784 0
    outer loop
      vertex 28.1706 104.988 5.4
      vertex 27.5823 104.788 1.7
      vertex 28.1706 104.988 1.7
    endloop
  endfacet
  facet normal -0.98076 0.195219 0
    outer loop
      vertex 33.9881 99.1706 1.7
      vertex 34.1094 99.78 5.4
      vertex 34.1094 99.78 1.7
    endloop
  endfacet
  facet normal -0.98076 0.195219 0
    outer loop
      vertex 34.1094 99.78 5.4
      vertex 33.9881 99.1706 1.7
      vertex 33.9881 99.1706 5.4
    endloop
  endfacet
  facet normal -0.44225 0.896892 0
    outer loop
      vertex 31.775 96.2864 1.7
      vertex 31.2177 96.0116 5.4
      vertex 31.775 96.2864 5.4
    endloop
  endfacet
  facet normal -0.44225 0.896892 0
    outer loop
      vertex 31.2177 96.0116 5.4
      vertex 31.775 96.2864 1.7
      vertex 31.2177 96.0116 1.7
    endloop
  endfacet
  facet normal -0.947047 -0.321096 0
    outer loop
      vertex 33.9881 101.629 1.7
      vertex 33.7884 102.218 5.4
      vertex 33.7884 102.218 1.7
    endloop
  endfacet
  facet normal -0.947047 -0.321096 0
    outer loop
      vertex 33.7884 102.218 5.4
      vertex 33.9881 101.629 1.7
      vertex 33.9881 101.629 5.4
    endloop
  endfacet
  facet normal -0.980735 -0.195342 0
    outer loop
      vertex 34.1094 101.02 1.7
      vertex 33.9881 101.629 5.4
      vertex 33.9881 101.629 1.7
    endloop
  endfacet
  facet normal -0.980735 -0.195342 0
    outer loop
      vertex 33.9881 101.629 5.4
      vertex 34.1094 101.02 1.7
      vertex 34.1094 101.02 5.4
    endloop
  endfacet
  facet normal -0.751798 -0.659393 0
    outer loop
      vertex 33.1684 103.292 1.7
      vertex 32.7588 103.759 5.4
      vertex 32.7588 103.759 1.7
    endloop
  endfacet
  facet normal -0.751798 -0.659393 0
    outer loop
      vertex 32.7588 103.759 5.4
      vertex 33.1684 103.292 1.7
      vertex 33.1684 103.292 5.4
    endloop
  endfacet
  facet normal -0.831654 -0.555294 0
    outer loop
      vertex 33.5136 102.775 1.7
      vertex 33.1684 103.292 5.4
      vertex 33.1684 103.292 1.7
    endloop
  endfacet
  facet normal -0.831654 -0.555294 0
    outer loop
      vertex 33.1684 103.292 5.4
      vertex 33.5136 102.775 1.7
      vertex 33.5136 102.775 5.4
    endloop
  endfacet
  facet normal -0.194754 -0.980852 0
    outer loop
      vertex 30.02 105.109 1.7
      vertex 30.6294 104.988 5.4
      vertex 30.02 105.109 5.4
    endloop
  endfacet
  facet normal -0.194754 -0.980852 -0
    outer loop
      vertex 30.6294 104.988 5.4
      vertex 30.02 105.109 1.7
      vertex 30.6294 104.988 1.7
    endloop
  endfacet
  facet normal -0.0659849 -0.997821 0
    outer loop
      vertex 29.4 105.15 1.7
      vertex 30.02 105.109 5.4
      vertex 29.4 105.15 5.4
    endloop
  endfacet
  facet normal -0.0659849 -0.997821 -0
    outer loop
      vertex 30.02 105.109 5.4
      vertex 29.4 105.15 1.7
      vertex 30.02 105.109 1.7
    endloop
  endfacet
  facet normal -0.441213 -0.897402 0
    outer loop
      vertex 31.2177 104.788 1.7
      vertex 31.775 104.514 5.4
      vertex 31.2177 104.788 5.4
    endloop
  endfacet
  facet normal -0.441213 -0.897402 -0
    outer loop
      vertex 31.775 104.514 5.4
      vertex 31.2177 104.788 1.7
      vertex 31.775 104.514 1.7
    endloop
  endfacet
  facet normal 0.896797 -0.442442 0
    outer loop
      vertex 25.0116 102.218 5.4
      vertex 25.2864 102.775 1.7
      vertex 25.2864 102.775 5.4
    endloop
  endfacet
  facet normal 0.896797 -0.442442 0
    outer loop
      vertex 25.2864 102.775 1.7
      vertex 25.0116 102.218 5.4
      vertex 25.0116 102.218 1.7
    endloop
  endfacet
  facet normal 0.980735 -0.195342 0
    outer loop
      vertex 24.6906 101.02 5.4
      vertex 24.8119 101.629 1.7
      vertex 24.8119 101.629 5.4
    endloop
  endfacet
  facet normal 0.980735 -0.195342 0
    outer loop
      vertex 24.8119 101.629 1.7
      vertex 24.6906 101.02 5.4
      vertex 24.6906 101.02 1.7
    endloop
  endfacet
  facet normal 0.997863 -0.0653439 0
    outer loop
      vertex 24.65 100.4 5.4
      vertex 24.6906 101.02 1.7
      vertex 24.6906 101.02 5.4
    endloop
  endfacet
  facet normal 0.997863 -0.0653439 0
    outer loop
      vertex 24.6906 101.02 1.7
      vertex 24.65 100.4 5.4
      vertex 24.65 100.4 1.7
    endloop
  endfacet
  facet normal 0.997863 0.0653439 0
    outer loop
      vertex 24.6906 99.78 5.4
      vertex 24.65 100.4 1.7
      vertex 24.65 100.4 5.4
    endloop
  endfacet
  facet normal 0.997863 0.0653439 0
    outer loop
      vertex 24.65 100.4 1.7
      vertex 24.6906 99.78 5.4
      vertex 24.6906 99.78 1.7
    endloop
  endfacet
  facet normal 0.55648 -0.830861 0
    outer loop
      vertex 26.5084 104.168 1.7
      vertex 27.025 104.514 5.4
      vertex 26.5084 104.168 5.4
    endloop
  endfacet
  facet normal 0.55648 -0.830861 0
    outer loop
      vertex 27.025 104.514 5.4
      vertex 26.5084 104.168 1.7
      vertex 27.025 104.514 1.7
    endloop
  endfacet
  facet normal 0.658687 -0.752417 0
    outer loop
      vertex 26.0412 103.759 1.7
      vertex 26.5084 104.168 5.4
      vertex 26.0412 103.759 5.4
    endloop
  endfacet
  facet normal 0.658687 -0.752417 0
    outer loop
      vertex 26.5084 104.168 5.4
      vertex 26.0412 103.759 1.7
      vertex 26.5084 104.168 1.7
    endloop
  endfacet
  facet normal 0.194754 -0.980852 0
    outer loop
      vertex 28.1706 104.988 1.7
      vertex 28.78 105.109 5.4
      vertex 28.1706 104.988 5.4
    endloop
  endfacet
  facet normal 0.194754 -0.980852 0
    outer loop
      vertex 28.78 105.109 5.4
      vertex 28.1706 104.988 1.7
      vertex 28.78 105.109 1.7
    endloop
  endfacet
  facet normal -0.997863 0.0653439 0
    outer loop
      vertex 34.1094 99.78 1.7
      vertex 34.15 100.4 5.4
      vertex 34.15 100.4 1.7
    endloop
  endfacet
  facet normal -0.997863 0.0653439 0
    outer loop
      vertex 34.15 100.4 5.4
      vertex 34.1094 99.78 1.7
      vertex 34.1094 99.78 5.4
    endloop
  endfacet
  facet normal -0.751938 0.659234 0
    outer loop
      vertex 32.7588 97.0412 1.7
      vertex 33.1684 97.5084 5.4
      vertex 33.1684 97.5084 1.7
    endloop
  endfacet
  facet normal -0.751938 0.659234 0
    outer loop
      vertex 33.1684 97.5084 5.4
      vertex 32.7588 97.0412 1.7
      vertex 32.7588 97.0412 5.4
    endloop
  endfacet
  facet normal 0.555591 0.831456 -0
    outer loop
      vertex 27.025 96.2864 1.7
      vertex 26.5084 96.6316 5.4
      vertex 27.025 96.2864 5.4
    endloop
  endfacet
  facet normal 0.555591 0.831456 0
    outer loop
      vertex 26.5084 96.6316 5.4
      vertex 27.025 96.2864 1.7
      vertex 26.5084 96.6316 1.7
    endloop
  endfacet
  facet normal 0.831456 0.555591 0
    outer loop
      vertex 25.6316 97.5084 5.4
      vertex 25.2864 98.025 1.7
      vertex 25.2864 98.025 5.4
    endloop
  endfacet
  facet normal 0.831456 0.555591 0
    outer loop
      vertex 25.2864 98.025 1.7
      vertex 25.6316 97.5084 5.4
      vertex 25.6316 97.5084 1.7
    endloop
  endfacet
  facet normal 0.751938 0.659234 0
    outer loop
      vertex 26.0412 97.0412 5.4
      vertex 25.6316 97.5084 1.7
      vertex 25.6316 97.5084 5.4
    endloop
  endfacet
  facet normal 0.751938 0.659234 0
    outer loop
      vertex 25.6316 97.5084 1.7
      vertex 26.0412 97.0412 5.4
      vertex 26.0412 97.0412 1.7
    endloop
  endfacet
  facet normal -0.896892 0.44225 0
    outer loop
      vertex 33.5136 98.025 1.7
      vertex 33.7884 98.5823 5.4
      vertex 33.7884 98.5823 1.7
    endloop
  endfacet
  facet normal -0.896892 0.44225 0
    outer loop
      vertex 33.7884 98.5823 5.4
      vertex 33.5136 98.025 1.7
      vertex 33.5136 98.025 5.4
    endloop
  endfacet
  facet normal -0.946931 0.321438 0
    outer loop
      vertex 33.7884 98.5823 1.7
      vertex 33.9881 99.1706 5.4
      vertex 33.9881 99.1706 1.7
    endloop
  endfacet
  facet normal -0.946931 0.321438 0
    outer loop
      vertex 33.9881 99.1706 5.4
      vertex 33.7884 98.5823 1.7
      vertex 33.7884 98.5823 5.4
    endloop
  endfacet
  facet normal -0.555591 0.831456 0
    outer loop
      vertex 32.2916 96.6316 1.7
      vertex 31.775 96.2864 5.4
      vertex 32.2916 96.6316 5.4
    endloop
  endfacet
  facet normal -0.555591 0.831456 0
    outer loop
      vertex 31.775 96.2864 5.4
      vertex 32.2916 96.6316 1.7
      vertex 31.775 96.2864 1.7
    endloop
  endfacet
  facet normal -0.659234 0.751938 0
    outer loop
      vertex 32.7588 97.0412 1.7
      vertex 32.2916 96.6316 5.4
      vertex 32.7588 97.0412 5.4
    endloop
  endfacet
  facet normal -0.659234 0.751938 0
    outer loop
      vertex 32.2916 96.6316 5.4
      vertex 32.7588 97.0412 1.7
      vertex 32.2916 96.6316 1.7
    endloop
  endfacet
  facet normal 0.195219 0.98076 -0
    outer loop
      vertex 28.78 95.6906 1.7
      vertex 28.1706 95.8119 5.4
      vertex 28.78 95.6906 5.4
    endloop
  endfacet
  facet normal 0.195219 0.98076 0
    outer loop
      vertex 28.1706 95.8119 5.4
      vertex 28.78 95.6906 1.7
      vertex 28.1706 95.8119 1.7
    endloop
  endfacet
  facet normal 0.659234 0.751938 -0
    outer loop
      vertex 26.5084 96.6316 1.7
      vertex 26.0412 97.0412 5.4
      vertex 26.5084 96.6316 5.4
    endloop
  endfacet
  facet normal 0.659234 0.751938 0
    outer loop
      vertex 26.0412 97.0412 5.4
      vertex 26.5084 96.6316 1.7
      vertex 26.0412 97.0412 1.7
    endloop
  endfacet
  facet normal 0.946931 0.321438 0
    outer loop
      vertex 25.0116 98.5823 5.4
      vertex 24.8119 99.1706 1.7
      vertex 24.8119 99.1706 5.4
    endloop
  endfacet
  facet normal 0.946931 0.321438 0
    outer loop
      vertex 24.8119 99.1706 1.7
      vertex 25.0116 98.5823 5.4
      vertex 25.0116 98.5823 1.7
    endloop
  endfacet
  facet normal 0.98076 0.195219 0
    outer loop
      vertex 24.8119 99.1706 5.4
      vertex 24.6906 99.78 1.7
      vertex 24.6906 99.78 5.4
    endloop
  endfacet
  facet normal 0.98076 0.195219 0
    outer loop
      vertex 24.6906 99.78 1.7
      vertex 24.8119 99.1706 5.4
      vertex 24.8119 99.1706 1.7
    endloop
  endfacet
  facet normal 0.896892 0.44225 0
    outer loop
      vertex 25.2864 98.025 5.4
      vertex 25.0116 98.5823 1.7
      vertex 25.0116 98.5823 5.4
    endloop
  endfacet
  facet normal 0.896892 0.44225 0
    outer loop
      vertex 25.0116 98.5823 1.7
      vertex 25.2864 98.025 5.4
      vertex 25.2864 98.025 1.7
    endloop
  endfacet
  facet normal -0.321438 0.946931 0
    outer loop
      vertex 31.2177 96.0116 1.7
      vertex 30.6294 95.8119 5.4
      vertex 31.2177 96.0116 5.4
    endloop
  endfacet
  facet normal -0.321438 0.946931 0
    outer loop
      vertex 30.6294 95.8119 5.4
      vertex 31.2177 96.0116 1.7
      vertex 30.6294 95.8119 1.7
    endloop
  endfacet
  facet normal -0.195219 0.98076 0
    outer loop
      vertex 30.6294 95.8119 1.7
      vertex 30.02 95.6906 5.4
      vertex 30.6294 95.8119 5.4
    endloop
  endfacet
  facet normal -0.195219 0.98076 0
    outer loop
      vertex 30.02 95.6906 5.4
      vertex 30.6294 95.8119 1.7
      vertex 30.02 95.6906 1.7
    endloop
  endfacet
  facet normal 0.0653439 0.997863 -0
    outer loop
      vertex 29.4 95.65 1.7
      vertex 28.78 95.6906 5.4
      vertex 29.4 95.65 5.4
    endloop
  endfacet
  facet normal 0.0653439 0.997863 0
    outer loop
      vertex 28.78 95.6906 5.4
      vertex 29.4 95.65 1.7
      vertex 28.78 95.6906 1.7
    endloop
  endfacet
  facet normal 0.44225 0.896892 -0
    outer loop
      vertex 27.5823 96.0116 1.7
      vertex 27.025 96.2864 5.4
      vertex 27.5823 96.0116 5.4
    endloop
  endfacet
  facet normal 0.44225 0.896892 0
    outer loop
      vertex 27.025 96.2864 5.4
      vertex 27.5823 96.0116 1.7
      vertex 27.025 96.2864 1.7
    endloop
  endfacet
  facet normal 0.321438 0.946931 -0
    outer loop
      vertex 28.1706 95.8119 1.7
      vertex 27.5823 96.0116 5.4
      vertex 28.1706 95.8119 5.4
    endloop
  endfacet
  facet normal 0.321438 0.946931 0
    outer loop
      vertex 27.5823 96.0116 5.4
      vertex 28.1706 95.8119 1.7
      vertex 27.5823 96.0116 1.7
    endloop
  endfacet
  facet normal -0.706348 -0.0463021 -0.706348
    outer loop
      vertex 35.7971 101.207 0
      vertex 35.85 100.4 0
      vertex 34.15 100.4 1.7
    endloop
  endfacet
  facet normal -0.313092 0.634846 -0.70636
    outer loop
      vertex 32.625 94.8141 0
      vertex 31.8993 94.4562 0
      vertex 31.775 96.2864 1.7
    endloop
  endfacet
  facet normal -0.466241 -0.532586 -0.706379
    outer loop
      vertex 32.2916 104.168 1.7
      vertex 33.3525 105.494 0
      vertex 32.7588 103.759 1.7
    endloop
  endfacet
  facet normal -0.469049 -0.530229 -0.706293
    outer loop
      vertex 33.3525 105.494 0
      vertex 32.2916 104.168 1.7
      vertex 33.3265 105.517 0
    endloop
  endfacet
  facet normal -0.634846 0.313092 -0.70636
    outer loop
      vertex 35.3438 97.9007 0
      vertex 34.9859 97.175 0
      vertex 33.5136 98.025 1.7
    endloop
  endfacet
  facet normal 0.6349 -0.31299 -0.706356
    outer loop
      vertex 23.8141 103.625 0
      vertex 25.2864 102.775 1.7
      vertex 23.4562 102.899 0
    endloop
  endfacet
  facet normal 0.393569 -0.58843 -0.706296
    outer loop
      vertex 26.175 105.986 0
      vertex 27.025 104.514 1.7
      vertex 25.5022 105.536 0
    endloop
  endfacet
  facet normal 0.706349 0.0462793 -0.706349
    outer loop
      vertex 24.65 100.4 1.7
      vertex 23.0029 99.5926 0
      vertex 22.95 100.4 0
    endloop
  endfacet
  facet normal 0.225677 -0.670875 -0.706397
    outer loop
      vertex 28.1706 104.988 1.7
      vertex 27.6979 106.619 0
      vertex 27.7306 106.63 0
    endloop
  endfacet
  facet normal 0.227841 -0.670196 -0.706347
    outer loop
      vertex 27.6979 106.619 0
      vertex 28.1706 104.988 1.7
      vertex 27.5823 104.788 1.7
    endloop
  endfacet
  facet normal -0.6349 -0.31299 -0.706356
    outer loop
      vertex 34.9859 103.625 0
      vertex 35.3438 102.899 0
      vertex 33.5136 102.775 1.7
    endloop
  endfacet
  facet normal -0.533192 0.465517 -0.7064
    outer loop
      vertex 34.4944 96.4475 0
      vertex 33.1684 97.5084 1.7
      vertex 34.5171 96.4735 0
    endloop
  endfacet
  facet normal -0.532256 0.466635 -0.706368
    outer loop
      vertex 33.1684 97.5084 1.7
      vertex 34.4944 96.4475 0
      vertex 32.7588 97.0412 1.7
    endloop
  endfacet
  facet normal -0.58854 0.393293 -0.706357
    outer loop
      vertex 34.9859 97.175 0
      vertex 34.5363 96.5022 0
      vertex 33.5136 98.025 1.7
    endloop
  endfacet
  facet normal -0.706349 0.0462793 -0.706349
    outer loop
      vertex 35.85 100.4 0
      vertex 35.7971 99.5926 0
      vertex 34.15 100.4 1.7
    endloop
  endfacet
  facet normal 0.588718 -0.393086 -0.706325
    outer loop
      vertex 24.2637 104.298 0
      vertex 25.6316 103.292 1.7
      vertex 25.2864 102.775 1.7
    endloop
  endfacet
  facet normal 0.590302 -0.390821 -0.706259
    outer loop
      vertex 25.6316 103.292 1.7
      vertex 24.2637 104.298 0
      vertex 24.2829 104.327 0
    endloop
  endfacet
  facet normal 0.694253 0.138116 -0.706355
    outer loop
      vertex 24.8119 99.1706 1.7
      vertex 23.1698 98.7306 0
      vertex 23.0119 99.5243 0
    endloop
  endfacet
  facet normal 0.588592 -0.393211 -0.70636
    outer loop
      vertex 24.2637 104.298 0
      vertex 25.2864 102.775 1.7
      vertex 23.8141 103.625 0
    endloop
  endfacet
  facet normal 0.706356 0.0462549 -0.706344
    outer loop
      vertex 24.6906 99.78 1.7
      vertex 23.0029 99.5926 0
      vertex 24.65 100.4 1.7
    endloop
  endfacet
  facet normal 0.706282 0.0470855 -0.706363
    outer loop
      vertex 23.0029 99.5926 0
      vertex 24.6906 99.78 1.7
      vertex 23.0052 99.5581 0
    endloop
  endfacet
  facet normal -0.138203 -0.694253 -0.706337
    outer loop
      vertex 31.0694 106.63 0
      vertex 30.6294 104.988 1.7
      vertex 30.2757 106.788 0
    endloop
  endfacet
  facet normal -0.312252 -0.635103 -0.706501
    outer loop
      vertex 31.2177 104.788 1.7
      vertex 31.8993 106.344 0
      vertex 31.775 104.514 1.7
    endloop
  endfacet
  facet normal -0.308212 -0.636972 -0.706592
    outer loop
      vertex 31.8993 106.344 0
      vertex 31.2177 104.788 1.7
      vertex 31.8683 106.359 0
    endloop
  endfacet
  facet normal -0.137848 -0.694251 -0.706409
    outer loop
      vertex 30.02 105.109 1.7
      vertex 30.2757 106.788 0
      vertex 30.6294 104.988 1.7
    endloop
  endfacet
  facet normal -0.143569 -0.693235 -0.706267
    outer loop
      vertex 30.2757 106.788 0
      vertex 30.02 105.109 1.7
      vertex 30.2419 106.795 0
    endloop
  endfacet
  facet normal 0.0463666 -0.706346 -0.706346
    outer loop
      vertex 29.4 106.85 0
      vertex 29.4 105.15 1.7
      vertex 28.5926 106.797 0
    endloop
  endfacet
  facet normal -0.694475 -0.136852 -0.706382
    outer loop
      vertex 34.1094 101.02 1.7
      vertex 35.7881 101.276 0
      vertex 35.7948 101.242 0
    endloop
  endfacet
  facet normal -0.694226 -0.138275 -0.70635
    outer loop
      vertex 35.7881 101.276 0
      vertex 34.1094 101.02 1.7
      vertex 33.9881 101.629 1.7
    endloop
  endfacet
  facet normal -0.588718 -0.393086 -0.706325
    outer loop
      vertex 33.1684 103.292 1.7
      vertex 34.5363 104.298 0
      vertex 33.5136 102.775 1.7
    endloop
  endfacet
  facet normal -0.590302 -0.390821 -0.706259
    outer loop
      vertex 34.5363 104.298 0
      vertex 33.1684 103.292 1.7
      vertex 34.5171 104.327 0
    endloop
  endfacet
  facet normal -0.46652 -0.532428 -0.706315
    outer loop
      vertex 33.3525 105.494 0
      vertex 33.9608 104.961 0
      vertex 32.7588 103.759 1.7
    endloop
  endfacet
  facet normal 0.138116 0.694253 -0.706355
    outer loop
      vertex 28.1706 95.8119 1.7
      vertex 28.5243 94.0119 0
      vertex 27.7306 94.1698 0
    endloop
  endfacet
  facet normal -0.311612 0.635524 -0.706405
    outer loop
      vertex 31.2177 96.0116 1.7
      vertex 31.8993 94.4562 0
      vertex 31.8683 94.441 0
    endloop
  endfacet
  facet normal -0.313043 0.634858 -0.70637
    outer loop
      vertex 31.8993 94.4562 0
      vertex 31.2177 96.0116 1.7
      vertex 31.775 96.2864 1.7
    endloop
  endfacet
  facet normal -0.393293 0.58854 -0.706357
    outer loop
      vertex 33.2978 95.2637 0
      vertex 32.625 94.8141 0
      vertex 31.775 96.2864 1.7
    endloop
  endfacet
  facet normal 0.393891 -0.588104 -0.706388
    outer loop
      vertex 26.5084 104.168 1.7
      vertex 25.5022 105.536 0
      vertex 27.025 104.514 1.7
    endloop
  endfacet
  facet normal 0.390779 -0.590282 -0.706299
    outer loop
      vertex 25.5022 105.536 0
      vertex 26.5084 104.168 1.7
      vertex 25.4735 105.517 0
    endloop
  endfacet
  facet normal 0.466241 -0.532586 -0.706379
    outer loop
      vertex 25.4475 105.494 0
      vertex 26.5084 104.168 1.7
      vertex 26.0412 103.759 1.7
    endloop
  endfacet
  facet normal 0.469049 -0.530229 -0.706293
    outer loop
      vertex 26.5084 104.168 1.7
      vertex 25.4475 105.494 0
      vertex 25.4735 105.517 0
    endloop
  endfacet
  facet normal 0.532065 -0.46687 -0.706357
    outer loop
      vertex 24.8164 104.935 0
      vertex 25.6316 103.292 1.7
      vertex 24.2829 104.327 0
    endloop
  endfacet
  facet normal 0.588336 0.393591 -0.706362
    outer loop
      vertex 24.2637 96.5022 0
      vertex 25.6316 97.5084 1.7
      vertex 24.2829 96.4735 0
    endloop
  endfacet
  facet normal 0.588553 0.39328 -0.706354
    outer loop
      vertex 25.6316 97.5084 1.7
      vertex 24.2637 96.5022 0
      vertex 25.2864 98.025 1.7
    endloop
  endfacet
  facet normal 0.58854 0.393293 -0.706357
    outer loop
      vertex 25.2864 98.025 1.7
      vertex 24.2637 96.5022 0
      vertex 23.8141 97.175 0
    endloop
  endfacet
  facet normal 0.532222 0.4667 -0.70635
    outer loop
      vertex 25.6316 97.5084 1.7
      vertex 24.8164 95.8651 0
      vertex 24.2829 96.4735 0
    endloop
  endfacet
  facet normal 0.694253 0.13819 -0.70634
    outer loop
      vertex 23.0119 99.5243 0
      vertex 24.6906 99.78 1.7
      vertex 24.8119 99.1706 1.7
    endloop
  endfacet
  facet normal 0.69435 0.137637 -0.706353
    outer loop
      vertex 24.6906 99.78 1.7
      vertex 23.0119 99.5243 0
      vertex 23.0052 99.5581 0
    endloop
  endfacet
  facet normal 0.706348 -0.0463021 -0.706348
    outer loop
      vertex 23.0029 101.207 0
      vertex 24.65 100.4 1.7
      vertex 22.95 100.4 0
    endloop
  endfacet
  facet normal 0.227439 -0.670246 -0.706429
    outer loop
      vertex 27.6979 106.619 0
      vertex 27.5823 104.788 1.7
      vertex 26.9317 106.359 0
    endloop
  endfacet
  facet normal 0.0467039 -0.706254 -0.706417
    outer loop
      vertex 28.78 105.109 1.7
      vertex 28.5926 106.797 0
      vertex 29.4 105.15 1.7
    endloop
  endfacet
  facet normal 0.040971 -0.706749 -0.706277
    outer loop
      vertex 28.5926 106.797 0
      vertex 28.78 105.109 1.7
      vertex 28.5581 106.795 0
    endloop
  endfacet
  facet normal -0.040971 -0.706749 -0.706277
    outer loop
      vertex 30.02 105.109 1.7
      vertex 30.2074 106.797 0
      vertex 30.2419 106.795 0
    endloop
  endfacet
  facet normal -0.0467039 -0.706254 -0.706417
    outer loop
      vertex 30.2074 106.797 0
      vertex 30.02 105.109 1.7
      vertex 29.4 105.15 1.7
    endloop
  endfacet
  facet normal -0.0463666 -0.706346 -0.706346
    outer loop
      vertex 29.4 106.85 0
      vertex 30.2074 106.797 0
      vertex 29.4 105.15 1.7
    endloop
  endfacet
  facet normal -0.588592 -0.393211 -0.70636
    outer loop
      vertex 34.5363 104.298 0
      vertex 34.9859 103.625 0
      vertex 33.5136 102.775 1.7
    endloop
  endfacet
  facet normal -0.67031 -0.227608 -0.706314
    outer loop
      vertex 35.359 102.868 0
      vertex 35.6191 102.102 0
      vertex 33.7884 102.218 1.7
    endloop
  endfacet
  facet normal -0.635573 -0.311636 -0.70635
    outer loop
      vertex 33.7884 102.218 1.7
      vertex 35.3438 102.899 0
      vertex 35.359 102.868 0
    endloop
  endfacet
  facet normal -0.634844 -0.313205 -0.706311
    outer loop
      vertex 35.3438 102.899 0
      vertex 33.7884 102.218 1.7
      vertex 33.5136 102.775 1.7
    endloop
  endfacet
  facet normal -0.706361 -0.0462553 -0.706339
    outer loop
      vertex 34.1094 101.02 1.7
      vertex 35.7971 101.207 0
      vertex 34.15 100.4 1.7
    endloop
  endfacet
  facet normal -0.706347 -0.0464171 -0.706342
    outer loop
      vertex 35.7971 101.207 0
      vertex 34.1094 101.02 1.7
      vertex 35.7948 101.242 0
    endloop
  endfacet
  facet normal -0.313187 -0.634859 -0.706306
    outer loop
      vertex 31.8993 106.344 0
      vertex 32.625 105.986 0
      vertex 31.775 104.514 1.7
    endloop
  endfacet
  facet normal -0.393569 -0.58843 -0.706296
    outer loop
      vertex 32.625 105.986 0
      vertex 33.2978 105.536 0
      vertex 31.775 104.514 1.7
    endloop
  endfacet
  facet normal -0.227439 -0.670246 -0.706429
    outer loop
      vertex 31.8683 106.359 0
      vertex 31.2177 104.788 1.7
      vertex 31.1021 106.619 0
    endloop
  endfacet
  facet normal -0.227841 -0.670196 -0.706347
    outer loop
      vertex 30.6294 104.988 1.7
      vertex 31.1021 106.619 0
      vertex 31.2177 104.788 1.7
    endloop
  endfacet
  facet normal -0.225677 -0.670875 -0.706397
    outer loop
      vertex 31.1021 106.619 0
      vertex 30.6294 104.988 1.7
      vertex 31.0694 106.63 0
    endloop
  endfacet
  facet normal -0.524386 -0.476142 -0.70591
    outer loop
      vertex 33.1684 103.292 1.7
      vertex 34.4944 104.352 0
      vertex 34.5171 104.327 0
    endloop
  endfacet
  facet normal -0.532252 -0.466832 -0.70624
    outer loop
      vertex 34.4944 104.352 0
      vertex 33.1684 103.292 1.7
      vertex 32.7588 103.759 1.7
    endloop
  endfacet
  facet normal -0.532434 -0.466513 -0.706314
    outer loop
      vertex 33.9608 104.961 0
      vertex 34.4944 104.352 0
      vertex 32.7588 103.759 1.7
    endloop
  endfacet
  facet normal 0.313092 0.634846 -0.70636
    outer loop
      vertex 27.025 96.2864 1.7
      vertex 26.9007 94.4562 0
      vertex 26.175 94.8141 0
    endloop
  endfacet
  facet normal 0.137637 0.69435 -0.706353
    outer loop
      vertex 28.5243 94.0119 0
      vertex 28.78 95.6906 1.7
      vertex 28.5581 94.0052 0
    endloop
  endfacet
  facet normal 0.13819 0.694253 -0.70634
    outer loop
      vertex 28.78 95.6906 1.7
      vertex 28.5243 94.0119 0
      vertex 28.1706 95.8119 1.7
    endloop
  endfacet
  facet normal -0.138116 0.694253 -0.706355
    outer loop
      vertex 30.6294 95.8119 1.7
      vertex 31.0694 94.1698 0
      vertex 30.2757 94.0119 0
    endloop
  endfacet
  facet normal -0.467715 0.531308 -0.706368
    outer loop
      vertex 33.9349 95.8164 0
      vertex 32.7588 97.0412 1.7
      vertex 33.9608 95.8392 0
    endloop
  endfacet
  facet normal -0.466656 0.53228 -0.706336
    outer loop
      vertex 32.7588 97.0412 1.7
      vertex 33.9349 95.8164 0
      vertex 32.2916 96.6316 1.7
    endloop
  endfacet
  facet normal -0.670293 0.227531 -0.706354
    outer loop
      vertex 35.6191 98.6979 0
      vertex 33.9881 99.1706 1.7
      vertex 35.6302 98.7306 0
    endloop
  endfacet
  facet normal -0.670293 0.227533 -0.706354
    outer loop
      vertex 33.9881 99.1706 1.7
      vertex 35.6191 98.6979 0
      vertex 33.7884 98.5823 1.7
    endloop
  endfacet
  facet normal -0.69435 0.137637 -0.706353
    outer loop
      vertex 35.7881 99.5243 0
      vertex 34.1094 99.78 1.7
      vertex 35.7948 99.5581 0
    endloop
  endfacet
  facet normal -0.694253 0.13819 -0.70634
    outer loop
      vertex 34.1094 99.78 1.7
      vertex 35.7881 99.5243 0
      vertex 33.9881 99.1706 1.7
    endloop
  endfacet
  facet normal 0.312252 -0.635103 -0.706501
    outer loop
      vertex 26.9007 106.344 0
      vertex 27.5823 104.788 1.7
      vertex 27.025 104.514 1.7
    endloop
  endfacet
  facet normal 0.308212 -0.636972 -0.706592
    outer loop
      vertex 27.5823 104.788 1.7
      vertex 26.9007 106.344 0
      vertex 26.9317 106.359 0
    endloop
  endfacet
  facet normal 0.313187 -0.634859 -0.706306
    outer loop
      vertex 26.9007 106.344 0
      vertex 27.025 104.514 1.7
      vertex 26.175 105.986 0
    endloop
  endfacet
  facet normal 0.46652 -0.532428 -0.706315
    outer loop
      vertex 25.4475 105.494 0
      vertex 26.0412 103.759 1.7
      vertex 24.8392 104.961 0
    endloop
  endfacet
  facet normal 0.532189 -0.466776 -0.706325
    outer loop
      vertex 24.8164 104.935 0
      vertex 26.0412 103.759 1.7
      vertex 25.6316 103.292 1.7
    endloop
  endfacet
  facet normal 0.532233 -0.466727 -0.706324
    outer loop
      vertex 26.0412 103.759 1.7
      vertex 24.8164 104.935 0
      vertex 24.8392 104.961 0
    endloop
  endfacet
  facet normal 0.4667 0.532222 -0.70635
    outer loop
      vertex 26.5084 96.6316 1.7
      vertex 25.4735 95.2829 0
      vertex 24.8651 95.8164 0
    endloop
  endfacet
  facet normal 0.670293 0.227533 -0.706354
    outer loop
      vertex 23.1809 98.6979 0
      vertex 24.8119 99.1706 1.7
      vertex 25.0116 98.5823 1.7
    endloop
  endfacet
  facet normal 0.670293 0.227531 -0.706354
    outer loop
      vertex 24.8119 99.1706 1.7
      vertex 23.1809 98.6979 0
      vertex 23.1698 98.7306 0
    endloop
  endfacet
  facet normal 0.694226 -0.138232 -0.706359
    outer loop
      vertex 23.1698 102.069 0
      vertex 24.8119 101.629 1.7
      vertex 23.0119 101.276 0
    endloop
  endfacet
  facet normal 0.634844 -0.313205 -0.706311
    outer loop
      vertex 25.0116 102.218 1.7
      vertex 23.4562 102.899 0
      vertex 25.2864 102.775 1.7
    endloop
  endfacet
  facet normal 0.635573 -0.311636 -0.70635
    outer loop
      vertex 23.4562 102.899 0
      vertex 25.0116 102.218 1.7
      vertex 23.441 102.868 0
    endloop
  endfacet
  facet normal 0.67031 -0.227608 -0.706314
    outer loop
      vertex 23.441 102.868 0
      vertex 25.0116 102.218 1.7
      vertex 23.1809 102.102 0
    endloop
  endfacet
  facet normal 0.143569 -0.693235 -0.706267
    outer loop
      vertex 28.78 105.109 1.7
      vertex 28.5243 106.788 0
      vertex 28.5581 106.795 0
    endloop
  endfacet
  facet normal 0.137848 -0.694251 -0.706409
    outer loop
      vertex 28.5243 106.788 0
      vertex 28.78 105.109 1.7
      vertex 28.1706 104.988 1.7
    endloop
  endfacet
  facet normal 0.138203 -0.694253 -0.706337
    outer loop
      vertex 28.5243 106.788 0
      vertex 28.1706 104.988 1.7
      vertex 27.7306 106.63 0
    endloop
  endfacet
  facet normal -0.694226 -0.138232 -0.706359
    outer loop
      vertex 35.6302 102.069 0
      vertex 35.7881 101.276 0
      vertex 33.9881 101.629 1.7
    endloop
  endfacet
  facet normal -0.390779 -0.590282 -0.706299
    outer loop
      vertex 32.2916 104.168 1.7
      vertex 33.2978 105.536 0
      vertex 33.3265 105.517 0
    endloop
  endfacet
  facet normal -0.393891 -0.588104 -0.706388
    outer loop
      vertex 33.2978 105.536 0
      vertex 32.2916 104.168 1.7
      vertex 31.775 104.514 1.7
    endloop
  endfacet
  facet normal 0.227542 0.670292 -0.706352
    outer loop
      vertex 27.5823 96.0116 1.7
      vertex 27.6979 94.1809 0
      vertex 26.9317 94.441 0
    endloop
  endfacet
  facet normal 0.227531 0.670293 -0.706354
    outer loop
      vertex 27.6979 94.1809 0
      vertex 28.1706 95.8119 1.7
      vertex 27.7306 94.1698 0
    endloop
  endfacet
  facet normal 0.227533 0.670293 -0.706354
    outer loop
      vertex 28.1706 95.8119 1.7
      vertex 27.6979 94.1809 0
      vertex 27.5823 96.0116 1.7
    endloop
  endfacet
  facet normal -0.0462793 0.706349 -0.706349
    outer loop
      vertex 29.4 95.65 1.7
      vertex 30.2074 94.0029 0
      vertex 29.4 93.95 0
    endloop
  endfacet
  facet normal 0.0462793 0.706349 -0.706349
    outer loop
      vertex 29.4 95.65 1.7
      vertex 29.4 93.95 0
      vertex 28.5926 94.0029 0
    endloop
  endfacet
  facet normal 0.0462549 0.706356 -0.706344
    outer loop
      vertex 28.5926 94.0029 0
      vertex 28.78 95.6906 1.7
      vertex 29.4 95.65 1.7
    endloop
  endfacet
  facet normal 0.0470855 0.706282 -0.706363
    outer loop
      vertex 28.78 95.6906 1.7
      vertex 28.5926 94.0029 0
      vertex 28.5581 94.0052 0
    endloop
  endfacet
  facet normal -0.227531 0.670293 -0.706354
    outer loop
      vertex 30.6294 95.8119 1.7
      vertex 31.1021 94.1809 0
      vertex 31.0694 94.1698 0
    endloop
  endfacet
  facet normal -0.227533 0.670293 -0.706354
    outer loop
      vertex 31.1021 94.1809 0
      vertex 30.6294 95.8119 1.7
      vertex 31.2177 96.0116 1.7
    endloop
  endfacet
  facet normal -0.227542 0.670292 -0.706352
    outer loop
      vertex 31.2177 96.0116 1.7
      vertex 31.8683 94.441 0
      vertex 31.1021 94.1809 0
    endloop
  endfacet
  facet normal -0.0470855 0.706282 -0.706363
    outer loop
      vertex 30.2074 94.0029 0
      vertex 30.02 95.6906 1.7
      vertex 30.2419 94.0052 0
    endloop
  endfacet
  facet normal -0.0462549 0.706356 -0.706344
    outer loop
      vertex 30.02 95.6906 1.7
      vertex 30.2074 94.0029 0
      vertex 29.4 95.65 1.7
    endloop
  endfacet
  facet normal -0.137637 0.69435 -0.706353
    outer loop
      vertex 30.02 95.6906 1.7
      vertex 30.2757 94.0119 0
      vertex 30.2419 94.0052 0
    endloop
  endfacet
  facet normal -0.13819 0.694253 -0.70634
    outer loop
      vertex 30.2757 94.0119 0
      vertex 30.02 95.6906 1.7
      vertex 30.6294 95.8119 1.7
    endloop
  endfacet
  facet normal -0.588336 0.393591 -0.706362
    outer loop
      vertex 33.1684 97.5084 1.7
      vertex 34.5363 96.5022 0
      vertex 34.5171 96.4735 0
    endloop
  endfacet
  facet normal -0.588553 0.39328 -0.706354
    outer loop
      vertex 34.5363 96.5022 0
      vertex 33.1684 97.5084 1.7
      vertex 33.5136 98.025 1.7
    endloop
  endfacet
  facet normal -0.393591 0.588336 -0.706362
    outer loop
      vertex 33.2978 95.2637 0
      vertex 32.2916 96.6316 1.7
      vertex 33.3265 95.2829 0
    endloop
  endfacet
  facet normal -0.39328 0.588553 -0.706354
    outer loop
      vertex 32.2916 96.6316 1.7
      vertex 33.2978 95.2637 0
      vertex 31.775 96.2864 1.7
    endloop
  endfacet
  facet normal -0.4667 0.532222 -0.70635
    outer loop
      vertex 33.9349 95.8164 0
      vertex 33.3265 95.2829 0
      vertex 32.2916 96.6316 1.7
    endloop
  endfacet
  facet normal -0.532158 0.466808 -0.706327
    outer loop
      vertex 34.4944 96.4475 0
      vertex 33.9608 95.8392 0
      vertex 32.7588 97.0412 1.7
    endloop
  endfacet
  facet normal -0.635524 0.311612 -0.706405
    outer loop
      vertex 35.3438 97.9007 0
      vertex 33.7884 98.5823 1.7
      vertex 35.359 97.9317 0
    endloop
  endfacet
  facet normal -0.634858 0.313043 -0.70637
    outer loop
      vertex 33.7884 98.5823 1.7
      vertex 35.3438 97.9007 0
      vertex 33.5136 98.025 1.7
    endloop
  endfacet
  facet normal -0.670292 0.227542 -0.706352
    outer loop
      vertex 35.6191 98.6979 0
      vertex 35.359 97.9317 0
      vertex 33.7884 98.5823 1.7
    endloop
  endfacet
  facet normal -0.694253 0.138116 -0.706355
    outer loop
      vertex 35.7881 99.5243 0
      vertex 35.6302 98.7306 0
      vertex 33.9881 99.1706 1.7
    endloop
  endfacet
  facet normal -0.706356 0.0462549 -0.706344
    outer loop
      vertex 35.7971 99.5926 0
      vertex 34.1094 99.78 1.7
      vertex 34.15 100.4 1.7
    endloop
  endfacet
  facet normal -0.706282 0.0470855 -0.706363
    outer loop
      vertex 34.1094 99.78 1.7
      vertex 35.7971 99.5926 0
      vertex 35.7948 99.5581 0
    endloop
  endfacet
  facet normal 0.466656 0.53228 -0.706336
    outer loop
      vertex 24.8651 95.8164 0
      vertex 26.0412 97.0412 1.7
      vertex 26.5084 96.6316 1.7
    endloop
  endfacet
  facet normal 0.467715 0.531308 -0.706368
    outer loop
      vertex 26.0412 97.0412 1.7
      vertex 24.8651 95.8164 0
      vertex 24.8392 95.8392 0
    endloop
  endfacet
  facet normal 0.531308 0.467715 -0.706368
    outer loop
      vertex 24.8164 95.8651 0
      vertex 26.0412 97.0412 1.7
      vertex 24.8392 95.8392 0
    endloop
  endfacet
  facet normal 0.53228 0.466656 -0.706336
    outer loop
      vertex 26.0412 97.0412 1.7
      vertex 24.8164 95.8651 0
      vertex 25.6316 97.5084 1.7
    endloop
  endfacet
  facet normal 0.634846 0.313092 -0.70636
    outer loop
      vertex 25.2864 98.025 1.7
      vertex 23.8141 97.175 0
      vertex 23.4562 97.9007 0
    endloop
  endfacet
  facet normal 0.670292 0.227542 -0.706352
    outer loop
      vertex 25.0116 98.5823 1.7
      vertex 23.441 97.9317 0
      vertex 23.1809 98.6979 0
    endloop
  endfacet
  facet normal 0.694226 -0.138275 -0.70635
    outer loop
      vertex 24.6906 101.02 1.7
      vertex 23.0119 101.276 0
      vertex 24.8119 101.629 1.7
    endloop
  endfacet
  facet normal 0.694475 -0.136852 -0.706382
    outer loop
      vertex 23.0119 101.276 0
      vertex 24.6906 101.02 1.7
      vertex 23.0052 101.242 0
    endloop
  endfacet
  facet normal 0.706347 -0.0464171 -0.706342
    outer loop
      vertex 24.6906 101.02 1.7
      vertex 23.0029 101.207 0
      vertex 23.0052 101.242 0
    endloop
  endfacet
  facet normal 0.706361 -0.0462553 -0.706339
    outer loop
      vertex 23.0029 101.207 0
      vertex 24.6906 101.02 1.7
      vertex 24.65 100.4 1.7
    endloop
  endfacet
  facet normal 0.670351 -0.227282 -0.70638
    outer loop
      vertex 24.8119 101.629 1.7
      vertex 23.1809 102.102 0
      vertex 25.0116 102.218 1.7
    endloop
  endfacet
  facet normal 0.670862 -0.225653 -0.706417
    outer loop
      vertex 23.1809 102.102 0
      vertex 24.8119 101.629 1.7
      vertex 23.1698 102.069 0
    endloop
  endfacet
  facet normal -0.670862 -0.225653 -0.706417
    outer loop
      vertex 33.9881 101.629 1.7
      vertex 35.6191 102.102 0
      vertex 35.6302 102.069 0
    endloop
  endfacet
  facet normal -0.670351 -0.227282 -0.70638
    outer loop
      vertex 35.6191 102.102 0
      vertex 33.9881 101.629 1.7
      vertex 33.7884 102.218 1.7
    endloop
  endfacet
  facet normal 0.311612 0.635524 -0.706405
    outer loop
      vertex 26.9007 94.4562 0
      vertex 27.5823 96.0116 1.7
      vertex 26.9317 94.441 0
    endloop
  endfacet
  facet normal 0.313043 0.634858 -0.70637
    outer loop
      vertex 27.5823 96.0116 1.7
      vertex 26.9007 94.4562 0
      vertex 27.025 96.2864 1.7
    endloop
  endfacet
  facet normal 0.634858 0.313043 -0.70637
    outer loop
      vertex 23.4562 97.9007 0
      vertex 25.0116 98.5823 1.7
      vertex 25.2864 98.025 1.7
    endloop
  endfacet
  facet normal 0.635524 0.311612 -0.706405
    outer loop
      vertex 25.0116 98.5823 1.7
      vertex 23.4562 97.9007 0
      vertex 23.441 97.9317 0
    endloop
  endfacet
  facet normal 0.39328 0.588553 -0.706354
    outer loop
      vertex 25.5022 95.2637 0
      vertex 26.5084 96.6316 1.7
      vertex 27.025 96.2864 1.7
    endloop
  endfacet
  facet normal 0.393591 0.588336 -0.706362
    outer loop
      vertex 26.5084 96.6316 1.7
      vertex 25.5022 95.2637 0
      vertex 25.4735 95.2829 0
    endloop
  endfacet
  facet normal 0.393293 0.58854 -0.706357
    outer loop
      vertex 27.025 96.2864 1.7
      vertex 26.175 94.8141 0
      vertex 25.5022 95.2637 0
    endloop
  endfacet
  facet normal -0.897338 -0.441344 0
    outer loop
      vertex 43.5548 106.878 0
      vertex 43.4825 107.025 2.4
      vertex 43.4825 107.025 0
    endloop
  endfacet
  facet normal -0.897338 -0.441344 0
    outer loop
      vertex 43.4825 107.025 2.4
      vertex 43.5548 106.878 0
      vertex 43.5548 106.878 2.4
    endloop
  endfacet
  facet normal -0.831674 -0.555265 0
    outer loop
      vertex 43.4825 107.025 0
      vertex 43.3917 107.161 2.4
      vertex 43.3917 107.161 0
    endloop
  endfacet
  facet normal -0.831674 -0.555265 0
    outer loop
      vertex 43.3917 107.161 2.4
      vertex 43.4825 107.025 0
      vertex 43.4825 107.025 2.4
    endloop
  endfacet
  facet normal -0.318247 -0.948008 0
    outer loop
      vertex 42.7235 107.607 0
      vertex 42.8784 107.555 2.4
      vertex 42.7235 107.607 2.4
    endloop
  endfacet
  facet normal -0.318247 -0.948008 -0
    outer loop
      vertex 42.8784 107.555 2.4
      vertex 42.7235 107.607 0
      vertex 42.8784 107.555 0
    endloop
  endfacet
  facet normal 0.440835 -0.897588 0
    outer loop
      vertex 41.775 107.483 0
      vertex 41.9216 107.555 2.4
      vertex 41.775 107.483 2.4
    endloop
  endfacet
  facet normal 0.440835 -0.897588 0
    outer loop
      vertex 41.9216 107.555 2.4
      vertex 41.775 107.483 0
      vertex 41.9216 107.555 0
    endloop
  endfacet
  facet normal 0.897338 -0.441344 0
    outer loop
      vertex 41.2452 106.878 2.4
      vertex 41.3175 107.025 0
      vertex 41.3175 107.025 2.4
    endloop
  endfacet
  facet normal 0.897338 -0.441344 0
    outer loop
      vertex 41.3175 107.025 0
      vertex 41.2452 106.878 2.4
      vertex 41.2452 106.878 0
    endloop
  endfacet
  facet normal -0.440835 0.897588 0
    outer loop
      vertex 43.025 105.317 0
      vertex 42.8784 105.245 2.4
      vertex 43.025 105.317 2.4
    endloop
  endfacet
  facet normal -0.440835 0.897588 0
    outer loop
      vertex 42.8784 105.245 2.4
      vertex 43.025 105.317 0
      vertex 42.8784 105.245 0
    endloop
  endfacet
  facet normal -0.0672494 -0.997736 0
    outer loop
      vertex 42.4 107.65 0
      vertex 42.5632 107.639 2.4
      vertex 42.4 107.65 2.4
    endloop
  endfacet
  facet normal -0.0672494 -0.997736 -0
    outer loop
      vertex 42.5632 107.639 2.4
      vertex 42.4 107.65 0
      vertex 42.5632 107.639 0
    endloop
  endfacet
  facet normal -0.556392 -0.83092 0
    outer loop
      vertex 43.025 107.483 0
      vertex 43.1609 107.392 2.4
      vertex 43.025 107.483 2.4
    endloop
  endfacet
  facet normal -0.556392 -0.83092 -0
    outer loop
      vertex 43.1609 107.392 2.4
      vertex 43.025 107.483 0
      vertex 43.1609 107.392 0
    endloop
  endfacet
  facet normal 0.997852 -0.0655032 0
    outer loop
      vertex 41.15 106.4 2.4
      vertex 41.1607 106.563 0
      vertex 41.1607 106.563 2.4
    endloop
  endfacet
  facet normal 0.997852 -0.0655032 0
    outer loop
      vertex 41.1607 106.563 0
      vertex 41.15 106.4 2.4
      vertex 41.15 106.4 0
    endloop
  endfacet
  facet normal 0.980931 -0.194358 0
    outer loop
      vertex 41.1607 106.563 2.4
      vertex 41.1926 106.724 0
      vertex 41.1926 106.724 2.4
    endloop
  endfacet
  facet normal 0.980931 -0.194358 0
    outer loop
      vertex 41.1926 106.724 0
      vertex 41.1607 106.563 2.4
      vertex 41.1607 106.563 0
    endloop
  endfacet
  facet normal 0.831674 -0.555265 0
    outer loop
      vertex 41.3175 107.025 2.4
      vertex 41.4083 107.161 0
      vertex 41.4083 107.161 2.4
    endloop
  endfacet
  facet normal 0.831674 -0.555265 0
    outer loop
      vertex 41.4083 107.161 0
      vertex 41.3175 107.025 2.4
      vertex 41.3175 107.025 0
    endloop
  endfacet
  facet normal 0.55611 -0.831109 0
    outer loop
      vertex 41.639 107.392 0
      vertex 41.775 107.483 2.4
      vertex 41.639 107.392 2.4
    endloop
  endfacet
  facet normal 0.55611 -0.831109 0
    outer loop
      vertex 41.775 107.483 2.4
      vertex 41.639 107.392 0
      vertex 41.775 107.483 0
    endloop
  endfacet
  facet normal 0.660104 -0.751174 0
    outer loop
      vertex 41.5161 107.284 0
      vertex 41.639 107.392 2.4
      vertex 41.5161 107.284 2.4
    endloop
  endfacet
  facet normal 0.660104 -0.751174 0
    outer loop
      vertex 41.639 107.392 2.4
      vertex 41.5161 107.284 0
      vertex 41.639 107.392 0
    endloop
  endfacet
  facet normal 0.195763 0.980651 -0
    outer loop
      vertex 42.2368 105.161 0
      vertex 42.0765 105.193 2.4
      vertex 42.2368 105.161 2.4
    endloop
  endfacet
  facet normal 0.195763 0.980651 0
    outer loop
      vertex 42.0765 105.193 2.4
      vertex 42.2368 105.161 0
      vertex 42.0765 105.193 0
    endloop
  endfacet
  facet normal -0.318247 0.948008 0
    outer loop
      vertex 42.8784 105.245 0
      vertex 42.7235 105.193 2.4
      vertex 42.8784 105.245 2.4
    endloop
  endfacet
  facet normal -0.318247 0.948008 0
    outer loop
      vertex 42.7235 105.193 2.4
      vertex 42.8784 105.245 0
      vertex 42.7235 105.193 0
    endloop
  endfacet
  facet normal -0.556392 0.83092 0
    outer loop
      vertex 43.1609 105.408 0
      vertex 43.025 105.317 2.4
      vertex 43.1609 105.408 2.4
    endloop
  endfacet
  facet normal -0.556392 0.83092 0
    outer loop
      vertex 43.025 105.317 2.4
      vertex 43.1609 105.408 0
      vertex 43.025 105.317 0
    endloop
  endfacet
  facet normal -0.946322 -0.323224 0
    outer loop
      vertex 43.6074 106.724 0
      vertex 43.5548 106.878 2.4
      vertex 43.5548 106.878 0
    endloop
  endfacet
  facet normal -0.946322 -0.323224 0
    outer loop
      vertex 43.5548 106.878 2.4
      vertex 43.6074 106.724 0
      vertex 43.6074 106.724 2.4
    endloop
  endfacet
  facet normal -0.659801 -0.75144 0
    outer loop
      vertex 43.1609 107.392 0
      vertex 43.2839 107.284 2.4
      vertex 43.1609 107.392 2.4
    endloop
  endfacet
  facet normal -0.659801 -0.75144 -0
    outer loop
      vertex 43.2839 107.284 2.4
      vertex 43.1609 107.392 0
      vertex 43.2839 107.284 0
    endloop
  endfacet
  facet normal 0.0672494 -0.997736 0
    outer loop
      vertex 42.2368 107.639 0
      vertex 42.4 107.65 2.4
      vertex 42.2368 107.639 2.4
    endloop
  endfacet
  facet normal 0.0672494 -0.997736 0
    outer loop
      vertex 42.4 107.65 2.4
      vertex 42.2368 107.639 0
      vertex 42.4 107.65 0
    endloop
  endfacet
  facet normal -0.195763 -0.980651 0
    outer loop
      vertex 42.5632 107.639 0
      vertex 42.7235 107.607 2.4
      vertex 42.5632 107.639 2.4
    endloop
  endfacet
  facet normal -0.195763 -0.980651 -0
    outer loop
      vertex 42.7235 107.607 2.4
      vertex 42.5632 107.639 0
      vertex 42.7235 107.607 0
    endloop
  endfacet
  facet normal 0.195763 -0.980651 0
    outer loop
      vertex 42.0765 107.607 0
      vertex 42.2368 107.639 2.4
      vertex 42.0765 107.607 2.4
    endloop
  endfacet
  facet normal 0.195763 -0.980651 0
    outer loop
      vertex 42.2368 107.639 2.4
      vertex 42.0765 107.607 0
      vertex 42.2368 107.639 0
    endloop
  endfacet
  facet normal 0.318247 -0.948008 0
    outer loop
      vertex 41.9216 107.555 0
      vertex 42.0765 107.607 2.4
      vertex 41.9216 107.555 2.4
    endloop
  endfacet
  facet normal 0.318247 -0.948008 0
    outer loop
      vertex 42.0765 107.607 2.4
      vertex 41.9216 107.555 0
      vertex 42.0765 107.607 0
    endloop
  endfacet
  facet normal 0.752046 -0.65911 0
    outer loop
      vertex 41.4083 107.161 2.4
      vertex 41.5161 107.284 0
      vertex 41.5161 107.284 2.4
    endloop
  endfacet
  facet normal 0.752046 -0.65911 0
    outer loop
      vertex 41.5161 107.284 0
      vertex 41.4083 107.161 2.4
      vertex 41.4083 107.161 0
    endloop
  endfacet
  facet normal -0.997852 -0.0655032 0
    outer loop
      vertex 43.65 106.4 0
      vertex 43.6393 106.563 2.4
      vertex 43.6393 106.563 0
    endloop
  endfacet
  facet normal -0.997852 -0.0655032 0
    outer loop
      vertex 43.6393 106.563 2.4
      vertex 43.65 106.4 0
      vertex 43.65 106.4 2.4
    endloop
  endfacet
  facet normal -0.997852 0.0655032 0
    outer loop
      vertex 43.6393 106.237 0
      vertex 43.65 106.4 2.4
      vertex 43.65 106.4 0
    endloop
  endfacet
  facet normal -0.997852 0.0655032 0
    outer loop
      vertex 43.65 106.4 2.4
      vertex 43.6393 106.237 0
      vertex 43.6393 106.237 2.4
    endloop
  endfacet
  facet normal 0.997852 0.0655032 0
    outer loop
      vertex 41.1607 106.237 2.4
      vertex 41.15 106.4 0
      vertex 41.15 106.4 2.4
    endloop
  endfacet
  facet normal 0.997852 0.0655032 0
    outer loop
      vertex 41.15 106.4 0
      vertex 41.1607 106.237 2.4
      vertex 41.1607 106.237 0
    endloop
  endfacet
  facet normal 0.831674 0.555265 0
    outer loop
      vertex 41.4083 105.639 2.4
      vertex 41.3175 105.775 0
      vertex 41.3175 105.775 2.4
    endloop
  endfacet
  facet normal 0.831674 0.555265 0
    outer loop
      vertex 41.3175 105.775 0
      vertex 41.4083 105.639 2.4
      vertex 41.4083 105.639 0
    endloop
  endfacet
  facet normal -0.195763 0.980651 0
    outer loop
      vertex 42.7235 105.193 0
      vertex 42.5632 105.161 2.4
      vertex 42.7235 105.193 2.4
    endloop
  endfacet
  facet normal -0.195763 0.980651 0
    outer loop
      vertex 42.5632 105.161 2.4
      vertex 42.7235 105.193 0
      vertex 42.5632 105.161 0
    endloop
  endfacet
  facet normal -0.980931 -0.194358 0
    outer loop
      vertex 43.6393 106.563 0
      vertex 43.6074 106.724 2.4
      vertex 43.6074 106.724 0
    endloop
  endfacet
  facet normal -0.980931 -0.194358 0
    outer loop
      vertex 43.6074 106.724 2.4
      vertex 43.6393 106.563 0
      vertex 43.6393 106.563 2.4
    endloop
  endfacet
  facet normal -0.752046 -0.65911 0
    outer loop
      vertex 43.3917 107.161 0
      vertex 43.2839 107.284 2.4
      vertex 43.2839 107.284 0
    endloop
  endfacet
  facet normal -0.752046 -0.65911 0
    outer loop
      vertex 43.2839 107.284 2.4
      vertex 43.3917 107.161 0
      vertex 43.3917 107.161 2.4
    endloop
  endfacet
  facet normal -0.440835 -0.897588 0
    outer loop
      vertex 42.8784 107.555 0
      vertex 43.025 107.483 2.4
      vertex 42.8784 107.555 2.4
    endloop
  endfacet
  facet normal -0.440835 -0.897588 -0
    outer loop
      vertex 43.025 107.483 2.4
      vertex 42.8784 107.555 0
      vertex 43.025 107.483 0
    endloop
  endfacet
  facet normal 0.946322 -0.323224 0
    outer loop
      vertex 41.1926 106.724 2.4
      vertex 41.2452 106.878 0
      vertex 41.2452 106.878 2.4
    endloop
  endfacet
  facet normal 0.946322 -0.323224 0
    outer loop
      vertex 41.2452 106.878 0
      vertex 41.1926 106.724 2.4
      vertex 41.1926 106.724 0
    endloop
  endfacet
  facet normal -0.659801 0.75144 0
    outer loop
      vertex 43.2839 105.516 0
      vertex 43.1609 105.408 2.4
      vertex 43.2839 105.516 2.4
    endloop
  endfacet
  facet normal -0.659801 0.75144 0
    outer loop
      vertex 43.1609 105.408 2.4
      vertex 43.2839 105.516 0
      vertex 43.1609 105.408 0
    endloop
  endfacet
  facet normal -0.831674 0.555265 0
    outer loop
      vertex 43.3917 105.639 0
      vertex 43.4825 105.775 2.4
      vertex 43.4825 105.775 0
    endloop
  endfacet
  facet normal -0.831674 0.555265 0
    outer loop
      vertex 43.4825 105.775 2.4
      vertex 43.3917 105.639 0
      vertex 43.3917 105.639 2.4
    endloop
  endfacet
  facet normal 0.0672494 0.997736 -0
    outer loop
      vertex 42.4 105.15 0
      vertex 42.2368 105.161 2.4
      vertex 42.4 105.15 2.4
    endloop
  endfacet
  facet normal 0.0672494 0.997736 0
    outer loop
      vertex 42.2368 105.161 2.4
      vertex 42.4 105.15 0
      vertex 42.2368 105.161 0
    endloop
  endfacet
  facet normal 0.897338 0.441344 0
    outer loop
      vertex 41.3175 105.775 2.4
      vertex 41.2452 105.922 0
      vertex 41.2452 105.922 2.4
    endloop
  endfacet
  facet normal 0.897338 0.441344 0
    outer loop
      vertex 41.2452 105.922 0
      vertex 41.3175 105.775 2.4
      vertex 41.3175 105.775 0
    endloop
  endfacet
  facet normal 0.752046 0.65911 0
    outer loop
      vertex 41.5161 105.516 2.4
      vertex 41.4083 105.639 0
      vertex 41.4083 105.639 2.4
    endloop
  endfacet
  facet normal 0.752046 0.65911 0
    outer loop
      vertex 41.4083 105.639 0
      vertex 41.5161 105.516 2.4
      vertex 41.5161 105.516 0
    endloop
  endfacet
  facet normal -0.946322 0.323224 0
    outer loop
      vertex 43.5548 105.922 0
      vertex 43.6074 106.076 2.4
      vertex 43.6074 106.076 0
    endloop
  endfacet
  facet normal -0.946322 0.323224 0
    outer loop
      vertex 43.6074 106.076 2.4
      vertex 43.5548 105.922 0
      vertex 43.5548 105.922 2.4
    endloop
  endfacet
  facet normal -0.897338 0.441344 0
    outer loop
      vertex 43.4825 105.775 0
      vertex 43.5548 105.922 2.4
      vertex 43.5548 105.922 0
    endloop
  endfacet
  facet normal -0.897338 0.441344 0
    outer loop
      vertex 43.5548 105.922 2.4
      vertex 43.4825 105.775 0
      vertex 43.4825 105.775 2.4
    endloop
  endfacet
  facet normal -0.980931 0.194358 0
    outer loop
      vertex 43.6074 106.076 0
      vertex 43.6393 106.237 2.4
      vertex 43.6393 106.237 0
    endloop
  endfacet
  facet normal -0.980931 0.194358 0
    outer loop
      vertex 43.6393 106.237 2.4
      vertex 43.6074 106.076 0
      vertex 43.6074 106.076 2.4
    endloop
  endfacet
  facet normal 0.55611 0.831109 -0
    outer loop
      vertex 41.775 105.317 0
      vertex 41.639 105.408 2.4
      vertex 41.775 105.317 2.4
    endloop
  endfacet
  facet normal 0.55611 0.831109 0
    outer loop
      vertex 41.639 105.408 2.4
      vertex 41.775 105.317 0
      vertex 41.639 105.408 0
    endloop
  endfacet
  facet normal -0.0672494 0.997736 0
    outer loop
      vertex 42.5632 105.161 0
      vertex 42.4 105.15 2.4
      vertex 42.5632 105.161 2.4
    endloop
  endfacet
  facet normal -0.0672494 0.997736 0
    outer loop
      vertex 42.4 105.15 2.4
      vertex 42.5632 105.161 0
      vertex 42.4 105.15 0
    endloop
  endfacet
  facet normal 0.980931 0.194358 0
    outer loop
      vertex 41.1926 106.076 2.4
      vertex 41.1607 106.237 0
      vertex 41.1607 106.237 2.4
    endloop
  endfacet
  facet normal 0.980931 0.194358 0
    outer loop
      vertex 41.1607 106.237 0
      vertex 41.1926 106.076 2.4
      vertex 41.1926 106.076 0
    endloop
  endfacet
  facet normal 0.946322 0.323224 0
    outer loop
      vertex 41.2452 105.922 2.4
      vertex 41.1926 106.076 0
      vertex 41.1926 106.076 2.4
    endloop
  endfacet
  facet normal 0.946322 0.323224 0
    outer loop
      vertex 41.1926 106.076 0
      vertex 41.2452 105.922 2.4
      vertex 41.2452 105.922 0
    endloop
  endfacet
  facet normal 0.660104 0.751174 -0
    outer loop
      vertex 41.639 105.408 0
      vertex 41.5161 105.516 2.4
      vertex 41.639 105.408 2.4
    endloop
  endfacet
  facet normal 0.660104 0.751174 0
    outer loop
      vertex 41.5161 105.516 2.4
      vertex 41.639 105.408 0
      vertex 41.5161 105.516 0
    endloop
  endfacet
  facet normal -0.752046 0.65911 0
    outer loop
      vertex 43.2839 105.516 0
      vertex 43.3917 105.639 2.4
      vertex 43.3917 105.639 0
    endloop
  endfacet
  facet normal -0.752046 0.65911 0
    outer loop
      vertex 43.3917 105.639 2.4
      vertex 43.2839 105.516 0
      vertex 43.2839 105.516 2.4
    endloop
  endfacet
  facet normal 0.440835 0.897588 -0
    outer loop
      vertex 41.9216 105.245 0
      vertex 41.775 105.317 2.4
      vertex 41.9216 105.245 2.4
    endloop
  endfacet
  facet normal 0.440835 0.897588 0
    outer loop
      vertex 41.775 105.317 2.4
      vertex 41.9216 105.245 0
      vertex 41.775 105.317 0
    endloop
  endfacet
  facet normal 0.318247 0.948008 -0
    outer loop
      vertex 42.0765 105.193 0
      vertex 41.9216 105.245 2.4
      vertex 42.0765 105.193 2.4
    endloop
  endfacet
  facet normal 0.318247 0.948008 0
    outer loop
      vertex 41.9216 105.245 2.4
      vertex 42.0765 105.193 0
      vertex 41.9216 105.245 0
    endloop
  endfacet
  facet normal -0.659333 -0.751851 0
    outer loop
      vertex 36.5529 73.7219 0
      vertex 37.7085 72.7085 2.4
      vertex 36.5529 73.7219 2.4
    endloop
  endfacet
  facet normal -0.659333 -0.751851 -0
    outer loop
      vertex 37.7085 72.7085 2.4
      vertex 36.5529 73.7219 0
      vertex 37.7085 72.7085 0
    endloop
  endfacet
  facet normal -0.980778 0.195128 0
    outer loop
      vertex 40.7496 61.3589 0
      vertex 41.0495 62.8663 2.4
      vertex 41.0495 62.8663 0
    endloop
  endfacet
  facet normal -0.980778 0.195128 0
    outer loop
      vertex 41.0495 62.8663 2.4
      vertex 40.7496 61.3589 0
      vertex 40.7496 61.3589 2.4
    endloop
  endfacet
  facet normal 0.321415 0.946938 -0
    outer loop
      vertex 26.3589 53.0504 0
      vertex 24.9035 53.5444 2.4
      vertex 26.3589 53.0504 2.4
    endloop
  endfacet
  facet normal 0.321415 0.946938 0
    outer loop
      vertex 24.9035 53.5444 2.4
      vertex 26.3589 53.0504 0
      vertex 24.9035 53.5444 0
    endloop
  endfacet
  facet normal 0.321415 -0.946938 0
    outer loop
      vertex 24.9035 75.2556 0
      vertex 26.3589 75.7496 2.4
      vertex 24.9035 75.2556 2.4
    endloop
  endfacet
  facet normal 0.321415 -0.946938 0
    outer loop
      vertex 26.3589 75.7496 2.4
      vertex 24.9035 75.2556 0
      vertex 26.3589 75.7496 0
    endloop
  endfacet
  facet normal 0.896873 -0.442288 0
    outer loop
      vertex 18.5444 68.8965 2.4
      vertex 19.2242 70.275 0
      vertex 19.2242 70.275 2.4
    endloop
  endfacet
  facet normal 0.896873 -0.442288 0
    outer loop
      vertex 19.2242 70.275 0
      vertex 18.5444 68.8965 2.4
      vertex 18.5444 68.8965 0
    endloop
  endfacet
  facet normal 0.442288 0.896873 -0
    outer loop
      vertex 24.9035 53.5444 0
      vertex 23.525 54.2242 2.4
      vertex 24.9035 53.5444 2.4
    endloop
  endfacet
  facet normal 0.442288 0.896873 0
    outer loop
      vertex 23.525 54.2242 2.4
      vertex 24.9035 53.5444 0
      vertex 23.525 54.2242 0
    endloop
  endfacet
  facet normal -0.896873 -0.442288 0
    outer loop
      vertex 40.2556 68.8965 0
      vertex 39.5758 70.275 2.4
      vertex 39.5758 70.275 0
    endloop
  endfacet
  facet normal -0.896873 -0.442288 0
    outer loop
      vertex 39.5758 70.275 2.4
      vertex 40.2556 68.8965 0
      vertex 40.2556 68.8965 2.4
    endloop
  endfacet
  facet normal -0.980778 -0.195128 0
    outer loop
      vertex 41.0495 65.9337 0
      vertex 40.7496 67.4411 2.4
      vertex 40.7496 67.4411 0
    endloop
  endfacet
  facet normal -0.980778 -0.195128 0
    outer loop
      vertex 40.7496 67.4411 2.4
      vertex 41.0495 65.9337 0
      vertex 41.0495 65.9337 2.4
    endloop
  endfacet
  facet normal -0.831459 -0.555586 0
    outer loop
      vertex 39.5758 70.275 0
      vertex 38.7219 71.5529 2.4
      vertex 38.7219 71.5529 0
    endloop
  endfacet
  facet normal -0.831459 -0.555586 0
    outer loop
      vertex 38.7219 71.5529 2.4
      vertex 39.5758 70.275 0
      vertex 39.5758 70.275 2.4
    endloop
  endfacet
  facet normal -0.751851 -0.659333 0
    outer loop
      vertex 38.7219 71.5529 0
      vertex 37.7085 72.7085 2.4
      vertex 37.7085 72.7085 0
    endloop
  endfacet
  facet normal -0.751851 -0.659333 0
    outer loop
      vertex 37.7085 72.7085 2.4
      vertex 38.7219 71.5529 0
      vertex 38.7219 71.5529 2.4
    endloop
  endfacet
  facet normal -0.442288 -0.896873 0
    outer loop
      vertex 33.8965 75.2556 0
      vertex 35.275 74.5758 2.4
      vertex 33.8965 75.2556 2.4
    endloop
  endfacet
  facet normal -0.442288 -0.896873 -0
    outer loop
      vertex 35.275 74.5758 2.4
      vertex 33.8965 75.2556 0
      vertex 35.275 74.5758 0
    endloop
  endfacet
  facet normal 0.751851 -0.659333 0
    outer loop
      vertex 20.0781 71.5529 2.4
      vertex 21.0915 72.7085 0
      vertex 21.0915 72.7085 2.4
    endloop
  endfacet
  facet normal 0.751851 -0.659333 0
    outer loop
      vertex 21.0915 72.7085 0
      vertex 20.0781 71.5529 2.4
      vertex 20.0781 71.5529 0
    endloop
  endfacet
  facet normal 0.442288 -0.896873 0
    outer loop
      vertex 23.525 74.5758 0
      vertex 24.9035 75.2556 2.4
      vertex 23.525 74.5758 2.4
    endloop
  endfacet
  facet normal 0.442288 -0.896873 0
    outer loop
      vertex 24.9035 75.2556 2.4
      vertex 23.525 74.5758 0
      vertex 24.9035 75.2556 0
    endloop
  endfacet
  facet normal 0.195128 -0.980778 0
    outer loop
      vertex 26.3589 75.7496 0
      vertex 27.8663 76.0495 2.4
      vertex 26.3589 75.7496 2.4
    endloop
  endfacet
  facet normal 0.195128 -0.980778 0
    outer loop
      vertex 27.8663 76.0495 2.4
      vertex 26.3589 75.7496 0
      vertex 27.8663 76.0495 0
    endloop
  endfacet
  facet normal -0.99786 -0.0653876 0
    outer loop
      vertex 41.15 64.4 0
      vertex 41.0495 65.9337 2.4
      vertex 41.0495 65.9337 0
    endloop
  endfacet
  facet normal -0.99786 -0.0653876 0
    outer loop
      vertex 41.0495 65.9337 2.4
      vertex 41.15 64.4 0
      vertex 41.15 64.4 2.4
    endloop
  endfacet
  facet normal -0.946938 0.321415 0
    outer loop
      vertex 40.2556 59.9035 0
      vertex 40.7496 61.3589 2.4
      vertex 40.7496 61.3589 0
    endloop
  endfacet
  facet normal -0.946938 0.321415 0
    outer loop
      vertex 40.7496 61.3589 2.4
      vertex 40.2556 59.9035 0
      vertex 40.2556 59.9035 2.4
    endloop
  endfacet
  facet normal -0.321415 0.946938 0
    outer loop
      vertex 33.8965 53.5444 0
      vertex 32.4411 53.0504 2.4
      vertex 33.8965 53.5444 2.4
    endloop
  endfacet
  facet normal -0.321415 0.946938 0
    outer loop
      vertex 32.4411 53.0504 2.4
      vertex 33.8965 53.5444 0
      vertex 32.4411 53.0504 0
    endloop
  endfacet
  facet normal 0.195128 0.980778 -0
    outer loop
      vertex 27.8663 52.7505 0
      vertex 26.3589 53.0504 2.4
      vertex 27.8663 52.7505 2.4
    endloop
  endfacet
  facet normal 0.195128 0.980778 0
    outer loop
      vertex 26.3589 53.0504 2.4
      vertex 27.8663 52.7505 0
      vertex 26.3589 53.0504 0
    endloop
  endfacet
  facet normal 0.659333 0.751851 -0
    outer loop
      vertex 22.2471 55.0781 0
      vertex 21.0915 56.0915 2.4
      vertex 22.2471 55.0781 2.4
    endloop
  endfacet
  facet normal 0.659333 0.751851 0
    outer loop
      vertex 21.0915 56.0915 2.4
      vertex 22.2471 55.0781 0
      vertex 21.0915 56.0915 0
    endloop
  endfacet
  facet normal 0.980778 0.195128 0
    outer loop
      vertex 18.0504 61.3589 2.4
      vertex 17.7505 62.8663 0
      vertex 17.7505 62.8663 2.4
    endloop
  endfacet
  facet normal 0.980778 0.195128 0
    outer loop
      vertex 17.7505 62.8663 0
      vertex 18.0504 61.3589 2.4
      vertex 18.0504 61.3589 0
    endloop
  endfacet
  facet normal 0.751851 0.659333 0
    outer loop
      vertex 21.0915 56.0915 2.4
      vertex 20.0781 57.2471 0
      vertex 20.0781 57.2471 2.4
    endloop
  endfacet
  facet normal 0.751851 0.659333 0
    outer loop
      vertex 20.0781 57.2471 0
      vertex 21.0915 56.0915 2.4
      vertex 21.0915 56.0915 0
    endloop
  endfacet
  facet normal -0.946938 -0.321415 0
    outer loop
      vertex 40.7496 67.4411 0
      vertex 40.2556 68.8965 2.4
      vertex 40.2556 68.8965 0
    endloop
  endfacet
  facet normal -0.946938 -0.321415 0
    outer loop
      vertex 40.2556 68.8965 2.4
      vertex 40.7496 67.4411 0
      vertex 40.7496 67.4411 2.4
    endloop
  endfacet
  facet normal -0.555586 -0.831459 0
    outer loop
      vertex 35.275 74.5758 0
      vertex 36.5529 73.7219 2.4
      vertex 35.275 74.5758 2.4
    endloop
  endfacet
  facet normal -0.555586 -0.831459 -0
    outer loop
      vertex 36.5529 73.7219 2.4
      vertex 35.275 74.5758 0
      vertex 36.5529 73.7219 0
    endloop
  endfacet
  facet normal -0.0653876 -0.99786 0
    outer loop
      vertex 29.4 76.15 0
      vertex 30.9337 76.0495 2.4
      vertex 29.4 76.15 2.4
    endloop
  endfacet
  facet normal -0.0653876 -0.99786 -0
    outer loop
      vertex 30.9337 76.0495 2.4
      vertex 29.4 76.15 0
      vertex 30.9337 76.0495 0
    endloop
  endfacet
  facet normal -0.321415 -0.946938 0
    outer loop
      vertex 32.4411 75.7496 0
      vertex 33.8965 75.2556 2.4
      vertex 32.4411 75.7496 2.4
    endloop
  endfacet
  facet normal -0.321415 -0.946938 -0
    outer loop
      vertex 33.8965 75.2556 2.4
      vertex 32.4411 75.7496 0
      vertex 33.8965 75.2556 0
    endloop
  endfacet
  facet normal 0.99786 -0.0653876 0
    outer loop
      vertex 17.65 64.4 2.4
      vertex 17.7505 65.9337 0
      vertex 17.7505 65.9337 2.4
    endloop
  endfacet
  facet normal 0.99786 -0.0653876 0
    outer loop
      vertex 17.7505 65.9337 0
      vertex 17.65 64.4 2.4
      vertex 17.65 64.4 0
    endloop
  endfacet
  facet normal 0.946938 -0.321415 0
    outer loop
      vertex 18.0504 67.4411 2.4
      vertex 18.5444 68.8965 0
      vertex 18.5444 68.8965 2.4
    endloop
  endfacet
  facet normal 0.946938 -0.321415 0
    outer loop
      vertex 18.5444 68.8965 0
      vertex 18.0504 67.4411 2.4
      vertex 18.0504 67.4411 0
    endloop
  endfacet
  facet normal 0.831459 -0.555586 0
    outer loop
      vertex 19.2242 70.275 2.4
      vertex 20.0781 71.5529 0
      vertex 20.0781 71.5529 2.4
    endloop
  endfacet
  facet normal 0.831459 -0.555586 0
    outer loop
      vertex 20.0781 71.5529 0
      vertex 19.2242 70.275 2.4
      vertex 19.2242 70.275 0
    endloop
  endfacet
  facet normal 0.0653876 -0.99786 0
    outer loop
      vertex 27.8663 76.0495 0
      vertex 29.4 76.15 2.4
      vertex 27.8663 76.0495 2.4
    endloop
  endfacet
  facet normal 0.0653876 -0.99786 0
    outer loop
      vertex 29.4 76.15 2.4
      vertex 27.8663 76.0495 0
      vertex 29.4 76.15 0
    endloop
  endfacet
  facet normal 0.555586 -0.831459 0
    outer loop
      vertex 22.2471 73.7219 0
      vertex 23.525 74.5758 2.4
      vertex 22.2471 73.7219 2.4
    endloop
  endfacet
  facet normal 0.555586 -0.831459 0
    outer loop
      vertex 23.525 74.5758 2.4
      vertex 22.2471 73.7219 0
      vertex 23.525 74.5758 0
    endloop
  endfacet
  facet normal 0.659333 -0.751851 0
    outer loop
      vertex 21.0915 72.7085 0
      vertex 22.2471 73.7219 2.4
      vertex 21.0915 72.7085 2.4
    endloop
  endfacet
  facet normal 0.659333 -0.751851 0
    outer loop
      vertex 22.2471 73.7219 2.4
      vertex 21.0915 72.7085 0
      vertex 22.2471 73.7219 0
    endloop
  endfacet
  facet normal -0.99786 0.0653876 0
    outer loop
      vertex 41.0495 62.8663 0
      vertex 41.15 64.4 2.4
      vertex 41.15 64.4 0
    endloop
  endfacet
  facet normal -0.99786 0.0653876 0
    outer loop
      vertex 41.15 64.4 2.4
      vertex 41.0495 62.8663 0
      vertex 41.0495 62.8663 2.4
    endloop
  endfacet
  facet normal -0.0653876 0.99786 0
    outer loop
      vertex 30.9337 52.7505 0
      vertex 29.4 52.65 2.4
      vertex 30.9337 52.7505 2.4
    endloop
  endfacet
  facet normal -0.0653876 0.99786 0
    outer loop
      vertex 29.4 52.65 2.4
      vertex 30.9337 52.7505 0
      vertex 29.4 52.65 0
    endloop
  endfacet
  facet normal -0.751851 0.659333 0
    outer loop
      vertex 37.7085 56.0915 0
      vertex 38.7219 57.2471 2.4
      vertex 38.7219 57.2471 0
    endloop
  endfacet
  facet normal -0.751851 0.659333 0
    outer loop
      vertex 38.7219 57.2471 2.4
      vertex 37.7085 56.0915 0
      vertex 37.7085 56.0915 2.4
    endloop
  endfacet
  facet normal -0.896873 0.442288 0
    outer loop
      vertex 39.5758 58.525 0
      vertex 40.2556 59.9035 2.4
      vertex 40.2556 59.9035 0
    endloop
  endfacet
  facet normal -0.896873 0.442288 0
    outer loop
      vertex 40.2556 59.9035 2.4
      vertex 39.5758 58.525 0
      vertex 39.5758 58.525 2.4
    endloop
  endfacet
  facet normal -0.195128 0.980778 0
    outer loop
      vertex 32.4411 53.0504 0
      vertex 30.9337 52.7505 2.4
      vertex 32.4411 53.0504 2.4
    endloop
  endfacet
  facet normal -0.195128 0.980778 0
    outer loop
      vertex 30.9337 52.7505 2.4
      vertex 32.4411 53.0504 0
      vertex 30.9337 52.7505 0
    endloop
  endfacet
  facet normal -0.659333 0.751851 0
    outer loop
      vertex 37.7085 56.0915 0
      vertex 36.5529 55.0781 2.4
      vertex 37.7085 56.0915 2.4
    endloop
  endfacet
  facet normal -0.659333 0.751851 0
    outer loop
      vertex 36.5529 55.0781 2.4
      vertex 37.7085 56.0915 0
      vertex 36.5529 55.0781 0
    endloop
  endfacet
  facet normal -0.442288 0.896873 0
    outer loop
      vertex 35.275 54.2242 0
      vertex 33.8965 53.5444 2.4
      vertex 35.275 54.2242 2.4
    endloop
  endfacet
  facet normal -0.442288 0.896873 0
    outer loop
      vertex 33.8965 53.5444 2.4
      vertex 35.275 54.2242 0
      vertex 33.8965 53.5444 0
    endloop
  endfacet
  facet normal 0.0653876 0.99786 -0
    outer loop
      vertex 29.4 52.65 0
      vertex 27.8663 52.7505 2.4
      vertex 29.4 52.65 2.4
    endloop
  endfacet
  facet normal 0.0653876 0.99786 0
    outer loop
      vertex 27.8663 52.7505 2.4
      vertex 29.4 52.65 0
      vertex 27.8663 52.7505 0
    endloop
  endfacet
  facet normal 0.555586 0.831459 -0
    outer loop
      vertex 23.525 54.2242 0
      vertex 22.2471 55.0781 2.4
      vertex 23.525 54.2242 2.4
    endloop
  endfacet
  facet normal 0.555586 0.831459 0
    outer loop
      vertex 22.2471 55.0781 2.4
      vertex 23.525 54.2242 0
      vertex 22.2471 55.0781 0
    endloop
  endfacet
  facet normal 0.946938 0.321415 0
    outer loop
      vertex 18.5444 59.9035 2.4
      vertex 18.0504 61.3589 0
      vertex 18.0504 61.3589 2.4
    endloop
  endfacet
  facet normal 0.946938 0.321415 0
    outer loop
      vertex 18.0504 61.3589 0
      vertex 18.5444 59.9035 2.4
      vertex 18.5444 59.9035 0
    endloop
  endfacet
  facet normal 0.99786 0.0653876 0
    outer loop
      vertex 17.7505 62.8663 2.4
      vertex 17.65 64.4 0
      vertex 17.65 64.4 2.4
    endloop
  endfacet
  facet normal 0.99786 0.0653876 0
    outer loop
      vertex 17.65 64.4 0
      vertex 17.7505 62.8663 2.4
      vertex 17.7505 62.8663 0
    endloop
  endfacet
  facet normal 0.896873 0.442288 0
    outer loop
      vertex 19.2242 58.525 2.4
      vertex 18.5444 59.9035 0
      vertex 18.5444 59.9035 2.4
    endloop
  endfacet
  facet normal 0.896873 0.442288 0
    outer loop
      vertex 18.5444 59.9035 0
      vertex 19.2242 58.525 2.4
      vertex 19.2242 58.525 0
    endloop
  endfacet
  facet normal -0.195128 -0.980778 0
    outer loop
      vertex 30.9337 76.0495 0
      vertex 32.4411 75.7496 2.4
      vertex 30.9337 76.0495 2.4
    endloop
  endfacet
  facet normal -0.195128 -0.980778 -0
    outer loop
      vertex 32.4411 75.7496 2.4
      vertex 30.9337 76.0495 0
      vertex 32.4411 75.7496 0
    endloop
  endfacet
  facet normal 0.980778 -0.195128 0
    outer loop
      vertex 17.7505 65.9337 2.4
      vertex 18.0504 67.4411 0
      vertex 18.0504 67.4411 2.4
    endloop
  endfacet
  facet normal 0.980778 -0.195128 0
    outer loop
      vertex 18.0504 67.4411 0
      vertex 17.7505 65.9337 2.4
      vertex 17.7505 65.9337 0
    endloop
  endfacet
  facet normal -0.831459 0.555586 0
    outer loop
      vertex 38.7219 57.2471 0
      vertex 39.5758 58.525 2.4
      vertex 39.5758 58.525 0
    endloop
  endfacet
  facet normal -0.831459 0.555586 0
    outer loop
      vertex 39.5758 58.525 2.4
      vertex 38.7219 57.2471 0
      vertex 38.7219 57.2471 2.4
    endloop
  endfacet
  facet normal -0.555586 0.831459 0
    outer loop
      vertex 36.5529 55.0781 0
      vertex 35.275 54.2242 2.4
      vertex 36.5529 55.0781 2.4
    endloop
  endfacet
  facet normal -0.555586 0.831459 0
    outer loop
      vertex 35.275 54.2242 2.4
      vertex 36.5529 55.0781 0
      vertex 35.275 54.2242 0
    endloop
  endfacet
  facet normal 0.831459 0.555586 0
    outer loop
      vertex 20.0781 57.2471 2.4
      vertex 19.2242 58.525 0
      vertex 19.2242 58.525 2.4
    endloop
  endfacet
  facet normal 0.831459 0.555586 0
    outer loop
      vertex 19.2242 58.525 0
      vertex 20.0781 57.2471 2.4
      vertex 20.0781 57.2471 0
    endloop
  endfacet
  facet normal -0.997861 -0.0653646 0
    outer loop
      vertex 37.4 26.4 0
      vertex 37.3316 27.4442 2.4
      vertex 37.3316 27.4442 0
    endloop
  endfacet
  facet normal -0.997861 -0.0653646 0
    outer loop
      vertex 37.3316 27.4442 2.4
      vertex 37.4 26.4 0
      vertex 37.4 26.4 2.4
    endloop
  endfacet
  facet normal 0.997861 -0.0653646 0
    outer loop
      vertex 21.4 26.4 2.4
      vertex 21.4684 27.4442 0
      vertex 21.4684 27.4442 2.4
    endloop
  endfacet
  facet normal 0.997861 -0.0653646 0
    outer loop
      vertex 21.4684 27.4442 0
      vertex 21.4 26.4 2.4
      vertex 21.4 26.4 0
    endloop
  endfacet
  facet normal -0.0653646 -0.997861 0
    outer loop
      vertex 29.4 34.4 0
      vertex 30.4442 34.3316 2.4
      vertex 29.4 34.4 2.4
    endloop
  endfacet
  facet normal -0.0653646 -0.997861 -0
    outer loop
      vertex 30.4442 34.3316 2.4
      vertex 29.4 34.4 0
      vertex 30.4442 34.3316 0
    endloop
  endfacet
  facet normal -0.75189 -0.659289 0
    outer loop
      vertex 35.7468 31.2701 0
      vertex 35.0569 32.0569 2.4
      vertex 35.0569 32.0569 0
    endloop
  endfacet
  facet normal -0.75189 -0.659289 0
    outer loop
      vertex 35.0569 32.0569 2.4
      vertex 35.7468 31.2701 0
      vertex 35.7468 31.2701 2.4
    endloop
  endfacet
  facet normal 0.659289 -0.75189 0
    outer loop
      vertex 23.7431 32.0569 0
      vertex 24.5299 32.7468 2.4
      vertex 23.7431 32.0569 2.4
    endloop
  endfacet
  facet normal 0.659289 -0.75189 0
    outer loop
      vertex 24.5299 32.7468 2.4
      vertex 23.7431 32.0569 0
      vertex 24.5299 32.7468 0
    endloop
  endfacet
  facet normal 0.321469 -0.94692 0
    outer loop
      vertex 26.3385 33.791 0
      vertex 27.3294 34.1274 2.4
      vertex 26.3385 33.791 2.4
    endloop
  endfacet
  facet normal 0.321469 -0.94692 0
    outer loop
      vertex 27.3294 34.1274 2.4
      vertex 26.3385 33.791 0
      vertex 27.3294 34.1274 0
    endloop
  endfacet
  facet normal 0.831462 0.555582 0
    outer loop
      vertex 23.0532 21.5299 2.4
      vertex 22.4718 22.4 0
      vertex 22.4718 22.4 2.4
    endloop
  endfacet
  facet normal 0.831462 0.555582 0
    outer loop
      vertex 22.4718 22.4 0
      vertex 23.0532 21.5299 2.4
      vertex 23.0532 21.5299 0
    endloop
  endfacet
  facet normal -0.94692 -0.321469 0
    outer loop
      vertex 37.1274 28.4706 0
      vertex 36.791 29.4615 2.4
      vertex 36.791 29.4615 0
    endloop
  endfacet
  facet normal -0.94692 -0.321469 0
    outer loop
      vertex 36.791 29.4615 2.4
      vertex 37.1274 28.4706 0
      vertex 37.1274 28.4706 2.4
    endloop
  endfacet
  facet normal -0.980779 -0.195124 0
    outer loop
      vertex 37.3316 27.4442 0
      vertex 37.1274 28.4706 2.4
      vertex 37.1274 28.4706 0
    endloop
  endfacet
  facet normal -0.980779 -0.195124 0
    outer loop
      vertex 37.1274 28.4706 2.4
      vertex 37.3316 27.4442 0
      vertex 37.3316 27.4442 2.4
    endloop
  endfacet
  facet normal -0.831462 -0.555582 0
    outer loop
      vertex 36.3282 30.4 0
      vertex 35.7468 31.2701 2.4
      vertex 35.7468 31.2701 0
    endloop
  endfacet
  facet normal -0.831462 -0.555582 0
    outer loop
      vertex 35.7468 31.2701 2.4
      vertex 36.3282 30.4 0
      vertex 36.3282 30.4 2.4
    endloop
  endfacet
  facet normal -0.442276 -0.896879 0
    outer loop
      vertex 32.4615 33.791 0
      vertex 33.4 33.3282 2.4
      vertex 32.4615 33.791 2.4
    endloop
  endfacet
  facet normal -0.442276 -0.896879 -0
    outer loop
      vertex 33.4 33.3282 2.4
      vertex 32.4615 33.791 0
      vertex 33.4 33.3282 0
    endloop
  endfacet
  facet normal -0.321469 -0.94692 0
    outer loop
      vertex 31.4706 34.1274 0
      vertex 32.4615 33.791 2.4
      vertex 31.4706 34.1274 2.4
    endloop
  endfacet
  facet normal -0.321469 -0.94692 -0
    outer loop
      vertex 32.4615 33.791 2.4
      vertex 31.4706 34.1274 0
      vertex 32.4615 33.791 0
    endloop
  endfacet
  facet normal -0.659289 -0.75189 0
    outer loop
      vertex 34.2701 32.7468 0
      vertex 35.0569 32.0569 2.4
      vertex 34.2701 32.7468 2.4
    endloop
  endfacet
  facet normal -0.659289 -0.75189 -0
    outer loop
      vertex 35.0569 32.0569 2.4
      vertex 34.2701 32.7468 0
      vertex 35.0569 32.0569 0
    endloop
  endfacet
  facet normal 0.896879 -0.442276 0
    outer loop
      vertex 22.009 29.4615 2.4
      vertex 22.4718 30.4 0
      vertex 22.4718 30.4 2.4
    endloop
  endfacet
  facet normal 0.896879 -0.442276 0
    outer loop
      vertex 22.4718 30.4 0
      vertex 22.009 29.4615 2.4
      vertex 22.009 29.4615 0
    endloop
  endfacet
  facet normal 0.831462 -0.555582 0
    outer loop
      vertex 22.4718 30.4 2.4
      vertex 23.0532 31.2701 0
      vertex 23.0532 31.2701 2.4
    endloop
  endfacet
  facet normal 0.831462 -0.555582 0
    outer loop
      vertex 23.0532 31.2701 0
      vertex 22.4718 30.4 2.4
      vertex 22.4718 30.4 0
    endloop
  endfacet
  facet normal 0.94692 -0.321469 0
    outer loop
      vertex 21.6726 28.4706 2.4
      vertex 22.009 29.4615 0
      vertex 22.009 29.4615 2.4
    endloop
  endfacet
  facet normal 0.94692 -0.321469 0
    outer loop
      vertex 22.009 29.4615 0
      vertex 21.6726 28.4706 2.4
      vertex 21.6726 28.4706 0
    endloop
  endfacet
  facet normal 0.442276 -0.896879 0
    outer loop
      vertex 25.4 33.3282 0
      vertex 26.3385 33.791 2.4
      vertex 25.4 33.3282 2.4
    endloop
  endfacet
  facet normal 0.442276 -0.896879 0
    outer loop
      vertex 26.3385 33.791 2.4
      vertex 25.4 33.3282 0
      vertex 26.3385 33.791 0
    endloop
  endfacet
  facet normal 0.0653646 -0.997861 0
    outer loop
      vertex 28.3558 34.3316 0
      vertex 29.4 34.4 2.4
      vertex 28.3558 34.3316 2.4
    endloop
  endfacet
  facet normal 0.0653646 -0.997861 0
    outer loop
      vertex 29.4 34.4 2.4
      vertex 28.3558 34.3316 0
      vertex 29.4 34.4 0
    endloop
  endfacet
  facet normal -0.659289 0.75189 0
    outer loop
      vertex 35.0569 20.7431 0
      vertex 34.2701 20.0532 2.4
      vertex 35.0569 20.7431 2.4
    endloop
  endfacet
  facet normal -0.659289 0.75189 0
    outer loop
      vertex 34.2701 20.0532 2.4
      vertex 35.0569 20.7431 0
      vertex 34.2701 20.0532 0
    endloop
  endfacet
  facet normal -0.442276 0.896879 0
    outer loop
      vertex 33.4 19.4718 0
      vertex 32.4615 19.009 2.4
      vertex 33.4 19.4718 2.4
    endloop
  endfacet
  facet normal -0.442276 0.896879 0
    outer loop
      vertex 32.4615 19.009 2.4
      vertex 33.4 19.4718 0
      vertex 32.4615 19.009 0
    endloop
  endfacet
  facet normal 0.321469 0.94692 -0
    outer loop
      vertex 27.3294 18.6726 0
      vertex 26.3385 19.009 2.4
      vertex 27.3294 18.6726 2.4
    endloop
  endfacet
  facet normal 0.321469 0.94692 0
    outer loop
      vertex 26.3385 19.009 2.4
      vertex 27.3294 18.6726 0
      vertex 26.3385 19.009 0
    endloop
  endfacet
  facet normal 0.980779 0.195124 0
    outer loop
      vertex 21.6726 24.3294 2.4
      vertex 21.4684 25.3558 0
      vertex 21.4684 25.3558 2.4
    endloop
  endfacet
  facet normal 0.980779 0.195124 0
    outer loop
      vertex 21.4684 25.3558 0
      vertex 21.6726 24.3294 2.4
      vertex 21.6726 24.3294 0
    endloop
  endfacet
  facet normal 0.896879 0.442276 0
    outer loop
      vertex 22.4718 22.4 2.4
      vertex 22.009 23.3385 0
      vertex 22.009 23.3385 2.4
    endloop
  endfacet
  facet normal 0.896879 0.442276 0
    outer loop
      vertex 22.009 23.3385 0
      vertex 22.4718 22.4 2.4
      vertex 22.4718 22.4 0
    endloop
  endfacet
  facet normal 0.94692 0.321469 0
    outer loop
      vertex 22.009 23.3385 2.4
      vertex 21.6726 24.3294 0
      vertex 21.6726 24.3294 2.4
    endloop
  endfacet
  facet normal 0.94692 0.321469 0
    outer loop
      vertex 21.6726 24.3294 0
      vertex 22.009 23.3385 2.4
      vertex 22.009 23.3385 0
    endloop
  endfacet
  facet normal -0.896879 -0.442276 0
    outer loop
      vertex 36.791 29.4615 0
      vertex 36.3282 30.4 2.4
      vertex 36.3282 30.4 0
    endloop
  endfacet
  facet normal -0.896879 -0.442276 0
    outer loop
      vertex 36.3282 30.4 2.4
      vertex 36.791 29.4615 0
      vertex 36.791 29.4615 2.4
    endloop
  endfacet
  facet normal -0.555582 -0.831462 0
    outer loop
      vertex 33.4 33.3282 0
      vertex 34.2701 32.7468 2.4
      vertex 33.4 33.3282 2.4
    endloop
  endfacet
  facet normal -0.555582 -0.831462 -0
    outer loop
      vertex 34.2701 32.7468 2.4
      vertex 33.4 33.3282 0
      vertex 34.2701 32.7468 0
    endloop
  endfacet
  facet normal 0.195124 -0.980779 0
    outer loop
      vertex 27.3294 34.1274 0
      vertex 28.3558 34.3316 2.4
      vertex 27.3294 34.1274 2.4
    endloop
  endfacet
  facet normal 0.195124 -0.980779 0
    outer loop
      vertex 28.3558 34.3316 2.4
      vertex 27.3294 34.1274 0
      vertex 28.3558 34.3316 0
    endloop
  endfacet
  facet normal -0.321469 0.94692 0
    outer loop
      vertex 32.4615 19.009 0
      vertex 31.4706 18.6726 2.4
      vertex 32.4615 19.009 2.4
    endloop
  endfacet
  facet normal -0.321469 0.94692 0
    outer loop
      vertex 31.4706 18.6726 2.4
      vertex 32.4615 19.009 0
      vertex 31.4706 18.6726 0
    endloop
  endfacet
  facet normal -0.0653646 0.997861 0
    outer loop
      vertex 30.4442 18.4684 0
      vertex 29.4 18.4 2.4
      vertex 30.4442 18.4684 2.4
    endloop
  endfacet
  facet normal -0.0653646 0.997861 0
    outer loop
      vertex 29.4 18.4 2.4
      vertex 30.4442 18.4684 0
      vertex 29.4 18.4 0
    endloop
  endfacet
  facet normal -0.195124 0.980779 0
    outer loop
      vertex 31.4706 18.6726 0
      vertex 30.4442 18.4684 2.4
      vertex 31.4706 18.6726 2.4
    endloop
  endfacet
  facet normal -0.195124 0.980779 0
    outer loop
      vertex 30.4442 18.4684 2.4
      vertex 31.4706 18.6726 0
      vertex 30.4442 18.4684 0
    endloop
  endfacet
  facet normal -0.555582 0.831462 0
    outer loop
      vertex 34.2701 20.0532 0
      vertex 33.4 19.4718 2.4
      vertex 34.2701 20.0532 2.4
    endloop
  endfacet
  facet normal -0.555582 0.831462 0
    outer loop
      vertex 33.4 19.4718 2.4
      vertex 34.2701 20.0532 0
      vertex 33.4 19.4718 0
    endloop
  endfacet
  facet normal -0.997861 0.0653646 0
    outer loop
      vertex 37.3316 25.3558 0
      vertex 37.4 26.4 2.4
      vertex 37.4 26.4 0
    endloop
  endfacet
  facet normal -0.997861 0.0653646 0
    outer loop
      vertex 37.4 26.4 2.4
      vertex 37.3316 25.3558 0
      vertex 37.3316 25.3558 2.4
    endloop
  endfacet
  facet normal -0.831462 0.555582 0
    outer loop
      vertex 35.7468 21.5299 0
      vertex 36.3282 22.4 2.4
      vertex 36.3282 22.4 0
    endloop
  endfacet
  facet normal -0.831462 0.555582 0
    outer loop
      vertex 36.3282 22.4 2.4
      vertex 35.7468 21.5299 0
      vertex 35.7468 21.5299 2.4
    endloop
  endfacet
  facet normal -0.75189 0.659289 0
    outer loop
      vertex 35.0569 20.7431 0
      vertex 35.7468 21.5299 2.4
      vertex 35.7468 21.5299 0
    endloop
  endfacet
  facet normal -0.75189 0.659289 0
    outer loop
      vertex 35.7468 21.5299 2.4
      vertex 35.0569 20.7431 0
      vertex 35.0569 20.7431 2.4
    endloop
  endfacet
  facet normal 0.195124 0.980779 -0
    outer loop
      vertex 28.3558 18.4684 0
      vertex 27.3294 18.6726 2.4
      vertex 28.3558 18.4684 2.4
    endloop
  endfacet
  facet normal 0.195124 0.980779 0
    outer loop
      vertex 27.3294 18.6726 2.4
      vertex 28.3558 18.4684 0
      vertex 27.3294 18.6726 0
    endloop
  endfacet
  facet normal 0.555582 0.831462 -0
    outer loop
      vertex 25.4 19.4718 0
      vertex 24.5299 20.0532 2.4
      vertex 25.4 19.4718 2.4
    endloop
  endfacet
  facet normal 0.555582 0.831462 0
    outer loop
      vertex 24.5299 20.0532 2.4
      vertex 25.4 19.4718 0
      vertex 24.5299 20.0532 0
    endloop
  endfacet
  facet normal 0.659289 0.75189 -0
    outer loop
      vertex 24.5299 20.0532 0
      vertex 23.7431 20.7431 2.4
      vertex 24.5299 20.0532 2.4
    endloop
  endfacet
  facet normal 0.659289 0.75189 0
    outer loop
      vertex 23.7431 20.7431 2.4
      vertex 24.5299 20.0532 0
      vertex 23.7431 20.7431 0
    endloop
  endfacet
  facet normal 0.442276 0.896879 -0
    outer loop
      vertex 26.3385 19.009 0
      vertex 25.4 19.4718 2.4
      vertex 26.3385 19.009 2.4
    endloop
  endfacet
  facet normal 0.442276 0.896879 0
    outer loop
      vertex 25.4 19.4718 2.4
      vertex 26.3385 19.009 0
      vertex 25.4 19.4718 0
    endloop
  endfacet
  facet normal 0.0653646 0.997861 -0
    outer loop
      vertex 29.4 18.4 0
      vertex 28.3558 18.4684 2.4
      vertex 29.4 18.4 2.4
    endloop
  endfacet
  facet normal 0.0653646 0.997861 0
    outer loop
      vertex 28.3558 18.4684 2.4
      vertex 29.4 18.4 0
      vertex 28.3558 18.4684 0
    endloop
  endfacet
  facet normal 0.75189 0.659289 0
    outer loop
      vertex 23.7431 20.7431 2.4
      vertex 23.0532 21.5299 0
      vertex 23.0532 21.5299 2.4
    endloop
  endfacet
  facet normal 0.75189 0.659289 0
    outer loop
      vertex 23.0532 21.5299 0
      vertex 23.7431 20.7431 2.4
      vertex 23.7431 20.7431 0
    endloop
  endfacet
  facet normal 0.997861 0.0653646 0
    outer loop
      vertex 21.4684 25.3558 2.4
      vertex 21.4 26.4 0
      vertex 21.4 26.4 2.4
    endloop
  endfacet
  facet normal 0.997861 0.0653646 0
    outer loop
      vertex 21.4 26.4 0
      vertex 21.4684 25.3558 2.4
      vertex 21.4684 25.3558 0
    endloop
  endfacet
  facet normal -0.195124 -0.980779 0
    outer loop
      vertex 30.4442 34.3316 0
      vertex 31.4706 34.1274 2.4
      vertex 30.4442 34.3316 2.4
    endloop
  endfacet
  facet normal -0.195124 -0.980779 -0
    outer loop
      vertex 31.4706 34.1274 2.4
      vertex 30.4442 34.3316 0
      vertex 31.4706 34.1274 0
    endloop
  endfacet
  facet normal 0.75189 -0.659289 0
    outer loop
      vertex 23.0532 31.2701 2.4
      vertex 23.7431 32.0569 0
      vertex 23.7431 32.0569 2.4
    endloop
  endfacet
  facet normal 0.75189 -0.659289 0
    outer loop
      vertex 23.7431 32.0569 0
      vertex 23.0532 31.2701 2.4
      vertex 23.0532 31.2701 0
    endloop
  endfacet
  facet normal 0.980779 -0.195124 0
    outer loop
      vertex 21.4684 27.4442 2.4
      vertex 21.6726 28.4706 0
      vertex 21.6726 28.4706 2.4
    endloop
  endfacet
  facet normal 0.980779 -0.195124 0
    outer loop
      vertex 21.6726 28.4706 0
      vertex 21.4684 27.4442 2.4
      vertex 21.4684 27.4442 0
    endloop
  endfacet
  facet normal 0.555582 -0.831462 0
    outer loop
      vertex 24.5299 32.7468 0
      vertex 25.4 33.3282 2.4
      vertex 24.5299 32.7468 2.4
    endloop
  endfacet
  facet normal 0.555582 -0.831462 0
    outer loop
      vertex 25.4 33.3282 2.4
      vertex 24.5299 32.7468 0
      vertex 25.4 33.3282 0
    endloop
  endfacet
  facet normal -0.896879 0.442276 0
    outer loop
      vertex 36.3282 22.4 0
      vertex 36.791 23.3385 2.4
      vertex 36.791 23.3385 0
    endloop
  endfacet
  facet normal -0.896879 0.442276 0
    outer loop
      vertex 36.791 23.3385 2.4
      vertex 36.3282 22.4 0
      vertex 36.3282 22.4 2.4
    endloop
  endfacet
  facet normal -0.94692 0.321469 0
    outer loop
      vertex 36.791 23.3385 0
      vertex 37.1274 24.3294 2.4
      vertex 37.1274 24.3294 0
    endloop
  endfacet
  facet normal -0.94692 0.321469 0
    outer loop
      vertex 37.1274 24.3294 2.4
      vertex 36.791 23.3385 0
      vertex 36.791 23.3385 2.4
    endloop
  endfacet
  facet normal -0.980779 0.195124 0
    outer loop
      vertex 37.1274 24.3294 0
      vertex 37.3316 25.3558 2.4
      vertex 37.3316 25.3558 0
    endloop
  endfacet
  facet normal -0.980779 0.195124 0
    outer loop
      vertex 37.3316 25.3558 2.4
      vertex 37.1274 24.3294 0
      vertex 37.1274 24.3294 2.4
    endloop
  endfacet
  facet normal 1 -0 0
    outer loop
      vertex 22.9 0 13
      vertex 22.9 2.4 9.5
      vertex 22.9 2.4 13
    endloop
  endfacet
  facet normal 1 0 0
    outer loop
      vertex 22.9 2.4 9.5
      vertex 22.9 0 13
      vertex 22.9 0 9.5
    endloop
  endfacet
  facet normal -1 0 0
    outer loop
      vertex 35.9 0 9.5
      vertex 35.9 2.4 13
      vertex 35.9 2.4 9.5
    endloop
  endfacet
  facet normal -1 -0 0
    outer loop
      vertex 35.9 2.4 13
      vertex 35.9 0 9.5
      vertex 35.9 0 13
    endloop
  endfacet
  facet normal -0 0 1
    outer loop
      vertex 22.9 2.4 9.5
      vertex 35.9 0 9.5
      vertex 35.9 2.4 9.5
    endloop
  endfacet
  facet normal 0 0 1
    outer loop
      vertex 35.9 0 9.5
      vertex 22.9 2.4 9.5
      vertex 22.9 0 9.5
    endloop
  endfacet
endsolid OpenSCAD_Model
