solid OpenSCAD_Model
  facet normal -1 0 0
    outer loop
      vertex 0 6.5 0
      vertex 0 128.3 15.8
      vertex 0 128.3 0
    endloop
  endfacet
  facet normal -1 -0 0
    outer loop
      vertex 0 128.3 15.8
      vertex 0 6.5 0
      vertex 0 6.5 15.8
    endloop
  endfacet
  facet normal -0.896873 -0.442288 0
    outer loop
      vertex 0.870834 3.25 0
      vertex 0.494782 4.01256 15.8
      vertex 0.494782 4.01256 0
    endloop
  endfacet
  facet normal -0.896873 -0.442288 0
    outer loop
      vertex 0.494782 4.01256 15.8
      vertex 0.870834 3.25 0
      vertex 0.870834 3.25 15.8
    endloop
  endfacet
  facet normal 0.896999 0.442033 0
    outer loop
      vertex 58.3052 130.787 15.8
      vertex 57.9292 131.55 0
      vertex 57.9292 131.55 15.8
    endloop
  endfacet
  facet normal 0.896999 0.442033 0
    outer loop
      vertex 57.9292 131.55 0
      vertex 58.3052 130.787 15.8
      vertex 58.3052 130.787 0
    endloop
  endfacet
  facet normal 0.0658633 0.997829 -0
    outer loop
      vertex 53.1484 134.744 0
      vertex 52.3 134.8 15.8
      vertex 53.1484 134.744 15.8
    endloop
  endfacet
  facet normal 0.0658633 0.997829 0
    outer loop
      vertex 52.3 134.8 15.8
      vertex 53.1484 134.744 0
      vertex 52.3 134.8 0
    endloop
  endfacet
  facet normal 0.946931 -0.321438 0
    outer loop
      vertex 58.3052 4.01256 15.8
      vertex 58.5785 4.81768 0
      vertex 58.5785 4.81768 15.8
    endloop
  endfacet
  facet normal 0.946931 -0.321438 0
    outer loop
      vertex 58.5785 4.81768 0
      vertex 58.3052 4.01256 15.8
      vertex 58.3052 4.01256 0
    endloop
  endfacet
  facet normal 0.997857 0.0654256 0
    outer loop
      vertex 58.8 128.3 15.8
      vertex 58.7444 129.148 0
      vertex 58.7444 129.148 15.8
    endloop
  endfacet
  facet normal 0.997857 0.0654256 0
    outer loop
      vertex 58.7444 129.148 0
      vertex 58.8 128.3 15.8
      vertex 58.8 128.3 0
    endloop
  endfacet
  facet normal -0.946916 0.321482 0
    outer loop
      vertex 0.221481 129.982 0
      vertex 0.494782 130.787 15.8
      vertex 0.494782 130.787 0
    endloop
  endfacet
  facet normal -0.946916 0.321482 0
    outer loop
      vertex 0.494782 130.787 15.8
      vertex 0.221481 129.982 0
      vertex 0.221481 129.982 15.8
    endloop
  endfacet
  facet normal 1 -0 0
    outer loop
      vertex 58.8 6.5 15.8
      vertex 58.8 128.3 0
      vertex 58.8 128.3 15.8
    endloop
  endfacet
  facet normal 1 0 0
    outer loop
      vertex 58.8 128.3 0
      vertex 58.8 6.5 15.8
      vertex 58.8 6.5 0
    endloop
  endfacet
  facet normal -0.0654024 -0.997859 0
    outer loop
      vertex 5.65158 0.0556078 0
      vertex 6.5 0 15.8
      vertex 5.65158 0.0556078 15.8
    endloop
  endfacet
  facet normal -0.0654024 -0.997859 -0
    outer loop
      vertex 6.5 0 15.8
      vertex 5.65158 0.0556078 0
      vertex 6.5 0 0
    endloop
  endfacet
  facet normal 0 0 1
    outer loop
      vertex 56.4 128.3 15.8
      vertex 58.8 128.3 15.8
      vertex 58.7444 129.148 15.8
    endloop
  endfacet
  facet normal 0 0 1
    outer loop
      vertex 58.8 128.3 15.8
      vertex 56.4 128.3 15.8
      vertex 58.8 6.5 15.8
    endloop
  endfacet
  facet normal 0 0 1
    outer loop
      vertex 56.3649 128.835 15.8
      vertex 58.7444 129.148 15.8
      vertex 58.5785 129.982 15.8
    endloop
  endfacet
  facet normal 0 0 1
    outer loop
      vertex 56.4 6.5 15.8
      vertex 58.8 6.5 15.8
      vertex 56.4 128.3 15.8
    endloop
  endfacet
  facet normal 0 0 1
    outer loop
      vertex 56.2603 129.361 15.8
      vertex 58.5785 129.982 15.8
      vertex 58.3052 130.787 15.8
    endloop
  endfacet
  facet normal 0 0 1
    outer loop
      vertex 58.8 6.5 15.8
      vertex 56.4 6.5 15.8
      vertex 58.7444 5.65158 15.8
    endloop
  endfacet
  facet normal 0 0 1
    outer loop
      vertex 56.0879 129.869 15.8
      vertex 58.3052 130.787 15.8
      vertex 57.9292 131.55 15.8
    endloop
  endfacet
  facet normal -0 0 1
    outer loop
      vertex 56.3649 5.96484 15.8
      vertex 58.7444 5.65158 15.8
      vertex 56.4 6.5 15.8
    endloop
  endfacet
  facet normal 0 0 1
    outer loop
      vertex 55.8507 130.35 15.8
      vertex 57.9292 131.55 15.8
      vertex 57.4568 132.257 15.8
    endloop
  endfacet
  facet normal 0 0 1
    outer loop
      vertex 58.7444 5.65158 15.8
      vertex 56.3649 5.96484 15.8
      vertex 58.5785 4.81768 15.8
    endloop
  endfacet
  facet normal 0 0 1
    outer loop
      vertex 55.5527 130.796 15.8
      vertex 57.4568 132.257 15.8
      vertex 56.8962 132.896 15.8
    endloop
  endfacet
  facet normal -0 0 1
    outer loop
      vertex 56.2603 5.43884 15.8
      vertex 58.5785 4.81768 15.8
      vertex 56.3649 5.96484 15.8
    endloop
  endfacet
  facet normal 0 0 1
    outer loop
      vertex 58.5785 4.81768 15.8
      vertex 56.2603 5.43884 15.8
      vertex 58.3052 4.01256 15.8
    endloop
  endfacet
  facet normal 0 0 1
    outer loop
      vertex 58.7444 129.148 15.8
      vertex 56.3649 128.835 15.8
      vertex 56.4 128.3 15.8
    endloop
  endfacet
  facet normal 0 0 1
    outer loop
      vertex 58.5785 129.982 15.8
      vertex 56.2603 129.361 15.8
      vertex 56.3649 128.835 15.8
    endloop
  endfacet
  facet normal 0 0 1
    outer loop
      vertex 55.1991 131.199 15.8
      vertex 56.8962 132.896 15.8
      vertex 56.257 133.457 15.8
    endloop
  endfacet
  facet normal 0 0 1
    outer loop
      vertex 58.3052 130.787 15.8
      vertex 56.0879 129.869 15.8
      vertex 56.2603 129.361 15.8
    endloop
  endfacet
  facet normal 0 0 1
    outer loop
      vertex 57.9292 131.55 15.8
      vertex 55.8507 130.35 15.8
      vertex 56.0879 129.869 15.8
    endloop
  endfacet
  facet normal 0 0 1
    outer loop
      vertex 57.4568 132.257 15.8
      vertex 55.5527 130.796 15.8
      vertex 55.8507 130.35 15.8
    endloop
  endfacet
  facet normal 0 0 1
    outer loop
      vertex 54.7959 131.553 15.8
      vertex 56.257 133.457 15.8
      vertex 55.55 133.929 15.8
    endloop
  endfacet
  facet normal 0 0 1
    outer loop
      vertex 56.8962 132.896 15.8
      vertex 55.1991 131.199 15.8
      vertex 55.5527 130.796 15.8
    endloop
  endfacet
  facet normal 0 0 1
    outer loop
      vertex 56.257 133.457 15.8
      vertex 54.7959 131.553 15.8
      vertex 55.1991 131.199 15.8
    endloop
  endfacet
  facet normal 0 0 1
    outer loop
      vertex 54.35 131.851 15.8
      vertex 55.55 133.929 15.8
      vertex 54.7874 134.305 15.8
    endloop
  endfacet
  facet normal 0 0 1
    outer loop
      vertex 55.55 133.929 15.8
      vertex 54.35 131.851 15.8
      vertex 54.7959 131.553 15.8
    endloop
  endfacet
  facet normal 0 0 1
    outer loop
      vertex 53.869 132.088 15.8
      vertex 54.7874 134.305 15.8
      vertex 53.9823 134.579 15.8
    endloop
  endfacet
  facet normal 0 0 1
    outer loop
      vertex 54.7874 134.305 15.8
      vertex 53.869 132.088 15.8
      vertex 54.35 131.851 15.8
    endloop
  endfacet
  facet normal 0 0 1
    outer loop
      vertex 53.9823 134.579 15.8
      vertex 53.3612 132.26 15.8
      vertex 53.869 132.088 15.8
    endloop
  endfacet
  facet normal 0 0 1
    outer loop
      vertex 53.1484 134.744 15.8
      vertex 53.3612 132.26 15.8
      vertex 53.9823 134.579 15.8
    endloop
  endfacet
  facet normal 0 0 1
    outer loop
      vertex 53.1484 134.744 15.8
      vertex 52.8352 132.365 15.8
      vertex 53.3612 132.26 15.8
    endloop
  endfacet
  facet normal 0 0 1
    outer loop
      vertex 52.3 134.8 15.8
      vertex 52.8352 132.365 15.8
      vertex 53.1484 134.744 15.8
    endloop
  endfacet
  facet normal 0 0 1
    outer loop
      vertex 52.3 134.8 15.8
      vertex 52.3 132.4 15.8
      vertex 52.8352 132.365 15.8
    endloop
  endfacet
  facet normal -0 0 1
    outer loop
      vertex 6.5 134.8 15.8
      vertex 52.3 132.4 15.8
      vertex 52.3 134.8 15.8
    endloop
  endfacet
  facet normal 0 0 1
    outer loop
      vertex 6.5 134.8 15.8
      vertex 6.5 132.4 15.8
      vertex 52.3 132.4 15.8
    endloop
  endfacet
  facet normal 0 0 1
    outer loop
      vertex 6.5 134.8 15.8
      vertex 5.96484 132.365 15.8
      vertex 6.5 132.4 15.8
    endloop
  endfacet
  facet normal -0 0 1
    outer loop
      vertex 5.65158 134.744 15.8
      vertex 5.96484 132.365 15.8
      vertex 6.5 134.8 15.8
    endloop
  endfacet
  facet normal 0 0 1
    outer loop
      vertex 5.65158 134.744 15.8
      vertex 5.43884 132.26 15.8
      vertex 5.96484 132.365 15.8
    endloop
  endfacet
  facet normal -0 0 1
    outer loop
      vertex 4.81768 134.579 15.8
      vertex 5.43884 132.26 15.8
      vertex 5.65158 134.744 15.8
    endloop
  endfacet
  facet normal 0 0 1
    outer loop
      vertex 5.43884 132.26 15.8
      vertex 4.81768 134.579 15.8
      vertex 4.931 132.088 15.8
    endloop
  endfacet
  facet normal -0 0 1
    outer loop
      vertex 4.01256 134.305 15.8
      vertex 4.931 132.088 15.8
      vertex 4.81768 134.579 15.8
    endloop
  endfacet
  facet normal 0 0 1
    outer loop
      vertex 4.931 132.088 15.8
      vertex 4.01256 134.305 15.8
      vertex 4.45 131.851 15.8
    endloop
  endfacet
  facet normal -0 0 1
    outer loop
      vertex 3.25 133.929 15.8
      vertex 4.45 131.851 15.8
      vertex 4.01256 134.305 15.8
    endloop
  endfacet
  facet normal 0 0 1
    outer loop
      vertex 4.45 131.851 15.8
      vertex 3.25 133.929 15.8
      vertex 4.00408 131.553 15.8
    endloop
  endfacet
  facet normal -0 0 1
    outer loop
      vertex 2.54305 133.457 15.8
      vertex 4.00408 131.553 15.8
      vertex 3.25 133.929 15.8
    endloop
  endfacet
  facet normal 0 0 1
    outer loop
      vertex 4.00408 131.553 15.8
      vertex 2.54305 133.457 15.8
      vertex 3.60086 131.199 15.8
    endloop
  endfacet
  facet normal -0 0 1
    outer loop
      vertex 1.90381 132.896 15.8
      vertex 3.60086 131.199 15.8
      vertex 2.54305 133.457 15.8
    endloop
  endfacet
  facet normal 0 0 1
    outer loop
      vertex 3.60086 131.199 15.8
      vertex 1.90381 132.896 15.8
      vertex 3.24725 130.796 15.8
    endloop
  endfacet
  facet normal -0 0 1
    outer loop
      vertex 1.3432 132.257 15.8
      vertex 3.24725 130.796 15.8
      vertex 1.90381 132.896 15.8
    endloop
  endfacet
  facet normal 0 0 1
    outer loop
      vertex 3.24725 130.796 15.8
      vertex 1.3432 132.257 15.8
      vertex 2.9493 130.35 15.8
    endloop
  endfacet
  facet normal -0 0 1
    outer loop
      vertex 0.870834 131.55 15.8
      vertex 2.9493 130.35 15.8
      vertex 1.3432 132.257 15.8
    endloop
  endfacet
  facet normal 0 0 1
    outer loop
      vertex 2.9493 130.35 15.8
      vertex 0.870834 131.55 15.8
      vertex 2.71209 129.869 15.8
    endloop
  endfacet
  facet normal 0 0 1
    outer loop
      vertex 2.71209 129.869 15.8
      vertex 0.494782 130.787 15.8
      vertex 2.5397 129.361 15.8
    endloop
  endfacet
  facet normal -0 0 1
    outer loop
      vertex 0.494782 130.787 15.8
      vertex 2.71209 129.869 15.8
      vertex 0.870834 131.55 15.8
    endloop
  endfacet
  facet normal -0 0 1
    outer loop
      vertex 56.0879 4.931 15.8
      vertex 58.3052 4.01256 15.8
      vertex 56.2603 5.43884 15.8
    endloop
  endfacet
  facet normal 0 0 1
    outer loop
      vertex 58.3052 4.01256 15.8
      vertex 56.0879 4.931 15.8
      vertex 57.9292 3.25 15.8
    endloop
  endfacet
  facet normal -0 0 1
    outer loop
      vertex 55.8507 4.45 15.8
      vertex 57.9292 3.25 15.8
      vertex 56.0879 4.931 15.8
    endloop
  endfacet
  facet normal 0 0 1
    outer loop
      vertex 57.9292 3.25 15.8
      vertex 55.8507 4.45 15.8
      vertex 57.4568 2.54305 15.8
    endloop
  endfacet
  facet normal -0 0 1
    outer loop
      vertex 55.5527 4.00408 15.8
      vertex 57.4568 2.54305 15.8
      vertex 55.8507 4.45 15.8
    endloop
  endfacet
  facet normal 0 0 1
    outer loop
      vertex 57.4568 2.54305 15.8
      vertex 55.5527 4.00408 15.8
      vertex 56.8962 1.90381 15.8
    endloop
  endfacet
  facet normal -0 0 1
    outer loop
      vertex 55.1991 3.60086 15.8
      vertex 56.8962 1.90381 15.8
      vertex 55.5527 4.00408 15.8
    endloop
  endfacet
  facet normal 0 0 1
    outer loop
      vertex 56.8962 1.90381 15.8
      vertex 55.1991 3.60086 15.8
      vertex 56.257 1.3432 15.8
    endloop
  endfacet
  facet normal -0 0 1
    outer loop
      vertex 54.7959 3.24725 15.8
      vertex 56.257 1.3432 15.8
      vertex 55.1991 3.60086 15.8
    endloop
  endfacet
  facet normal 0 0 1
    outer loop
      vertex 56.257 1.3432 15.8
      vertex 54.7959 3.24725 15.8
      vertex 55.55 0.870834 15.8
    endloop
  endfacet
  facet normal -0 0 1
    outer loop
      vertex 54.35 2.9493 15.8
      vertex 55.55 0.870834 15.8
      vertex 54.7959 3.24725 15.8
    endloop
  endfacet
  facet normal 0 0 1
    outer loop
      vertex 55.55 0.870834 15.8
      vertex 54.35 2.9493 15.8
      vertex 54.7874 0.494782 15.8
    endloop
  endfacet
  facet normal -0 0 1
    outer loop
      vertex 53.869 2.71209 15.8
      vertex 54.7874 0.494782 15.8
      vertex 54.35 2.9493 15.8
    endloop
  endfacet
  facet normal 0 0 1
    outer loop
      vertex 54.7874 0.494782 15.8
      vertex 53.869 2.71209 15.8
      vertex 53.9823 0.221481 15.8
    endloop
  endfacet
  facet normal -0 0 1
    outer loop
      vertex 53.3612 2.5397 15.8
      vertex 53.9823 0.221481 15.8
      vertex 53.869 2.71209 15.8
    endloop
  endfacet
  facet normal 0 0 1
    outer loop
      vertex 53.3612 2.5397 15.8
      vertex 53.1484 0.0556078 15.8
      vertex 53.9823 0.221481 15.8
    endloop
  endfacet
  facet normal -0 0 1
    outer loop
      vertex 52.8352 2.43508 15.8
      vertex 53.1484 0.0556078 15.8
      vertex 53.3612 2.5397 15.8
    endloop
  endfacet
  facet normal -0 0 1
    outer loop
      vertex 52.3 2.4 15.8
      vertex 53.1484 0.0556078 15.8
      vertex 52.8352 2.43508 15.8
    endloop
  endfacet
  facet normal 0 0 1
    outer loop
      vertex 52.3 2.4 15.8
      vertex 52.3 0 15.8
      vertex 53.1484 0.0556078 15.8
    endloop
  endfacet
  facet normal -0 0 1
    outer loop
      vertex 35.9 2.4 15.8
      vertex 52.3 0 15.8
      vertex 52.3 2.4 15.8
    endloop
  endfacet
  facet normal 0 0 1
    outer loop
      vertex 52.3 0 15.8
      vertex 35.9 2.4 15.8
      vertex 35.9 0 15.8
    endloop
  endfacet
  facet normal -0 0 1
    outer loop
      vertex 6.5 2.4 15.8
      vertex 22.9 0 15.8
      vertex 22.9 2.4 15.8
    endloop
  endfacet
  facet normal 0 0 1
    outer loop
      vertex 6.5 2.4 15.8
      vertex 6.5 0 15.8
      vertex 22.9 0 15.8
    endloop
  endfacet
  facet normal 0 0 1
    outer loop
      vertex 5.96484 2.43508 15.8
      vertex 6.5 0 15.8
      vertex 6.5 2.4 15.8
    endloop
  endfacet
  facet normal 0 0 1
    outer loop
      vertex 5.96484 2.43508 15.8
      vertex 5.65158 0.0556078 15.8
      vertex 6.5 0 15.8
    endloop
  endfacet
  facet normal 0 0 1
    outer loop
      vertex 5.43884 2.5397 15.8
      vertex 5.65158 0.0556078 15.8
      vertex 5.96484 2.43508 15.8
    endloop
  endfacet
  facet normal 0 0 1
    outer loop
      vertex 4.81768 0.221481 15.8
      vertex 5.43884 2.5397 15.8
      vertex 4.931 2.71209 15.8
    endloop
  endfacet
  facet normal 0 0 1
    outer loop
      vertex 5.43884 2.5397 15.8
      vertex 4.81768 0.221481 15.8
      vertex 5.65158 0.0556078 15.8
    endloop
  endfacet
  facet normal 0 0 1
    outer loop
      vertex 4.01256 0.494782 15.8
      vertex 4.931 2.71209 15.8
      vertex 4.45 2.9493 15.8
    endloop
  endfacet
  facet normal 0 0 1
    outer loop
      vertex 4.931 2.71209 15.8
      vertex 4.01256 0.494782 15.8
      vertex 4.81768 0.221481 15.8
    endloop
  endfacet
  facet normal 0 0 1
    outer loop
      vertex 3.25 0.870834 15.8
      vertex 4.45 2.9493 15.8
      vertex 4.00408 3.24725 15.8
    endloop
  endfacet
  facet normal 0 0 1
    outer loop
      vertex 2.54305 1.3432 15.8
      vertex 4.00408 3.24725 15.8
      vertex 3.60086 3.60086 15.8
    endloop
  endfacet
  facet normal 0 0 1
    outer loop
      vertex 4.45 2.9493 15.8
      vertex 3.25 0.870834 15.8
      vertex 4.01256 0.494782 15.8
    endloop
  endfacet
  facet normal 0 0 1
    outer loop
      vertex 1.90381 1.90381 15.8
      vertex 3.60086 3.60086 15.8
      vertex 3.24725 4.00408 15.8
    endloop
  endfacet
  facet normal 0 0 1
    outer loop
      vertex 1.3432 2.54305 15.8
      vertex 3.24725 4.00408 15.8
      vertex 2.9493 4.45 15.8
    endloop
  endfacet
  facet normal 0 0 1
    outer loop
      vertex 0.870834 3.25 15.8
      vertex 2.9493 4.45 15.8
      vertex 2.71209 4.931 15.8
    endloop
  endfacet
  facet normal 0 0 1
    outer loop
      vertex 4.00408 3.24725 15.8
      vertex 2.54305 1.3432 15.8
      vertex 3.25 0.870834 15.8
    endloop
  endfacet
  facet normal 0 0 1
    outer loop
      vertex 0.494782 4.01256 15.8
      vertex 2.71209 4.931 15.8
      vertex 2.5397 5.43884 15.8
    endloop
  endfacet
  facet normal 0 0 1
    outer loop
      vertex 0.221481 4.81768 15.8
      vertex 2.5397 5.43884 15.8
      vertex 2.43508 5.96484 15.8
    endloop
  endfacet
  facet normal 0 0 1
    outer loop
      vertex 0.0556078 5.65158 15.8
      vertex 2.43508 5.96484 15.8
      vertex 2.4 6.5 15.8
    endloop
  endfacet
  facet normal 0 0 1
    outer loop
      vertex 3.60086 3.60086 15.8
      vertex 1.90381 1.90381 15.8
      vertex 2.54305 1.3432 15.8
    endloop
  endfacet
  facet normal 0 0 1
    outer loop
      vertex 2.4 128.3 15.8
      vertex 0 128.3 15.8
      vertex 2.4 6.5 15.8
    endloop
  endfacet
  facet normal -0 0 1
    outer loop
      vertex 0.221481 129.982 15.8
      vertex 2.5397 129.361 15.8
      vertex 0.494782 130.787 15.8
    endloop
  endfacet
  facet normal 0 0 1
    outer loop
      vertex 0 6.5 15.8
      vertex 2.4 6.5 15.8
      vertex 0 128.3 15.8
    endloop
  endfacet
  facet normal 0 0 1
    outer loop
      vertex 2.5397 129.361 15.8
      vertex 0.221481 129.982 15.8
      vertex 2.43508 128.835 15.8
    endloop
  endfacet
  facet normal 0 -0 1
    outer loop
      vertex 0.0556078 5.65158 15.8
      vertex 2.4 6.5 15.8
      vertex 0 6.5 15.8
    endloop
  endfacet
  facet normal -0 0 1
    outer loop
      vertex 0.0556078 129.148 15.8
      vertex 2.43508 128.835 15.8
      vertex 0.221481 129.982 15.8
    endloop
  endfacet
  facet normal 0 0 1
    outer loop
      vertex 3.24725 4.00408 15.8
      vertex 1.3432 2.54305 15.8
      vertex 1.90381 1.90381 15.8
    endloop
  endfacet
  facet normal 0 0 1
    outer loop
      vertex 2.43508 128.835 15.8
      vertex 0.0556078 129.148 15.8
      vertex 2.4 128.3 15.8
    endloop
  endfacet
  facet normal 0 0 1
    outer loop
      vertex 2.9493 4.45 15.8
      vertex 0.870834 3.25 15.8
      vertex 1.3432 2.54305 15.8
    endloop
  endfacet
  facet normal 0 0 1
    outer loop
      vertex 2.4 128.3 15.8
      vertex 0.0556078 129.148 15.8
      vertex 0 128.3 15.8
    endloop
  endfacet
  facet normal 0 0 1
    outer loop
      vertex 2.71209 4.931 15.8
      vertex 0.494782 4.01256 15.8
      vertex 0.870834 3.25 15.8
    endloop
  endfacet
  facet normal 0 0 1
    outer loop
      vertex 2.5397 5.43884 15.8
      vertex 0.221481 4.81768 15.8
      vertex 0.494782 4.01256 15.8
    endloop
  endfacet
  facet normal 0 0 1
    outer loop
      vertex 2.43508 5.96484 15.8
      vertex 0.0556078 5.65158 15.8
      vertex 0.221481 4.81768 15.8
    endloop
  endfacet
  facet normal -0.997857 0.0654347 0
    outer loop
      vertex 0 128.3 0
      vertex 0.0556078 129.148 15.8
      vertex 0.0556078 129.148 0
    endloop
  endfacet
  facet normal -0.997857 0.0654347 0
    outer loop
      vertex 0.0556078 129.148 15.8
      vertex 0 128.3 0
      vertex 0 128.3 15.8
    endloop
  endfacet
  facet normal -0.0658617 0.997829 0
    outer loop
      vertex 6.5 134.8 0
      vertex 5.65158 134.744 15.8
      vertex 6.5 134.8 15.8
    endloop
  endfacet
  facet normal -0.0658617 0.997829 0
    outer loop
      vertex 5.65158 134.744 15.8
      vertex 6.5 134.8 0
      vertex 5.65158 134.744 0
    endloop
  endfacet
  facet normal 0.896897 -0.442239 0
    outer loop
      vertex 57.9292 3.25 15.8
      vertex 58.3052 4.01256 0
      vertex 58.3052 4.01256 15.8
    endloop
  endfacet
  facet normal 0.896897 -0.442239 0
    outer loop
      vertex 58.3052 4.01256 0
      vertex 57.9292 3.25 15.8
      vertex 57.9292 3.25 0
    endloop
  endfacet
  facet normal 0.99786 -0.0653933 0
    outer loop
      vertex 58.7444 5.65158 15.8
      vertex 58.8 6.5 0
      vertex 58.8 6.5 15.8
    endloop
  endfacet
  facet normal 0.99786 -0.0653933 0
    outer loop
      vertex 58.8 6.5 0
      vertex 58.7444 5.65158 15.8
      vertex 58.7444 5.65158 0
    endloop
  endfacet
  facet normal -0.98079 0.195068 0
    outer loop
      vertex 0.0556078 129.148 0
      vertex 0.221481 129.982 15.8
      vertex 0.221481 129.982 0
    endloop
  endfacet
  facet normal -0.98079 0.195068 0
    outer loop
      vertex 0.221481 129.982 15.8
      vertex 0.0556078 129.148 0
      vertex 0.0556078 129.148 15.8
    endloop
  endfacet
  facet normal 0 1 -0
    outer loop
      vertex 52.3 134.8 0
      vertex 6.5 134.8 15.8
      vertex 52.3 134.8 15.8
    endloop
  endfacet
  facet normal 0 1 0
    outer loop
      vertex 6.5 134.8 15.8
      vertex 52.3 134.8 0
      vertex 6.5 134.8 0
    endloop
  endfacet
  facet normal -0 0 -1
    outer loop
      vertex 27.3 116.197 0
      vertex 26.965 115.973 0
      vertex 27.3 121.8 0
    endloop
  endfacet
  facet normal -0 0 -1
    outer loop
      vertex 27.3 25.3973 0
      vertex 26.965 25.1734 0
      vertex 27.3 31 0
    endloop
  endfacet
  facet normal 0 0 -1
    outer loop
      vertex 32.8641 110.8 0
      vertex 58.8 128.3 0
      vertex 33.3668 70.4438 0
    endloop
  endfacet
  facet normal 0 0 -1
    outer loop
      vertex 58.8 128.3 0
      vertex 33.3658 112.278 0
      vertex 33.4 112.8 0
    endloop
  endfacet
  facet normal 0 0 -1
    outer loop
      vertex 58.8 128.3 0
      vertex 33.2637 111.765 0
      vertex 33.3658 112.278 0
    endloop
  endfacet
  facet normal 0 0 -1
    outer loop
      vertex 58.8 128.3 0
      vertex 33.0955 111.269 0
      vertex 33.2637 111.765 0
    endloop
  endfacet
  facet normal 0 0 -1
    outer loop
      vertex 32.5734 110.365 0
      vertex 33.3668 70.4438 0
      vertex 32.9355 70.9355 0
    endloop
  endfacet
  facet normal 0 0 -1
    outer loop
      vertex 58.8 128.3 0
      vertex 32.8641 110.8 0
      vertex 33.0955 111.269 0
    endloop
  endfacet
  facet normal 0 0 -1
    outer loop
      vertex 33.3668 70.4438 0
      vertex 32.5734 110.365 0
      vertex 32.8641 110.8 0
    endloop
  endfacet
  facet normal 0 0 -1
    outer loop
      vertex 32.2284 109.972 0
      vertex 32.9355 70.9355 0
      vertex 32.4438 71.3668 0
    endloop
  endfacet
  facet normal 0 0 -1
    outer loop
      vertex 32.9355 70.9355 0
      vertex 32.2284 109.972 0
      vertex 32.5734 110.365 0
    endloop
  endfacet
  facet normal 0 0 -1
    outer loop
      vertex 31.835 109.627 0
      vertex 32.4438 71.3668 0
      vertex 31.9 71.7301 0
    endloop
  endfacet
  facet normal 0 0 -1
    outer loop
      vertex 32.4438 71.3668 0
      vertex 31.835 109.627 0
      vertex 32.2284 109.972 0
    endloop
  endfacet
  facet normal 0 0 -1
    outer loop
      vertex 31.9 71.7301 0
      vertex 31.4 109.336 0
      vertex 31.835 109.627 0
    endloop
  endfacet
  facet normal 0 0 -1
    outer loop
      vertex 31.3134 72.0194 0
      vertex 31.4 109.336 0
      vertex 31.9 71.7301 0
    endloop
  endfacet
  facet normal 0 0 -1
    outer loop
      vertex 31.3134 72.0194 0
      vertex 30.9307 109.104 0
      vertex 31.4 109.336 0
    endloop
  endfacet
  facet normal 0 0 -1
    outer loop
      vertex 30.6941 72.2296 0
      vertex 30.9307 109.104 0
      vertex 31.3134 72.0194 0
    endloop
  endfacet
  facet normal 0 0 -1
    outer loop
      vertex 30.6941 72.2296 0
      vertex 30.4353 108.936 0
      vertex 30.9307 109.104 0
    endloop
  endfacet
  facet normal 0 0 -1
    outer loop
      vertex 30.0526 72.3572 0
      vertex 30.4353 108.936 0
      vertex 30.6941 72.2296 0
    endloop
  endfacet
  facet normal 0 0 -1
    outer loop
      vertex 30.0526 72.3572 0
      vertex 29.9221 108.834 0
      vertex 30.4353 108.936 0
    endloop
  endfacet
  facet normal 0 0 -1
    outer loop
      vertex 29.4 72.4 0
      vertex 29.9221 108.834 0
      vertex 30.0526 72.3572 0
    endloop
  endfacet
  facet normal 0 0 -1
    outer loop
      vertex 29.4 72.4 0
      vertex 29.4 108.8 0
      vertex 29.9221 108.834 0
    endloop
  endfacet
  facet normal 0 0 -1
    outer loop
      vertex 29.4 72.4 0
      vertex 28.8779 108.834 0
      vertex 29.4 108.8 0
    endloop
  endfacet
  facet normal 0 0 -1
    outer loop
      vertex 28.7474 72.3572 0
      vertex 28.8779 108.834 0
      vertex 29.4 72.4 0
    endloop
  endfacet
  facet normal 0 0 -1
    outer loop
      vertex 28.7474 72.3572 0
      vertex 28.3647 108.936 0
      vertex 28.8779 108.834 0
    endloop
  endfacet
  facet normal 0 0 -1
    outer loop
      vertex 28.1059 72.2296 0
      vertex 28.3647 108.936 0
      vertex 28.7474 72.3572 0
    endloop
  endfacet
  facet normal 0 0 -1
    outer loop
      vertex 28.1059 72.2296 0
      vertex 27.8693 109.104 0
      vertex 28.3647 108.936 0
    endloop
  endfacet
  facet normal 0 0 -1
    outer loop
      vertex 27.4866 72.0194 0
      vertex 27.8693 109.104 0
      vertex 28.1059 72.2296 0
    endloop
  endfacet
  facet normal 0 0 -1
    outer loop
      vertex 27.4866 72.0194 0
      vertex 27.4 109.336 0
      vertex 27.8693 109.104 0
    endloop
  endfacet
  facet normal 0 0 -1
    outer loop
      vertex 26.9 71.7301 0
      vertex 27.4 109.336 0
      vertex 27.4866 72.0194 0
    endloop
  endfacet
  facet normal -0 0 -1
    outer loop
      vertex 27.4 109.336 0
      vertex 26.9 71.7301 0
      vertex 26.965 109.627 0
    endloop
  endfacet
  facet normal 0 0 -1
    outer loop
      vertex 26.3562 71.3668 0
      vertex 26.965 109.627 0
      vertex 26.9 71.7301 0
    endloop
  endfacet
  facet normal -0 0 -1
    outer loop
      vertex 26.965 109.627 0
      vertex 26.3562 71.3668 0
      vertex 26.5716 109.972 0
    endloop
  endfacet
  facet normal 0 0 -1
    outer loop
      vertex 25.8645 70.9355 0
      vertex 26.5716 109.972 0
      vertex 26.3562 71.3668 0
    endloop
  endfacet
  facet normal -0 0 -1
    outer loop
      vertex 26.5716 109.972 0
      vertex 25.8645 70.9355 0
      vertex 26.2266 110.365 0
    endloop
  endfacet
  facet normal 0 0 -1
    outer loop
      vertex 25.4332 70.4438 0
      vertex 26.2266 110.365 0
      vertex 25.8645 70.9355 0
    endloop
  endfacet
  facet normal -0 0 -1
    outer loop
      vertex 26.2266 110.365 0
      vertex 25.4332 70.4438 0
      vertex 25.9359 110.8 0
    endloop
  endfacet
  facet normal 0 0 -1
    outer loop
      vertex 0 128.3 0
      vertex 25.9359 110.8 0
      vertex 25.4332 70.4438 0
    endloop
  endfacet
  facet normal 0 0 -1
    outer loop
      vertex 25.9359 110.8 0
      vertex 0 128.3 0
      vertex 25.7045 111.269 0
    endloop
  endfacet
  facet normal 0 0 -1
    outer loop
      vertex 25.7045 111.269 0
      vertex 0 128.3 0
      vertex 25.5363 111.765 0
    endloop
  endfacet
  facet normal 0 0 -1
    outer loop
      vertex 25.5363 111.765 0
      vertex 0 128.3 0
      vertex 25.4342 112.278 0
    endloop
  endfacet
  facet normal 0 0 -1
    outer loop
      vertex 0 128.3 0
      vertex 25.4332 70.4438 0
      vertex 25.0699 69.9 0
    endloop
  endfacet
  facet normal 0 0 -1
    outer loop
      vertex 52.3 0 0
      vertex 58.8 6.5 0
      vertex 58.7444 5.65158 0
    endloop
  endfacet
  facet normal 0 0 -1
    outer loop
      vertex 58.8 6.5 0
      vertex 34.4 67.4 0
      vertex 58.8 128.3 0
    endloop
  endfacet
  facet normal 0 0 -1
    outer loop
      vertex 52.3 0 0
      vertex 58.7444 5.65158 0
      vertex 58.5785 4.81768 0
    endloop
  endfacet
  facet normal 0 0 -1
    outer loop
      vertex 34.3572 68.0526 0
      vertex 58.8 128.3 0
      vertex 34.4 67.4 0
    endloop
  endfacet
  facet normal 0 0 -1
    outer loop
      vertex 52.3 0 0
      vertex 58.5785 4.81768 0
      vertex 58.3052 4.01256 0
    endloop
  endfacet
  facet normal 0 0 -1
    outer loop
      vertex 34.2296 68.6941 0
      vertex 58.8 128.3 0
      vertex 34.3572 68.0526 0
    endloop
  endfacet
  facet normal 0 0 -1
    outer loop
      vertex 52.3 0 0
      vertex 58.3052 4.01256 0
      vertex 57.9292 3.25 0
    endloop
  endfacet
  facet normal 0 0 -1
    outer loop
      vertex 34.0194 69.3134 0
      vertex 58.8 128.3 0
      vertex 34.2296 68.6941 0
    endloop
  endfacet
  facet normal 0 0 -1
    outer loop
      vertex 52.3 0 0
      vertex 57.9292 3.25 0
      vertex 57.4568 2.54305 0
    endloop
  endfacet
  facet normal 0 0 -1
    outer loop
      vertex 33.7301 69.9 0
      vertex 58.8 128.3 0
      vertex 34.0194 69.3134 0
    endloop
  endfacet
  facet normal 0 0 -1
    outer loop
      vertex 52.3 0 0
      vertex 57.4568 2.54305 0
      vertex 56.8962 1.90381 0
    endloop
  endfacet
  facet normal 0 0 -1
    outer loop
      vertex 33.3668 70.4438 0
      vertex 58.8 128.3 0
      vertex 33.7301 69.9 0
    endloop
  endfacet
  facet normal 0 0 -1
    outer loop
      vertex 52.3 0 0
      vertex 56.8962 1.90381 0
      vertex 56.257 1.3432 0
    endloop
  endfacet
  facet normal 0 0 -1
    outer loop
      vertex 33.3658 113.322 0
      vertex 58.8 128.3 0
      vertex 33.4 112.8 0
    endloop
  endfacet
  facet normal 0 0 -1
    outer loop
      vertex 52.3 0 0
      vertex 56.257 1.3432 0
      vertex 55.55 0.870834 0
    endloop
  endfacet
  facet normal 0 0 -1
    outer loop
      vertex 33.2637 113.835 0
      vertex 58.8 128.3 0
      vertex 33.3658 113.322 0
    endloop
  endfacet
  facet normal 0 0 -1
    outer loop
      vertex 52.3 0 0
      vertex 55.55 0.870834 0
      vertex 54.7874 0.494782 0
    endloop
  endfacet
  facet normal 0 0 -1
    outer loop
      vertex 33.0955 114.331 0
      vertex 58.8 128.3 0
      vertex 33.2637 113.835 0
    endloop
  endfacet
  facet normal 0 0 -1
    outer loop
      vertex 52.3 0 0
      vertex 54.7874 0.494782 0
      vertex 53.9823 0.221481 0
    endloop
  endfacet
  facet normal 0 0 -1
    outer loop
      vertex 32.8641 114.8 0
      vertex 58.8 128.3 0
      vertex 33.0955 114.331 0
    endloop
  endfacet
  facet normal 0 0 -1
    outer loop
      vertex 52.3 0 0
      vertex 53.9823 0.221481 0
      vertex 53.1484 0.0556078 0
    endloop
  endfacet
  facet normal 0 0 -1
    outer loop
      vertex 31.5 121.8 0
      vertex 58.8 128.3 0
      vertex 32.8641 114.8 0
    endloop
  endfacet
  facet normal -0 0 -1
    outer loop
      vertex 58.8 6.5 0
      vertex 52.3 0 0
      vertex 32.8641 20 0
    endloop
  endfacet
  facet normal 0 0 -1
    outer loop
      vertex 58.7444 129.148 0
      vertex 52.3 134.8 0
      vertex 58.5785 129.982 0
    endloop
  endfacet
  facet normal 0 0 -1
    outer loop
      vertex 58.5785 129.982 0
      vertex 52.3 134.8 0
      vertex 58.3052 130.787 0
    endloop
  endfacet
  facet normal 0 0 -1
    outer loop
      vertex 58.8 6.5 0
      vertex 34.3572 66.7474 0
      vertex 34.4 67.4 0
    endloop
  endfacet
  facet normal 0 0 -1
    outer loop
      vertex 58.8 6.5 0
      vertex 34.2296 66.1059 0
      vertex 34.3572 66.7474 0
    endloop
  endfacet
  facet normal 0 0 -1
    outer loop
      vertex 58.8 6.5 0
      vertex 34.0194 65.4866 0
      vertex 34.2296 66.1059 0
    endloop
  endfacet
  facet normal 0 0 -1
    outer loop
      vertex 58.8 6.5 0
      vertex 31.5 31 0
      vertex 33.7301 64.9 0
    endloop
  endfacet
  facet normal 0 0 -1
    outer loop
      vertex 58.8 6.5 0
      vertex 33.4 22 0
      vertex 33.3658 22.5221 0
    endloop
  endfacet
  facet normal 0 0 -1
    outer loop
      vertex 58.8 6.5 0
      vertex 33.3658 21.4779 0
      vertex 33.4 22 0
    endloop
  endfacet
  facet normal 0 0 -1
    outer loop
      vertex 58.8 6.5 0
      vertex 33.2637 20.9647 0
      vertex 33.3658 21.4779 0
    endloop
  endfacet
  facet normal 0 0 -1
    outer loop
      vertex 58.8 6.5 0
      vertex 33.0955 20.4693 0
      vertex 33.2637 20.9647 0
    endloop
  endfacet
  facet normal 0 0 -1
    outer loop
      vertex 58.8 6.5 0
      vertex 32.8641 20 0
      vertex 33.0955 20.4693 0
    endloop
  endfacet
  facet normal 0 0 -1
    outer loop
      vertex 52.3 0 0
      vertex 32.5734 19.565 0
      vertex 32.8641 20 0
    endloop
  endfacet
  facet normal 0 0 -1
    outer loop
      vertex 52.3 0 0
      vertex 32.2284 19.1716 0
      vertex 32.5734 19.565 0
    endloop
  endfacet
  facet normal 0 0 -1
    outer loop
      vertex 52.3 0 0
      vertex 31.835 18.8266 0
      vertex 32.2284 19.1716 0
    endloop
  endfacet
  facet normal 0 0 -1
    outer loop
      vertex 52.3 0 0
      vertex 31.4 18.5359 0
      vertex 31.835 18.8266 0
    endloop
  endfacet
  facet normal 0 0 -1
    outer loop
      vertex 52.3 0 0
      vertex 30.9307 18.3045 0
      vertex 31.4 18.5359 0
    endloop
  endfacet
  facet normal 0 0 -1
    outer loop
      vertex 52.3 0 0
      vertex 30.4353 18.1363 0
      vertex 30.9307 18.3045 0
    endloop
  endfacet
  facet normal 0 0 -1
    outer loop
      vertex 52.3 0 0
      vertex 29.9221 18.0342 0
      vertex 30.4353 18.1363 0
    endloop
  endfacet
  facet normal 0 0 -1
    outer loop
      vertex 52.3 0 0
      vertex 29.4 18 0
      vertex 29.9221 18.0342 0
    endloop
  endfacet
  facet normal 0 0 -1
    outer loop
      vertex 6.5 0 0
      vertex 29.4 18 0
      vertex 52.3 0 0
    endloop
  endfacet
  facet normal -0 0 -1
    outer loop
      vertex 29.4 18 0
      vertex 6.5 0 0
      vertex 28.8779 18.0342 0
    endloop
  endfacet
  facet normal -0 0 -1
    outer loop
      vertex 28.8779 18.0342 0
      vertex 6.5 0 0
      vertex 28.3647 18.1363 0
    endloop
  endfacet
  facet normal -0 0 -1
    outer loop
      vertex 28.3647 18.1363 0
      vertex 6.5 0 0
      vertex 27.8693 18.3045 0
    endloop
  endfacet
  facet normal -0 0 -1
    outer loop
      vertex 27.8693 18.3045 0
      vertex 6.5 0 0
      vertex 27.4 18.5359 0
    endloop
  endfacet
  facet normal 0 0 -1
    outer loop
      vertex 27.3 31 0
      vertex 24.7806 65.4866 0
      vertex 25.0699 64.9 0
    endloop
  endfacet
  facet normal -0 0 -1
    outer loop
      vertex 25.4342 22.5221 0
      vertex 0 6.5 0
      vertex 24.7806 65.4866 0
    endloop
  endfacet
  facet normal -0 0 -1
    outer loop
      vertex 24.7806 65.4866 0
      vertex 0 6.5 0
      vertex 24.5704 66.1059 0
    endloop
  endfacet
  facet normal -0 0 -1
    outer loop
      vertex 24.5704 66.1059 0
      vertex 0 6.5 0
      vertex 24.4428 66.7474 0
    endloop
  endfacet
  facet normal -0 0 -1
    outer loop
      vertex 25.4342 21.4779 0
      vertex 0 6.5 0
      vertex 25.4 22 0
    endloop
  endfacet
  facet normal -0 0 -1
    outer loop
      vertex 25.5363 20.9647 0
      vertex 0 6.5 0
      vertex 25.4342 21.4779 0
    endloop
  endfacet
  facet normal -0 0 -1
    outer loop
      vertex 25.7045 20.4693 0
      vertex 0 6.5 0
      vertex 25.5363 20.9647 0
    endloop
  endfacet
  facet normal -0 0 -1
    outer loop
      vertex 25.9359 20 0
      vertex 0 6.5 0
      vertex 25.7045 20.4693 0
    endloop
  endfacet
  facet normal 0 0 -1
    outer loop
      vertex 0 6.5 0
      vertex 25.9359 20 0
      vertex 6.5 0 0
    endloop
  endfacet
  facet normal -0 0 -1
    outer loop
      vertex 26.2266 19.565 0
      vertex 6.5 0 0
      vertex 25.9359 20 0
    endloop
  endfacet
  facet normal -0 0 -1
    outer loop
      vertex 26.5716 19.1716 0
      vertex 6.5 0 0
      vertex 26.2266 19.565 0
    endloop
  endfacet
  facet normal -0 0 -1
    outer loop
      vertex 26.965 18.8266 0
      vertex 6.5 0 0
      vertex 26.5716 19.1716 0
    endloop
  endfacet
  facet normal -0 0 -1
    outer loop
      vertex 27.4 18.5359 0
      vertex 6.5 0 0
      vertex 26.965 18.8266 0
    endloop
  endfacet
  facet normal 0 0 -1
    outer loop
      vertex 58.3052 130.787 0
      vertex 52.3 134.8 0
      vertex 57.9292 131.55 0
    endloop
  endfacet
  facet normal 0 0 -1
    outer loop
      vertex 56.8962 132.896 0
      vertex 52.3 134.8 0
      vertex 56.257 133.457 0
    endloop
  endfacet
  facet normal 0 0 -1
    outer loop
      vertex 56.257 133.457 0
      vertex 52.3 134.8 0
      vertex 55.55 133.929 0
    endloop
  endfacet
  facet normal 0 0 -1
    outer loop
      vertex 57.4568 132.257 0
      vertex 52.3 134.8 0
      vertex 56.8962 132.896 0
    endloop
  endfacet
  facet normal 0 0 -1
    outer loop
      vertex 54.7874 134.305 0
      vertex 52.3 134.8 0
      vertex 53.9823 134.579 0
    endloop
  endfacet
  facet normal 0 0 -1
    outer loop
      vertex 53.9823 134.579 0
      vertex 52.3 134.8 0
      vertex 53.1484 134.744 0
    endloop
  endfacet
  facet normal 0 0 -1
    outer loop
      vertex 55.55 133.929 0
      vertex 52.3 134.8 0
      vertex 54.7874 134.305 0
    endloop
  endfacet
  facet normal 0 0 -1
    outer loop
      vertex 57.9292 131.55 0
      vertex 52.3 134.8 0
      vertex 57.4568 132.257 0
    endloop
  endfacet
  facet normal 0 -0 -1
    outer loop
      vertex 52.3 134.8 0
      vertex 58.8 128.3 0
      vertex 31.5 121.8 0
    endloop
  endfacet
  facet normal 0 0 -1
    outer loop
      vertex 31.5 121.8 0
      vertex 32.8641 114.8 0
      vertex 32.5734 115.235 0
    endloop
  endfacet
  facet normal 0 0 -1
    outer loop
      vertex 31.5 121.8 0
      vertex 32.5734 115.235 0
      vertex 32.2284 115.628 0
    endloop
  endfacet
  facet normal 0 0 -1
    outer loop
      vertex 31.5 121.8 0
      vertex 32.2284 115.628 0
      vertex 31.835 115.973 0
    endloop
  endfacet
  facet normal 0 0 -1
    outer loop
      vertex 31.5 121.8 0
      vertex 31.835 115.973 0
      vertex 31.5 116.197 0
    endloop
  endfacet
  facet normal 0 0 -1
    outer loop
      vertex 58.8 128.3 0
      vertex 52.3 134.8 0
      vertex 58.7444 129.148 0
    endloop
  endfacet
  facet normal 0 0 -1
    outer loop
      vertex 27.3 121.8 0
      vertex 52.3 134.8 0
      vertex 31.5 121.8 0
    endloop
  endfacet
  facet normal 0 0 -1
    outer loop
      vertex 26.5716 115.628 0
      vertex 27.3 121.8 0
      vertex 26.965 115.973 0
    endloop
  endfacet
  facet normal 0 0 -1
    outer loop
      vertex 26.2266 115.235 0
      vertex 27.3 121.8 0
      vertex 26.5716 115.628 0
    endloop
  endfacet
  facet normal 0 0 -1
    outer loop
      vertex 25.9359 114.8 0
      vertex 27.3 121.8 0
      vertex 26.2266 115.235 0
    endloop
  endfacet
  facet normal 0 0 -1
    outer loop
      vertex 25.7045 114.331 0
      vertex 27.3 121.8 0
      vertex 25.9359 114.8 0
    endloop
  endfacet
  facet normal 0 0 -1
    outer loop
      vertex 0 128.3 0
      vertex 25.7045 114.331 0
      vertex 25.5363 113.835 0
    endloop
  endfacet
  facet normal 0 0 -1
    outer loop
      vertex 0 128.3 0
      vertex 25.0699 69.9 0
      vertex 24.7806 69.3134 0
    endloop
  endfacet
  facet normal 0 0 -1
    outer loop
      vertex 0 128.3 0
      vertex 24.7806 69.3134 0
      vertex 24.5704 68.6941 0
    endloop
  endfacet
  facet normal 0 0 -1
    outer loop
      vertex 0 128.3 0
      vertex 24.5704 68.6941 0
      vertex 24.4428 68.0526 0
    endloop
  endfacet
  facet normal 0 0 -1
    outer loop
      vertex 0 128.3 0
      vertex 24.4428 68.0526 0
      vertex 24.4 67.4 0
    endloop
  endfacet
  facet normal -0 0 -1
    outer loop
      vertex 24.4428 66.7474 0
      vertex 0 6.5 0
      vertex 24.4 67.4 0
    endloop
  endfacet
  facet normal 0 0 -1
    outer loop
      vertex 0 128.3 0
      vertex 24.4 67.4 0
      vertex 0 6.5 0
    endloop
  endfacet
  facet normal 0 0 -1
    outer loop
      vertex 27.3 121.8 0
      vertex 6.5 134.8 0
      vertex 52.3 134.8 0
    endloop
  endfacet
  facet normal 0 0 -1
    outer loop
      vertex 25.7045 114.331 0
      vertex 0 128.3 0
      vertex 27.3 121.8 0
    endloop
  endfacet
  facet normal 0 0 -1
    outer loop
      vertex 0 128.3 0
      vertex 25.5363 113.835 0
      vertex 25.4342 113.322 0
    endloop
  endfacet
  facet normal 0 0 -1
    outer loop
      vertex 25.4342 112.278 0
      vertex 0 128.3 0
      vertex 25.4 112.8 0
    endloop
  endfacet
  facet normal 0 0 -1
    outer loop
      vertex 0 6.5 0
      vertex 6.5 0 0
      vertex 5.65158 0.0556078 0
    endloop
  endfacet
  facet normal 0 0 -1
    outer loop
      vertex 25.4 112.8 0
      vertex 0 128.3 0
      vertex 25.4342 113.322 0
    endloop
  endfacet
  facet normal 0 0 -1
    outer loop
      vertex 0 6.5 0
      vertex 5.65158 0.0556078 0
      vertex 4.81768 0.221481 0
    endloop
  endfacet
  facet normal 0 0 -1
    outer loop
      vertex 27.3 121.8 0
      vertex 0 128.3 0
      vertex 6.5 134.8 0
    endloop
  endfacet
  facet normal 0 0 -1
    outer loop
      vertex 0 6.5 0
      vertex 4.81768 0.221481 0
      vertex 4.01256 0.494782 0
    endloop
  endfacet
  facet normal 0 0 -1
    outer loop
      vertex 6.5 134.8 0
      vertex 0 128.3 0
      vertex 5.65158 134.744 0
    endloop
  endfacet
  facet normal 0 0 -1
    outer loop
      vertex 0 6.5 0
      vertex 4.01256 0.494782 0
      vertex 3.25 0.870834 0
    endloop
  endfacet
  facet normal 0 0 -1
    outer loop
      vertex 5.65158 134.744 0
      vertex 0 128.3 0
      vertex 4.81768 134.579 0
    endloop
  endfacet
  facet normal 0 0 -1
    outer loop
      vertex 0 6.5 0
      vertex 3.25 0.870834 0
      vertex 2.54305 1.3432 0
    endloop
  endfacet
  facet normal 0 0 -1
    outer loop
      vertex 4.81768 134.579 0
      vertex 0 128.3 0
      vertex 4.01256 134.305 0
    endloop
  endfacet
  facet normal 0 0 -1
    outer loop
      vertex 0 6.5 0
      vertex 2.54305 1.3432 0
      vertex 1.90381 1.90381 0
    endloop
  endfacet
  facet normal 0 0 -1
    outer loop
      vertex 4.01256 134.305 0
      vertex 0 128.3 0
      vertex 3.25 133.929 0
    endloop
  endfacet
  facet normal 0 0 -1
    outer loop
      vertex 0 6.5 0
      vertex 1.90381 1.90381 0
      vertex 1.3432 2.54305 0
    endloop
  endfacet
  facet normal 0 0 -1
    outer loop
      vertex 3.25 133.929 0
      vertex 0 128.3 0
      vertex 2.54305 133.457 0
    endloop
  endfacet
  facet normal 0 0 -1
    outer loop
      vertex 0 6.5 0
      vertex 1.3432 2.54305 0
      vertex 0.870834 3.25 0
    endloop
  endfacet
  facet normal 0 0 -1
    outer loop
      vertex 2.54305 133.457 0
      vertex 0 128.3 0
      vertex 1.90381 132.896 0
    endloop
  endfacet
  facet normal 0 0 -1
    outer loop
      vertex 0 6.5 0
      vertex 0.870834 3.25 0
      vertex 0.494782 4.01256 0
    endloop
  endfacet
  facet normal 0 0 -1
    outer loop
      vertex 1.90381 132.896 0
      vertex 0 128.3 0
      vertex 1.3432 132.257 0
    endloop
  endfacet
  facet normal 0 0 -1
    outer loop
      vertex 0 6.5 0
      vertex 0.494782 4.01256 0
      vertex 0.221481 4.81768 0
    endloop
  endfacet
  facet normal 0 0 -1
    outer loop
      vertex 1.3432 132.257 0
      vertex 0 128.3 0
      vertex 0.870834 131.55 0
    endloop
  endfacet
  facet normal 0 0 -1
    outer loop
      vertex 0 6.5 0
      vertex 0.221481 4.81768 0
      vertex 0.0556078 5.65158 0
    endloop
  endfacet
  facet normal 0 0 -1
    outer loop
      vertex 0.870834 131.55 0
      vertex 0 128.3 0
      vertex 0.494782 130.787 0
    endloop
  endfacet
  facet normal 0 0 -1
    outer loop
      vertex 0.494782 130.787 0
      vertex 0 128.3 0
      vertex 0.221481 129.982 0
    endloop
  endfacet
  facet normal 0 0 -1
    outer loop
      vertex 0.221481 129.982 0
      vertex 0 128.3 0
      vertex 0.0556078 129.148 0
    endloop
  endfacet
  facet normal 0 0 -1
    outer loop
      vertex 58.8 6.5 0
      vertex 33.3658 22.5221 0
      vertex 33.2637 23.0353 0
    endloop
  endfacet
  facet normal 0 0 -1
    outer loop
      vertex 58.8 6.5 0
      vertex 33.2637 23.0353 0
      vertex 33.0955 23.5307 0
    endloop
  endfacet
  facet normal 0 0 -1
    outer loop
      vertex 58.8 6.5 0
      vertex 33.7301 64.9 0
      vertex 34.0194 65.4866 0
    endloop
  endfacet
  facet normal 0 0 -1
    outer loop
      vertex 58.8 6.5 0
      vertex 33.0955 23.5307 0
      vertex 31.5 31 0
    endloop
  endfacet
  facet normal 0 0 -1
    outer loop
      vertex 33.7301 64.9 0
      vertex 31.5 31 0
      vertex 33.3668 64.3562 0
    endloop
  endfacet
  facet normal 0 0 -1
    outer loop
      vertex 31.5 31 0
      vertex 33.0955 23.5307 0
      vertex 32.8641 24 0
    endloop
  endfacet
  facet normal 0 0 -1
    outer loop
      vertex 31.5 31 0
      vertex 32.8641 24 0
      vertex 32.5734 24.435 0
    endloop
  endfacet
  facet normal 0 0 -1
    outer loop
      vertex 33.3668 64.3562 0
      vertex 31.5 31 0
      vertex 32.9355 63.8645 0
    endloop
  endfacet
  facet normal 0 0 -1
    outer loop
      vertex 31.5 31 0
      vertex 32.5734 24.435 0
      vertex 32.2284 24.8284 0
    endloop
  endfacet
  facet normal 0 0 -1
    outer loop
      vertex 32.9355 63.8645 0
      vertex 31.5 31 0
      vertex 32.4438 63.4332 0
    endloop
  endfacet
  facet normal 0 0 -1
    outer loop
      vertex 31.5 31 0
      vertex 32.2284 24.8284 0
      vertex 31.835 25.1734 0
    endloop
  endfacet
  facet normal 0 0 -1
    outer loop
      vertex 31.5 31 0
      vertex 31.835 25.1734 0
      vertex 31.5 25.3973 0
    endloop
  endfacet
  facet normal 0 0 -1
    outer loop
      vertex 32.4438 63.4332 0
      vertex 31.5 31 0
      vertex 31.9 63.0699 0
    endloop
  endfacet
  facet normal 0 0 -1
    outer loop
      vertex 31.5 31 0
      vertex 31.3134 62.7806 0
      vertex 31.9 63.0699 0
    endloop
  endfacet
  facet normal 0 0 -1
    outer loop
      vertex 31.5 31 0
      vertex 30.6941 62.5704 0
      vertex 31.3134 62.7806 0
    endloop
  endfacet
  facet normal 0 0 -1
    outer loop
      vertex 31.5 31 0
      vertex 30.0526 62.4428 0
      vertex 30.6941 62.5704 0
    endloop
  endfacet
  facet normal 0 0 -1
    outer loop
      vertex 31.5 31 0
      vertex 29.4 62.4 0
      vertex 30.0526 62.4428 0
    endloop
  endfacet
  facet normal 0 0 -1
    outer loop
      vertex 27.3 31 0
      vertex 29.4 62.4 0
      vertex 31.5 31 0
    endloop
  endfacet
  facet normal -0 0 -1
    outer loop
      vertex 29.4 62.4 0
      vertex 27.3 31 0
      vertex 28.7474 62.4428 0
    endloop
  endfacet
  facet normal -0 0 -1
    outer loop
      vertex 28.7474 62.4428 0
      vertex 27.3 31 0
      vertex 28.1059 62.5704 0
    endloop
  endfacet
  facet normal -0 0 -1
    outer loop
      vertex 28.1059 62.5704 0
      vertex 27.3 31 0
      vertex 27.4866 62.7806 0
    endloop
  endfacet
  facet normal 0 0 -1
    outer loop
      vertex 26.5716 24.8284 0
      vertex 27.3 31 0
      vertex 26.965 25.1734 0
    endloop
  endfacet
  facet normal 0 0 -1
    outer loop
      vertex 27.3 31 0
      vertex 26.9 63.0699 0
      vertex 27.4866 62.7806 0
    endloop
  endfacet
  facet normal 0 0 -1
    outer loop
      vertex 26.2266 24.435 0
      vertex 27.3 31 0
      vertex 26.5716 24.8284 0
    endloop
  endfacet
  facet normal 0 0 -1
    outer loop
      vertex 27.3 31 0
      vertex 26.3562 63.4332 0
      vertex 26.9 63.0699 0
    endloop
  endfacet
  facet normal 0 0 -1
    outer loop
      vertex 25.9359 24 0
      vertex 27.3 31 0
      vertex 26.2266 24.435 0
    endloop
  endfacet
  facet normal 0 0 -1
    outer loop
      vertex 25.7045 23.5307 0
      vertex 27.3 31 0
      vertex 25.9359 24 0
    endloop
  endfacet
  facet normal 0 0 -1
    outer loop
      vertex 27.3 31 0
      vertex 25.8645 63.8645 0
      vertex 26.3562 63.4332 0
    endloop
  endfacet
  facet normal 0 0 -1
    outer loop
      vertex 25.5363 23.0353 0
      vertex 27.3 31 0
      vertex 25.7045 23.5307 0
    endloop
  endfacet
  facet normal 0 0 -1
    outer loop
      vertex 24.7806 65.4866 0
      vertex 27.3 31 0
      vertex 25.5363 23.0353 0
    endloop
  endfacet
  facet normal 0 0 -1
    outer loop
      vertex 24.7806 65.4866 0
      vertex 25.5363 23.0353 0
      vertex 25.4342 22.5221 0
    endloop
  endfacet
  facet normal 0 0 -1
    outer loop
      vertex 27.3 31 0
      vertex 25.4332 64.3562 0
      vertex 25.8645 63.8645 0
    endloop
  endfacet
  facet normal 0 0 -1
    outer loop
      vertex 0 6.5 0
      vertex 25.4342 22.5221 0
      vertex 25.4 22 0
    endloop
  endfacet
  facet normal 0 0 -1
    outer loop
      vertex 27.3 31 0
      vertex 25.0699 64.9 0
      vertex 25.4332 64.3562 0
    endloop
  endfacet
  facet normal -0.322176 0.94668 0
    outer loop
      vertex 4.81768 134.579 0
      vertex 4.01256 134.305 15.8
      vertex 4.81768 134.579 15.8
    endloop
  endfacet
  facet normal -0.322176 0.94668 0
    outer loop
      vertex 4.01256 134.305 15.8
      vertex 4.81768 134.579 0
      vertex 4.01256 134.305 0
    endloop
  endfacet
  facet normal 0.44222 0.896907 -0
    outer loop
      vertex 55.55 133.929 0
      vertex 54.7874 134.305 15.8
      vertex 55.55 133.929 15.8
    endloop
  endfacet
  facet normal 0.44222 0.896907 0
    outer loop
      vertex 54.7874 134.305 15.8
      vertex 55.55 133.929 0
      vertex 54.7874 134.305 0
    endloop
  endfacet
  facet normal 0.194102 0.980981 -0
    outer loop
      vertex 53.9823 134.579 0
      vertex 53.1484 134.744 15.8
      vertex 53.9823 134.579 15.8
    endloop
  endfacet
  facet normal 0.194102 0.980981 0
    outer loop
      vertex 53.1484 134.744 15.8
      vertex 53.9823 134.579 0
      vertex 53.1484 134.744 0
    endloop
  endfacet
  facet normal 0.831471 0.555568 0
    outer loop
      vertex 57.9292 131.55 15.8
      vertex 57.4568 132.257 0
      vertex 57.4568 132.257 15.8
    endloop
  endfacet
  facet normal 0.831471 0.555568 0
    outer loop
      vertex 57.4568 132.257 0
      vertex 57.9292 131.55 15.8
      vertex 57.9292 131.55 0
    endloop
  endfacet
  facet normal 0.065404 -0.997859 0
    outer loop
      vertex 52.3 0 0
      vertex 53.1484 0.0556078 15.8
      vertex 52.3 0 15.8
    endloop
  endfacet
  facet normal 0.065404 -0.997859 0
    outer loop
      vertex 53.1484 0.0556078 15.8
      vertex 52.3 0 0
      vertex 53.1484 0.0556078 0
    endloop
  endfacet
  facet normal 0 -1 0
    outer loop
      vertex 6.5 0 15.8
      vertex 22.9 0 12.3
      vertex 22.9 0 15.8
    endloop
  endfacet
  facet normal 0 -1 -0
    outer loop
      vertex 22.9 0 12.3
      vertex 6.5 0 0
      vertex 35.9 0 12.3
    endloop
  endfacet
  facet normal 0 -1 0
    outer loop
      vertex 6.5 0 0
      vertex 22.9 0 12.3
      vertex 6.5 0 15.8
    endloop
  endfacet
  facet normal 0 -1 0
    outer loop
      vertex 35.9 0 12.3
      vertex 52.3 0 15.8
      vertex 35.9 0 15.8
    endloop
  endfacet
  facet normal 0 -1 0
    outer loop
      vertex 52.3 0 0
      vertex 35.9 0 12.3
      vertex 6.5 0 0
    endloop
  endfacet
  facet normal 0 -1 0
    outer loop
      vertex 35.9 0 12.3
      vertex 52.3 0 0
      vertex 52.3 0 15.8
    endloop
  endfacet
  facet normal -0.751833 -0.659354 0
    outer loop
      vertex 1.90381 1.90381 0
      vertex 1.3432 2.54305 15.8
      vertex 1.3432 2.54305 0
    endloop
  endfacet
  facet normal -0.751833 -0.659354 0
    outer loop
      vertex 1.3432 2.54305 15.8
      vertex 1.90381 1.90381 0
      vertex 1.90381 1.90381 15.8
    endloop
  endfacet
  facet normal -0.94693 -0.321439 0
    outer loop
      vertex 0.494782 4.01256 0
      vertex 0.221481 4.81768 15.8
      vertex 0.221481 4.81768 0
    endloop
  endfacet
  facet normal -0.94693 -0.321439 0
    outer loop
      vertex 0.221481 4.81768 15.8
      vertex 0.494782 4.01256 0
      vertex 0.494782 4.01256 15.8
    endloop
  endfacet
  facet normal -0.980785 -0.195091 0
    outer loop
      vertex 0.221481 4.81768 0
      vertex 0.0556078 5.65158 15.8
      vertex 0.0556078 5.65158 0
    endloop
  endfacet
  facet normal -0.980785 -0.195091 0
    outer loop
      vertex 0.0556078 5.65158 15.8
      vertex 0.221481 4.81768 0
      vertex 0.221481 4.81768 15.8
    endloop
  endfacet
  facet normal -0.997859 -0.0654024 0
    outer loop
      vertex 0.0556078 5.65158 0
      vertex 0 6.5 15.8
      vertex 0 6.5 0
    endloop
  endfacet
  facet normal -0.997859 -0.0654024 0
    outer loop
      vertex 0 6.5 15.8
      vertex 0.0556078 5.65158 0
      vertex 0.0556078 5.65158 15.8
    endloop
  endfacet
  facet normal -0.659613 0.751606 0
    outer loop
      vertex 2.54305 133.457 0
      vertex 1.90381 132.896 15.8
      vertex 2.54305 133.457 15.8
    endloop
  endfacet
  facet normal -0.659613 0.751606 0
    outer loop
      vertex 1.90381 132.896 15.8
      vertex 2.54305 133.457 0
      vertex 1.90381 132.896 0
    endloop
  endfacet
  facet normal -0.896974 0.442083 0
    outer loop
      vertex 0.494782 130.787 0
      vertex 0.870834 131.55 15.8
      vertex 0.870834 131.55 0
    endloop
  endfacet
  facet normal -0.896974 0.442083 0
    outer loop
      vertex 0.870834 131.55 15.8
      vertex 0.494782 130.787 0
      vertex 0.494782 130.787 15.8
    endloop
  endfacet
  facet normal -0.194102 0.980981 0
    outer loop
      vertex 5.65158 134.744 0
      vertex 4.81768 134.579 15.8
      vertex 5.65158 134.744 15.8
    endloop
  endfacet
  facet normal -0.194102 0.980981 0
    outer loop
      vertex 4.81768 134.579 15.8
      vertex 5.65158 134.744 0
      vertex 4.81768 134.579 0
    endloop
  endfacet
  facet normal -0.442239 0.896897 0
    outer loop
      vertex 4.01256 134.305 0
      vertex 3.25 133.929 15.8
      vertex 4.01256 134.305 15.8
    endloop
  endfacet
  facet normal -0.442239 0.896897 0
    outer loop
      vertex 3.25 133.929 15.8
      vertex 4.01256 134.305 0
      vertex 3.25 133.929 0
    endloop
  endfacet
  facet normal 0.555243 0.831688 -0
    outer loop
      vertex 56.257 133.457 0
      vertex 55.55 133.929 15.8
      vertex 56.257 133.457 15.8
    endloop
  endfacet
  facet normal 0.555243 0.831688 0
    outer loop
      vertex 55.55 133.929 15.8
      vertex 56.257 133.457 0
      vertex 55.55 133.929 0
    endloop
  endfacet
  facet normal 0.322183 0.946677 -0
    outer loop
      vertex 54.7874 134.305 0
      vertex 53.9823 134.579 15.8
      vertex 54.7874 134.305 15.8
    endloop
  endfacet
  facet normal 0.322183 0.946677 0
    outer loop
      vertex 53.9823 134.579 15.8
      vertex 54.7874 134.305 0
      vertex 53.9823 134.579 0
    endloop
  endfacet
  facet normal 0.659636 0.751585 -0
    outer loop
      vertex 56.8962 132.896 0
      vertex 56.257 133.457 15.8
      vertex 56.8962 132.896 15.8
    endloop
  endfacet
  facet normal 0.659636 0.751585 0
    outer loop
      vertex 56.257 133.457 15.8
      vertex 56.8962 132.896 0
      vertex 56.257 133.457 0
    endloop
  endfacet
  facet normal 0.751716 0.659487 0
    outer loop
      vertex 57.4568 132.257 15.8
      vertex 56.8962 132.896 0
      vertex 56.8962 132.896 15.8
    endloop
  endfacet
  facet normal 0.751716 0.659487 0
    outer loop
      vertex 56.8962 132.896 0
      vertex 57.4568 132.257 15.8
      vertex 57.4568 132.257 0
    endloop
  endfacet
  facet normal 0.946916 0.321481 0
    outer loop
      vertex 58.5785 129.982 15.8
      vertex 58.3052 130.787 0
      vertex 58.3052 130.787 15.8
    endloop
  endfacet
  facet normal 0.946916 0.321481 0
    outer loop
      vertex 58.3052 130.787 0
      vertex 58.5785 129.982 15.8
      vertex 58.5785 129.982 0
    endloop
  endfacet
  facet normal 0.980784 0.195098 0
    outer loop
      vertex 58.7444 129.148 15.8
      vertex 58.5785 129.982 0
      vertex 58.5785 129.982 15.8
    endloop
  endfacet
  facet normal 0.980784 0.195098 0
    outer loop
      vertex 58.5785 129.982 0
      vertex 58.7444 129.148 15.8
      vertex 58.7444 129.148 0
    endloop
  endfacet
  facet normal -0.555568 -0.831471 0
    outer loop
      vertex 2.54305 1.3432 0
      vertex 3.25 0.870834 15.8
      vertex 2.54305 1.3432 15.8
    endloop
  endfacet
  facet normal -0.555568 -0.831471 -0
    outer loop
      vertex 3.25 0.870834 15.8
      vertex 2.54305 1.3432 0
      vertex 3.25 0.870834 0
    endloop
  endfacet
  facet normal -0.321439 -0.94693 0
    outer loop
      vertex 4.01256 0.494782 0
      vertex 4.81768 0.221481 15.8
      vertex 4.01256 0.494782 15.8
    endloop
  endfacet
  facet normal -0.321439 -0.94693 -0
    outer loop
      vertex 4.81768 0.221481 15.8
      vertex 4.01256 0.494782 0
      vertex 4.81768 0.221481 0
    endloop
  endfacet
  facet normal 0.555541 -0.831489 0
    outer loop
      vertex 55.55 0.870834 0
      vertex 56.257 1.3432 15.8
      vertex 55.55 0.870834 15.8
    endloop
  endfacet
  facet normal 0.555541 -0.831489 0
    outer loop
      vertex 56.257 1.3432 15.8
      vertex 55.55 0.870834 0
      vertex 56.257 1.3432 0
    endloop
  endfacet
  facet normal 0.442269 -0.896882 0
    outer loop
      vertex 54.7874 0.494782 0
      vertex 55.55 0.870834 15.8
      vertex 54.7874 0.494782 15.8
    endloop
  endfacet
  facet normal 0.442269 -0.896882 0
    outer loop
      vertex 55.55 0.870834 15.8
      vertex 54.7874 0.494782 0
      vertex 55.55 0.870834 0
    endloop
  endfacet
  facet normal 0.195091 -0.980785 0
    outer loop
      vertex 53.1484 0.0556078 0
      vertex 53.9823 0.221481 15.8
      vertex 53.1484 0.0556078 15.8
    endloop
  endfacet
  facet normal 0.195091 -0.980785 0
    outer loop
      vertex 53.9823 0.221481 15.8
      vertex 53.1484 0.0556078 0
      vertex 53.9823 0.221481 0
    endloop
  endfacet
  facet normal -0.75171 0.659493 0
    outer loop
      vertex 1.3432 132.257 0
      vertex 1.90381 132.896 15.8
      vertex 1.90381 132.896 0
    endloop
  endfacet
  facet normal -0.75171 0.659493 0
    outer loop
      vertex 1.90381 132.896 15.8
      vertex 1.3432 132.257 0
      vertex 1.3432 132.257 15.8
    endloop
  endfacet
  facet normal -0.55527 0.83167 0
    outer loop
      vertex 3.25 133.929 0
      vertex 2.54305 133.457 15.8
      vertex 3.25 133.929 15.8
    endloop
  endfacet
  facet normal -0.55527 0.83167 0
    outer loop
      vertex 2.54305 133.457 15.8
      vertex 3.25 133.929 0
      vertex 2.54305 133.457 0
    endloop
  endfacet
  facet normal 0.980779 -0.195121 0
    outer loop
      vertex 58.5785 4.81768 15.8
      vertex 58.7444 5.65158 0
      vertex 58.7444 5.65158 15.8
    endloop
  endfacet
  facet normal 0.980779 -0.195121 0
    outer loop
      vertex 58.7444 5.65158 0
      vertex 58.5785 4.81768 15.8
      vertex 58.5785 4.81768 0
    endloop
  endfacet
  facet normal -0.831471 -0.555568 0
    outer loop
      vertex 1.3432 2.54305 0
      vertex 0.870834 3.25 15.8
      vertex 0.870834 3.25 0
    endloop
  endfacet
  facet normal -0.831471 -0.555568 0
    outer loop
      vertex 0.870834 3.25 15.8
      vertex 1.3432 2.54305 0
      vertex 1.3432 2.54305 15.8
    endloop
  endfacet
  facet normal -0.659354 -0.751833 0
    outer loop
      vertex 1.90381 1.90381 0
      vertex 2.54305 1.3432 15.8
      vertex 1.90381 1.90381 15.8
    endloop
  endfacet
  facet normal -0.659354 -0.751833 -0
    outer loop
      vertex 2.54305 1.3432 15.8
      vertex 1.90381 1.90381 0
      vertex 2.54305 1.3432 0
    endloop
  endfacet
  facet normal -0.195091 -0.980785 0
    outer loop
      vertex 4.81768 0.221481 0
      vertex 5.65158 0.0556078 15.8
      vertex 4.81768 0.221481 15.8
    endloop
  endfacet
  facet normal -0.195091 -0.980785 -0
    outer loop
      vertex 5.65158 0.0556078 15.8
      vertex 4.81768 0.221481 0
      vertex 5.65158 0.0556078 0
    endloop
  endfacet
  facet normal 0.831453 -0.555596 0
    outer loop
      vertex 57.4568 2.54305 15.8
      vertex 57.9292 3.25 0
      vertex 57.9292 3.25 15.8
    endloop
  endfacet
  facet normal 0.831453 -0.555596 0
    outer loop
      vertex 57.9292 3.25 0
      vertex 57.4568 2.54305 15.8
      vertex 57.4568 2.54305 0
    endloop
  endfacet
  facet normal 0.751839 -0.659347 0
    outer loop
      vertex 56.8962 1.90381 15.8
      vertex 57.4568 2.54305 0
      vertex 57.4568 2.54305 15.8
    endloop
  endfacet
  facet normal 0.751839 -0.659347 0
    outer loop
      vertex 57.4568 2.54305 0
      vertex 56.8962 1.90381 15.8
      vertex 56.8962 1.90381 0
    endloop
  endfacet
  facet normal 0.659377 -0.751813 0
    outer loop
      vertex 56.257 1.3432 0
      vertex 56.8962 1.90381 15.8
      vertex 56.257 1.3432 15.8
    endloop
  endfacet
  facet normal 0.659377 -0.751813 0
    outer loop
      vertex 56.8962 1.90381 15.8
      vertex 56.257 1.3432 0
      vertex 56.8962 1.90381 0
    endloop
  endfacet
  facet normal -0.831489 0.555541 0
    outer loop
      vertex 0.870834 131.55 0
      vertex 1.3432 132.257 15.8
      vertex 1.3432 132.257 0
    endloop
  endfacet
  facet normal -0.831489 0.555541 0
    outer loop
      vertex 1.3432 132.257 15.8
      vertex 0.870834 131.55 0
      vertex 0.870834 131.55 15.8
    endloop
  endfacet
  facet normal -0.442288 -0.896873 0
    outer loop
      vertex 3.25 0.870834 0
      vertex 4.01256 0.494782 15.8
      vertex 3.25 0.870834 15.8
    endloop
  endfacet
  facet normal -0.442288 -0.896873 -0
    outer loop
      vertex 4.01256 0.494782 15.8
      vertex 3.25 0.870834 0
      vertex 4.01256 0.494782 0
    endloop
  endfacet
  facet normal 0.321446 -0.946928 0
    outer loop
      vertex 53.9823 0.221481 0
      vertex 54.7874 0.494782 15.8
      vertex 53.9823 0.221481 15.8
    endloop
  endfacet
  facet normal 0.321446 -0.946928 0
    outer loop
      vertex 54.7874 0.494782 15.8
      vertex 53.9823 0.221481 0
      vertex 54.7874 0.494782 0
    endloop
  endfacet
  facet normal 1 -0 0
    outer loop
      vertex 2.4 6.5 15.8
      vertex 2.4 128.3 2.4
      vertex 2.4 128.3 15.8
    endloop
  endfacet
  facet normal 1 0 0
    outer loop
      vertex 2.4 128.3 2.4
      vertex 2.4 6.5 15.8
      vertex 2.4 6.5 2.4
    endloop
  endfacet
  facet normal -0.946924 0.321459 0
    outer loop
      vertex 56.0879 4.931 2.4
      vertex 56.2603 5.43884 15.8
      vertex 56.2603 5.43884 2.4
    endloop
  endfacet
  facet normal -0.946924 0.321459 0
    outer loop
      vertex 56.2603 5.43884 15.8
      vertex 56.0879 4.931 2.4
      vertex 56.0879 4.931 15.8
    endloop
  endfacet
  facet normal 0.997857 -0.0654296 0
    outer loop
      vertex 2.4 128.3 15.8
      vertex 2.43508 128.835 2.4
      vertex 2.43508 128.835 15.8
    endloop
  endfacet
  facet normal 0.997857 -0.0654296 0
    outer loop
      vertex 2.43508 128.835 2.4
      vertex 2.4 128.3 15.8
      vertex 2.4 128.3 2.4
    endloop
  endfacet
  facet normal -1 0 0
    outer loop
      vertex 56.4 6.5 2.4
      vertex 56.4 128.3 15.8
      vertex 56.4 128.3 2.4
    endloop
  endfacet
  facet normal -1 -0 0
    outer loop
      vertex 56.4 128.3 15.8
      vertex 56.4 6.5 2.4
      vertex 56.4 6.5 15.8
    endloop
  endfacet
  facet normal 0.751666 -0.659545 0
    outer loop
      vertex 3.24725 130.796 15.8
      vertex 3.60086 131.199 2.4
      vertex 3.60086 131.199 15.8
    endloop
  endfacet
  facet normal 0.751666 -0.659545 0
    outer loop
      vertex 3.60086 131.199 2.4
      vertex 3.24725 130.796 15.8
      vertex 3.24725 130.796 2.4
    endloop
  endfacet
  facet normal 0 1 0
    outer loop
      vertex 52.3 2.4 15.8
      vertex 35.9 2.4 12.3
      vertex 35.9 2.4 15.8
    endloop
  endfacet
  facet normal 0 1 0
    outer loop
      vertex 35.9 2.4 12.3
      vertex 52.3 2.4 2.4
      vertex 22.9 2.4 12.3
    endloop
  endfacet
  facet normal 0 1 -0
    outer loop
      vertex 52.3 2.4 2.4
      vertex 35.9 2.4 12.3
      vertex 52.3 2.4 15.8
    endloop
  endfacet
  facet normal 0 1 -0
    outer loop
      vertex 22.9 2.4 12.3
      vertex 6.5 2.4 15.8
      vertex 22.9 2.4 15.8
    endloop
  endfacet
  facet normal 0 1 0
    outer loop
      vertex 6.5 2.4 2.4
      vertex 22.9 2.4 12.3
      vertex 52.3 2.4 2.4
    endloop
  endfacet
  facet normal 0 1 0
    outer loop
      vertex 22.9 2.4 12.3
      vertex 6.5 2.4 2.4
      vertex 6.5 2.4 15.8
    endloop
  endfacet
  facet normal 0 0 1
    outer loop
      vertex 25.4 112.8 2.4
      vertex 7.53528 124.436 2.4
      vertex 25.4342 112.278 2.4
    endloop
  endfacet
  facet normal 0 0 1
    outer loop
      vertex 24.4 67.4 2.4
      vertex 10.4658 7.0221 2.4
      vertex 10.5 6.5 2.4
    endloop
  endfacet
  facet normal -0 0 1
    outer loop
      vertex 7.0221 124.334 2.4
      vertex 25.4342 112.278 2.4
      vertex 7.53528 124.436 2.4
    endloop
  endfacet
  facet normal 0 0 1
    outer loop
      vertex 24.4 67.4 2.4
      vertex 10.3637 7.53528 2.4
      vertex 10.4658 7.0221 2.4
    endloop
  endfacet
  facet normal 0 0 1
    outer loop
      vertex 25.4342 112.278 2.4
      vertex 7.0221 124.334 2.4
      vertex 25.5363 111.765 2.4
    endloop
  endfacet
  facet normal 0 0 1
    outer loop
      vertex 24.4 67.4 2.4
      vertex 10.1955 8.03073 2.4
      vertex 10.3637 7.53528 2.4
    endloop
  endfacet
  facet normal -0 0 1
    outer loop
      vertex 6.5 124.3 2.4
      vertex 25.5363 111.765 2.4
      vertex 7.0221 124.334 2.4
    endloop
  endfacet
  facet normal 0 0 1
    outer loop
      vertex 24.4 67.4 2.4
      vertex 9.9641 8.5 2.4
      vertex 10.1955 8.03073 2.4
    endloop
  endfacet
  facet normal 0 0 1
    outer loop
      vertex 25.5363 111.765 2.4
      vertex 6.5 124.3 2.4
      vertex 25.7045 111.269 2.4
    endloop
  endfacet
  facet normal 0 0 1
    outer loop
      vertex 24.4 67.4 2.4
      vertex 9.67341 8.93505 2.4
      vertex 9.9641 8.5 2.4
    endloop
  endfacet
  facet normal 0 0 1
    outer loop
      vertex 5.97789 124.334 2.4
      vertex 25.7045 111.269 2.4
      vertex 6.5 124.3 2.4
    endloop
  endfacet
  facet normal 0 0 1
    outer loop
      vertex 24.4 67.4 2.4
      vertex 9.32843 9.32843 2.4
      vertex 9.67341 8.93505 2.4
    endloop
  endfacet
  facet normal 0 0 1
    outer loop
      vertex 25.7045 111.269 2.4
      vertex 5.97789 124.334 2.4
      vertex 25.9359 110.8 2.4
    endloop
  endfacet
  facet normal 0 0 1
    outer loop
      vertex 24.4 67.4 2.4
      vertex 8.93505 9.67341 2.4
      vertex 9.32843 9.32843 2.4
    endloop
  endfacet
  facet normal 0 0 1
    outer loop
      vertex 5.46472 124.436 2.4
      vertex 25.9359 110.8 2.4
      vertex 5.97789 124.334 2.4
    endloop
  endfacet
  facet normal 0 0 1
    outer loop
      vertex 24.4 67.4 2.4
      vertex 8.5 9.9641 2.4
      vertex 8.93505 9.67341 2.4
    endloop
  endfacet
  facet normal 0 0 1
    outer loop
      vertex 25.9359 110.8 2.4
      vertex 5.46472 124.436 2.4
      vertex 25.0699 69.9 2.4
    endloop
  endfacet
  facet normal 0 0 1
    outer loop
      vertex 24.4 67.4 2.4
      vertex 8.03073 10.1955 2.4
      vertex 8.5 9.9641 2.4
    endloop
  endfacet
  facet normal 0 0 1
    outer loop
      vertex 4.96927 124.604 2.4
      vertex 25.0699 69.9 2.4
      vertex 5.46472 124.436 2.4
    endloop
  endfacet
  facet normal 0 0 1
    outer loop
      vertex 24.4 67.4 2.4
      vertex 7.53528 10.3637 2.4
      vertex 8.03073 10.1955 2.4
    endloop
  endfacet
  facet normal 0 0 1
    outer loop
      vertex 25.0699 69.9 2.4
      vertex 4.96927 124.604 2.4
      vertex 24.7806 69.3134 2.4
    endloop
  endfacet
  facet normal 0 0 1
    outer loop
      vertex 24.4 67.4 2.4
      vertex 7.0221 10.4658 2.4
      vertex 7.53528 10.3637 2.4
    endloop
  endfacet
  facet normal 0 0 1
    outer loop
      vertex 4.5 124.836 2.4
      vertex 24.7806 69.3134 2.4
      vertex 4.96927 124.604 2.4
    endloop
  endfacet
  facet normal 0 0 1
    outer loop
      vertex 24.4 67.4 2.4
      vertex 6.5 10.5 2.4
      vertex 7.0221 10.4658 2.4
    endloop
  endfacet
  facet normal 0 0 1
    outer loop
      vertex 24.7806 69.3134 2.4
      vertex 4.5 124.836 2.4
      vertex 24.5704 68.6941 2.4
    endloop
  endfacet
  facet normal 0 0 1
    outer loop
      vertex 24.4 67.4 2.4
      vertex 5.97789 10.4658 2.4
      vertex 6.5 10.5 2.4
    endloop
  endfacet
  facet normal 0 0 1
    outer loop
      vertex 4.06495 125.127 2.4
      vertex 24.5704 68.6941 2.4
      vertex 4.5 124.836 2.4
    endloop
  endfacet
  facet normal 0 0 1
    outer loop
      vertex 24.4 67.4 2.4
      vertex 5.46472 10.3637 2.4
      vertex 5.97789 10.4658 2.4
    endloop
  endfacet
  facet normal 0 0 1
    outer loop
      vertex 24.5704 68.6941 2.4
      vertex 4.06495 125.127 2.4
      vertex 24.4428 68.0526 2.4
    endloop
  endfacet
  facet normal 0 0 1
    outer loop
      vertex 24.4 67.4 2.4
      vertex 4.96927 10.1955 2.4
      vertex 5.46472 10.3637 2.4
    endloop
  endfacet
  facet normal 0 0 1
    outer loop
      vertex 3.67157 125.472 2.4
      vertex 24.4428 68.0526 2.4
      vertex 4.06495 125.127 2.4
    endloop
  endfacet
  facet normal 0 0 1
    outer loop
      vertex 24.4 67.4 2.4
      vertex 4.5 9.9641 2.4
      vertex 4.96927 10.1955 2.4
    endloop
  endfacet
  facet normal 0 0 1
    outer loop
      vertex 24.4428 68.0526 2.4
      vertex 3.67157 125.472 2.4
      vertex 24.4 67.4 2.4
    endloop
  endfacet
  facet normal 0 0 1
    outer loop
      vertex 24.4 67.4 2.4
      vertex 4.06495 9.67341 2.4
      vertex 4.5 9.9641 2.4
    endloop
  endfacet
  facet normal 0 0 1
    outer loop
      vertex 3.32659 125.865 2.4
      vertex 24.4 67.4 2.4
      vertex 3.67157 125.472 2.4
    endloop
  endfacet
  facet normal 0 0 1
    outer loop
      vertex 24.4 67.4 2.4
      vertex 3.67157 9.32843 2.4
      vertex 4.06495 9.67341 2.4
    endloop
  endfacet
  facet normal 0 0 1
    outer loop
      vertex 3.32659 8.93505 2.4
      vertex 24.4 67.4 2.4
      vertex 3.32659 125.865 2.4
    endloop
  endfacet
  facet normal 0 0 1
    outer loop
      vertex 24.4 67.4 2.4
      vertex 3.32659 8.93505 2.4
      vertex 3.67157 9.32843 2.4
    endloop
  endfacet
  facet normal 0 0 1
    outer loop
      vertex 3.0359 126.3 2.4
      vertex 3.32659 8.93505 2.4
      vertex 3.32659 125.865 2.4
    endloop
  endfacet
  facet normal 0 0 1
    outer loop
      vertex 3.0359 126.3 2.4
      vertex 3.0359 8.5 2.4
      vertex 3.32659 8.93505 2.4
    endloop
  endfacet
  facet normal 0 0 1
    outer loop
      vertex 2.80448 126.769 2.4
      vertex 3.0359 8.5 2.4
      vertex 3.0359 126.3 2.4
    endloop
  endfacet
  facet normal 0 0 1
    outer loop
      vertex 2.80448 126.769 2.4
      vertex 2.80448 8.03073 2.4
      vertex 3.0359 8.5 2.4
    endloop
  endfacet
  facet normal 0 0 1
    outer loop
      vertex 2.6363 127.265 2.4
      vertex 2.80448 8.03073 2.4
      vertex 2.80448 126.769 2.4
    endloop
  endfacet
  facet normal 0 0 1
    outer loop
      vertex 2.6363 127.265 2.4
      vertex 2.6363 7.53528 2.4
      vertex 2.80448 8.03073 2.4
    endloop
  endfacet
  facet normal 0 0 1
    outer loop
      vertex 2.4 128.3 2.4
      vertex 2.6363 127.265 2.4
      vertex 2.53422 127.778 2.4
    endloop
  endfacet
  facet normal 0 0 1
    outer loop
      vertex 2.6363 127.265 2.4
      vertex 2.4 128.3 2.4
      vertex 2.6363 7.53528 2.4
    endloop
  endfacet
  facet normal -0 0 1
    outer loop
      vertex 2.4 128.3 2.4
      vertex 2.53422 127.778 2.4
      vertex 2.5 128.3 2.4
    endloop
  endfacet
  facet normal 0 0 1
    outer loop
      vertex 2.4 6.5 2.4
      vertex 2.6363 7.53528 2.4
      vertex 2.4 128.3 2.4
    endloop
  endfacet
  facet normal 0 0 1
    outer loop
      vertex 53.3353 10.3637 2.4
      vertex 31.5 31 2.4
      vertex 52.8221 10.4658 2.4
    endloop
  endfacet
  facet normal 0 0 1
    outer loop
      vertex 52.8221 10.4658 2.4
      vertex 33.3658 22.5221 2.4
      vertex 33.4 22 2.4
    endloop
  endfacet
  facet normal 0 0 1
    outer loop
      vertex 52.8221 10.4658 2.4
      vertex 33.2637 23.0353 2.4
      vertex 33.3658 22.5221 2.4
    endloop
  endfacet
  facet normal -0 -0 1
    outer loop
      vertex 33.0955 23.5307 2.4
      vertex 52.8221 10.4658 2.4
      vertex 31.5 31 2.4
    endloop
  endfacet
  facet normal 0 0 1
    outer loop
      vertex 31.5 31 2.4
      vertex 33.3668 64.3562 2.4
      vertex 32.9355 63.8645 2.4
    endloop
  endfacet
  facet normal 0 0 1
    outer loop
      vertex 52.8221 10.4658 2.4
      vertex 33.0955 23.5307 2.4
      vertex 33.2637 23.0353 2.4
    endloop
  endfacet
  facet normal 0 0 1
    outer loop
      vertex 33.0955 23.5307 2.4
      vertex 31.5 31 2.4
      vertex 32.8641 24 2.4
    endloop
  endfacet
  facet normal 0 0 1
    outer loop
      vertex 31.5 31 2.4
      vertex 32.9355 63.8645 2.4
      vertex 32.4438 63.4332 2.4
    endloop
  endfacet
  facet normal 0 0 1
    outer loop
      vertex 32.8641 24 2.4
      vertex 31.5 31 2.4
      vertex 32.5734 24.435 2.4
    endloop
  endfacet
  facet normal 0 0 1
    outer loop
      vertex 31.5 31 2.4
      vertex 32.4438 63.4332 2.4
      vertex 31.9 63.0699 2.4
    endloop
  endfacet
  facet normal 0 0 1
    outer loop
      vertex 32.5734 24.435 2.4
      vertex 31.5 31 2.4
      vertex 32.2284 24.8284 2.4
    endloop
  endfacet
  facet normal 0 0 1
    outer loop
      vertex 32.2284 24.8284 2.4
      vertex 31.5 31 2.4
      vertex 31.835 25.1734 2.4
    endloop
  endfacet
  facet normal -0 0 1
    outer loop
      vertex 31.3134 62.7806 2.4
      vertex 31.5 31 2.4
      vertex 31.9 63.0699 2.4
    endloop
  endfacet
  facet normal -0 0 1
    outer loop
      vertex 30.6941 62.5704 2.4
      vertex 31.5 31 2.4
      vertex 31.3134 62.7806 2.4
    endloop
  endfacet
  facet normal -0 0 1
    outer loop
      vertex 30.0526 62.4428 2.4
      vertex 31.5 31 2.4
      vertex 30.6941 62.5704 2.4
    endloop
  endfacet
  facet normal -0 0 1
    outer loop
      vertex 29.4 62.4 2.4
      vertex 31.5 31 2.4
      vertex 30.0526 62.4428 2.4
    endloop
  endfacet
  facet normal 0 0 1
    outer loop
      vertex 27.3 31 2.4
      vertex 29.4 62.4 2.4
      vertex 28.7474 62.4428 2.4
    endloop
  endfacet
  facet normal 0 0 1
    outer loop
      vertex 27.3 31 2.4
      vertex 28.7474 62.4428 2.4
      vertex 28.1059 62.5704 2.4
    endloop
  endfacet
  facet normal 0 0 1
    outer loop
      vertex 27.3 31 2.4
      vertex 28.1059 62.5704 2.4
      vertex 27.4866 62.7806 2.4
    endloop
  endfacet
  facet normal 0 0 1
    outer loop
      vertex 29.4 62.4 2.4
      vertex 27.3 31 2.4
      vertex 31.5 31 2.4
    endloop
  endfacet
  facet normal 0 0 1
    outer loop
      vertex 27.3 31 2.4
      vertex 26.965 25.1734 2.4
      vertex 27.3 25.3973 2.4
    endloop
  endfacet
  facet normal 0 0 1
    outer loop
      vertex 26.9 63.0699 2.4
      vertex 27.3 31 2.4
      vertex 27.4866 62.7806 2.4
    endloop
  endfacet
  facet normal 0 0 1
    outer loop
      vertex 26.3562 63.4332 2.4
      vertex 27.3 31 2.4
      vertex 26.9 63.0699 2.4
    endloop
  endfacet
  facet normal 0 0 1
    outer loop
      vertex 25.8645 63.8645 2.4
      vertex 27.3 31 2.4
      vertex 26.3562 63.4332 2.4
    endloop
  endfacet
  facet normal 0 0 1
    outer loop
      vertex 27.3 31 2.4
      vertex 26.5716 24.8284 2.4
      vertex 26.965 25.1734 2.4
    endloop
  endfacet
  facet normal 0 0 1
    outer loop
      vertex 25.4332 64.3562 2.4
      vertex 27.3 31 2.4
      vertex 25.8645 63.8645 2.4
    endloop
  endfacet
  facet normal 0 0 1
    outer loop
      vertex 27.3 31 2.4
      vertex 26.2266 24.435 2.4
      vertex 26.5716 24.8284 2.4
    endloop
  endfacet
  facet normal 0 0 1
    outer loop
      vertex 25.0699 64.9 2.4
      vertex 27.3 31 2.4
      vertex 25.4332 64.3562 2.4
    endloop
  endfacet
  facet normal 0 0 1
    outer loop
      vertex 27.3 31 2.4
      vertex 25.9359 24 2.4
      vertex 26.2266 24.435 2.4
    endloop
  endfacet
  facet normal 0 0 1
    outer loop
      vertex 24.7806 65.4866 2.4
      vertex 27.3 31 2.4
      vertex 25.0699 64.9 2.4
    endloop
  endfacet
  facet normal 0 0 1
    outer loop
      vertex 27.3 31 2.4
      vertex 25.7045 23.5307 2.4
      vertex 25.9359 24 2.4
    endloop
  endfacet
  facet normal 0 0 1
    outer loop
      vertex 27.3 31 2.4
      vertex 10.5 6.5 2.4
      vertex 25.7045 23.5307 2.4
    endloop
  endfacet
  facet normal 0 0 1
    outer loop
      vertex 25.7045 23.5307 2.4
      vertex 10.5 6.5 2.4
      vertex 25.5363 23.0353 2.4
    endloop
  endfacet
  facet normal 0 0 1
    outer loop
      vertex 25.5363 23.0353 2.4
      vertex 10.5 6.5 2.4
      vertex 25.4342 22.5221 2.4
    endloop
  endfacet
  facet normal 0 0 1
    outer loop
      vertex 56.4 128.3 2.4
      vertex 56.1637 127.265 2.4
      vertex 56.4 6.5 2.4
    endloop
  endfacet
  facet normal 0 0 1
    outer loop
      vertex 56.4 6.5 2.4
      vertex 56.2658 7.0221 2.4
      vertex 56.3 6.5 2.4
    endloop
  endfacet
  facet normal -0 0 1
    outer loop
      vertex 56.1637 7.53528 2.4
      vertex 56.4 6.5 2.4
      vertex 56.1637 127.265 2.4
    endloop
  endfacet
  facet normal 0 0 1
    outer loop
      vertex 56.4 6.5 2.4
      vertex 56.1637 7.53528 2.4
      vertex 56.2658 7.0221 2.4
    endloop
  endfacet
  facet normal -0 0 1
    outer loop
      vertex 55.9955 126.769 2.4
      vertex 56.1637 7.53528 2.4
      vertex 56.1637 127.265 2.4
    endloop
  endfacet
  facet normal 0 0 1
    outer loop
      vertex 55.9955 126.769 2.4
      vertex 55.9955 8.03073 2.4
      vertex 56.1637 7.53528 2.4
    endloop
  endfacet
  facet normal -0 0 1
    outer loop
      vertex 55.7641 126.3 2.4
      vertex 55.9955 8.03073 2.4
      vertex 55.9955 126.769 2.4
    endloop
  endfacet
  facet normal 0 0 1
    outer loop
      vertex 55.7641 126.3 2.4
      vertex 55.7641 8.5 2.4
      vertex 55.9955 8.03073 2.4
    endloop
  endfacet
  facet normal -0 0 1
    outer loop
      vertex 55.4734 125.865 2.4
      vertex 55.7641 8.5 2.4
      vertex 55.7641 126.3 2.4
    endloop
  endfacet
  facet normal 0 0 1
    outer loop
      vertex 55.4734 125.865 2.4
      vertex 55.4734 8.93505 2.4
      vertex 55.7641 8.5 2.4
    endloop
  endfacet
  facet normal 0 0 1
    outer loop
      vertex 34.4 67.4 2.4
      vertex 55.4734 125.865 2.4
      vertex 55.1284 125.472 2.4
    endloop
  endfacet
  facet normal 0 0 1
    outer loop
      vertex 55.4734 125.865 2.4
      vertex 34.4 67.4 2.4
      vertex 55.4734 8.93505 2.4
    endloop
  endfacet
  facet normal 0 0 1
    outer loop
      vertex 34.3572 68.0526 2.4
      vertex 55.1284 125.472 2.4
      vertex 54.735 125.127 2.4
    endloop
  endfacet
  facet normal 0 0 1
    outer loop
      vertex 55.4734 8.93505 2.4
      vertex 34.4 67.4 2.4
      vertex 55.1284 9.32843 2.4
    endloop
  endfacet
  facet normal 0 0 1
    outer loop
      vertex 34.2296 68.6941 2.4
      vertex 54.735 125.127 2.4
      vertex 54.3 124.836 2.4
    endloop
  endfacet
  facet normal -0 0 1
    outer loop
      vertex 34.3572 66.7474 2.4
      vertex 55.1284 9.32843 2.4
      vertex 34.4 67.4 2.4
    endloop
  endfacet
  facet normal 0 0 1
    outer loop
      vertex 34.0194 69.3134 2.4
      vertex 54.3 124.836 2.4
      vertex 53.8307 124.604 2.4
    endloop
  endfacet
  facet normal 0 0 1
    outer loop
      vertex 55.1284 9.32843 2.4
      vertex 34.3572 66.7474 2.4
      vertex 54.735 9.67341 2.4
    endloop
  endfacet
  facet normal 0 0 1
    outer loop
      vertex 33.7301 69.9 2.4
      vertex 53.8307 124.604 2.4
      vertex 53.3353 124.436 2.4
    endloop
  endfacet
  facet normal -0 0 1
    outer loop
      vertex 34.2296 66.1059 2.4
      vertex 54.735 9.67341 2.4
      vertex 34.3572 66.7474 2.4
    endloop
  endfacet
  facet normal 0 0 1
    outer loop
      vertex 32.8641 110.8 2.4
      vertex 53.3353 124.436 2.4
      vertex 52.8221 124.334 2.4
    endloop
  endfacet
  facet normal 0 0 1
    outer loop
      vertex 54.735 9.67341 2.4
      vertex 34.2296 66.1059 2.4
      vertex 54.3 9.9641 2.4
    endloop
  endfacet
  facet normal 0 0 1
    outer loop
      vertex 33.0955 111.269 2.4
      vertex 52.8221 124.334 2.4
      vertex 52.3 124.3 2.4
    endloop
  endfacet
  facet normal -0 0 1
    outer loop
      vertex 34.0194 65.4866 2.4
      vertex 54.3 9.9641 2.4
      vertex 34.2296 66.1059 2.4
    endloop
  endfacet
  facet normal 0 0 1
    outer loop
      vertex 33.2637 111.765 2.4
      vertex 52.3 124.3 2.4
      vertex 51.7779 124.334 2.4
    endloop
  endfacet
  facet normal 0 0 1
    outer loop
      vertex 54.3 9.9641 2.4
      vertex 34.0194 65.4866 2.4
      vertex 53.8307 10.1955 2.4
    endloop
  endfacet
  facet normal 0 0 1
    outer loop
      vertex 33.3658 112.278 2.4
      vertex 51.7779 124.334 2.4
      vertex 51.2647 124.436 2.4
    endloop
  endfacet
  facet normal -0 0 1
    outer loop
      vertex 33.7301 64.9 2.4
      vertex 53.8307 10.1955 2.4
      vertex 34.0194 65.4866 2.4
    endloop
  endfacet
  facet normal 0 0 1
    outer loop
      vertex 33.4 112.8 2.4
      vertex 51.2647 124.436 2.4
      vertex 50.7693 124.604 2.4
    endloop
  endfacet
  facet normal -0 0 1
    outer loop
      vertex 31.5 31 2.4
      vertex 53.8307 10.1955 2.4
      vertex 33.7301 64.9 2.4
    endloop
  endfacet
  facet normal 0 0 1
    outer loop
      vertex 33.3658 113.322 2.4
      vertex 50.7693 124.604 2.4
      vertex 50.3 124.836 2.4
    endloop
  endfacet
  facet normal 0 0 1
    outer loop
      vertex 31.5 31 2.4
      vertex 33.7301 64.9 2.4
      vertex 33.3668 64.3562 2.4
    endloop
  endfacet
  facet normal 0 0 1
    outer loop
      vertex 33.2637 113.835 2.4
      vertex 50.3 124.836 2.4
      vertex 49.865 125.127 2.4
    endloop
  endfacet
  facet normal 0 0 1
    outer loop
      vertex 53.8307 10.1955 2.4
      vertex 31.5 31 2.4
      vertex 53.3353 10.3637 2.4
    endloop
  endfacet
  facet normal 0 0 1
    outer loop
      vertex 33.0955 114.331 2.4
      vertex 49.865 125.127 2.4
      vertex 49.4716 125.472 2.4
    endloop
  endfacet
  facet normal 0 0 1
    outer loop
      vertex 52.8221 10.4658 2.4
      vertex 33.4 22 2.4
      vertex 52.3 10.5 2.4
    endloop
  endfacet
  facet normal 0 0 1
    outer loop
      vertex 32.8641 114.8 2.4
      vertex 49.4716 125.472 2.4
      vertex 49.1266 125.865 2.4
    endloop
  endfacet
  facet normal 0 0 1
    outer loop
      vertex 52.3 10.5 2.4
      vertex 33.4 22 2.4
      vertex 51.7779 10.4658 2.4
    endloop
  endfacet
  facet normal 0 0 1
    outer loop
      vertex 31.5 121.8 2.4
      vertex 49.1266 125.865 2.4
      vertex 48.8359 126.3 2.4
    endloop
  endfacet
  facet normal 0 0 1
    outer loop
      vertex 51.7779 10.4658 2.4
      vertex 33.4 22 2.4
      vertex 51.2647 10.3637 2.4
    endloop
  endfacet
  facet normal 0 0 1
    outer loop
      vertex 31.5 121.8 2.4
      vertex 48.8359 126.3 2.4
      vertex 48.6045 126.769 2.4
    endloop
  endfacet
  facet normal 0 0 1
    outer loop
      vertex 51.2647 10.3637 2.4
      vertex 33.4 22 2.4
      vertex 50.7693 10.1955 2.4
    endloop
  endfacet
  facet normal 0 0 1
    outer loop
      vertex 31.5 121.8 2.4
      vertex 48.6045 126.769 2.4
      vertex 48.4363 127.265 2.4
    endloop
  endfacet
  facet normal -0 0 1
    outer loop
      vertex 33.3658 21.4779 2.4
      vertex 50.7693 10.1955 2.4
      vertex 33.4 22 2.4
    endloop
  endfacet
  facet normal 0 0 1
    outer loop
      vertex 31.5 121.8 2.4
      vertex 48.4363 127.265 2.4
      vertex 48.3342 127.778 2.4
    endloop
  endfacet
  facet normal 0 0 1
    outer loop
      vertex 50.7693 10.1955 2.4
      vertex 33.3658 21.4779 2.4
      vertex 50.3 9.9641 2.4
    endloop
  endfacet
  facet normal 0 0 1
    outer loop
      vertex 31.5 121.8 2.4
      vertex 48.3342 127.778 2.4
      vertex 48.3 128.3 2.4
    endloop
  endfacet
  facet normal -0 0 1
    outer loop
      vertex 33.2637 20.9647 2.4
      vertex 50.3 9.9641 2.4
      vertex 33.3658 21.4779 2.4
    endloop
  endfacet
  facet normal 0 0 1
    outer loop
      vertex 56.3 128.3 2.4
      vertex 56.4 128.3 2.4
      vertex 56.3649 128.835 2.4
    endloop
  endfacet
  facet normal 0 0 1
    outer loop
      vertex 56.2658 127.778 2.4
      vertex 56.4 128.3 2.4
      vertex 56.3 128.3 2.4
    endloop
  endfacet
  facet normal 0 0 1
    outer loop
      vertex 56.1637 127.265 2.4
      vertex 56.4 128.3 2.4
      vertex 56.2658 127.778 2.4
    endloop
  endfacet
  facet normal 0 0 1
    outer loop
      vertex 56.3649 128.835 2.4
      vertex 56.2658 128.822 2.4
      vertex 56.3 128.3 2.4
    endloop
  endfacet
  facet normal 0 0 1
    outer loop
      vertex 56.2603 129.361 2.4
      vertex 56.2658 128.822 2.4
      vertex 56.3649 128.835 2.4
    endloop
  endfacet
  facet normal 0 0 1
    outer loop
      vertex 56.2603 129.361 2.4
      vertex 56.1637 129.335 2.4
      vertex 56.2658 128.822 2.4
    endloop
  endfacet
  facet normal 0 0 1
    outer loop
      vertex 56.0879 129.869 2.4
      vertex 56.1637 129.335 2.4
      vertex 56.2603 129.361 2.4
    endloop
  endfacet
  facet normal 0 0 1
    outer loop
      vertex 56.0879 129.869 2.4
      vertex 55.9955 129.831 2.4
      vertex 56.1637 129.335 2.4
    endloop
  endfacet
  facet normal 0 0 1
    outer loop
      vertex 55.8507 130.35 2.4
      vertex 55.9955 129.831 2.4
      vertex 56.0879 129.869 2.4
    endloop
  endfacet
  facet normal 0 0 1
    outer loop
      vertex 55.8507 130.35 2.4
      vertex 55.7641 130.3 2.4
      vertex 55.9955 129.831 2.4
    endloop
  endfacet
  facet normal 0 0 1
    outer loop
      vertex 55.5527 130.796 2.4
      vertex 55.7641 130.3 2.4
      vertex 55.8507 130.35 2.4
    endloop
  endfacet
  facet normal 0 0 1
    outer loop
      vertex 55.5527 130.796 2.4
      vertex 55.4734 130.735 2.4
      vertex 55.7641 130.3 2.4
    endloop
  endfacet
  facet normal 0 0 1
    outer loop
      vertex 55.1991 131.199 2.4
      vertex 55.4734 130.735 2.4
      vertex 55.5527 130.796 2.4
    endloop
  endfacet
  facet normal 0 0 1
    outer loop
      vertex 55.1991 131.199 2.4
      vertex 55.1284 131.128 2.4
      vertex 55.4734 130.735 2.4
    endloop
  endfacet
  facet normal 0 0 1
    outer loop
      vertex 54.7959 131.553 2.4
      vertex 55.1284 131.128 2.4
      vertex 55.1991 131.199 2.4
    endloop
  endfacet
  facet normal 0 0 1
    outer loop
      vertex 54.7959 131.553 2.4
      vertex 54.735 131.473 2.4
      vertex 55.1284 131.128 2.4
    endloop
  endfacet
  facet normal 0 0 1
    outer loop
      vertex 54.35 131.851 2.4
      vertex 54.735 131.473 2.4
      vertex 54.7959 131.553 2.4
    endloop
  endfacet
  facet normal 0 0 1
    outer loop
      vertex 54.35 131.851 2.4
      vertex 54.3 131.764 2.4
      vertex 54.735 131.473 2.4
    endloop
  endfacet
  facet normal 0 0 1
    outer loop
      vertex 53.869 132.088 2.4
      vertex 54.3 131.764 2.4
      vertex 54.35 131.851 2.4
    endloop
  endfacet
  facet normal 0 0 1
    outer loop
      vertex 53.869 132.088 2.4
      vertex 53.8307 131.996 2.4
      vertex 54.3 131.764 2.4
    endloop
  endfacet
  facet normal 0 0 1
    outer loop
      vertex 53.3612 132.26 2.4
      vertex 53.8307 131.996 2.4
      vertex 53.869 132.088 2.4
    endloop
  endfacet
  facet normal 0 0 1
    outer loop
      vertex 53.3612 132.26 2.4
      vertex 53.3353 132.164 2.4
      vertex 53.8307 131.996 2.4
    endloop
  endfacet
  facet normal 0 0 1
    outer loop
      vertex 52.8352 132.365 2.4
      vertex 53.3353 132.164 2.4
      vertex 53.3612 132.26 2.4
    endloop
  endfacet
  facet normal 0 0 1
    outer loop
      vertex 52.8352 132.365 2.4
      vertex 52.8221 132.266 2.4
      vertex 53.3353 132.164 2.4
    endloop
  endfacet
  facet normal 0 0 1
    outer loop
      vertex 52.3 132.4 2.4
      vertex 52.8221 132.266 2.4
      vertex 52.8352 132.365 2.4
    endloop
  endfacet
  facet normal 0 0 1
    outer loop
      vertex 52.3 132.4 2.4
      vertex 52.3 132.3 2.4
      vertex 52.8221 132.266 2.4
    endloop
  endfacet
  facet normal 0 0 1
    outer loop
      vertex 52.3 132.4 2.4
      vertex 51.7779 132.266 2.4
      vertex 52.3 132.3 2.4
    endloop
  endfacet
  facet normal 0 0 1
    outer loop
      vertex 52.3 132.4 2.4
      vertex 51.2647 132.164 2.4
      vertex 51.7779 132.266 2.4
    endloop
  endfacet
  facet normal 0 0 1
    outer loop
      vertex 50.3 9.9641 2.4
      vertex 33.2637 20.9647 2.4
      vertex 49.865 9.67341 2.4
    endloop
  endfacet
  facet normal 0 0 1
    outer loop
      vertex 31.5 121.8 2.4
      vertex 48.3 128.3 2.4
      vertex 48.3342 128.822 2.4
    endloop
  endfacet
  facet normal 0 0 1
    outer loop
      vertex 31.5 121.8 2.4
      vertex 48.3342 128.822 2.4
      vertex 48.4363 129.335 2.4
    endloop
  endfacet
  facet normal 0 0 1
    outer loop
      vertex 55.1284 125.472 2.4
      vertex 34.3572 68.0526 2.4
      vertex 34.4 67.4 2.4
    endloop
  endfacet
  facet normal 0 0 1
    outer loop
      vertex 54.735 125.127 2.4
      vertex 34.2296 68.6941 2.4
      vertex 34.3572 68.0526 2.4
    endloop
  endfacet
  facet normal 0 0 1
    outer loop
      vertex 54.3 124.836 2.4
      vertex 34.0194 69.3134 2.4
      vertex 34.2296 68.6941 2.4
    endloop
  endfacet
  facet normal 0 0 1
    outer loop
      vertex 53.8307 124.604 2.4
      vertex 33.7301 69.9 2.4
      vertex 34.0194 69.3134 2.4
    endloop
  endfacet
  facet normal 0 0 1
    outer loop
      vertex 51.2647 124.436 2.4
      vertex 33.4 112.8 2.4
      vertex 33.3658 112.278 2.4
    endloop
  endfacet
  facet normal 0 0 1
    outer loop
      vertex 31.5 121.8 2.4
      vertex 48.4363 129.335 2.4
      vertex 48.6045 129.831 2.4
    endloop
  endfacet
  facet normal 0 0 1
    outer loop
      vertex 31.5 121.8 2.4
      vertex 48.6045 129.831 2.4
      vertex 48.8359 130.3 2.4
    endloop
  endfacet
  facet normal 0 0 1
    outer loop
      vertex 31.5 121.8 2.4
      vertex 48.8359 130.3 2.4
      vertex 49.1266 130.735 2.4
    endloop
  endfacet
  facet normal 0 0 1
    outer loop
      vertex 50.7693 124.604 2.4
      vertex 33.3658 113.322 2.4
      vertex 33.4 112.8 2.4
    endloop
  endfacet
  facet normal 0 0 1
    outer loop
      vertex 9.67341 130.735 2.4
      vertex 49.1266 130.735 2.4
      vertex 49.4716 131.128 2.4
    endloop
  endfacet
  facet normal 0 0 1
    outer loop
      vertex 50.3 124.836 2.4
      vertex 33.2637 113.835 2.4
      vertex 33.3658 113.322 2.4
    endloop
  endfacet
  facet normal 0 0 1
    outer loop
      vertex 49.865 125.127 2.4
      vertex 33.0955 114.331 2.4
      vertex 33.2637 113.835 2.4
    endloop
  endfacet
  facet normal 0 0 1
    outer loop
      vertex 49.4716 125.472 2.4
      vertex 32.8641 114.8 2.4
      vertex 33.0955 114.331 2.4
    endloop
  endfacet
  facet normal 0 0 1
    outer loop
      vertex 49.1266 125.865 2.4
      vertex 31.5 121.8 2.4
      vertex 32.8641 114.8 2.4
    endloop
  endfacet
  facet normal 0 0 1
    outer loop
      vertex 32.8641 114.8 2.4
      vertex 31.5 121.8 2.4
      vertex 32.5734 115.235 2.4
    endloop
  endfacet
  facet normal 0 0 1
    outer loop
      vertex 32.5734 115.235 2.4
      vertex 31.5 121.8 2.4
      vertex 32.2284 115.628 2.4
    endloop
  endfacet
  facet normal 0 0 1
    outer loop
      vertex 9.32843 131.128 2.4
      vertex 49.4716 131.128 2.4
      vertex 49.865 131.473 2.4
    endloop
  endfacet
  facet normal 0 0 1
    outer loop
      vertex 32.2284 115.628 2.4
      vertex 31.5 121.8 2.4
      vertex 31.835 115.973 2.4
    endloop
  endfacet
  facet normal 0 0 1
    outer loop
      vertex 8.93505 131.473 2.4
      vertex 49.865 131.473 2.4
      vertex 50.3 131.764 2.4
    endloop
  endfacet
  facet normal 0 0 1
    outer loop
      vertex 49.1266 130.735 2.4
      vertex 27.3 121.8 2.4
      vertex 31.5 121.8 2.4
    endloop
  endfacet
  facet normal 0 0 1
    outer loop
      vertex 8.5 131.764 2.4
      vertex 50.3 131.764 2.4
      vertex 50.7693 131.996 2.4
    endloop
  endfacet
  facet normal 0 0 1
    outer loop
      vertex 27.3 121.8 2.4
      vertex 26.965 115.973 2.4
      vertex 27.3 116.197 2.4
    endloop
  endfacet
  facet normal 0 0 1
    outer loop
      vertex 27.3 121.8 2.4
      vertex 26.5716 115.628 2.4
      vertex 26.965 115.973 2.4
    endloop
  endfacet
  facet normal 0 0 1
    outer loop
      vertex 27.3 121.8 2.4
      vertex 26.2266 115.235 2.4
      vertex 26.5716 115.628 2.4
    endloop
  endfacet
  facet normal 0 0 1
    outer loop
      vertex 27.3 121.8 2.4
      vertex 25.9359 114.8 2.4
      vertex 26.2266 115.235 2.4
    endloop
  endfacet
  facet normal -0 0 1
    outer loop
      vertex 10.4658 127.778 2.4
      vertex 27.3 121.8 2.4
      vertex 10.5 128.3 2.4
    endloop
  endfacet
  facet normal -0 0 1
    outer loop
      vertex 10.3637 127.265 2.4
      vertex 27.3 121.8 2.4
      vertex 10.4658 127.778 2.4
    endloop
  endfacet
  facet normal -0 0 1
    outer loop
      vertex 8.5 124.836 2.4
      vertex 25.5363 113.835 2.4
      vertex 8.93505 125.127 2.4
    endloop
  endfacet
  facet normal -0 0 1
    outer loop
      vertex 9.32843 125.472 2.4
      vertex 25.9359 114.8 2.4
      vertex 9.67341 125.865 2.4
    endloop
  endfacet
  facet normal 0 0 1
    outer loop
      vertex 25.5363 113.835 2.4
      vertex 8.5 124.836 2.4
      vertex 25.4342 113.322 2.4
    endloop
  endfacet
  facet normal -0 0 1
    outer loop
      vertex 8.03073 124.604 2.4
      vertex 25.4342 113.322 2.4
      vertex 8.5 124.836 2.4
    endloop
  endfacet
  facet normal 0 0 1
    outer loop
      vertex 25.4342 113.322 2.4
      vertex 8.03073 124.604 2.4
      vertex 25.4 112.8 2.4
    endloop
  endfacet
  facet normal -0 0 1
    outer loop
      vertex 9.67341 125.865 2.4
      vertex 27.3 121.8 2.4
      vertex 9.9641 126.3 2.4
    endloop
  endfacet
  facet normal -0 0 1
    outer loop
      vertex 9.9641 126.3 2.4
      vertex 27.3 121.8 2.4
      vertex 10.1955 126.769 2.4
    endloop
  endfacet
  facet normal -0 0 1
    outer loop
      vertex 10.1955 126.769 2.4
      vertex 27.3 121.8 2.4
      vertex 10.3637 127.265 2.4
    endloop
  endfacet
  facet normal 0 0 1
    outer loop
      vertex 49.1266 130.735 2.4
      vertex 9.67341 130.735 2.4
      vertex 27.3 121.8 2.4
    endloop
  endfacet
  facet normal 0 0 1
    outer loop
      vertex 8.03073 131.996 2.4
      vertex 50.7693 131.996 2.4
      vertex 51.2647 132.164 2.4
    endloop
  endfacet
  facet normal 0 0 1
    outer loop
      vertex 7.53528 132.164 2.4
      vertex 51.2647 132.164 2.4
      vertex 52.3 132.4 2.4
    endloop
  endfacet
  facet normal 0 0 1
    outer loop
      vertex 27.3 121.8 2.4
      vertex 10.4658 128.822 2.4
      vertex 10.5 128.3 2.4
    endloop
  endfacet
  facet normal 0 0 1
    outer loop
      vertex 27.3 121.8 2.4
      vertex 10.3637 129.335 2.4
      vertex 10.4658 128.822 2.4
    endloop
  endfacet
  facet normal 0 0 1
    outer loop
      vertex 27.3 121.8 2.4
      vertex 10.1955 129.831 2.4
      vertex 10.3637 129.335 2.4
    endloop
  endfacet
  facet normal 0 0 1
    outer loop
      vertex 27.3 121.8 2.4
      vertex 9.9641 130.3 2.4
      vertex 10.1955 129.831 2.4
    endloop
  endfacet
  facet normal 0 0 1
    outer loop
      vertex 27.3 121.8 2.4
      vertex 9.67341 130.735 2.4
      vertex 9.9641 130.3 2.4
    endloop
  endfacet
  facet normal 0 0 1
    outer loop
      vertex 49.4716 131.128 2.4
      vertex 9.32843 131.128 2.4
      vertex 9.67341 130.735 2.4
    endloop
  endfacet
  facet normal 0 0 1
    outer loop
      vertex 49.865 131.473 2.4
      vertex 8.93505 131.473 2.4
      vertex 9.32843 131.128 2.4
    endloop
  endfacet
  facet normal 0 0 1
    outer loop
      vertex 50.3 131.764 2.4
      vertex 8.5 131.764 2.4
      vertex 8.93505 131.473 2.4
    endloop
  endfacet
  facet normal 0 0 1
    outer loop
      vertex 50.7693 131.996 2.4
      vertex 8.03073 131.996 2.4
      vertex 8.5 131.764 2.4
    endloop
  endfacet
  facet normal 0 0 1
    outer loop
      vertex 51.2647 132.164 2.4
      vertex 7.53528 132.164 2.4
      vertex 8.03073 131.996 2.4
    endloop
  endfacet
  facet normal -0 0 1
    outer loop
      vertex 6.5 132.4 2.4
      vertex 7.53528 132.164 2.4
      vertex 52.3 132.4 2.4
    endloop
  endfacet
  facet normal 0 0 1
    outer loop
      vertex 7.53528 132.164 2.4
      vertex 6.5 132.4 2.4
      vertex 7.0221 132.266 2.4
    endloop
  endfacet
  facet normal 0 0 1
    outer loop
      vertex 6.5 132.4 2.4
      vertex 6.5 132.3 2.4
      vertex 7.0221 132.266 2.4
    endloop
  endfacet
  facet normal 0 0 1
    outer loop
      vertex 6.5 132.4 2.4
      vertex 5.97789 132.266 2.4
      vertex 6.5 132.3 2.4
    endloop
  endfacet
  facet normal -0 0 1
    outer loop
      vertex 5.96484 132.365 2.4
      vertex 5.97789 132.266 2.4
      vertex 6.5 132.4 2.4
    endloop
  endfacet
  facet normal 0 0 1
    outer loop
      vertex 5.96484 132.365 2.4
      vertex 5.46472 132.164 2.4
      vertex 5.97789 132.266 2.4
    endloop
  endfacet
  facet normal -0 0 1
    outer loop
      vertex 5.43884 132.26 2.4
      vertex 5.46472 132.164 2.4
      vertex 5.96484 132.365 2.4
    endloop
  endfacet
  facet normal 0 0 1
    outer loop
      vertex 5.43884 132.26 2.4
      vertex 4.96927 131.996 2.4
      vertex 5.46472 132.164 2.4
    endloop
  endfacet
  facet normal -0 0 1
    outer loop
      vertex 4.931 132.088 2.4
      vertex 4.96927 131.996 2.4
      vertex 5.43884 132.26 2.4
    endloop
  endfacet
  facet normal 0 0 1
    outer loop
      vertex 4.931 132.088 2.4
      vertex 4.5 131.764 2.4
      vertex 4.96927 131.996 2.4
    endloop
  endfacet
  facet normal -0 0 1
    outer loop
      vertex 4.45 131.851 2.4
      vertex 4.5 131.764 2.4
      vertex 4.931 132.088 2.4
    endloop
  endfacet
  facet normal 0 0 1
    outer loop
      vertex 4.45 131.851 2.4
      vertex 4.06495 131.473 2.4
      vertex 4.5 131.764 2.4
    endloop
  endfacet
  facet normal -0 0 1
    outer loop
      vertex 4.00408 131.553 2.4
      vertex 4.06495 131.473 2.4
      vertex 4.45 131.851 2.4
    endloop
  endfacet
  facet normal 0 0 1
    outer loop
      vertex 4.00408 131.553 2.4
      vertex 3.67157 131.128 2.4
      vertex 4.06495 131.473 2.4
    endloop
  endfacet
  facet normal -0 0 1
    outer loop
      vertex 3.60086 131.199 2.4
      vertex 3.67157 131.128 2.4
      vertex 4.00408 131.553 2.4
    endloop
  endfacet
  facet normal 0 0 1
    outer loop
      vertex 3.60086 131.199 2.4
      vertex 3.32659 130.735 2.4
      vertex 3.67157 131.128 2.4
    endloop
  endfacet
  facet normal -0 0 1
    outer loop
      vertex 3.24725 130.796 2.4
      vertex 3.32659 130.735 2.4
      vertex 3.60086 131.199 2.4
    endloop
  endfacet
  facet normal 0 0 1
    outer loop
      vertex 3.24725 130.796 2.4
      vertex 3.0359 130.3 2.4
      vertex 3.32659 130.735 2.4
    endloop
  endfacet
  facet normal -0 0 1
    outer loop
      vertex 2.9493 130.35 2.4
      vertex 3.0359 130.3 2.4
      vertex 3.24725 130.796 2.4
    endloop
  endfacet
  facet normal 0 0 1
    outer loop
      vertex 2.9493 130.35 2.4
      vertex 2.80448 129.831 2.4
      vertex 3.0359 130.3 2.4
    endloop
  endfacet
  facet normal -0 0 1
    outer loop
      vertex 2.71209 129.869 2.4
      vertex 2.80448 129.831 2.4
      vertex 2.9493 130.35 2.4
    endloop
  endfacet
  facet normal 0 0 1
    outer loop
      vertex 2.71209 129.869 2.4
      vertex 2.6363 129.335 2.4
      vertex 2.80448 129.831 2.4
    endloop
  endfacet
  facet normal -0 0 1
    outer loop
      vertex 2.5397 129.361 2.4
      vertex 2.6363 129.335 2.4
      vertex 2.71209 129.869 2.4
    endloop
  endfacet
  facet normal 0 0 1
    outer loop
      vertex 2.5397 129.361 2.4
      vertex 2.53422 128.822 2.4
      vertex 2.6363 129.335 2.4
    endloop
  endfacet
  facet normal -0 0 1
    outer loop
      vertex 2.43508 128.835 2.4
      vertex 2.53422 128.822 2.4
      vertex 2.5397 129.361 2.4
    endloop
  endfacet
  facet normal 0 0 1
    outer loop
      vertex 2.4 128.3 2.4
      vertex 2.5 128.3 2.4
      vertex 2.43508 128.835 2.4
    endloop
  endfacet
  facet normal 0 0 1
    outer loop
      vertex 2.53422 128.822 2.4
      vertex 2.43508 128.835 2.4
      vertex 2.5 128.3 2.4
    endloop
  endfacet
  facet normal 0 0 1
    outer loop
      vertex 56.4 6.5 2.4
      vertex 56.3 6.5 2.4
      vertex 56.3649 5.96484 2.4
    endloop
  endfacet
  facet normal -0 0 1
    outer loop
      vertex 56.2658 5.97789 2.4
      vertex 56.3649 5.96484 2.4
      vertex 56.3 6.5 2.4
    endloop
  endfacet
  facet normal 0 0 1
    outer loop
      vertex 56.2658 5.97789 2.4
      vertex 56.2603 5.43884 2.4
      vertex 56.3649 5.96484 2.4
    endloop
  endfacet
  facet normal -0 0 1
    outer loop
      vertex 56.1637 5.46472 2.4
      vertex 56.2603 5.43884 2.4
      vertex 56.2658 5.97789 2.4
    endloop
  endfacet
  facet normal 0 0 1
    outer loop
      vertex 56.1637 5.46472 2.4
      vertex 56.0879 4.931 2.4
      vertex 56.2603 5.43884 2.4
    endloop
  endfacet
  facet normal -0 0 1
    outer loop
      vertex 55.9955 4.96927 2.4
      vertex 56.0879 4.931 2.4
      vertex 56.1637 5.46472 2.4
    endloop
  endfacet
  facet normal 0 0 1
    outer loop
      vertex 55.9955 4.96927 2.4
      vertex 55.8507 4.45 2.4
      vertex 56.0879 4.931 2.4
    endloop
  endfacet
  facet normal -0 0 1
    outer loop
      vertex 55.7641 4.5 2.4
      vertex 55.8507 4.45 2.4
      vertex 55.9955 4.96927 2.4
    endloop
  endfacet
  facet normal 0 0 1
    outer loop
      vertex 55.7641 4.5 2.4
      vertex 55.5527 4.00408 2.4
      vertex 55.8507 4.45 2.4
    endloop
  endfacet
  facet normal -0 0 1
    outer loop
      vertex 55.4734 4.06495 2.4
      vertex 55.5527 4.00408 2.4
      vertex 55.7641 4.5 2.4
    endloop
  endfacet
  facet normal 0 0 1
    outer loop
      vertex 55.4734 4.06495 2.4
      vertex 55.1991 3.60086 2.4
      vertex 55.5527 4.00408 2.4
    endloop
  endfacet
  facet normal -0 0 1
    outer loop
      vertex 55.1284 3.67157 2.4
      vertex 55.1991 3.60086 2.4
      vertex 55.4734 4.06495 2.4
    endloop
  endfacet
  facet normal 0 0 1
    outer loop
      vertex 55.1284 3.67157 2.4
      vertex 54.7959 3.24725 2.4
      vertex 55.1991 3.60086 2.4
    endloop
  endfacet
  facet normal -0 0 1
    outer loop
      vertex 54.735 3.32659 2.4
      vertex 54.7959 3.24725 2.4
      vertex 55.1284 3.67157 2.4
    endloop
  endfacet
  facet normal 0 0 1
    outer loop
      vertex 54.735 3.32659 2.4
      vertex 54.35 2.9493 2.4
      vertex 54.7959 3.24725 2.4
    endloop
  endfacet
  facet normal -0 0 1
    outer loop
      vertex 54.3 3.0359 2.4
      vertex 54.35 2.9493 2.4
      vertex 54.735 3.32659 2.4
    endloop
  endfacet
  facet normal 0 0 1
    outer loop
      vertex 54.3 3.0359 2.4
      vertex 53.869 2.71209 2.4
      vertex 54.35 2.9493 2.4
    endloop
  endfacet
  facet normal -0 0 1
    outer loop
      vertex 53.8307 2.80448 2.4
      vertex 53.869 2.71209 2.4
      vertex 54.3 3.0359 2.4
    endloop
  endfacet
  facet normal 0 0 1
    outer loop
      vertex 53.8307 2.80448 2.4
      vertex 53.3612 2.5397 2.4
      vertex 53.869 2.71209 2.4
    endloop
  endfacet
  facet normal -0 0 1
    outer loop
      vertex 53.3353 2.6363 2.4
      vertex 53.3612 2.5397 2.4
      vertex 53.8307 2.80448 2.4
    endloop
  endfacet
  facet normal 0 0 1
    outer loop
      vertex 53.3353 2.6363 2.4
      vertex 52.8352 2.43508 2.4
      vertex 53.3612 2.5397 2.4
    endloop
  endfacet
  facet normal -0 0 1
    outer loop
      vertex 52.8221 2.53422 2.4
      vertex 52.8352 2.43508 2.4
      vertex 53.3353 2.6363 2.4
    endloop
  endfacet
  facet normal -0 0 1
    outer loop
      vertex 52.3 2.5 2.4
      vertex 52.8352 2.43508 2.4
      vertex 52.8221 2.53422 2.4
    endloop
  endfacet
  facet normal 0 0 1
    outer loop
      vertex 52.3 2.5 2.4
      vertex 52.3 2.4 2.4
      vertex 52.8352 2.43508 2.4
    endloop
  endfacet
  facet normal 0 0 1
    outer loop
      vertex 51.7779 2.53422 2.4
      vertex 52.3 2.4 2.4
      vertex 52.3 2.5 2.4
    endloop
  endfacet
  facet normal 0 0 1
    outer loop
      vertex 51.2647 2.6363 2.4
      vertex 52.3 2.4 2.4
      vertex 51.7779 2.53422 2.4
    endloop
  endfacet
  facet normal -0 0 1
    outer loop
      vertex 33.0955 20.4693 2.4
      vertex 49.865 9.67341 2.4
      vertex 33.2637 20.9647 2.4
    endloop
  endfacet
  facet normal 0 0 1
    outer loop
      vertex 49.865 9.67341 2.4
      vertex 33.0955 20.4693 2.4
      vertex 49.4716 9.32843 2.4
    endloop
  endfacet
  facet normal -0 0 1
    outer loop
      vertex 32.8641 20 2.4
      vertex 49.4716 9.32843 2.4
      vertex 33.0955 20.4693 2.4
    endloop
  endfacet
  facet normal 0 0 1
    outer loop
      vertex 49.4716 9.32843 2.4
      vertex 32.8641 20 2.4
      vertex 49.1266 8.93505 2.4
    endloop
  endfacet
  facet normal -0 0 1
    outer loop
      vertex 32.5734 19.565 2.4
      vertex 49.1266 8.93505 2.4
      vertex 32.8641 20 2.4
    endloop
  endfacet
  facet normal 0 0 1
    outer loop
      vertex 49.1266 8.93505 2.4
      vertex 32.5734 19.565 2.4
      vertex 48.8359 8.5 2.4
    endloop
  endfacet
  facet normal -0 0 1
    outer loop
      vertex 32.2284 19.1716 2.4
      vertex 48.8359 8.5 2.4
      vertex 32.5734 19.565 2.4
    endloop
  endfacet
  facet normal 0 0 1
    outer loop
      vertex 48.8359 8.5 2.4
      vertex 32.2284 19.1716 2.4
      vertex 48.6045 8.03073 2.4
    endloop
  endfacet
  facet normal -0 0 1
    outer loop
      vertex 31.835 18.8266 2.4
      vertex 48.6045 8.03073 2.4
      vertex 32.2284 19.1716 2.4
    endloop
  endfacet
  facet normal 0 0 1
    outer loop
      vertex 48.6045 8.03073 2.4
      vertex 31.835 18.8266 2.4
      vertex 48.4363 7.53528 2.4
    endloop
  endfacet
  facet normal -0 0 1
    outer loop
      vertex 31.4 18.5359 2.4
      vertex 48.4363 7.53528 2.4
      vertex 31.835 18.8266 2.4
    endloop
  endfacet
  facet normal 0 0 1
    outer loop
      vertex 48.4363 7.53528 2.4
      vertex 31.4 18.5359 2.4
      vertex 48.3342 7.0221 2.4
    endloop
  endfacet
  facet normal -0 0 1
    outer loop
      vertex 30.9307 18.3045 2.4
      vertex 48.3342 7.0221 2.4
      vertex 31.4 18.5359 2.4
    endloop
  endfacet
  facet normal 0 0 1
    outer loop
      vertex 48.3342 7.0221 2.4
      vertex 30.9307 18.3045 2.4
      vertex 48.3 6.5 2.4
    endloop
  endfacet
  facet normal -0 0 1
    outer loop
      vertex 30.4353 18.1363 2.4
      vertex 48.3 6.5 2.4
      vertex 30.9307 18.3045 2.4
    endloop
  endfacet
  facet normal 0 0 1
    outer loop
      vertex 48.3 6.5 2.4
      vertex 30.4353 18.1363 2.4
      vertex 48.3342 5.97789 2.4
    endloop
  endfacet
  facet normal -0 0 1
    outer loop
      vertex 29.9221 18.0342 2.4
      vertex 48.3342 5.97789 2.4
      vertex 30.4353 18.1363 2.4
    endloop
  endfacet
  facet normal 0 0 1
    outer loop
      vertex 48.3342 5.97789 2.4
      vertex 29.9221 18.0342 2.4
      vertex 48.4363 5.46472 2.4
    endloop
  endfacet
  facet normal -0 0 1
    outer loop
      vertex 29.4 18 2.4
      vertex 48.4363 5.46472 2.4
      vertex 29.9221 18.0342 2.4
    endloop
  endfacet
  facet normal 0 0 1
    outer loop
      vertex 48.4363 5.46472 2.4
      vertex 29.4 18 2.4
      vertex 48.6045 4.96927 2.4
    endloop
  endfacet
  facet normal 0 0 1
    outer loop
      vertex 10.1955 4.96927 2.4
      vertex 48.6045 4.96927 2.4
      vertex 29.4 18 2.4
    endloop
  endfacet
  facet normal 0 0 1
    outer loop
      vertex 48.6045 4.96927 2.4
      vertex 10.1955 4.96927 2.4
      vertex 48.8359 4.5 2.4
    endloop
  endfacet
  facet normal 0 0 1
    outer loop
      vertex 9.9641 4.5 2.4
      vertex 48.8359 4.5 2.4
      vertex 10.1955 4.96927 2.4
    endloop
  endfacet
  facet normal 0 0 1
    outer loop
      vertex 48.8359 4.5 2.4
      vertex 9.9641 4.5 2.4
      vertex 49.1266 4.06495 2.4
    endloop
  endfacet
  facet normal 0 0 1
    outer loop
      vertex 10.3637 5.46472 2.4
      vertex 29.4 18 2.4
      vertex 28.8779 18.0342 2.4
    endloop
  endfacet
  facet normal 0 0 1
    outer loop
      vertex 10.4658 5.97789 2.4
      vertex 28.8779 18.0342 2.4
      vertex 28.3647 18.1363 2.4
    endloop
  endfacet
  facet normal 0 0 1
    outer loop
      vertex 10.5 6.5 2.4
      vertex 28.3647 18.1363 2.4
      vertex 27.8693 18.3045 2.4
    endloop
  endfacet
  facet normal 0 0 1
    outer loop
      vertex 10.5 6.5 2.4
      vertex 27.8693 18.3045 2.4
      vertex 27.4 18.5359 2.4
    endloop
  endfacet
  facet normal 0 0 1
    outer loop
      vertex 10.5 6.5 2.4
      vertex 27.4 18.5359 2.4
      vertex 26.965 18.8266 2.4
    endloop
  endfacet
  facet normal 0 0 1
    outer loop
      vertex 27.3 31 2.4
      vertex 24.7806 65.4866 2.4
      vertex 10.5 6.5 2.4
    endloop
  endfacet
  facet normal 0 0 1
    outer loop
      vertex 10.5 6.5 2.4
      vertex 24.7806 65.4866 2.4
      vertex 24.5704 66.1059 2.4
    endloop
  endfacet
  facet normal 0 0 1
    outer loop
      vertex 10.5 6.5 2.4
      vertex 24.5704 66.1059 2.4
      vertex 24.4428 66.7474 2.4
    endloop
  endfacet
  facet normal 0 0 1
    outer loop
      vertex 10.5 6.5 2.4
      vertex 24.4428 66.7474 2.4
      vertex 24.4 67.4 2.4
    endloop
  endfacet
  facet normal -0 0 1
    outer loop
      vertex 7.53528 124.436 2.4
      vertex 25.4 112.8 2.4
      vertex 8.03073 124.604 2.4
    endloop
  endfacet
  facet normal 0 0 1
    outer loop
      vertex 25.4342 22.5221 2.4
      vertex 10.5 6.5 2.4
      vertex 25.4 22 2.4
    endloop
  endfacet
  facet normal 0 0 1
    outer loop
      vertex 25.4 22 2.4
      vertex 10.5 6.5 2.4
      vertex 25.4342 21.4779 2.4
    endloop
  endfacet
  facet normal 0 0 1
    outer loop
      vertex 10.5 6.5 2.4
      vertex 25.5363 20.9647 2.4
      vertex 25.4342 21.4779 2.4
    endloop
  endfacet
  facet normal 0 0 1
    outer loop
      vertex 10.5 6.5 2.4
      vertex 25.7045 20.4693 2.4
      vertex 25.5363 20.9647 2.4
    endloop
  endfacet
  facet normal 0 0 1
    outer loop
      vertex 10.5 6.5 2.4
      vertex 25.9359 20 2.4
      vertex 25.7045 20.4693 2.4
    endloop
  endfacet
  facet normal 0 0 1
    outer loop
      vertex 10.5 6.5 2.4
      vertex 26.2266 19.565 2.4
      vertex 25.9359 20 2.4
    endloop
  endfacet
  facet normal 0 0 1
    outer loop
      vertex 10.5 6.5 2.4
      vertex 26.5716 19.1716 2.4
      vertex 26.2266 19.565 2.4
    endloop
  endfacet
  facet normal 0 0 1
    outer loop
      vertex 10.5 6.5 2.4
      vertex 26.965 18.8266 2.4
      vertex 26.5716 19.1716 2.4
    endloop
  endfacet
  facet normal 0 0 1
    outer loop
      vertex 28.3647 18.1363 2.4
      vertex 10.5 6.5 2.4
      vertex 10.4658 5.97789 2.4
    endloop
  endfacet
  facet normal 0 0 1
    outer loop
      vertex 28.8779 18.0342 2.4
      vertex 10.4658 5.97789 2.4
      vertex 10.3637 5.46472 2.4
    endloop
  endfacet
  facet normal 0 0 1
    outer loop
      vertex 29.4 18 2.4
      vertex 10.3637 5.46472 2.4
      vertex 10.1955 4.96927 2.4
    endloop
  endfacet
  facet normal 0 0 1
    outer loop
      vertex 9.67341 4.06495 2.4
      vertex 49.1266 4.06495 2.4
      vertex 9.9641 4.5 2.4
    endloop
  endfacet
  facet normal 0 0 1
    outer loop
      vertex 49.1266 4.06495 2.4
      vertex 9.67341 4.06495 2.4
      vertex 49.4716 3.67157 2.4
    endloop
  endfacet
  facet normal 0 0 1
    outer loop
      vertex 9.32843 3.67157 2.4
      vertex 49.4716 3.67157 2.4
      vertex 9.67341 4.06495 2.4
    endloop
  endfacet
  facet normal 0 0 1
    outer loop
      vertex 49.4716 3.67157 2.4
      vertex 9.32843 3.67157 2.4
      vertex 49.865 3.32659 2.4
    endloop
  endfacet
  facet normal 0 0 1
    outer loop
      vertex 8.93505 3.32659 2.4
      vertex 49.865 3.32659 2.4
      vertex 9.32843 3.67157 2.4
    endloop
  endfacet
  facet normal 0 0 1
    outer loop
      vertex 49.865 3.32659 2.4
      vertex 8.93505 3.32659 2.4
      vertex 50.3 3.0359 2.4
    endloop
  endfacet
  facet normal 0 0 1
    outer loop
      vertex 8.5 3.0359 2.4
      vertex 50.3 3.0359 2.4
      vertex 8.93505 3.32659 2.4
    endloop
  endfacet
  facet normal 0 0 1
    outer loop
      vertex 50.3 3.0359 2.4
      vertex 8.5 3.0359 2.4
      vertex 50.7693 2.80448 2.4
    endloop
  endfacet
  facet normal 0 0 1
    outer loop
      vertex 8.03073 2.80448 2.4
      vertex 50.7693 2.80448 2.4
      vertex 8.5 3.0359 2.4
    endloop
  endfacet
  facet normal 0 0 1
    outer loop
      vertex 50.7693 2.80448 2.4
      vertex 8.03073 2.80448 2.4
      vertex 51.2647 2.6363 2.4
    endloop
  endfacet
  facet normal 0 0 1
    outer loop
      vertex 7.53528 2.6363 2.4
      vertex 51.2647 2.6363 2.4
      vertex 8.03073 2.80448 2.4
    endloop
  endfacet
  facet normal 0 0 1
    outer loop
      vertex 51.2647 2.6363 2.4
      vertex 7.53528 2.6363 2.4
      vertex 52.3 2.4 2.4
    endloop
  endfacet
  facet normal 0 0 1
    outer loop
      vertex 6.5 2.4 2.4
      vertex 7.53528 2.6363 2.4
      vertex 7.0221 2.53422 2.4
    endloop
  endfacet
  facet normal 0 0 1
    outer loop
      vertex 6.5 2.4 2.4
      vertex 7.0221 2.53422 2.4
      vertex 6.5 2.5 2.4
    endloop
  endfacet
  facet normal 0 0 1
    outer loop
      vertex 7.53528 2.6363 2.4
      vertex 6.5 2.4 2.4
      vertex 52.3 2.4 2.4
    endloop
  endfacet
  facet normal 0 0 1
    outer loop
      vertex 5.97789 2.53422 2.4
      vertex 6.5 2.4 2.4
      vertex 6.5 2.5 2.4
    endloop
  endfacet
  facet normal 0 0 1
    outer loop
      vertex 5.97789 2.53422 2.4
      vertex 5.96484 2.43508 2.4
      vertex 6.5 2.4 2.4
    endloop
  endfacet
  facet normal 0 0 1
    outer loop
      vertex 5.46472 2.6363 2.4
      vertex 5.96484 2.43508 2.4
      vertex 5.97789 2.53422 2.4
    endloop
  endfacet
  facet normal 0 0 1
    outer loop
      vertex 5.46472 2.6363 2.4
      vertex 5.43884 2.5397 2.4
      vertex 5.96484 2.43508 2.4
    endloop
  endfacet
  facet normal 0 0 1
    outer loop
      vertex 4.96927 2.80448 2.4
      vertex 5.43884 2.5397 2.4
      vertex 5.46472 2.6363 2.4
    endloop
  endfacet
  facet normal 0 0 1
    outer loop
      vertex 4.96927 2.80448 2.4
      vertex 4.931 2.71209 2.4
      vertex 5.43884 2.5397 2.4
    endloop
  endfacet
  facet normal 0 0 1
    outer loop
      vertex 4.5 3.0359 2.4
      vertex 4.931 2.71209 2.4
      vertex 4.96927 2.80448 2.4
    endloop
  endfacet
  facet normal 0 0 1
    outer loop
      vertex 4.5 3.0359 2.4
      vertex 4.45 2.9493 2.4
      vertex 4.931 2.71209 2.4
    endloop
  endfacet
  facet normal 0 0 1
    outer loop
      vertex 4.06495 3.32659 2.4
      vertex 4.45 2.9493 2.4
      vertex 4.5 3.0359 2.4
    endloop
  endfacet
  facet normal 0 0 1
    outer loop
      vertex 4.06495 3.32659 2.4
      vertex 4.00408 3.24725 2.4
      vertex 4.45 2.9493 2.4
    endloop
  endfacet
  facet normal 0 0 1
    outer loop
      vertex 3.67157 3.67157 2.4
      vertex 4.00408 3.24725 2.4
      vertex 4.06495 3.32659 2.4
    endloop
  endfacet
  facet normal 0 0 1
    outer loop
      vertex 3.67157 3.67157 2.4
      vertex 3.60086 3.60086 2.4
      vertex 4.00408 3.24725 2.4
    endloop
  endfacet
  facet normal 0 0 1
    outer loop
      vertex 3.32659 4.06495 2.4
      vertex 3.60086 3.60086 2.4
      vertex 3.67157 3.67157 2.4
    endloop
  endfacet
  facet normal 0 0 1
    outer loop
      vertex 3.32659 4.06495 2.4
      vertex 3.24725 4.00408 2.4
      vertex 3.60086 3.60086 2.4
    endloop
  endfacet
  facet normal 0 0 1
    outer loop
      vertex 3.0359 4.5 2.4
      vertex 3.24725 4.00408 2.4
      vertex 3.32659 4.06495 2.4
    endloop
  endfacet
  facet normal 0 0 1
    outer loop
      vertex 3.0359 4.5 2.4
      vertex 2.9493 4.45 2.4
      vertex 3.24725 4.00408 2.4
    endloop
  endfacet
  facet normal 0 0 1
    outer loop
      vertex 2.80448 4.96927 2.4
      vertex 2.9493 4.45 2.4
      vertex 3.0359 4.5 2.4
    endloop
  endfacet
  facet normal 0 0 1
    outer loop
      vertex 2.80448 4.96927 2.4
      vertex 2.71209 4.931 2.4
      vertex 2.9493 4.45 2.4
    endloop
  endfacet
  facet normal 0 0 1
    outer loop
      vertex 2.6363 5.46472 2.4
      vertex 2.71209 4.931 2.4
      vertex 2.80448 4.96927 2.4
    endloop
  endfacet
  facet normal 0 0 1
    outer loop
      vertex 2.6363 5.46472 2.4
      vertex 2.5397 5.43884 2.4
      vertex 2.71209 4.931 2.4
    endloop
  endfacet
  facet normal 0 0 1
    outer loop
      vertex 2.53422 5.97789 2.4
      vertex 2.5397 5.43884 2.4
      vertex 2.6363 5.46472 2.4
    endloop
  endfacet
  facet normal 0 0 1
    outer loop
      vertex 2.43508 5.96484 2.4
      vertex 2.53422 5.97789 2.4
      vertex 2.5 6.5 2.4
    endloop
  endfacet
  facet normal 0 0 1
    outer loop
      vertex 2.53422 5.97789 2.4
      vertex 2.43508 5.96484 2.4
      vertex 2.5397 5.43884 2.4
    endloop
  endfacet
  facet normal 0 0 1
    outer loop
      vertex 2.6363 7.53528 2.4
      vertex 2.4 6.5 2.4
      vertex 2.53422 7.0221 2.4
    endloop
  endfacet
  facet normal 0 0 1
    outer loop
      vertex 2.53422 7.0221 2.4
      vertex 2.4 6.5 2.4
      vertex 2.5 6.5 2.4
    endloop
  endfacet
  facet normal 0 0 1
    outer loop
      vertex 2.5 6.5 2.4
      vertex 2.4 6.5 2.4
      vertex 2.43508 5.96484 2.4
    endloop
  endfacet
  facet normal 0 0 1
    outer loop
      vertex 51.7779 124.334 2.4
      vertex 33.3658 112.278 2.4
      vertex 33.2637 111.765 2.4
    endloop
  endfacet
  facet normal 0 0 1
    outer loop
      vertex 52.3 124.3 2.4
      vertex 33.2637 111.765 2.4
      vertex 33.0955 111.269 2.4
    endloop
  endfacet
  facet normal 0 0 1
    outer loop
      vertex 52.8221 124.334 2.4
      vertex 33.0955 111.269 2.4
      vertex 32.8641 110.8 2.4
    endloop
  endfacet
  facet normal 0 0 1
    outer loop
      vertex 53.3353 124.436 2.4
      vertex 32.8641 110.8 2.4
      vertex 32.5734 110.365 2.4
    endloop
  endfacet
  facet normal 0 0 1
    outer loop
      vertex 53.3353 124.436 2.4
      vertex 33.3668 70.4438 2.4
      vertex 33.7301 69.9 2.4
    endloop
  endfacet
  facet normal 0 0 1
    outer loop
      vertex 53.3353 124.436 2.4
      vertex 32.5734 110.365 2.4
      vertex 33.3668 70.4438 2.4
    endloop
  endfacet
  facet normal 0 0 1
    outer loop
      vertex 33.3668 70.4438 2.4
      vertex 32.5734 110.365 2.4
      vertex 32.9355 70.9355 2.4
    endloop
  endfacet
  facet normal -0 0 1
    outer loop
      vertex 32.2284 109.972 2.4
      vertex 32.9355 70.9355 2.4
      vertex 32.5734 110.365 2.4
    endloop
  endfacet
  facet normal 0 0 1
    outer loop
      vertex 32.9355 70.9355 2.4
      vertex 32.2284 109.972 2.4
      vertex 32.4438 71.3668 2.4
    endloop
  endfacet
  facet normal -0 0 1
    outer loop
      vertex 31.835 109.627 2.4
      vertex 32.4438 71.3668 2.4
      vertex 32.2284 109.972 2.4
    endloop
  endfacet
  facet normal 0 0 1
    outer loop
      vertex 32.4438 71.3668 2.4
      vertex 31.835 109.627 2.4
      vertex 31.9 71.7301 2.4
    endloop
  endfacet
  facet normal -0 0 1
    outer loop
      vertex 31.4 109.336 2.4
      vertex 31.9 71.7301 2.4
      vertex 31.835 109.627 2.4
    endloop
  endfacet
  facet normal 0 0 1
    outer loop
      vertex 31.4 109.336 2.4
      vertex 31.3134 72.0194 2.4
      vertex 31.9 71.7301 2.4
    endloop
  endfacet
  facet normal -0 0 1
    outer loop
      vertex 30.9307 109.104 2.4
      vertex 31.3134 72.0194 2.4
      vertex 31.4 109.336 2.4
    endloop
  endfacet
  facet normal 0 0 1
    outer loop
      vertex 30.9307 109.104 2.4
      vertex 30.6941 72.2296 2.4
      vertex 31.3134 72.0194 2.4
    endloop
  endfacet
  facet normal -0 0 1
    outer loop
      vertex 30.4353 108.936 2.4
      vertex 30.6941 72.2296 2.4
      vertex 30.9307 109.104 2.4
    endloop
  endfacet
  facet normal 0 0 1
    outer loop
      vertex 30.4353 108.936 2.4
      vertex 30.0526 72.3572 2.4
      vertex 30.6941 72.2296 2.4
    endloop
  endfacet
  facet normal -0 0 1
    outer loop
      vertex 29.9221 108.834 2.4
      vertex 30.0526 72.3572 2.4
      vertex 30.4353 108.936 2.4
    endloop
  endfacet
  facet normal -0 0 1
    outer loop
      vertex 29.4 108.8 2.4
      vertex 30.0526 72.3572 2.4
      vertex 29.9221 108.834 2.4
    endloop
  endfacet
  facet normal 0 0 1
    outer loop
      vertex 29.4 108.8 2.4
      vertex 29.4 72.4 2.4
      vertex 30.0526 72.3572 2.4
    endloop
  endfacet
  facet normal 0 0 1
    outer loop
      vertex 28.8779 108.834 2.4
      vertex 29.4 72.4 2.4
      vertex 29.4 108.8 2.4
    endloop
  endfacet
  facet normal 0 0 1
    outer loop
      vertex 28.8779 108.834 2.4
      vertex 28.7474 72.3572 2.4
      vertex 29.4 72.4 2.4
    endloop
  endfacet
  facet normal 0 0 1
    outer loop
      vertex 28.3647 108.936 2.4
      vertex 28.7474 72.3572 2.4
      vertex 28.8779 108.834 2.4
    endloop
  endfacet
  facet normal 0 0 1
    outer loop
      vertex 28.3647 108.936 2.4
      vertex 28.1059 72.2296 2.4
      vertex 28.7474 72.3572 2.4
    endloop
  endfacet
  facet normal 0 0 1
    outer loop
      vertex 27.8693 109.104 2.4
      vertex 28.1059 72.2296 2.4
      vertex 28.3647 108.936 2.4
    endloop
  endfacet
  facet normal 0 0 1
    outer loop
      vertex 27.8693 109.104 2.4
      vertex 27.4866 72.0194 2.4
      vertex 28.1059 72.2296 2.4
    endloop
  endfacet
  facet normal 0 0 1
    outer loop
      vertex 27.4 109.336 2.4
      vertex 27.4866 72.0194 2.4
      vertex 27.8693 109.104 2.4
    endloop
  endfacet
  facet normal 0 0 1
    outer loop
      vertex 26.9 71.7301 2.4
      vertex 27.4 109.336 2.4
      vertex 26.965 109.627 2.4
    endloop
  endfacet
  facet normal 0 0 1
    outer loop
      vertex 27.4 109.336 2.4
      vertex 26.9 71.7301 2.4
      vertex 27.4866 72.0194 2.4
    endloop
  endfacet
  facet normal 0 0 1
    outer loop
      vertex 26.3562 71.3668 2.4
      vertex 26.965 109.627 2.4
      vertex 26.5716 109.972 2.4
    endloop
  endfacet
  facet normal 0 0 1
    outer loop
      vertex 26.965 109.627 2.4
      vertex 26.3562 71.3668 2.4
      vertex 26.9 71.7301 2.4
    endloop
  endfacet
  facet normal 0 0 1
    outer loop
      vertex 25.8645 70.9355 2.4
      vertex 26.5716 109.972 2.4
      vertex 26.2266 110.365 2.4
    endloop
  endfacet
  facet normal 0 0 1
    outer loop
      vertex 25.4332 70.4438 2.4
      vertex 26.2266 110.365 2.4
      vertex 25.9359 110.8 2.4
    endloop
  endfacet
  facet normal 0 0 1
    outer loop
      vertex 26.5716 109.972 2.4
      vertex 25.8645 70.9355 2.4
      vertex 26.3562 71.3668 2.4
    endloop
  endfacet
  facet normal 0 0 1
    outer loop
      vertex 25.7045 114.331 2.4
      vertex 8.93505 125.127 2.4
      vertex 25.5363 113.835 2.4
    endloop
  endfacet
  facet normal -0 0 1
    outer loop
      vertex 8.93505 125.127 2.4
      vertex 25.7045 114.331 2.4
      vertex 9.32843 125.472 2.4
    endloop
  endfacet
  facet normal 0 0 1
    outer loop
      vertex 25.9359 114.8 2.4
      vertex 9.32843 125.472 2.4
      vertex 25.7045 114.331 2.4
    endloop
  endfacet
  facet normal 0 0 1
    outer loop
      vertex 26.2266 110.365 2.4
      vertex 25.4332 70.4438 2.4
      vertex 25.8645 70.9355 2.4
    endloop
  endfacet
  facet normal 0 0 1
    outer loop
      vertex 27.3 121.8 2.4
      vertex 9.67341 125.865 2.4
      vertex 25.9359 114.8 2.4
    endloop
  endfacet
  facet normal 0 0 1
    outer loop
      vertex 25.9359 110.8 2.4
      vertex 25.0699 69.9 2.4
      vertex 25.4332 70.4438 2.4
    endloop
  endfacet
  facet normal 0 0 1
    outer loop
      vertex 31.835 115.973 2.4
      vertex 31.5 121.8 2.4
      vertex 31.5 116.197 2.4
    endloop
  endfacet
  facet normal 0 0 1
    outer loop
      vertex 31.835 25.1734 2.4
      vertex 31.5 31 2.4
      vertex 31.5 25.3973 2.4
    endloop
  endfacet
  facet normal 0.94696 -0.321351 0
    outer loop
      vertex 2.5397 129.361 15.8
      vertex 2.71209 129.869 2.4
      vertex 2.71209 129.869 15.8
    endloop
  endfacet
  facet normal 0.94696 -0.321351 0
    outer loop
      vertex 2.71209 129.869 2.4
      vertex 2.5397 129.361 15.8
      vertex 2.5397 129.361 2.4
    endloop
  endfacet
  facet normal 0.896868 -0.442299 0
    outer loop
      vertex 2.71209 129.869 15.8
      vertex 2.9493 130.35 2.4
      vertex 2.9493 130.35 15.8
    endloop
  endfacet
  facet normal 0.896868 -0.442299 0
    outer loop
      vertex 2.9493 130.35 2.4
      vertex 2.71209 129.869 15.8
      vertex 2.71209 129.869 2.4
    endloop
  endfacet
  facet normal 0.831519 -0.555496 0
    outer loop
      vertex 2.9493 130.35 15.8
      vertex 3.24725 130.796 2.4
      vertex 3.24725 130.796 15.8
    endloop
  endfacet
  facet normal 0.831519 -0.555496 0
    outer loop
      vertex 3.24725 130.796 2.4
      vertex 2.9493 130.35 15.8
      vertex 2.9493 130.35 2.4
    endloop
  endfacet
  facet normal 0.659752 -0.751483 0
    outer loop
      vertex 3.60086 131.199 2.4
      vertex 4.00408 131.553 15.8
      vertex 3.60086 131.199 15.8
    endloop
  endfacet
  facet normal 0.659752 -0.751483 0
    outer loop
      vertex 4.00408 131.553 15.8
      vertex 3.60086 131.199 2.4
      vertex 4.00408 131.553 2.4
    endloop
  endfacet
  facet normal 0 -1 0
    outer loop
      vertex 6.5 132.4 2.4
      vertex 52.3 132.4 15.8
      vertex 6.5 132.4 15.8
    endloop
  endfacet
  facet normal 0 -1 -0
    outer loop
      vertex 52.3 132.4 15.8
      vertex 6.5 132.4 2.4
      vertex 52.3 132.4 2.4
    endloop
  endfacet
  facet normal -0.980795 -0.19504 0
    outer loop
      vertex 56.3649 128.835 2.4
      vertex 56.2603 129.361 15.8
      vertex 56.2603 129.361 2.4
    endloop
  endfacet
  facet normal -0.980795 -0.19504 0
    outer loop
      vertex 56.2603 129.361 15.8
      vertex 56.3649 128.835 2.4
      vertex 56.3649 128.835 15.8
    endloop
  endfacet
  facet normal 0.751844 0.659341 0
    outer loop
      vertex 3.60086 3.60086 15.8
      vertex 3.24725 4.00408 2.4
      vertex 3.24725 4.00408 15.8
    endloop
  endfacet
  facet normal 0.751844 0.659341 0
    outer loop
      vertex 3.24725 4.00408 2.4
      vertex 3.60086 3.60086 15.8
      vertex 3.60086 3.60086 2.4
    endloop
  endfacet
  facet normal 0.896868 0.442299 0
    outer loop
      vertex 2.9493 4.45 15.8
      vertex 2.71209 4.931 2.4
      vertex 2.71209 4.931 15.8
    endloop
  endfacet
  facet normal 0.896868 0.442299 0
    outer loop
      vertex 2.71209 4.931 2.4
      vertex 2.9493 4.45 15.8
      vertex 2.9493 4.45 2.4
    endloop
  endfacet
  facet normal 0.321442 0.946929 -0
    outer loop
      vertex 5.43884 2.5397 2.4
      vertex 4.931 2.71209 15.8
      vertex 5.43884 2.5397 15.8
    endloop
  endfacet
  facet normal 0.321442 0.946929 0
    outer loop
      vertex 4.931 2.71209 15.8
      vertex 5.43884 2.5397 2.4
      vertex 4.931 2.71209 2.4
    endloop
  endfacet
  facet normal 0.0654101 0.997858 -0
    outer loop
      vertex 6.5 2.4 2.4
      vertex 5.96484 2.43508 15.8
      vertex 6.5 2.4 15.8
    endloop
  endfacet
  facet normal 0.0654101 0.997858 0
    outer loop
      vertex 5.96484 2.43508 15.8
      vertex 6.5 2.4 2.4
      vertex 5.96484 2.43508 2.4
    endloop
  endfacet
  facet normal 0.659341 0.751844 -0
    outer loop
      vertex 4.00408 3.24725 2.4
      vertex 3.60086 3.60086 15.8
      vertex 4.00408 3.24725 15.8
    endloop
  endfacet
  facet normal 0.659341 0.751844 0
    outer loop
      vertex 3.60086 3.60086 15.8
      vertex 4.00408 3.24725 2.4
      vertex 3.60086 3.60086 2.4
    endloop
  endfacet
  facet normal -0.980795 0.19504 0
    outer loop
      vertex 56.2603 5.43884 2.4
      vertex 56.3649 5.96484 15.8
      vertex 56.3649 5.96484 2.4
    endloop
  endfacet
  facet normal -0.980795 0.19504 0
    outer loop
      vertex 56.3649 5.96484 15.8
      vertex 56.2603 5.43884 2.4
      vertex 56.2603 5.43884 15.8
    endloop
  endfacet
  facet normal 0.946929 0.321442 0
    outer loop
      vertex 2.71209 4.931 15.8
      vertex 2.5397 5.43884 2.4
      vertex 2.5397 5.43884 15.8
    endloop
  endfacet
  facet normal 0.946929 0.321442 0
    outer loop
      vertex 2.5397 5.43884 2.4
      vertex 2.71209 4.931 15.8
      vertex 2.71209 4.931 2.4
    endloop
  endfacet
  facet normal 0.997858 0.0654101 0
    outer loop
      vertex 2.43508 5.96484 15.8
      vertex 2.4 6.5 2.4
      vertex 2.4 6.5 15.8
    endloop
  endfacet
  facet normal 0.997858 0.0654101 0
    outer loop
      vertex 2.4 6.5 2.4
      vertex 2.43508 5.96484 15.8
      vertex 2.43508 5.96484 2.4
    endloop
  endfacet
  facet normal 0.980788 -0.195076 0
    outer loop
      vertex 2.43508 128.835 15.8
      vertex 2.5397 129.361 2.4
      vertex 2.5397 129.361 15.8
    endloop
  endfacet
  facet normal 0.980788 -0.195076 0
    outer loop
      vertex 2.5397 129.361 2.4
      vertex 2.43508 128.835 15.8
      vertex 2.43508 128.835 2.4
    endloop
  endfacet
  facet normal 0.32079 -0.94715 0
    outer loop
      vertex 4.931 132.088 2.4
      vertex 5.43884 132.26 15.8
      vertex 4.931 132.088 15.8
    endloop
  endfacet
  facet normal 0.32079 -0.94715 0
    outer loop
      vertex 5.43884 132.26 15.8
      vertex 4.931 132.088 2.4
      vertex 5.43884 132.26 2.4
    endloop
  endfacet
  facet normal 0.195758 -0.980652 0
    outer loop
      vertex 5.43884 132.26 2.4
      vertex 5.96484 132.365 15.8
      vertex 5.43884 132.26 15.8
    endloop
  endfacet
  facet normal 0.195758 -0.980652 0
    outer loop
      vertex 5.96484 132.365 15.8
      vertex 5.43884 132.26 2.4
      vertex 5.96484 132.365 2.4
    endloop
  endfacet
  facet normal 0.441984 -0.897023 0
    outer loop
      vertex 4.45 131.851 2.4
      vertex 4.931 132.088 15.8
      vertex 4.45 131.851 15.8
    endloop
  endfacet
  facet normal 0.441984 -0.897023 0
    outer loop
      vertex 4.931 132.088 15.8
      vertex 4.45 131.851 2.4
      vertex 4.931 132.088 2.4
    endloop
  endfacet
  facet normal 0.0652616 -0.997868 0
    outer loop
      vertex 5.96484 132.365 2.4
      vertex 6.5 132.4 15.8
      vertex 5.96484 132.365 15.8
    endloop
  endfacet
  facet normal 0.0652616 -0.997868 0
    outer loop
      vertex 6.5 132.4 15.8
      vertex 5.96484 132.365 2.4
      vertex 6.5 132.4 2.4
    endloop
  endfacet
  facet normal -0.320812 -0.947143 0
    outer loop
      vertex 53.3612 132.26 2.4
      vertex 53.869 132.088 15.8
      vertex 53.3612 132.26 15.8
    endloop
  endfacet
  facet normal -0.320812 -0.947143 -0
    outer loop
      vertex 53.869 132.088 15.8
      vertex 53.3612 132.26 2.4
      vertex 53.869 132.088 2.4
    endloop
  endfacet
  facet normal -0.441984 -0.897023 0
    outer loop
      vertex 53.869 132.088 2.4
      vertex 54.35 131.851 15.8
      vertex 53.869 132.088 15.8
    endloop
  endfacet
  facet normal -0.441984 -0.897023 -0
    outer loop
      vertex 54.35 131.851 15.8
      vertex 53.869 132.088 2.4
      vertex 54.35 131.851 2.4
    endloop
  endfacet
  facet normal 0.980788 0.195076 0
    outer loop
      vertex 2.5397 5.43884 15.8
      vertex 2.43508 5.96484 2.4
      vertex 2.43508 5.96484 15.8
    endloop
  endfacet
  facet normal 0.980788 0.195076 0
    outer loop
      vertex 2.43508 5.96484 2.4
      vertex 2.5397 5.43884 15.8
      vertex 2.5397 5.43884 2.4
    endloop
  endfacet
  facet normal 0.831473 0.555565 0
    outer loop
      vertex 3.24725 4.00408 15.8
      vertex 2.9493 4.45 2.4
      vertex 2.9493 4.45 15.8
    endloop
  endfacet
  facet normal 0.831473 0.555565 0
    outer loop
      vertex 2.9493 4.45 2.4
      vertex 3.24725 4.00408 15.8
      vertex 3.24725 4.00408 2.4
    endloop
  endfacet
  facet normal 0.195076 0.980788 -0
    outer loop
      vertex 5.96484 2.43508 2.4
      vertex 5.43884 2.5397 15.8
      vertex 5.96484 2.43508 15.8
    endloop
  endfacet
  facet normal 0.195076 0.980788 0
    outer loop
      vertex 5.43884 2.5397 15.8
      vertex 5.96484 2.43508 2.4
      vertex 5.43884 2.5397 2.4
    endloop
  endfacet
  facet normal 0.442299 0.896868 -0
    outer loop
      vertex 4.931 2.71209 2.4
      vertex 4.45 2.9493 15.8
      vertex 4.931 2.71209 15.8
    endloop
  endfacet
  facet normal 0.442299 0.896868 0
    outer loop
      vertex 4.45 2.9493 15.8
      vertex 4.931 2.71209 2.4
      vertex 4.45 2.9493 2.4
    endloop
  endfacet
  facet normal -0.997856 0.0654472 0
    outer loop
      vertex 56.3649 5.96484 2.4
      vertex 56.4 6.5 15.8
      vertex 56.4 6.5 2.4
    endloop
  endfacet
  facet normal -0.997856 0.0654472 0
    outer loop
      vertex 56.4 6.5 15.8
      vertex 56.3649 5.96484 2.4
      vertex 56.3649 5.96484 15.8
    endloop
  endfacet
  facet normal 0.555629 -0.83143 0
    outer loop
      vertex 4.00408 131.553 2.4
      vertex 4.45 131.851 15.8
      vertex 4.00408 131.553 15.8
    endloop
  endfacet
  facet normal 0.555629 -0.83143 0
    outer loop
      vertex 4.45 131.851 15.8
      vertex 4.00408 131.553 2.4
      vertex 4.45 131.851 2.4
    endloop
  endfacet
  facet normal -0.997855 -0.0654667 0
    outer loop
      vertex 56.4 128.3 2.4
      vertex 56.3649 128.835 15.8
      vertex 56.3649 128.835 2.4
    endloop
  endfacet
  facet normal -0.997855 -0.0654667 0
    outer loop
      vertex 56.3649 128.835 15.8
      vertex 56.4 128.3 2.4
      vertex 56.4 128.3 15.8
    endloop
  endfacet
  facet normal -0.0652567 -0.997869 0
    outer loop
      vertex 52.3 132.4 2.4
      vertex 52.8352 132.365 15.8
      vertex 52.3 132.4 15.8
    endloop
  endfacet
  facet normal -0.0652567 -0.997869 -0
    outer loop
      vertex 52.8352 132.365 15.8
      vertex 52.3 132.4 2.4
      vertex 52.8352 132.365 2.4
    endloop
  endfacet
  facet normal -0.195758 -0.980652 0
    outer loop
      vertex 52.8352 132.365 2.4
      vertex 53.3612 132.26 15.8
      vertex 52.8352 132.365 15.8
    endloop
  endfacet
  facet normal -0.195758 -0.980652 -0
    outer loop
      vertex 53.3612 132.26 15.8
      vertex 52.8352 132.365 2.4
      vertex 53.3612 132.26 2.4
    endloop
  endfacet
  facet normal -0.65977 -0.751467 0
    outer loop
      vertex 54.7959 131.553 2.4
      vertex 55.1991 131.199 15.8
      vertex 54.7959 131.553 15.8
    endloop
  endfacet
  facet normal -0.65977 -0.751467 -0
    outer loop
      vertex 55.1991 131.199 15.8
      vertex 54.7959 131.553 2.4
      vertex 55.1991 131.199 2.4
    endloop
  endfacet
  facet normal -0.946954 -0.321368 0
    outer loop
      vertex 56.2603 129.361 2.4
      vertex 56.0879 129.869 15.8
      vertex 56.0879 129.869 2.4
    endloop
  endfacet
  facet normal -0.946954 -0.321368 0
    outer loop
      vertex 56.0879 129.869 15.8
      vertex 56.2603 129.361 2.4
      vertex 56.2603 129.361 15.8
    endloop
  endfacet
  facet normal -0.751675 -0.659534 0
    outer loop
      vertex 55.5527 130.796 2.4
      vertex 55.1991 131.199 15.8
      vertex 55.1991 131.199 2.4
    endloop
  endfacet
  facet normal -0.751675 -0.659534 0
    outer loop
      vertex 55.1991 131.199 15.8
      vertex 55.5527 130.796 2.4
      vertex 55.5527 130.796 15.8
    endloop
  endfacet
  facet normal 0.555565 0.831473 -0
    outer loop
      vertex 4.45 2.9493 2.4
      vertex 4.00408 3.24725 15.8
      vertex 4.45 2.9493 15.8
    endloop
  endfacet
  facet normal 0.555565 0.831473 0
    outer loop
      vertex 4.00408 3.24725 15.8
      vertex 4.45 2.9493 2.4
      vertex 4.00408 3.24725 2.4
    endloop
  endfacet
  facet normal -0.0654052 0.997859 0
    outer loop
      vertex 52.8352 2.43508 2.4
      vertex 52.3 2.4 15.8
      vertex 52.8352 2.43508 15.8
    endloop
  endfacet
  facet normal -0.0654052 0.997859 0
    outer loop
      vertex 52.3 2.4 15.8
      vertex 52.8352 2.43508 2.4
      vertex 52.3 2.4 2.4
    endloop
  endfacet
  facet normal -0.442299 0.896868 0
    outer loop
      vertex 54.35 2.9493 2.4
      vertex 53.869 2.71209 15.8
      vertex 54.35 2.9493 15.8
    endloop
  endfacet
  facet normal -0.442299 0.896868 0
    outer loop
      vertex 53.869 2.71209 15.8
      vertex 54.35 2.9493 2.4
      vertex 53.869 2.71209 2.4
    endloop
  endfacet
  facet normal -0.321465 0.946922 0
    outer loop
      vertex 53.869 2.71209 2.4
      vertex 53.3612 2.5397 15.8
      vertex 53.869 2.71209 15.8
    endloop
  endfacet
  facet normal -0.321465 0.946922 0
    outer loop
      vertex 53.3612 2.5397 15.8
      vertex 53.869 2.71209 2.4
      vertex 53.3612 2.5397 2.4
    endloop
  endfacet
  facet normal -0.555646 -0.831419 0
    outer loop
      vertex 54.35 131.851 2.4
      vertex 54.7959 131.553 15.8
      vertex 54.35 131.851 15.8
    endloop
  endfacet
  facet normal -0.555646 -0.831419 -0
    outer loop
      vertex 54.7959 131.553 15.8
      vertex 54.35 131.851 2.4
      vertex 54.7959 131.553 2.4
    endloop
  endfacet
  facet normal -0.831476 -0.55556 0
    outer loop
      vertex 55.8507 130.35 2.4
      vertex 55.5527 130.796 15.8
      vertex 55.5527 130.796 2.4
    endloop
  endfacet
  facet normal -0.831476 -0.55556 0
    outer loop
      vertex 55.5527 130.796 15.8
      vertex 55.8507 130.35 2.4
      vertex 55.8507 130.35 15.8
    endloop
  endfacet
  facet normal -0.896875 -0.442284 0
    outer loop
      vertex 56.0879 129.869 2.4
      vertex 55.8507 130.35 15.8
      vertex 55.8507 130.35 2.4
    endloop
  endfacet
  facet normal -0.896875 -0.442284 0
    outer loop
      vertex 55.8507 130.35 15.8
      vertex 56.0879 129.869 2.4
      vertex 56.0879 129.869 15.8
    endloop
  endfacet
  facet normal -0.195076 0.980788 0
    outer loop
      vertex 53.3612 2.5397 2.4
      vertex 52.8352 2.43508 15.8
      vertex 53.3612 2.5397 15.8
    endloop
  endfacet
  facet normal -0.195076 0.980788 0
    outer loop
      vertex 52.8352 2.43508 15.8
      vertex 53.3612 2.5397 2.4
      vertex 52.8352 2.43508 2.4
    endloop
  endfacet
  facet normal -0.65936 0.751828 0
    outer loop
      vertex 55.1991 3.60086 2.4
      vertex 54.7959 3.24725 15.8
      vertex 55.1991 3.60086 15.8
    endloop
  endfacet
  facet normal -0.65936 0.751828 0
    outer loop
      vertex 54.7959 3.24725 15.8
      vertex 55.1991 3.60086 2.4
      vertex 54.7959 3.24725 2.4
    endloop
  endfacet
  facet normal -0.555582 0.831462 0
    outer loop
      vertex 54.7959 3.24725 2.4
      vertex 54.35 2.9493 15.8
      vertex 54.7959 3.24725 15.8
    endloop
  endfacet
  facet normal -0.555582 0.831462 0
    outer loop
      vertex 54.35 2.9493 15.8
      vertex 54.7959 3.24725 2.4
      vertex 54.35 2.9493 2.4
    endloop
  endfacet
  facet normal -0.751853 0.659331 0
    outer loop
      vertex 55.1991 3.60086 2.4
      vertex 55.5527 4.00408 15.8
      vertex 55.5527 4.00408 2.4
    endloop
  endfacet
  facet normal -0.751853 0.659331 0
    outer loop
      vertex 55.5527 4.00408 15.8
      vertex 55.1991 3.60086 2.4
      vertex 55.1991 3.60086 15.8
    endloop
  endfacet
  facet normal -0.896875 0.442284 0
    outer loop
      vertex 55.8507 4.45 2.4
      vertex 56.0879 4.931 15.8
      vertex 56.0879 4.931 2.4
    endloop
  endfacet
  facet normal -0.896875 0.442284 0
    outer loop
      vertex 56.0879 4.931 15.8
      vertex 55.8507 4.45 2.4
      vertex 55.8507 4.45 15.8
    endloop
  endfacet
  facet normal -0.83143 0.555629 0
    outer loop
      vertex 55.5527 4.00408 2.4
      vertex 55.8507 4.45 15.8
      vertex 55.8507 4.45 2.4
    endloop
  endfacet
  facet normal -0.83143 0.555629 0
    outer loop
      vertex 55.8507 4.45 15.8
      vertex 55.5527 4.00408 2.4
      vertex 55.5527 4.00408 15.8
    endloop
  endfacet
  facet normal 0.997861 0.0653646 0
    outer loop
      vertex 10.5 6.5 15.8
      vertex 10.4658 7.0221 2.4
      vertex 10.4658 7.0221 15.8
    endloop
  endfacet
  facet normal 0.997861 0.0653646 0
    outer loop
      vertex 10.4658 7.0221 2.4
      vertex 10.5 6.5 15.8
      vertex 10.5 6.5 2.4
    endloop
  endfacet
  facet normal -0.0653634 0.997862 0
    outer loop
      vertex 6.5 10.5 2.4
      vertex 5.97789 10.4658 15.8
      vertex 6.5 10.5 15.8
    endloop
  endfacet
  facet normal -0.0653634 0.997862 0
    outer loop
      vertex 5.97789 10.4658 15.8
      vertex 6.5 10.5 2.4
      vertex 5.97789 10.4658 2.4
    endloop
  endfacet
  facet normal 0.0654027 -0.997859 0
    outer loop
      vertex 6.5 2.5 2.4
      vertex 7.0221 2.53422 15.8
      vertex 6.5 2.5 15.8
    endloop
  endfacet
  facet normal 0.0654027 -0.997859 0
    outer loop
      vertex 7.0221 2.53422 15.8
      vertex 6.5 2.5 2.4
      vertex 7.0221 2.53422 2.4
    endloop
  endfacet
  facet normal 0.65934 0.751845 -0
    outer loop
      vertex 9.32843 9.32843 2.4
      vertex 8.93505 9.67341 15.8
      vertex 9.32843 9.32843 15.8
    endloop
  endfacet
  facet normal 0.65934 0.751845 0
    outer loop
      vertex 8.93505 9.67341 15.8
      vertex 9.32843 9.32843 2.4
      vertex 8.93505 9.67341 2.4
    endloop
  endfacet
  facet normal -0.751845 0.65934 0
    outer loop
      vertex 3.32659 8.93505 2.4
      vertex 3.67157 9.32843 15.8
      vertex 3.67157 9.32843 2.4
    endloop
  endfacet
  facet normal -0.751845 0.65934 0
    outer loop
      vertex 3.67157 9.32843 15.8
      vertex 3.32659 8.93505 2.4
      vertex 3.32659 8.93505 15.8
    endloop
  endfacet
  facet normal -0.44226 0.896887 0
    outer loop
      vertex 4.96927 10.1955 2.4
      vertex 4.5 9.9641 15.8
      vertex 4.96927 10.1955 15.8
    endloop
  endfacet
  facet normal -0.44226 0.896887 0
    outer loop
      vertex 4.5 9.9641 15.8
      vertex 4.96927 10.1955 2.4
      vertex 4.5 9.9641 2.4
    endloop
  endfacet
  facet normal 0.896887 0.44226 0
    outer loop
      vertex 10.1955 8.03073 15.8
      vertex 9.9641 8.5 2.4
      vertex 9.9641 8.5 15.8
    endloop
  endfacet
  facet normal 0.896887 0.44226 0
    outer loop
      vertex 9.9641 8.5 2.4
      vertex 10.1955 8.03073 15.8
      vertex 10.1955 8.03073 2.4
    endloop
  endfacet
  facet normal 0.831471 0.555569 0
    outer loop
      vertex 9.9641 8.5 15.8
      vertex 9.67341 8.93505 2.4
      vertex 9.67341 8.93505 15.8
    endloop
  endfacet
  facet normal 0.831471 0.555569 0
    outer loop
      vertex 9.67341 8.93505 2.4
      vertex 9.9641 8.5 15.8
      vertex 9.9641 8.5 2.4
    endloop
  endfacet
  facet normal 0.321469 0.94692 -0
    outer loop
      vertex 8.03073 10.1955 2.4
      vertex 7.53528 10.3637 15.8
      vertex 8.03073 10.1955 15.8
    endloop
  endfacet
  facet normal 0.321469 0.94692 0
    outer loop
      vertex 7.53528 10.3637 15.8
      vertex 8.03073 10.1955 2.4
      vertex 7.53528 10.3637 2.4
    endloop
  endfacet
  facet normal 0.44226 0.896887 -0
    outer loop
      vertex 8.5 9.9641 2.4
      vertex 8.03073 10.1955 15.8
      vertex 8.5 9.9641 15.8
    endloop
  endfacet
  facet normal 0.44226 0.896887 0
    outer loop
      vertex 8.03073 10.1955 15.8
      vertex 8.5 9.9641 2.4
      vertex 8.03073 10.1955 2.4
    endloop
  endfacet
  facet normal -0.946932 0.321435 0
    outer loop
      vertex 2.6363 7.53528 2.4
      vertex 2.80448 8.03073 15.8
      vertex 2.80448 8.03073 2.4
    endloop
  endfacet
  facet normal -0.946932 0.321435 0
    outer loop
      vertex 2.80448 8.03073 15.8
      vertex 2.6363 7.53528 2.4
      vertex 2.6363 7.53528 15.8
    endloop
  endfacet
  facet normal -0.980784 0.195094 0
    outer loop
      vertex 2.53422 7.0221 2.4
      vertex 2.6363 7.53528 15.8
      vertex 2.6363 7.53528 2.4
    endloop
  endfacet
  facet normal -0.980784 0.195094 0
    outer loop
      vertex 2.6363 7.53528 15.8
      vertex 2.53422 7.0221 2.4
      vertex 2.53422 7.0221 15.8
    endloop
  endfacet
  facet normal -0.555569 0.831471 0
    outer loop
      vertex 4.5 9.9641 2.4
      vertex 4.06495 9.67341 15.8
      vertex 4.5 9.9641 15.8
    endloop
  endfacet
  facet normal -0.555569 0.831471 0
    outer loop
      vertex 4.06495 9.67341 15.8
      vertex 4.5 9.9641 2.4
      vertex 4.06495 9.67341 2.4
    endloop
  endfacet
  facet normal -0.321469 0.94692 0
    outer loop
      vertex 5.46472 10.3637 2.4
      vertex 4.96927 10.1955 15.8
      vertex 5.46472 10.3637 15.8
    endloop
  endfacet
  facet normal -0.321469 0.94692 0
    outer loop
      vertex 4.96927 10.1955 15.8
      vertex 5.46472 10.3637 2.4
      vertex 4.96927 10.1955 2.4
    endloop
  endfacet
  facet normal 0.555569 -0.831471 0
    outer loop
      vertex 8.5 3.0359 2.4
      vertex 8.93505 3.32659 15.8
      vertex 8.5 3.0359 15.8
    endloop
  endfacet
  facet normal 0.555569 -0.831471 0
    outer loop
      vertex 8.93505 3.32659 15.8
      vertex 8.5 3.0359 2.4
      vertex 8.93505 3.32659 2.4
    endloop
  endfacet
  facet normal 0.980776 -0.195135 0
    outer loop
      vertex 10.3637 5.46472 15.8
      vertex 10.4658 5.97789 2.4
      vertex 10.4658 5.97789 15.8
    endloop
  endfacet
  facet normal 0.980776 -0.195135 0
    outer loop
      vertex 10.4658 5.97789 2.4
      vertex 10.3637 5.46472 15.8
      vertex 10.3637 5.46472 2.4
    endloop
  endfacet
  facet normal -0.195098 -0.980784 0
    outer loop
      vertex 5.46472 2.6363 2.4
      vertex 5.97789 2.53422 15.8
      vertex 5.46472 2.6363 15.8
    endloop
  endfacet
  facet normal -0.195098 -0.980784 -0
    outer loop
      vertex 5.97789 2.53422 15.8
      vertex 5.46472 2.6363 2.4
      vertex 5.97789 2.53422 2.4
    endloop
  endfacet
  facet normal -0.831471 -0.555569 0
    outer loop
      vertex 3.32659 4.06495 2.4
      vertex 3.0359 4.5 15.8
      vertex 3.0359 4.5 2.4
    endloop
  endfacet
  facet normal -0.831471 -0.555569 0
    outer loop
      vertex 3.0359 4.5 15.8
      vertex 3.32659 4.06495 2.4
      vertex 3.32659 4.06495 15.8
    endloop
  endfacet
  facet normal 0.94692 0.321469 0
    outer loop
      vertex 10.3637 7.53528 15.8
      vertex 10.1955 8.03073 2.4
      vertex 10.1955 8.03073 15.8
    endloop
  endfacet
  facet normal 0.94692 0.321469 0
    outer loop
      vertex 10.1955 8.03073 2.4
      vertex 10.3637 7.53528 15.8
      vertex 10.3637 7.53528 2.4
    endloop
  endfacet
  facet normal 0.980777 0.195131 0
    outer loop
      vertex 10.4658 7.0221 15.8
      vertex 10.3637 7.53528 2.4
      vertex 10.3637 7.53528 15.8
    endloop
  endfacet
  facet normal 0.980777 0.195131 0
    outer loop
      vertex 10.3637 7.53528 2.4
      vertex 10.4658 7.0221 15.8
      vertex 10.4658 7.0221 2.4
    endloop
  endfacet
  facet normal 0.751845 0.65934 0
    outer loop
      vertex 9.67341 8.93505 15.8
      vertex 9.32843 9.32843 2.4
      vertex 9.32843 9.32843 15.8
    endloop
  endfacet
  facet normal 0.751845 0.65934 0
    outer loop
      vertex 9.32843 9.32843 2.4
      vertex 9.67341 8.93505 15.8
      vertex 9.67341 8.93505 2.4
    endloop
  endfacet
  facet normal 0.195131 0.980777 -0
    outer loop
      vertex 7.53528 10.3637 2.4
      vertex 7.0221 10.4658 15.8
      vertex 7.53528 10.3637 15.8
    endloop
  endfacet
  facet normal 0.195131 0.980777 0
    outer loop
      vertex 7.0221 10.4658 15.8
      vertex 7.53528 10.3637 2.4
      vertex 7.0221 10.4658 2.4
    endloop
  endfacet
  facet normal 0.0653646 0.997861 -0
    outer loop
      vertex 7.0221 10.4658 2.4
      vertex 6.5 10.5 15.8
      vertex 7.0221 10.4658 15.8
    endloop
  endfacet
  facet normal 0.0653646 0.997861 0
    outer loop
      vertex 6.5 10.5 15.8
      vertex 7.0221 10.4658 2.4
      vertex 6.5 10.5 2.4
    endloop
  endfacet
  facet normal 0.555569 0.831471 -0
    outer loop
      vertex 8.93505 9.67341 2.4
      vertex 8.5 9.9641 15.8
      vertex 8.93505 9.67341 15.8
    endloop
  endfacet
  facet normal 0.555569 0.831471 0
    outer loop
      vertex 8.5 9.9641 15.8
      vertex 8.93505 9.67341 2.4
      vertex 8.5 9.9641 2.4
    endloop
  endfacet
  facet normal -0.896871 0.442291 0
    outer loop
      vertex 2.80448 8.03073 2.4
      vertex 3.0359 8.5 15.8
      vertex 3.0359 8.5 2.4
    endloop
  endfacet
  facet normal -0.896871 0.442291 0
    outer loop
      vertex 3.0359 8.5 15.8
      vertex 2.80448 8.03073 2.4
      vertex 2.80448 8.03073 15.8
    endloop
  endfacet
  facet normal -0.831471 0.555569 0
    outer loop
      vertex 3.0359 8.5 2.4
      vertex 3.32659 8.93505 15.8
      vertex 3.32659 8.93505 2.4
    endloop
  endfacet
  facet normal -0.831471 0.555569 0
    outer loop
      vertex 3.32659 8.93505 15.8
      vertex 3.0359 8.5 2.4
      vertex 3.0359 8.5 15.8
    endloop
  endfacet
  facet normal -0.997859 0.0654027 0
    outer loop
      vertex 2.5 6.5 2.4
      vertex 2.53422 7.0221 15.8
      vertex 2.53422 7.0221 2.4
    endloop
  endfacet
  facet normal -0.997859 0.0654027 0
    outer loop
      vertex 2.53422 7.0221 15.8
      vertex 2.5 6.5 2.4
      vertex 2.5 6.5 15.8
    endloop
  endfacet
  facet normal 0 0 1
    outer loop
      vertex 7.85 6.5 15.8
      vertex 10.5 6.5 15.8
      vertex 10.4658 7.0221 15.8
    endloop
  endfacet
  facet normal 0 0 1
    outer loop
      vertex 7.83845 6.67621 15.8
      vertex 10.4658 7.0221 15.8
      vertex 10.3637 7.53528 15.8
    endloop
  endfacet
  facet normal 0 0 1
    outer loop
      vertex 10.5 6.5 15.8
      vertex 7.85 6.5 15.8
      vertex 10.4658 5.97789 15.8
    endloop
  endfacet
  facet normal 0 0 1
    outer loop
      vertex 7.804 6.84941 15.8
      vertex 10.3637 7.53528 15.8
      vertex 10.1955 8.03073 15.8
    endloop
  endfacet
  facet normal -0 0 1
    outer loop
      vertex 7.83845 6.32379 15.8
      vertex 10.4658 5.97789 15.8
      vertex 7.85 6.5 15.8
    endloop
  endfacet
  facet normal 0 0 1
    outer loop
      vertex 7.74724 7.01662 15.8
      vertex 10.1955 8.03073 15.8
      vertex 9.9641 8.5 15.8
    endloop
  endfacet
  facet normal 0 0 1
    outer loop
      vertex 10.4658 5.97789 15.8
      vertex 7.83845 6.32379 15.8
      vertex 10.3637 5.46472 15.8
    endloop
  endfacet
  facet normal 0 0 1
    outer loop
      vertex 7.66913 7.175 15.8
      vertex 9.9641 8.5 15.8
      vertex 9.67341 8.93505 15.8
    endloop
  endfacet
  facet normal -0 0 1
    outer loop
      vertex 7.804 6.15059 15.8
      vertex 10.3637 5.46472 15.8
      vertex 7.83845 6.32379 15.8
    endloop
  endfacet
  facet normal 0 0 1
    outer loop
      vertex 7.57103 7.32183 15.8
      vertex 9.67341 8.93505 15.8
      vertex 9.32843 9.32843 15.8
    endloop
  endfacet
  facet normal 0 0 1
    outer loop
      vertex 10.3637 5.46472 15.8
      vertex 7.804 6.15059 15.8
      vertex 10.1955 4.96927 15.8
    endloop
  endfacet
  facet normal 0 0 1
    outer loop
      vertex 7.45459 7.45459 15.8
      vertex 9.32843 9.32843 15.8
      vertex 8.93505 9.67341 15.8
    endloop
  endfacet
  facet normal -0 0 1
    outer loop
      vertex 7.74724 5.98338 15.8
      vertex 10.1955 4.96927 15.8
      vertex 7.804 6.15059 15.8
    endloop
  endfacet
  facet normal 0 0 1
    outer loop
      vertex 7.32183 7.57103 15.8
      vertex 8.93505 9.67341 15.8
      vertex 8.5 9.9641 15.8
    endloop
  endfacet
  facet normal 0 0 1
    outer loop
      vertex 10.1955 4.96927 15.8
      vertex 7.74724 5.98338 15.8
      vertex 9.9641 4.5 15.8
    endloop
  endfacet
  facet normal 0 0 1
    outer loop
      vertex 7.175 7.66913 15.8
      vertex 8.5 9.9641 15.8
      vertex 8.03073 10.1955 15.8
    endloop
  endfacet
  facet normal -0 0 1
    outer loop
      vertex 7.66913 5.825 15.8
      vertex 9.9641 4.5 15.8
      vertex 7.74724 5.98338 15.8
    endloop
  endfacet
  facet normal 0 0 1
    outer loop
      vertex 9.9641 4.5 15.8
      vertex 7.66913 5.825 15.8
      vertex 9.67341 4.06495 15.8
    endloop
  endfacet
  facet normal 0 0 1
    outer loop
      vertex 10.4658 7.0221 15.8
      vertex 7.83845 6.67621 15.8
      vertex 7.85 6.5 15.8
    endloop
  endfacet
  facet normal 0 0 1
    outer loop
      vertex 10.3637 7.53528 15.8
      vertex 7.804 6.84941 15.8
      vertex 7.83845 6.67621 15.8
    endloop
  endfacet
  facet normal 0 0 1
    outer loop
      vertex 10.1955 8.03073 15.8
      vertex 7.74724 7.01662 15.8
      vertex 7.804 6.84941 15.8
    endloop
  endfacet
  facet normal 0 0 1
    outer loop
      vertex 9.9641 8.5 15.8
      vertex 7.66913 7.175 15.8
      vertex 7.74724 7.01662 15.8
    endloop
  endfacet
  facet normal 0 0 1
    outer loop
      vertex 9.67341 8.93505 15.8
      vertex 7.57103 7.32183 15.8
      vertex 7.66913 7.175 15.8
    endloop
  endfacet
  facet normal 0 0 1
    outer loop
      vertex 7.01662 7.74724 15.8
      vertex 8.03073 10.1955 15.8
      vertex 7.53528 10.3637 15.8
    endloop
  endfacet
  facet normal 0 0 1
    outer loop
      vertex 9.32843 9.32843 15.8
      vertex 7.45459 7.45459 15.8
      vertex 7.57103 7.32183 15.8
    endloop
  endfacet
  facet normal 0 0 1
    outer loop
      vertex 8.93505 9.67341 15.8
      vertex 7.32183 7.57103 15.8
      vertex 7.45459 7.45459 15.8
    endloop
  endfacet
  facet normal 0 0 1
    outer loop
      vertex 8.5 9.9641 15.8
      vertex 7.175 7.66913 15.8
      vertex 7.32183 7.57103 15.8
    endloop
  endfacet
  facet normal 0 0 1
    outer loop
      vertex 6.84941 7.804 15.8
      vertex 7.53528 10.3637 15.8
      vertex 7.0221 10.4658 15.8
    endloop
  endfacet
  facet normal 0 0 1
    outer loop
      vertex 8.03073 10.1955 15.8
      vertex 7.01662 7.74724 15.8
      vertex 7.175 7.66913 15.8
    endloop
  endfacet
  facet normal 0 0 1
    outer loop
      vertex 7.53528 10.3637 15.8
      vertex 6.84941 7.804 15.8
      vertex 7.01662 7.74724 15.8
    endloop
  endfacet
  facet normal 0 0 1
    outer loop
      vertex 7.0221 10.4658 15.8
      vertex 6.67621 7.83845 15.8
      vertex 6.84941 7.804 15.8
    endloop
  endfacet
  facet normal 0 0 1
    outer loop
      vertex 6.5 10.5 15.8
      vertex 6.67621 7.83845 15.8
      vertex 7.0221 10.4658 15.8
    endloop
  endfacet
  facet normal 0 0 1
    outer loop
      vertex 6.5 10.5 15.8
      vertex 6.5 7.85 15.8
      vertex 6.67621 7.83845 15.8
    endloop
  endfacet
  facet normal 0 0 1
    outer loop
      vertex 6.5 10.5 15.8
      vertex 6.32379 7.83845 15.8
      vertex 6.5 7.85 15.8
    endloop
  endfacet
  facet normal -0 0 1
    outer loop
      vertex 5.97789 10.4658 15.8
      vertex 6.32379 7.83845 15.8
      vertex 6.5 10.5 15.8
    endloop
  endfacet
  facet normal 0 0 1
    outer loop
      vertex 6.32379 7.83845 15.8
      vertex 5.97789 10.4658 15.8
      vertex 6.15059 7.804 15.8
    endloop
  endfacet
  facet normal -0 0 1
    outer loop
      vertex 5.46472 10.3637 15.8
      vertex 6.15059 7.804 15.8
      vertex 5.97789 10.4658 15.8
    endloop
  endfacet
  facet normal 0 0 1
    outer loop
      vertex 6.15059 7.804 15.8
      vertex 5.46472 10.3637 15.8
      vertex 5.98338 7.74724 15.8
    endloop
  endfacet
  facet normal -0 0 1
    outer loop
      vertex 4.96927 10.1955 15.8
      vertex 5.98338 7.74724 15.8
      vertex 5.46472 10.3637 15.8
    endloop
  endfacet
  facet normal 0 0 1
    outer loop
      vertex 5.98338 7.74724 15.8
      vertex 4.96927 10.1955 15.8
      vertex 5.825 7.66913 15.8
    endloop
  endfacet
  facet normal -0 0 1
    outer loop
      vertex 4.5 9.9641 15.8
      vertex 5.825 7.66913 15.8
      vertex 4.96927 10.1955 15.8
    endloop
  endfacet
  facet normal 0 0 1
    outer loop
      vertex 5.825 7.66913 15.8
      vertex 4.5 9.9641 15.8
      vertex 5.67817 7.57103 15.8
    endloop
  endfacet
  facet normal -0 0 1
    outer loop
      vertex 4.06495 9.67341 15.8
      vertex 5.67817 7.57103 15.8
      vertex 4.5 9.9641 15.8
    endloop
  endfacet
  facet normal 0 0 1
    outer loop
      vertex 5.67817 7.57103 15.8
      vertex 4.06495 9.67341 15.8
      vertex 5.54541 7.45459 15.8
    endloop
  endfacet
  facet normal -0 0 1
    outer loop
      vertex 3.67157 9.32843 15.8
      vertex 5.54541 7.45459 15.8
      vertex 4.06495 9.67341 15.8
    endloop
  endfacet
  facet normal 0 0 1
    outer loop
      vertex 5.54541 7.45459 15.8
      vertex 3.67157 9.32843 15.8
      vertex 5.42897 7.32183 15.8
    endloop
  endfacet
  facet normal 0 0 1
    outer loop
      vertex 5.42897 7.32183 15.8
      vertex 3.32659 8.93505 15.8
      vertex 5.33086 7.175 15.8
    endloop
  endfacet
  facet normal -0 0 1
    outer loop
      vertex 3.32659 8.93505 15.8
      vertex 5.42897 7.32183 15.8
      vertex 3.67157 9.32843 15.8
    endloop
  endfacet
  facet normal -0 0 1
    outer loop
      vertex 7.57103 5.67817 15.8
      vertex 9.67341 4.06495 15.8
      vertex 7.66913 5.825 15.8
    endloop
  endfacet
  facet normal 0 0 1
    outer loop
      vertex 9.67341 4.06495 15.8
      vertex 7.57103 5.67817 15.8
      vertex 9.32843 3.67157 15.8
    endloop
  endfacet
  facet normal -0 0 1
    outer loop
      vertex 7.45459 5.54541 15.8
      vertex 9.32843 3.67157 15.8
      vertex 7.57103 5.67817 15.8
    endloop
  endfacet
  facet normal 0 0 1
    outer loop
      vertex 9.32843 3.67157 15.8
      vertex 7.45459 5.54541 15.8
      vertex 8.93505 3.32659 15.8
    endloop
  endfacet
  facet normal -0 0 1
    outer loop
      vertex 7.32183 5.42897 15.8
      vertex 8.93505 3.32659 15.8
      vertex 7.45459 5.54541 15.8
    endloop
  endfacet
  facet normal 0 0 1
    outer loop
      vertex 8.93505 3.32659 15.8
      vertex 7.32183 5.42897 15.8
      vertex 8.5 3.0359 15.8
    endloop
  endfacet
  facet normal -0 0 1
    outer loop
      vertex 7.175 5.33086 15.8
      vertex 8.5 3.0359 15.8
      vertex 7.32183 5.42897 15.8
    endloop
  endfacet
  facet normal 0 0 1
    outer loop
      vertex 8.5 3.0359 15.8
      vertex 7.175 5.33086 15.8
      vertex 8.03073 2.80448 15.8
    endloop
  endfacet
  facet normal -0 0 1
    outer loop
      vertex 7.01662 5.25276 15.8
      vertex 8.03073 2.80448 15.8
      vertex 7.175 5.33086 15.8
    endloop
  endfacet
  facet normal 0 0 1
    outer loop
      vertex 8.03073 2.80448 15.8
      vertex 7.01662 5.25276 15.8
      vertex 7.53528 2.6363 15.8
    endloop
  endfacet
  facet normal -0 0 1
    outer loop
      vertex 6.84941 5.196 15.8
      vertex 7.53528 2.6363 15.8
      vertex 7.01662 5.25276 15.8
    endloop
  endfacet
  facet normal 0 0 1
    outer loop
      vertex 7.53528 2.6363 15.8
      vertex 6.84941 5.196 15.8
      vertex 7.0221 2.53422 15.8
    endloop
  endfacet
  facet normal -0 0 1
    outer loop
      vertex 6.67621 5.16155 15.8
      vertex 7.0221 2.53422 15.8
      vertex 6.84941 5.196 15.8
    endloop
  endfacet
  facet normal -0 0 1
    outer loop
      vertex 6.5 5.15 15.8
      vertex 7.0221 2.53422 15.8
      vertex 6.67621 5.16155 15.8
    endloop
  endfacet
  facet normal 0 0 1
    outer loop
      vertex 6.5 5.15 15.8
      vertex 6.5 2.5 15.8
      vertex 7.0221 2.53422 15.8
    endloop
  endfacet
  facet normal 0 0 1
    outer loop
      vertex 6.32379 5.16155 15.8
      vertex 6.5 2.5 15.8
      vertex 6.5 5.15 15.8
    endloop
  endfacet
  facet normal 0 0 1
    outer loop
      vertex 5.97789 2.53422 15.8
      vertex 6.32379 5.16155 15.8
      vertex 6.15059 5.196 15.8
    endloop
  endfacet
  facet normal 0 0 1
    outer loop
      vertex 5.46472 2.6363 15.8
      vertex 6.15059 5.196 15.8
      vertex 5.98338 5.25276 15.8
    endloop
  endfacet
  facet normal 0 0 1
    outer loop
      vertex 6.32379 5.16155 15.8
      vertex 5.97789 2.53422 15.8
      vertex 6.5 2.5 15.8
    endloop
  endfacet
  facet normal 0 0 1
    outer loop
      vertex 4.96927 2.80448 15.8
      vertex 5.98338 5.25276 15.8
      vertex 5.825 5.33086 15.8
    endloop
  endfacet
  facet normal 0 0 1
    outer loop
      vertex 4.5 3.0359 15.8
      vertex 5.825 5.33086 15.8
      vertex 5.67817 5.42897 15.8
    endloop
  endfacet
  facet normal 0 0 1
    outer loop
      vertex 4.06495 3.32659 15.8
      vertex 5.67817 5.42897 15.8
      vertex 5.54541 5.54541 15.8
    endloop
  endfacet
  facet normal 0 0 1
    outer loop
      vertex 6.15059 5.196 15.8
      vertex 5.46472 2.6363 15.8
      vertex 5.97789 2.53422 15.8
    endloop
  endfacet
  facet normal 0 0 1
    outer loop
      vertex 3.67157 3.67157 15.8
      vertex 5.54541 5.54541 15.8
      vertex 5.42897 5.67817 15.8
    endloop
  endfacet
  facet normal 0 0 1
    outer loop
      vertex 3.32659 4.06495 15.8
      vertex 5.42897 5.67817 15.8
      vertex 5.33086 5.825 15.8
    endloop
  endfacet
  facet normal 0 0 1
    outer loop
      vertex 3.0359 4.5 15.8
      vertex 5.33086 5.825 15.8
      vertex 5.25276 5.98338 15.8
    endloop
  endfacet
  facet normal 0 0 1
    outer loop
      vertex 2.80448 4.96927 15.8
      vertex 5.25276 5.98338 15.8
      vertex 5.196 6.15059 15.8
    endloop
  endfacet
  facet normal 0 0 1
    outer loop
      vertex 2.6363 5.46472 15.8
      vertex 5.196 6.15059 15.8
      vertex 5.16155 6.32379 15.8
    endloop
  endfacet
  facet normal 0 0 1
    outer loop
      vertex 5.98338 5.25276 15.8
      vertex 4.96927 2.80448 15.8
      vertex 5.46472 2.6363 15.8
    endloop
  endfacet
  facet normal 0 0 1
    outer loop
      vertex 2.53422 5.97789 15.8
      vertex 5.16155 6.32379 15.8
      vertex 5.15 6.5 15.8
    endloop
  endfacet
  facet normal -0 0 1
    outer loop
      vertex 3.0359 8.5 15.8
      vertex 5.33086 7.175 15.8
      vertex 3.32659 8.93505 15.8
    endloop
  endfacet
  facet normal 0 0 1
    outer loop
      vertex 5.33086 7.175 15.8
      vertex 3.0359 8.5 15.8
      vertex 5.25276 7.01662 15.8
    endloop
  endfacet
  facet normal 0 0 1
    outer loop
      vertex 5.825 5.33086 15.8
      vertex 4.5 3.0359 15.8
      vertex 4.96927 2.80448 15.8
    endloop
  endfacet
  facet normal -0 0 1
    outer loop
      vertex 2.80448 8.03073 15.8
      vertex 5.25276 7.01662 15.8
      vertex 3.0359 8.5 15.8
    endloop
  endfacet
  facet normal 0 0 1
    outer loop
      vertex 5.67817 5.42897 15.8
      vertex 4.06495 3.32659 15.8
      vertex 4.5 3.0359 15.8
    endloop
  endfacet
  facet normal 0 0 1
    outer loop
      vertex 5.25276 7.01662 15.8
      vertex 2.80448 8.03073 15.8
      vertex 5.196 6.84941 15.8
    endloop
  endfacet
  facet normal 0 0 1
    outer loop
      vertex 5.54541 5.54541 15.8
      vertex 3.67157 3.67157 15.8
      vertex 4.06495 3.32659 15.8
    endloop
  endfacet
  facet normal -0 0 1
    outer loop
      vertex 2.6363 7.53528 15.8
      vertex 5.196 6.84941 15.8
      vertex 2.80448 8.03073 15.8
    endloop
  endfacet
  facet normal 0 0 1
    outer loop
      vertex 5.42897 5.67817 15.8
      vertex 3.32659 4.06495 15.8
      vertex 3.67157 3.67157 15.8
    endloop
  endfacet
  facet normal 0 0 1
    outer loop
      vertex 5.196 6.84941 15.8
      vertex 2.6363 7.53528 15.8
      vertex 5.16155 6.67621 15.8
    endloop
  endfacet
  facet normal 0 0 1
    outer loop
      vertex 5.33086 5.825 15.8
      vertex 3.0359 4.5 15.8
      vertex 3.32659 4.06495 15.8
    endloop
  endfacet
  facet normal -0 0 1
    outer loop
      vertex 2.53422 7.0221 15.8
      vertex 5.16155 6.67621 15.8
      vertex 2.6363 7.53528 15.8
    endloop
  endfacet
  facet normal 0 0 1
    outer loop
      vertex 5.25276 5.98338 15.8
      vertex 2.80448 4.96927 15.8
      vertex 3.0359 4.5 15.8
    endloop
  endfacet
  facet normal 0 0 1
    outer loop
      vertex 5.16155 6.67621 15.8
      vertex 2.53422 7.0221 15.8
      vertex 5.15 6.5 15.8
    endloop
  endfacet
  facet normal 0 0 1
    outer loop
      vertex 5.196 6.15059 15.8
      vertex 2.6363 5.46472 15.8
      vertex 2.80448 4.96927 15.8
    endloop
  endfacet
  facet normal 0 0 1
    outer loop
      vertex 2.5 6.5 15.8
      vertex 5.15 6.5 15.8
      vertex 2.53422 7.0221 15.8
    endloop
  endfacet
  facet normal 0 0 1
    outer loop
      vertex 5.16155 6.32379 15.8
      vertex 2.53422 5.97789 15.8
      vertex 2.6363 5.46472 15.8
    endloop
  endfacet
  facet normal 0 0 1
    outer loop
      vertex 5.15 6.5 15.8
      vertex 2.5 6.5 15.8
      vertex 2.53422 5.97789 15.8
    endloop
  endfacet
  facet normal -0.65934 0.751845 0
    outer loop
      vertex 4.06495 9.67341 2.4
      vertex 3.67157 9.32843 15.8
      vertex 4.06495 9.67341 15.8
    endloop
  endfacet
  facet normal -0.65934 0.751845 0
    outer loop
      vertex 3.67157 9.32843 15.8
      vertex 4.06495 9.67341 2.4
      vertex 3.67157 9.32843 2.4
    endloop
  endfacet
  facet normal -0.195135 0.980776 0
    outer loop
      vertex 5.97789 10.4658 2.4
      vertex 5.46472 10.3637 15.8
      vertex 5.97789 10.4658 15.8
    endloop
  endfacet
  facet normal -0.195135 0.980776 0
    outer loop
      vertex 5.46472 10.3637 15.8
      vertex 5.97789 10.4658 2.4
      vertex 5.46472 10.3637 2.4
    endloop
  endfacet
  facet normal 0.195094 -0.980784 0
    outer loop
      vertex 7.0221 2.53422 2.4
      vertex 7.53528 2.6363 15.8
      vertex 7.0221 2.53422 15.8
    endloop
  endfacet
  facet normal 0.195094 -0.980784 0
    outer loop
      vertex 7.53528 2.6363 15.8
      vertex 7.0221 2.53422 2.4
      vertex 7.53528 2.6363 2.4
    endloop
  endfacet
  facet normal 0.442291 -0.896871 0
    outer loop
      vertex 8.03073 2.80448 2.4
      vertex 8.5 3.0359 15.8
      vertex 8.03073 2.80448 15.8
    endloop
  endfacet
  facet normal 0.442291 -0.896871 0
    outer loop
      vertex 8.5 3.0359 15.8
      vertex 8.03073 2.80448 2.4
      vertex 8.5 3.0359 2.4
    endloop
  endfacet
  facet normal 0.65934 -0.751845 0
    outer loop
      vertex 8.93505 3.32659 2.4
      vertex 9.32843 3.67157 15.8
      vertex 8.93505 3.32659 15.8
    endloop
  endfacet
  facet normal 0.65934 -0.751845 0
    outer loop
      vertex 9.32843 3.67157 15.8
      vertex 8.93505 3.32659 2.4
      vertex 9.32843 3.67157 2.4
    endloop
  endfacet
  facet normal 0.831471 -0.555569 0
    outer loop
      vertex 9.67341 4.06495 15.8
      vertex 9.9641 4.5 2.4
      vertex 9.9641 4.5 15.8
    endloop
  endfacet
  facet normal 0.831471 -0.555569 0
    outer loop
      vertex 9.9641 4.5 2.4
      vertex 9.67341 4.06495 15.8
      vertex 9.67341 4.06495 2.4
    endloop
  endfacet
  facet normal 0.94692 -0.321469 0
    outer loop
      vertex 10.1955 4.96927 15.8
      vertex 10.3637 5.46472 2.4
      vertex 10.3637 5.46472 15.8
    endloop
  endfacet
  facet normal 0.94692 -0.321469 0
    outer loop
      vertex 10.3637 5.46472 2.4
      vertex 10.1955 4.96927 15.8
      vertex 10.1955 4.96927 2.4
    endloop
  endfacet
  facet normal 0.997862 -0.0653634 0
    outer loop
      vertex 10.4658 5.97789 15.8
      vertex 10.5 6.5 2.4
      vertex 10.5 6.5 15.8
    endloop
  endfacet
  facet normal 0.997862 -0.0653634 0
    outer loop
      vertex 10.5 6.5 2.4
      vertex 10.4658 5.97789 15.8
      vertex 10.4658 5.97789 2.4
    endloop
  endfacet
  facet normal -0.555569 -0.831471 0
    outer loop
      vertex 4.06495 3.32659 2.4
      vertex 4.5 3.0359 15.8
      vertex 4.06495 3.32659 15.8
    endloop
  endfacet
  facet normal -0.555569 -0.831471 -0
    outer loop
      vertex 4.5 3.0359 15.8
      vertex 4.06495 3.32659 2.4
      vertex 4.5 3.0359 2.4
    endloop
  endfacet
  facet normal -0.321435 -0.946932 0
    outer loop
      vertex 4.96927 2.80448 2.4
      vertex 5.46472 2.6363 15.8
      vertex 4.96927 2.80448 15.8
    endloop
  endfacet
  facet normal -0.321435 -0.946932 -0
    outer loop
      vertex 5.46472 2.6363 15.8
      vertex 4.96927 2.80448 2.4
      vertex 5.46472 2.6363 2.4
    endloop
  endfacet
  facet normal -0.0654014 -0.997859 0
    outer loop
      vertex 5.97789 2.53422 2.4
      vertex 6.5 2.5 15.8
      vertex 5.97789 2.53422 15.8
    endloop
  endfacet
  facet normal -0.0654014 -0.997859 -0
    outer loop
      vertex 6.5 2.5 15.8
      vertex 5.97789 2.53422 2.4
      vertex 6.5 2.5 2.4
    endloop
  endfacet
  facet normal -0.751845 -0.65934 0
    outer loop
      vertex 3.67157 3.67157 2.4
      vertex 3.32659 4.06495 15.8
      vertex 3.32659 4.06495 2.4
    endloop
  endfacet
  facet normal -0.751845 -0.65934 0
    outer loop
      vertex 3.32659 4.06495 15.8
      vertex 3.67157 3.67157 2.4
      vertex 3.67157 3.67157 15.8
    endloop
  endfacet
  facet normal -0.896871 -0.442291 0
    outer loop
      vertex 3.0359 4.5 2.4
      vertex 2.80448 4.96927 15.8
      vertex 2.80448 4.96927 2.4
    endloop
  endfacet
  facet normal -0.896871 -0.442291 0
    outer loop
      vertex 2.80448 4.96927 15.8
      vertex 3.0359 4.5 2.4
      vertex 3.0359 4.5 15.8
    endloop
  endfacet
  facet normal -0.980784 -0.195098 0
    outer loop
      vertex 2.6363 5.46472 2.4
      vertex 2.53422 5.97789 15.8
      vertex 2.53422 5.97789 2.4
    endloop
  endfacet
  facet normal -0.980784 -0.195098 0
    outer loop
      vertex 2.53422 5.97789 15.8
      vertex 2.6363 5.46472 2.4
      vertex 2.6363 5.46472 15.8
    endloop
  endfacet
  facet normal -0.997859 -0.0654014 0
    outer loop
      vertex 2.53422 5.97789 2.4
      vertex 2.5 6.5 15.8
      vertex 2.5 6.5 2.4
    endloop
  endfacet
  facet normal -0.997859 -0.0654014 0
    outer loop
      vertex 2.5 6.5 15.8
      vertex 2.53422 5.97789 2.4
      vertex 2.53422 5.97789 15.8
    endloop
  endfacet
  facet normal 0.321435 -0.946932 0
    outer loop
      vertex 7.53528 2.6363 2.4
      vertex 8.03073 2.80448 15.8
      vertex 7.53528 2.6363 15.8
    endloop
  endfacet
  facet normal 0.321435 -0.946932 0
    outer loop
      vertex 8.03073 2.80448 15.8
      vertex 7.53528 2.6363 2.4
      vertex 8.03073 2.80448 2.4
    endloop
  endfacet
  facet normal 0.751845 -0.65934 0
    outer loop
      vertex 9.32843 3.67157 15.8
      vertex 9.67341 4.06495 2.4
      vertex 9.67341 4.06495 15.8
    endloop
  endfacet
  facet normal 0.751845 -0.65934 0
    outer loop
      vertex 9.67341 4.06495 2.4
      vertex 9.32843 3.67157 15.8
      vertex 9.32843 3.67157 2.4
    endloop
  endfacet
  facet normal 0.896887 -0.44226 0
    outer loop
      vertex 9.9641 4.5 15.8
      vertex 10.1955 4.96927 2.4
      vertex 10.1955 4.96927 15.8
    endloop
  endfacet
  facet normal 0.896887 -0.44226 0
    outer loop
      vertex 10.1955 4.96927 2.4
      vertex 9.9641 4.5 15.8
      vertex 9.9641 4.5 2.4
    endloop
  endfacet
  facet normal -0.442291 -0.896871 0
    outer loop
      vertex 4.5 3.0359 2.4
      vertex 4.96927 2.80448 15.8
      vertex 4.5 3.0359 15.8
    endloop
  endfacet
  facet normal -0.442291 -0.896871 -0
    outer loop
      vertex 4.96927 2.80448 15.8
      vertex 4.5 3.0359 2.4
      vertex 4.96927 2.80448 2.4
    endloop
  endfacet
  facet normal -0.65934 -0.751845 0
    outer loop
      vertex 3.67157 3.67157 2.4
      vertex 4.06495 3.32659 15.8
      vertex 3.67157 3.67157 15.8
    endloop
  endfacet
  facet normal -0.65934 -0.751845 -0
    outer loop
      vertex 4.06495 3.32659 15.8
      vertex 3.67157 3.67157 2.4
      vertex 4.06495 3.32659 2.4
    endloop
  endfacet
  facet normal -0.946932 -0.321435 0
    outer loop
      vertex 2.80448 4.96927 2.4
      vertex 2.6363 5.46472 15.8
      vertex 2.6363 5.46472 2.4
    endloop
  endfacet
  facet normal -0.946932 -0.321435 0
    outer loop
      vertex 2.6363 5.46472 15.8
      vertex 2.80448 4.96927 2.4
      vertex 2.80448 4.96927 15.8
    endloop
  endfacet
  facet normal 0.997861 0.0653646 0
    outer loop
      vertex 56.3 6.5 15.8
      vertex 56.2658 7.0221 2.4
      vertex 56.2658 7.0221 15.8
    endloop
  endfacet
  facet normal 0.997861 0.0653646 0
    outer loop
      vertex 56.2658 7.0221 2.4
      vertex 56.3 6.5 15.8
      vertex 56.3 6.5 2.4
    endloop
  endfacet
  facet normal -0.0653646 0.997861 0
    outer loop
      vertex 52.3 10.5 2.4
      vertex 51.7779 10.4658 15.8
      vertex 52.3 10.5 15.8
    endloop
  endfacet
  facet normal -0.0653646 0.997861 0
    outer loop
      vertex 51.7779 10.4658 15.8
      vertex 52.3 10.5 2.4
      vertex 51.7779 10.4658 2.4
    endloop
  endfacet
  facet normal 0.659321 0.751861 -0
    outer loop
      vertex 55.1284 9.32843 2.4
      vertex 54.735 9.67341 15.8
      vertex 55.1284 9.32843 15.8
    endloop
  endfacet
  facet normal 0.659321 0.751861 0
    outer loop
      vertex 54.735 9.67341 15.8
      vertex 55.1284 9.32843 2.4
      vertex 54.735 9.67341 2.4
    endloop
  endfacet
  facet normal -0.751826 0.659362 0
    outer loop
      vertex 49.1266 8.93505 2.4
      vertex 49.4716 9.32843 15.8
      vertex 49.4716 9.32843 2.4
    endloop
  endfacet
  facet normal -0.751826 0.659362 0
    outer loop
      vertex 49.4716 9.32843 15.8
      vertex 49.1266 8.93505 2.4
      vertex 49.1266 8.93505 15.8
    endloop
  endfacet
  facet normal -0.442238 0.896898 0
    outer loop
      vertex 50.7693 10.1955 2.4
      vertex 50.3 9.9641 15.8
      vertex 50.7693 10.1955 15.8
    endloop
  endfacet
  facet normal -0.442238 0.896898 0
    outer loop
      vertex 50.3 9.9641 15.8
      vertex 50.7693 10.1955 2.4
      vertex 50.3 9.9641 2.4
    endloop
  endfacet
  facet normal -0.94692 -0.321469 0
    outer loop
      vertex 48.6045 4.96927 2.4
      vertex 48.4363 5.46472 15.8
      vertex 48.4363 5.46472 2.4
    endloop
  endfacet
  facet normal -0.94692 -0.321469 0
    outer loop
      vertex 48.4363 5.46472 15.8
      vertex 48.6045 4.96927 2.4
      vertex 48.6045 4.96927 15.8
    endloop
  endfacet
  facet normal 0.896887 0.44226 0
    outer loop
      vertex 55.9955 8.03073 15.8
      vertex 55.7641 8.5 2.4
      vertex 55.7641 8.5 15.8
    endloop
  endfacet
  facet normal 0.896887 0.44226 0
    outer loop
      vertex 55.7641 8.5 2.4
      vertex 55.9955 8.03073 15.8
      vertex 55.9955 8.03073 2.4
    endloop
  endfacet
  facet normal 0.980777 0.195131 0
    outer loop
      vertex 56.2658 7.0221 15.8
      vertex 56.1637 7.53528 2.4
      vertex 56.1637 7.53528 15.8
    endloop
  endfacet
  facet normal 0.980777 0.195131 0
    outer loop
      vertex 56.1637 7.53528 2.4
      vertex 56.2658 7.0221 15.8
      vertex 56.2658 7.0221 2.4
    endloop
  endfacet
  facet normal 0.831462 0.555582 0
    outer loop
      vertex 55.7641 8.5 15.8
      vertex 55.4734 8.93505 2.4
      vertex 55.4734 8.93505 15.8
    endloop
  endfacet
  facet normal 0.831462 0.555582 0
    outer loop
      vertex 55.4734 8.93505 2.4
      vertex 55.7641 8.5 15.8
      vertex 55.7641 8.5 2.4
    endloop
  endfacet
  facet normal 0.321498 0.94691 -0
    outer loop
      vertex 53.8307 10.1955 2.4
      vertex 53.3353 10.3637 15.8
      vertex 53.8307 10.1955 15.8
    endloop
  endfacet
  facet normal 0.321498 0.94691 0
    outer loop
      vertex 53.3353 10.3637 15.8
      vertex 53.8307 10.1955 2.4
      vertex 53.3353 10.3637 2.4
    endloop
  endfacet
  facet normal 0.195124 0.980779 -0
    outer loop
      vertex 53.3353 10.3637 2.4
      vertex 52.8221 10.4658 15.8
      vertex 53.3353 10.3637 15.8
    endloop
  endfacet
  facet normal 0.195124 0.980779 0
    outer loop
      vertex 52.8221 10.4658 15.8
      vertex 53.3353 10.3637 2.4
      vertex 52.8221 10.4658 2.4
    endloop
  endfacet
  facet normal 0.442238 0.896898 -0
    outer loop
      vertex 54.3 9.9641 2.4
      vertex 53.8307 10.1955 15.8
      vertex 54.3 9.9641 15.8
    endloop
  endfacet
  facet normal 0.442238 0.896898 0
    outer loop
      vertex 53.8307 10.1955 15.8
      vertex 54.3 9.9641 2.4
      vertex 53.8307 10.1955 2.4
    endloop
  endfacet
  facet normal -0.896887 0.44226 0
    outer loop
      vertex 48.6045 8.03073 2.4
      vertex 48.8359 8.5 15.8
      vertex 48.8359 8.5 2.4
    endloop
  endfacet
  facet normal -0.896887 0.44226 0
    outer loop
      vertex 48.8359 8.5 15.8
      vertex 48.6045 8.03073 2.4
      vertex 48.6045 8.03073 15.8
    endloop
  endfacet
  facet normal -0.831462 0.555582 0
    outer loop
      vertex 48.8359 8.5 2.4
      vertex 49.1266 8.93505 15.8
      vertex 49.1266 8.93505 2.4
    endloop
  endfacet
  facet normal -0.831462 0.555582 0
    outer loop
      vertex 49.1266 8.93505 15.8
      vertex 48.8359 8.5 2.4
      vertex 48.8359 8.5 15.8
    endloop
  endfacet
  facet normal -0.555613 0.831441 0
    outer loop
      vertex 50.3 9.9641 2.4
      vertex 49.865 9.67341 15.8
      vertex 50.3 9.9641 15.8
    endloop
  endfacet
  facet normal -0.555613 0.831441 0
    outer loop
      vertex 49.865 9.67341 15.8
      vertex 50.3 9.9641 2.4
      vertex 49.865 9.67341 2.4
    endloop
  endfacet
  facet normal -0.321498 0.94691 0
    outer loop
      vertex 51.2647 10.3637 2.4
      vertex 50.7693 10.1955 15.8
      vertex 51.2647 10.3637 15.8
    endloop
  endfacet
  facet normal -0.321498 0.94691 0
    outer loop
      vertex 50.7693 10.1955 15.8
      vertex 51.2647 10.3637 2.4
      vertex 50.7693 10.1955 2.4
    endloop
  endfacet
  facet normal 0.751826 -0.659362 0
    outer loop
      vertex 55.1284 3.67157 15.8
      vertex 55.4734 4.06495 2.4
      vertex 55.4734 4.06495 15.8
    endloop
  endfacet
  facet normal 0.751826 -0.659362 0
    outer loop
      vertex 55.4734 4.06495 2.4
      vertex 55.1284 3.67157 15.8
      vertex 55.1284 3.67157 2.4
    endloop
  endfacet
  facet normal 0.555613 -0.831441 0
    outer loop
      vertex 54.3 3.0359 2.4
      vertex 54.735 3.32659 15.8
      vertex 54.3 3.0359 15.8
    endloop
  endfacet
  facet normal 0.555613 -0.831441 0
    outer loop
      vertex 54.735 3.32659 15.8
      vertex 54.3 3.0359 2.4
      vertex 54.735 3.32659 2.4
    endloop
  endfacet
  facet normal 0.980776 -0.195135 0
    outer loop
      vertex 56.1637 5.46472 15.8
      vertex 56.2658 5.97789 2.4
      vertex 56.2658 5.97789 15.8
    endloop
  endfacet
  facet normal 0.980776 -0.195135 0
    outer loop
      vertex 56.2658 5.97789 2.4
      vertex 56.1637 5.46472 15.8
      vertex 56.1637 5.46472 2.4
    endloop
  endfacet
  facet normal -0.321464 -0.946922 0
    outer loop
      vertex 50.7693 2.80448 2.4
      vertex 51.2647 2.6363 15.8
      vertex 50.7693 2.80448 15.8
    endloop
  endfacet
  facet normal -0.321464 -0.946922 -0
    outer loop
      vertex 51.2647 2.6363 15.8
      vertex 50.7693 2.80448 2.4
      vertex 51.2647 2.6363 2.4
    endloop
  endfacet
  facet normal -0.195087 -0.980786 0
    outer loop
      vertex 51.2647 2.6363 2.4
      vertex 51.7779 2.53422 15.8
      vertex 51.2647 2.6363 15.8
    endloop
  endfacet
  facet normal -0.195087 -0.980786 -0
    outer loop
      vertex 51.7779 2.53422 15.8
      vertex 51.2647 2.6363 2.4
      vertex 51.7779 2.53422 2.4
    endloop
  endfacet
  facet normal -0.831462 -0.555582 0
    outer loop
      vertex 49.1266 4.06495 2.4
      vertex 48.8359 4.5 15.8
      vertex 48.8359 4.5 2.4
    endloop
  endfacet
  facet normal -0.831462 -0.555582 0
    outer loop
      vertex 48.8359 4.5 15.8
      vertex 49.1266 4.06495 2.4
      vertex 49.1266 4.06495 15.8
    endloop
  endfacet
  facet normal -0.751826 -0.659362 0
    outer loop
      vertex 49.4716 3.67157 2.4
      vertex 49.1266 4.06495 15.8
      vertex 49.1266 4.06495 2.4
    endloop
  endfacet
  facet normal -0.751826 -0.659362 0
    outer loop
      vertex 49.1266 4.06495 15.8
      vertex 49.4716 3.67157 2.4
      vertex 49.4716 3.67157 15.8
    endloop
  endfacet
  facet normal -0.980776 -0.195135 0
    outer loop
      vertex 48.4363 5.46472 2.4
      vertex 48.3342 5.97789 15.8
      vertex 48.3342 5.97789 2.4
    endloop
  endfacet
  facet normal -0.980776 -0.195135 0
    outer loop
      vertex 48.3342 5.97789 15.8
      vertex 48.4363 5.46472 2.4
      vertex 48.4363 5.46472 15.8
    endloop
  endfacet
  facet normal 0.94692 0.321469 0
    outer loop
      vertex 56.1637 7.53528 15.8
      vertex 55.9955 8.03073 2.4
      vertex 55.9955 8.03073 15.8
    endloop
  endfacet
  facet normal 0.94692 0.321469 0
    outer loop
      vertex 55.9955 8.03073 2.4
      vertex 56.1637 7.53528 15.8
      vertex 56.1637 7.53528 2.4
    endloop
  endfacet
  facet normal 0.751826 0.659362 0
    outer loop
      vertex 55.4734 8.93505 15.8
      vertex 55.1284 9.32843 2.4
      vertex 55.1284 9.32843 15.8
    endloop
  endfacet
  facet normal 0.751826 0.659362 0
    outer loop
      vertex 55.1284 9.32843 2.4
      vertex 55.4734 8.93505 15.8
      vertex 55.4734 8.93505 2.4
    endloop
  endfacet
  facet normal 0.0653646 0.997861 -0
    outer loop
      vertex 52.8221 10.4658 2.4
      vertex 52.3 10.5 15.8
      vertex 52.8221 10.4658 15.8
    endloop
  endfacet
  facet normal 0.0653646 0.997861 0
    outer loop
      vertex 52.3 10.5 15.8
      vertex 52.8221 10.4658 2.4
      vertex 52.3 10.5 2.4
    endloop
  endfacet
  facet normal 0.555613 0.831441 -0
    outer loop
      vertex 54.735 9.67341 2.4
      vertex 54.3 9.9641 15.8
      vertex 54.735 9.67341 15.8
    endloop
  endfacet
  facet normal 0.555613 0.831441 0
    outer loop
      vertex 54.3 9.9641 15.8
      vertex 54.735 9.67341 2.4
      vertex 54.3 9.9641 2.4
    endloop
  endfacet
  facet normal -0.94692 0.321469 0
    outer loop
      vertex 48.4363 7.53528 2.4
      vertex 48.6045 8.03073 15.8
      vertex 48.6045 8.03073 2.4
    endloop
  endfacet
  facet normal -0.94692 0.321469 0
    outer loop
      vertex 48.6045 8.03073 15.8
      vertex 48.4363 7.53528 2.4
      vertex 48.4363 7.53528 15.8
    endloop
  endfacet
  facet normal -0.980777 0.195131 0
    outer loop
      vertex 48.3342 7.0221 2.4
      vertex 48.4363 7.53528 15.8
      vertex 48.4363 7.53528 2.4
    endloop
  endfacet
  facet normal -0.980777 0.195131 0
    outer loop
      vertex 48.4363 7.53528 15.8
      vertex 48.3342 7.0221 2.4
      vertex 48.3342 7.0221 15.8
    endloop
  endfacet
  facet normal -0.997861 0.0653646 0
    outer loop
      vertex 48.3 6.5 2.4
      vertex 48.3342 7.0221 15.8
      vertex 48.3342 7.0221 2.4
    endloop
  endfacet
  facet normal -0.997861 0.0653646 0
    outer loop
      vertex 48.3342 7.0221 15.8
      vertex 48.3 6.5 2.4
      vertex 48.3 6.5 15.8
    endloop
  endfacet
  facet normal -0.997862 -0.0653634 0
    outer loop
      vertex 48.3342 5.97789 2.4
      vertex 48.3 6.5 15.8
      vertex 48.3 6.5 2.4
    endloop
  endfacet
  facet normal -0.997862 -0.0653634 0
    outer loop
      vertex 48.3 6.5 15.8
      vertex 48.3342 5.97789 2.4
      vertex 48.3342 5.97789 15.8
    endloop
  endfacet
  facet normal -0.659321 0.751861 0
    outer loop
      vertex 49.865 9.67341 2.4
      vertex 49.4716 9.32843 15.8
      vertex 49.865 9.67341 15.8
    endloop
  endfacet
  facet normal -0.659321 0.751861 0
    outer loop
      vertex 49.4716 9.32843 15.8
      vertex 49.865 9.67341 2.4
      vertex 49.4716 9.32843 2.4
    endloop
  endfacet
  facet normal -0.195124 0.980779 0
    outer loop
      vertex 51.7779 10.4658 2.4
      vertex 51.2647 10.3637 15.8
      vertex 51.7779 10.4658 15.8
    endloop
  endfacet
  facet normal -0.195124 0.980779 0
    outer loop
      vertex 51.2647 10.3637 15.8
      vertex 51.7779 10.4658 2.4
      vertex 51.2647 10.3637 2.4
    endloop
  endfacet
  facet normal 0.195087 -0.980786 0
    outer loop
      vertex 52.8221 2.53422 2.4
      vertex 53.3353 2.6363 15.8
      vertex 52.8221 2.53422 15.8
    endloop
  endfacet
  facet normal 0.195087 -0.980786 0
    outer loop
      vertex 53.3353 2.6363 15.8
      vertex 52.8221 2.53422 2.4
      vertex 53.3353 2.6363 2.4
    endloop
  endfacet
  facet normal 0.442268 -0.896883 0
    outer loop
      vertex 53.8307 2.80448 2.4
      vertex 54.3 3.0359 15.8
      vertex 53.8307 2.80448 15.8
    endloop
  endfacet
  facet normal 0.442268 -0.896883 0
    outer loop
      vertex 54.3 3.0359 15.8
      vertex 53.8307 2.80448 2.4
      vertex 54.3 3.0359 2.4
    endloop
  endfacet
  facet normal 0.659321 -0.751861 0
    outer loop
      vertex 54.735 3.32659 2.4
      vertex 55.1284 3.67157 15.8
      vertex 54.735 3.32659 15.8
    endloop
  endfacet
  facet normal 0.659321 -0.751861 0
    outer loop
      vertex 55.1284 3.67157 15.8
      vertex 54.735 3.32659 2.4
      vertex 55.1284 3.67157 2.4
    endloop
  endfacet
  facet normal 0.94692 -0.321469 0
    outer loop
      vertex 55.9955 4.96927 15.8
      vertex 56.1637 5.46472 2.4
      vertex 56.1637 5.46472 15.8
    endloop
  endfacet
  facet normal 0.94692 -0.321469 0
    outer loop
      vertex 56.1637 5.46472 2.4
      vertex 55.9955 4.96927 15.8
      vertex 55.9955 4.96927 2.4
    endloop
  endfacet
  facet normal 0.831462 -0.555582 0
    outer loop
      vertex 55.4734 4.06495 15.8
      vertex 55.7641 4.5 2.4
      vertex 55.7641 4.5 15.8
    endloop
  endfacet
  facet normal 0.831462 -0.555582 0
    outer loop
      vertex 55.7641 4.5 2.4
      vertex 55.4734 4.06495 15.8
      vertex 55.4734 4.06495 2.4
    endloop
  endfacet
  facet normal 0.896887 -0.44226 0
    outer loop
      vertex 55.7641 4.5 15.8
      vertex 55.9955 4.96927 2.4
      vertex 55.9955 4.96927 15.8
    endloop
  endfacet
  facet normal 0.896887 -0.44226 0
    outer loop
      vertex 55.9955 4.96927 2.4
      vertex 55.7641 4.5 15.8
      vertex 55.7641 4.5 2.4
    endloop
  endfacet
  facet normal -0.555613 -0.831441 0
    outer loop
      vertex 49.865 3.32659 2.4
      vertex 50.3 3.0359 15.8
      vertex 49.865 3.32659 15.8
    endloop
  endfacet
  facet normal -0.555613 -0.831441 -0
    outer loop
      vertex 50.3 3.0359 15.8
      vertex 49.865 3.32659 2.4
      vertex 50.3 3.0359 2.4
    endloop
  endfacet
  facet normal -0.442268 -0.896883 0
    outer loop
      vertex 50.3 3.0359 2.4
      vertex 50.7693 2.80448 15.8
      vertex 50.3 3.0359 15.8
    endloop
  endfacet
  facet normal -0.442268 -0.896883 -0
    outer loop
      vertex 50.7693 2.80448 15.8
      vertex 50.3 3.0359 2.4
      vertex 50.7693 2.80448 2.4
    endloop
  endfacet
  facet normal -0.0654027 -0.997859 0
    outer loop
      vertex 51.7779 2.53422 2.4
      vertex 52.3 2.5 15.8
      vertex 51.7779 2.53422 15.8
    endloop
  endfacet
  facet normal -0.0654027 -0.997859 -0
    outer loop
      vertex 52.3 2.5 15.8
      vertex 51.7779 2.53422 2.4
      vertex 52.3 2.5 2.4
    endloop
  endfacet
  facet normal -0.659321 -0.751861 0
    outer loop
      vertex 49.4716 3.67157 2.4
      vertex 49.865 3.32659 15.8
      vertex 49.4716 3.67157 15.8
    endloop
  endfacet
  facet normal -0.659321 -0.751861 -0
    outer loop
      vertex 49.865 3.32659 15.8
      vertex 49.4716 3.67157 2.4
      vertex 49.865 3.32659 2.4
    endloop
  endfacet
  facet normal -0.896887 -0.44226 0
    outer loop
      vertex 48.8359 4.5 2.4
      vertex 48.6045 4.96927 15.8
      vertex 48.6045 4.96927 2.4
    endloop
  endfacet
  facet normal -0.896887 -0.44226 0
    outer loop
      vertex 48.6045 4.96927 15.8
      vertex 48.8359 4.5 2.4
      vertex 48.8359 4.5 15.8
    endloop
  endfacet
  facet normal 0 0 1
    outer loop
      vertex 53.65 6.5 15.8
      vertex 56.3 6.5 15.8
      vertex 56.2658 7.0221 15.8
    endloop
  endfacet
  facet normal 0 0 1
    outer loop
      vertex 53.6385 6.67621 15.8
      vertex 56.2658 7.0221 15.8
      vertex 56.1637 7.53528 15.8
    endloop
  endfacet
  facet normal 0 0 1
    outer loop
      vertex 56.3 6.5 15.8
      vertex 53.65 6.5 15.8
      vertex 56.2658 5.97789 15.8
    endloop
  endfacet
  facet normal 0 0 1
    outer loop
      vertex 53.604 6.84941 15.8
      vertex 56.1637 7.53528 15.8
      vertex 55.9955 8.03073 15.8
    endloop
  endfacet
  facet normal -0 0 1
    outer loop
      vertex 53.6385 6.32379 15.8
      vertex 56.2658 5.97789 15.8
      vertex 53.65 6.5 15.8
    endloop
  endfacet
  facet normal 0 0 1
    outer loop
      vertex 53.5472 7.01662 15.8
      vertex 55.9955 8.03073 15.8
      vertex 55.7641 8.5 15.8
    endloop
  endfacet
  facet normal 0 0 1
    outer loop
      vertex 56.2658 5.97789 15.8
      vertex 53.6385 6.32379 15.8
      vertex 56.1637 5.46472 15.8
    endloop
  endfacet
  facet normal 0 0 1
    outer loop
      vertex 53.4691 7.175 15.8
      vertex 55.7641 8.5 15.8
      vertex 55.4734 8.93505 15.8
    endloop
  endfacet
  facet normal -0 0 1
    outer loop
      vertex 53.604 6.15059 15.8
      vertex 56.1637 5.46472 15.8
      vertex 53.6385 6.32379 15.8
    endloop
  endfacet
  facet normal 0 0 1
    outer loop
      vertex 53.371 7.32183 15.8
      vertex 55.4734 8.93505 15.8
      vertex 55.1284 9.32843 15.8
    endloop
  endfacet
  facet normal 0 0 1
    outer loop
      vertex 56.1637 5.46472 15.8
      vertex 53.604 6.15059 15.8
      vertex 55.9955 4.96927 15.8
    endloop
  endfacet
  facet normal 0 0 1
    outer loop
      vertex 53.2546 7.45459 15.8
      vertex 55.1284 9.32843 15.8
      vertex 54.735 9.67341 15.8
    endloop
  endfacet
  facet normal -0 0 1
    outer loop
      vertex 53.5472 5.98338 15.8
      vertex 55.9955 4.96927 15.8
      vertex 53.604 6.15059 15.8
    endloop
  endfacet
  facet normal 0 0 1
    outer loop
      vertex 53.1218 7.57103 15.8
      vertex 54.735 9.67341 15.8
      vertex 54.3 9.9641 15.8
    endloop
  endfacet
  facet normal 0 0 1
    outer loop
      vertex 55.9955 4.96927 15.8
      vertex 53.5472 5.98338 15.8
      vertex 55.7641 4.5 15.8
    endloop
  endfacet
  facet normal 0 0 1
    outer loop
      vertex 52.975 7.66913 15.8
      vertex 54.3 9.9641 15.8
      vertex 53.8307 10.1955 15.8
    endloop
  endfacet
  facet normal -0 0 1
    outer loop
      vertex 53.4691 5.825 15.8
      vertex 55.7641 4.5 15.8
      vertex 53.5472 5.98338 15.8
    endloop
  endfacet
  facet normal 0 0 1
    outer loop
      vertex 55.7641 4.5 15.8
      vertex 53.4691 5.825 15.8
      vertex 55.4734 4.06495 15.8
    endloop
  endfacet
  facet normal 0 0 1
    outer loop
      vertex 56.2658 7.0221 15.8
      vertex 53.6385 6.67621 15.8
      vertex 53.65 6.5 15.8
    endloop
  endfacet
  facet normal 0 0 1
    outer loop
      vertex 56.1637 7.53528 15.8
      vertex 53.604 6.84941 15.8
      vertex 53.6385 6.67621 15.8
    endloop
  endfacet
  facet normal 0 0 1
    outer loop
      vertex 55.9955 8.03073 15.8
      vertex 53.5472 7.01662 15.8
      vertex 53.604 6.84941 15.8
    endloop
  endfacet
  facet normal 0 0 1
    outer loop
      vertex 55.7641 8.5 15.8
      vertex 53.4691 7.175 15.8
      vertex 53.5472 7.01662 15.8
    endloop
  endfacet
  facet normal 0 0 1
    outer loop
      vertex 55.4734 8.93505 15.8
      vertex 53.371 7.32183 15.8
      vertex 53.4691 7.175 15.8
    endloop
  endfacet
  facet normal 0 0 1
    outer loop
      vertex 52.8166 7.74724 15.8
      vertex 53.8307 10.1955 15.8
      vertex 53.3353 10.3637 15.8
    endloop
  endfacet
  facet normal 0 0 1
    outer loop
      vertex 55.1284 9.32843 15.8
      vertex 53.2546 7.45459 15.8
      vertex 53.371 7.32183 15.8
    endloop
  endfacet
  facet normal 0 0 1
    outer loop
      vertex 54.735 9.67341 15.8
      vertex 53.1218 7.57103 15.8
      vertex 53.2546 7.45459 15.8
    endloop
  endfacet
  facet normal 0 0 1
    outer loop
      vertex 54.3 9.9641 15.8
      vertex 52.975 7.66913 15.8
      vertex 53.1218 7.57103 15.8
    endloop
  endfacet
  facet normal 0 0 1
    outer loop
      vertex 52.6494 7.804 15.8
      vertex 53.3353 10.3637 15.8
      vertex 52.8221 10.4658 15.8
    endloop
  endfacet
  facet normal 0 0 1
    outer loop
      vertex 53.8307 10.1955 15.8
      vertex 52.8166 7.74724 15.8
      vertex 52.975 7.66913 15.8
    endloop
  endfacet
  facet normal 0 0 1
    outer loop
      vertex 53.3353 10.3637 15.8
      vertex 52.6494 7.804 15.8
      vertex 52.8166 7.74724 15.8
    endloop
  endfacet
  facet normal 0 0 1
    outer loop
      vertex 52.8221 10.4658 15.8
      vertex 52.4762 7.83845 15.8
      vertex 52.6494 7.804 15.8
    endloop
  endfacet
  facet normal 0 0 1
    outer loop
      vertex 52.3 10.5 15.8
      vertex 52.4762 7.83845 15.8
      vertex 52.8221 10.4658 15.8
    endloop
  endfacet
  facet normal 0 0 1
    outer loop
      vertex 52.3 10.5 15.8
      vertex 52.3 7.85 15.8
      vertex 52.4762 7.83845 15.8
    endloop
  endfacet
  facet normal 0 0 1
    outer loop
      vertex 52.3 10.5 15.8
      vertex 52.1238 7.83845 15.8
      vertex 52.3 7.85 15.8
    endloop
  endfacet
  facet normal -0 0 1
    outer loop
      vertex 51.7779 10.4658 15.8
      vertex 52.1238 7.83845 15.8
      vertex 52.3 10.5 15.8
    endloop
  endfacet
  facet normal 0 0 1
    outer loop
      vertex 52.1238 7.83845 15.8
      vertex 51.7779 10.4658 15.8
      vertex 51.9506 7.804 15.8
    endloop
  endfacet
  facet normal -0 0 1
    outer loop
      vertex 51.2647 10.3637 15.8
      vertex 51.9506 7.804 15.8
      vertex 51.7779 10.4658 15.8
    endloop
  endfacet
  facet normal 0 0 1
    outer loop
      vertex 51.9506 7.804 15.8
      vertex 51.2647 10.3637 15.8
      vertex 51.7834 7.74724 15.8
    endloop
  endfacet
  facet normal -0 0 1
    outer loop
      vertex 50.7693 10.1955 15.8
      vertex 51.7834 7.74724 15.8
      vertex 51.2647 10.3637 15.8
    endloop
  endfacet
  facet normal 0 0 1
    outer loop
      vertex 51.7834 7.74724 15.8
      vertex 50.7693 10.1955 15.8
      vertex 51.625 7.66913 15.8
    endloop
  endfacet
  facet normal -0 0 1
    outer loop
      vertex 50.3 9.9641 15.8
      vertex 51.625 7.66913 15.8
      vertex 50.7693 10.1955 15.8
    endloop
  endfacet
  facet normal 0 0 1
    outer loop
      vertex 51.625 7.66913 15.8
      vertex 50.3 9.9641 15.8
      vertex 51.4782 7.57103 15.8
    endloop
  endfacet
  facet normal -0 0 1
    outer loop
      vertex 49.865 9.67341 15.8
      vertex 51.4782 7.57103 15.8
      vertex 50.3 9.9641 15.8
    endloop
  endfacet
  facet normal 0 0 1
    outer loop
      vertex 51.4782 7.57103 15.8
      vertex 49.865 9.67341 15.8
      vertex 51.3454 7.45459 15.8
    endloop
  endfacet
  facet normal -0 0 1
    outer loop
      vertex 49.4716 9.32843 15.8
      vertex 51.3454 7.45459 15.8
      vertex 49.865 9.67341 15.8
    endloop
  endfacet
  facet normal 0 0 1
    outer loop
      vertex 51.3454 7.45459 15.8
      vertex 49.4716 9.32843 15.8
      vertex 51.229 7.32183 15.8
    endloop
  endfacet
  facet normal 0 0 1
    outer loop
      vertex 51.229 7.32183 15.8
      vertex 49.1266 8.93505 15.8
      vertex 51.1309 7.175 15.8
    endloop
  endfacet
  facet normal -0 0 1
    outer loop
      vertex 49.1266 8.93505 15.8
      vertex 51.229 7.32183 15.8
      vertex 49.4716 9.32843 15.8
    endloop
  endfacet
  facet normal -0 0 1
    outer loop
      vertex 53.371 5.67817 15.8
      vertex 55.4734 4.06495 15.8
      vertex 53.4691 5.825 15.8
    endloop
  endfacet
  facet normal 0 0 1
    outer loop
      vertex 55.4734 4.06495 15.8
      vertex 53.371 5.67817 15.8
      vertex 55.1284 3.67157 15.8
    endloop
  endfacet
  facet normal -0 0 1
    outer loop
      vertex 53.2546 5.54541 15.8
      vertex 55.1284 3.67157 15.8
      vertex 53.371 5.67817 15.8
    endloop
  endfacet
  facet normal 0 0 1
    outer loop
      vertex 55.1284 3.67157 15.8
      vertex 53.2546 5.54541 15.8
      vertex 54.735 3.32659 15.8
    endloop
  endfacet
  facet normal -0 0 1
    outer loop
      vertex 53.1218 5.42897 15.8
      vertex 54.735 3.32659 15.8
      vertex 53.2546 5.54541 15.8
    endloop
  endfacet
  facet normal 0 0 1
    outer loop
      vertex 54.735 3.32659 15.8
      vertex 53.1218 5.42897 15.8
      vertex 54.3 3.0359 15.8
    endloop
  endfacet
  facet normal -0 0 1
    outer loop
      vertex 52.975 5.33086 15.8
      vertex 54.3 3.0359 15.8
      vertex 53.1218 5.42897 15.8
    endloop
  endfacet
  facet normal 0 0 1
    outer loop
      vertex 54.3 3.0359 15.8
      vertex 52.975 5.33086 15.8
      vertex 53.8307 2.80448 15.8
    endloop
  endfacet
  facet normal -0 0 1
    outer loop
      vertex 52.8166 5.25276 15.8
      vertex 53.8307 2.80448 15.8
      vertex 52.975 5.33086 15.8
    endloop
  endfacet
  facet normal 0 0 1
    outer loop
      vertex 53.8307 2.80448 15.8
      vertex 52.8166 5.25276 15.8
      vertex 53.3353 2.6363 15.8
    endloop
  endfacet
  facet normal -0 0 1
    outer loop
      vertex 52.6494 5.196 15.8
      vertex 53.3353 2.6363 15.8
      vertex 52.8166 5.25276 15.8
    endloop
  endfacet
  facet normal 0 0 1
    outer loop
      vertex 53.3353 2.6363 15.8
      vertex 52.6494 5.196 15.8
      vertex 52.8221 2.53422 15.8
    endloop
  endfacet
  facet normal -0 0 1
    outer loop
      vertex 52.4762 5.16155 15.8
      vertex 52.8221 2.53422 15.8
      vertex 52.6494 5.196 15.8
    endloop
  endfacet
  facet normal -0 0 1
    outer loop
      vertex 52.3 5.15 15.8
      vertex 52.8221 2.53422 15.8
      vertex 52.4762 5.16155 15.8
    endloop
  endfacet
  facet normal 0 0 1
    outer loop
      vertex 52.3 5.15 15.8
      vertex 52.3 2.5 15.8
      vertex 52.8221 2.53422 15.8
    endloop
  endfacet
  facet normal 0 0 1
    outer loop
      vertex 52.1238 5.16155 15.8
      vertex 52.3 2.5 15.8
      vertex 52.3 5.15 15.8
    endloop
  endfacet
  facet normal 0 0 1
    outer loop
      vertex 51.7779 2.53422 15.8
      vertex 52.1238 5.16155 15.8
      vertex 51.9506 5.196 15.8
    endloop
  endfacet
  facet normal 0 0 1
    outer loop
      vertex 51.2647 2.6363 15.8
      vertex 51.9506 5.196 15.8
      vertex 51.7834 5.25276 15.8
    endloop
  endfacet
  facet normal 0 0 1
    outer loop
      vertex 52.1238 5.16155 15.8
      vertex 51.7779 2.53422 15.8
      vertex 52.3 2.5 15.8
    endloop
  endfacet
  facet normal 0 0 1
    outer loop
      vertex 50.7693 2.80448 15.8
      vertex 51.7834 5.25276 15.8
      vertex 51.625 5.33086 15.8
    endloop
  endfacet
  facet normal 0 0 1
    outer loop
      vertex 50.3 3.0359 15.8
      vertex 51.625 5.33086 15.8
      vertex 51.4782 5.42897 15.8
    endloop
  endfacet
  facet normal 0 0 1
    outer loop
      vertex 49.865 3.32659 15.8
      vertex 51.4782 5.42897 15.8
      vertex 51.3454 5.54541 15.8
    endloop
  endfacet
  facet normal 0 0 1
    outer loop
      vertex 51.9506 5.196 15.8
      vertex 51.2647 2.6363 15.8
      vertex 51.7779 2.53422 15.8
    endloop
  endfacet
  facet normal 0 0 1
    outer loop
      vertex 49.4716 3.67157 15.8
      vertex 51.3454 5.54541 15.8
      vertex 51.229 5.67817 15.8
    endloop
  endfacet
  facet normal 0 0 1
    outer loop
      vertex 49.1266 4.06495 15.8
      vertex 51.229 5.67817 15.8
      vertex 51.1309 5.825 15.8
    endloop
  endfacet
  facet normal 0 0 1
    outer loop
      vertex 48.8359 4.5 15.8
      vertex 51.1309 5.825 15.8
      vertex 51.0528 5.98338 15.8
    endloop
  endfacet
  facet normal 0 0 1
    outer loop
      vertex 48.6045 4.96927 15.8
      vertex 51.0528 5.98338 15.8
      vertex 50.996 6.15059 15.8
    endloop
  endfacet
  facet normal 0 0 1
    outer loop
      vertex 48.4363 5.46472 15.8
      vertex 50.996 6.15059 15.8
      vertex 50.9615 6.32379 15.8
    endloop
  endfacet
  facet normal 0 0 1
    outer loop
      vertex 51.7834 5.25276 15.8
      vertex 50.7693 2.80448 15.8
      vertex 51.2647 2.6363 15.8
    endloop
  endfacet
  facet normal 0 0 1
    outer loop
      vertex 48.3342 5.97789 15.8
      vertex 50.9615 6.32379 15.8
      vertex 50.95 6.5 15.8
    endloop
  endfacet
  facet normal -0 0 1
    outer loop
      vertex 48.8359 8.5 15.8
      vertex 51.1309 7.175 15.8
      vertex 49.1266 8.93505 15.8
    endloop
  endfacet
  facet normal 0 0 1
    outer loop
      vertex 51.1309 7.175 15.8
      vertex 48.8359 8.5 15.8
      vertex 51.0528 7.01662 15.8
    endloop
  endfacet
  facet normal 0 0 1
    outer loop
      vertex 51.625 5.33086 15.8
      vertex 50.3 3.0359 15.8
      vertex 50.7693 2.80448 15.8
    endloop
  endfacet
  facet normal -0 0 1
    outer loop
      vertex 48.6045 8.03073 15.8
      vertex 51.0528 7.01662 15.8
      vertex 48.8359 8.5 15.8
    endloop
  endfacet
  facet normal 0 0 1
    outer loop
      vertex 51.4782 5.42897 15.8
      vertex 49.865 3.32659 15.8
      vertex 50.3 3.0359 15.8
    endloop
  endfacet
  facet normal 0 0 1
    outer loop
      vertex 51.0528 7.01662 15.8
      vertex 48.6045 8.03073 15.8
      vertex 50.996 6.84941 15.8
    endloop
  endfacet
  facet normal 0 0 1
    outer loop
      vertex 51.3454 5.54541 15.8
      vertex 49.4716 3.67157 15.8
      vertex 49.865 3.32659 15.8
    endloop
  endfacet
  facet normal -0 0 1
    outer loop
      vertex 48.4363 7.53528 15.8
      vertex 50.996 6.84941 15.8
      vertex 48.6045 8.03073 15.8
    endloop
  endfacet
  facet normal 0 0 1
    outer loop
      vertex 51.229 5.67817 15.8
      vertex 49.1266 4.06495 15.8
      vertex 49.4716 3.67157 15.8
    endloop
  endfacet
  facet normal 0 0 1
    outer loop
      vertex 50.996 6.84941 15.8
      vertex 48.4363 7.53528 15.8
      vertex 50.9615 6.67621 15.8
    endloop
  endfacet
  facet normal 0 0 1
    outer loop
      vertex 51.1309 5.825 15.8
      vertex 48.8359 4.5 15.8
      vertex 49.1266 4.06495 15.8
    endloop
  endfacet
  facet normal -0 0 1
    outer loop
      vertex 48.3342 7.0221 15.8
      vertex 50.9615 6.67621 15.8
      vertex 48.4363 7.53528 15.8
    endloop
  endfacet
  facet normal 0 0 1
    outer loop
      vertex 51.0528 5.98338 15.8
      vertex 48.6045 4.96927 15.8
      vertex 48.8359 4.5 15.8
    endloop
  endfacet
  facet normal 0 0 1
    outer loop
      vertex 50.9615 6.67621 15.8
      vertex 48.3342 7.0221 15.8
      vertex 50.95 6.5 15.8
    endloop
  endfacet
  facet normal 0 0 1
    outer loop
      vertex 50.996 6.15059 15.8
      vertex 48.4363 5.46472 15.8
      vertex 48.6045 4.96927 15.8
    endloop
  endfacet
  facet normal 0 0 1
    outer loop
      vertex 48.3 6.5 15.8
      vertex 50.95 6.5 15.8
      vertex 48.3342 7.0221 15.8
    endloop
  endfacet
  facet normal 0 0 1
    outer loop
      vertex 50.9615 6.32379 15.8
      vertex 48.3342 5.97789 15.8
      vertex 48.4363 5.46472 15.8
    endloop
  endfacet
  facet normal 0 0 1
    outer loop
      vertex 50.95 6.5 15.8
      vertex 48.3 6.5 15.8
      vertex 48.3342 5.97789 15.8
    endloop
  endfacet
  facet normal 0.997862 -0.0653634 0
    outer loop
      vertex 56.2658 5.97789 15.8
      vertex 56.3 6.5 2.4
      vertex 56.3 6.5 15.8
    endloop
  endfacet
  facet normal 0.997862 -0.0653634 0
    outer loop
      vertex 56.3 6.5 2.4
      vertex 56.2658 5.97789 15.8
      vertex 56.2658 5.97789 2.4
    endloop
  endfacet
  facet normal 0.321464 -0.946922 0
    outer loop
      vertex 53.3353 2.6363 2.4
      vertex 53.8307 2.80448 15.8
      vertex 53.3353 2.6363 15.8
    endloop
  endfacet
  facet normal 0.321464 -0.946922 0
    outer loop
      vertex 53.8307 2.80448 15.8
      vertex 53.3353 2.6363 2.4
      vertex 53.8307 2.80448 2.4
    endloop
  endfacet
  facet normal 0.0654027 -0.997859 0
    outer loop
      vertex 52.3 2.5 2.4
      vertex 52.8221 2.53422 15.8
      vertex 52.3 2.5 15.8
    endloop
  endfacet
  facet normal 0.0654027 -0.997859 0
    outer loop
      vertex 52.8221 2.53422 15.8
      vertex 52.3 2.5 2.4
      vertex 52.8221 2.53422 2.4
    endloop
  endfacet
  facet normal 0.997861 0.0653771 0
    outer loop
      vertex 10.5 128.3 15.8
      vertex 10.4658 128.822 2.4
      vertex 10.4658 128.822 15.8
    endloop
  endfacet
  facet normal 0.997861 0.0653771 0
    outer loop
      vertex 10.4658 128.822 2.4
      vertex 10.5 128.3 15.8
      vertex 10.5 128.3 2.4
    endloop
  endfacet
  facet normal -0.0649827 0.997886 0
    outer loop
      vertex 6.5 132.3 2.4
      vertex 5.97789 132.266 15.8
      vertex 6.5 132.3 15.8
    endloop
  endfacet
  facet normal -0.0649827 0.997886 0
    outer loop
      vertex 5.97789 132.266 15.8
      vertex 6.5 132.3 2.4
      vertex 5.97789 132.266 2.4
    endloop
  endfacet
  facet normal 0.064984 -0.997886 0
    outer loop
      vertex 6.5 124.3 2.4
      vertex 7.0221 124.334 15.8
      vertex 6.5 124.3 15.8
    endloop
  endfacet
  facet normal 0.064984 -0.997886 0
    outer loop
      vertex 7.0221 124.334 15.8
      vertex 6.5 124.3 2.4
      vertex 7.0221 124.334 2.4
    endloop
  endfacet
  facet normal 0.659362 0.751826 -0
    outer loop
      vertex 9.32843 131.128 2.4
      vertex 8.93505 131.473 15.8
      vertex 9.32843 131.128 15.8
    endloop
  endfacet
  facet normal 0.659362 0.751826 0
    outer loop
      vertex 8.93505 131.473 15.8
      vertex 9.32843 131.128 2.4
      vertex 8.93505 131.473 2.4
    endloop
  endfacet
  facet normal -0.751529 0.659701 0
    outer loop
      vertex 3.32659 130.735 2.4
      vertex 3.67157 131.128 15.8
      vertex 3.67157 131.128 2.4
    endloop
  endfacet
  facet normal -0.751529 0.659701 0
    outer loop
      vertex 3.67157 131.128 15.8
      vertex 3.32659 130.735 2.4
      vertex 3.32659 130.735 15.8
    endloop
  endfacet
  facet normal -0.443182 0.896432 0
    outer loop
      vertex 4.96927 131.996 2.4
      vertex 4.5 131.764 15.8
      vertex 4.96927 131.996 15.8
    endloop
  endfacet
  facet normal -0.443182 0.896432 0
    outer loop
      vertex 4.5 131.764 15.8
      vertex 4.96927 131.996 2.4
      vertex 4.5 131.764 2.4
    endloop
  endfacet
  facet normal 0.896786 0.442465 0
    outer loop
      vertex 10.1955 129.831 15.8
      vertex 9.9641 130.3 2.4
      vertex 9.9641 130.3 15.8
    endloop
  endfacet
  facet normal 0.896786 0.442465 0
    outer loop
      vertex 9.9641 130.3 2.4
      vertex 10.1955 129.831 15.8
      vertex 10.1955 129.831 2.4
    endloop
  endfacet
  facet normal 0.831441 0.555613 0
    outer loop
      vertex 9.9641 130.3 15.8
      vertex 9.67341 130.735 2.4
      vertex 9.67341 130.735 15.8
    endloop
  endfacet
  facet normal 0.831441 0.555613 0
    outer loop
      vertex 9.67341 130.735 2.4
      vertex 9.9641 130.3 15.8
      vertex 9.9641 130.3 2.4
    endloop
  endfacet
  facet normal 0.321126 0.947036 -0
    outer loop
      vertex 8.03073 131.996 2.4
      vertex 7.53528 132.164 15.8
      vertex 8.03073 131.996 15.8
    endloop
  endfacet
  facet normal 0.321126 0.947036 0
    outer loop
      vertex 7.53528 132.164 15.8
      vertex 8.03073 131.996 2.4
      vertex 7.53528 132.164 2.4
    endloop
  endfacet
  facet normal 0.555978 0.831197 -0
    outer loop
      vertex 8.93505 131.473 2.4
      vertex 8.5 131.764 15.8
      vertex 8.93505 131.473 15.8
    endloop
  endfacet
  facet normal 0.555978 0.831197 0
    outer loop
      vertex 8.5 131.764 15.8
      vertex 8.93505 131.473 2.4
      vertex 8.5 131.764 2.4
    endloop
  endfacet
  facet normal -0.94704 0.321115 0
    outer loop
      vertex 2.6363 129.335 2.4
      vertex 2.80448 129.831 15.8
      vertex 2.80448 129.831 2.4
    endloop
  endfacet
  facet normal -0.94704 0.321115 0
    outer loop
      vertex 2.80448 129.831 15.8
      vertex 2.6363 129.335 2.4
      vertex 2.6363 129.335 15.8
    endloop
  endfacet
  facet normal -0.980771 0.19516 0
    outer loop
      vertex 2.53422 128.822 2.4
      vertex 2.6363 129.335 15.8
      vertex 2.6363 129.335 2.4
    endloop
  endfacet
  facet normal -0.980771 0.19516 0
    outer loop
      vertex 2.6363 129.335 15.8
      vertex 2.53422 128.822 2.4
      vertex 2.53422 128.822 15.8
    endloop
  endfacet
  facet normal -0.555978 0.831197 0
    outer loop
      vertex 4.5 131.764 2.4
      vertex 4.06495 131.473 15.8
      vertex 4.5 131.764 15.8
    endloop
  endfacet
  facet normal -0.555978 0.831197 0
    outer loop
      vertex 4.06495 131.473 15.8
      vertex 4.5 131.764 2.4
      vertex 4.06495 131.473 2.4
    endloop
  endfacet
  facet normal -0.194951 0.980813 0
    outer loop
      vertex 5.97789 132.266 2.4
      vertex 5.46472 132.164 15.8
      vertex 5.97789 132.266 15.8
    endloop
  endfacet
  facet normal -0.194951 0.980813 0
    outer loop
      vertex 5.46472 132.164 15.8
      vertex 5.97789 132.266 2.4
      vertex 5.46472 132.164 2.4
    endloop
  endfacet
  facet normal 0.980764 -0.195197 0
    outer loop
      vertex 10.3637 127.265 15.8
      vertex 10.4658 127.778 2.4
      vertex 10.4658 127.778 15.8
    endloop
  endfacet
  facet normal 0.980764 -0.195197 0
    outer loop
      vertex 10.4658 127.778 2.4
      vertex 10.3637 127.265 15.8
      vertex 10.3637 127.265 2.4
    endloop
  endfacet
  facet normal 0.194947 -0.980814 0
    outer loop
      vertex 7.0221 124.334 2.4
      vertex 7.53528 124.436 15.8
      vertex 7.0221 124.334 15.8
    endloop
  endfacet
  facet normal 0.194947 -0.980814 0
    outer loop
      vertex 7.53528 124.436 15.8
      vertex 7.0221 124.334 2.4
      vertex 7.53528 124.436 2.4
    endloop
  endfacet
  facet normal 0.947028 0.32115 0
    outer loop
      vertex 10.3637 129.335 15.8
      vertex 10.1955 129.831 2.4
      vertex 10.1955 129.831 15.8
    endloop
  endfacet
  facet normal 0.947028 0.32115 0
    outer loop
      vertex 10.1955 129.831 2.4
      vertex 10.3637 129.335 15.8
      vertex 10.3637 129.335 2.4
    endloop
  endfacet
  facet normal 0.980764 0.195197 0
    outer loop
      vertex 10.4658 128.822 15.8
      vertex 10.3637 129.335 2.4
      vertex 10.3637 129.335 15.8
    endloop
  endfacet
  facet normal 0.980764 0.195197 0
    outer loop
      vertex 10.3637 129.335 2.4
      vertex 10.4658 128.822 15.8
      vertex 10.4658 128.822 2.4
    endloop
  endfacet
  facet normal 0.751529 0.659701 0
    outer loop
      vertex 9.67341 130.735 15.8
      vertex 9.32843 131.128 2.4
      vertex 9.32843 131.128 15.8
    endloop
  endfacet
  facet normal 0.751529 0.659701 0
    outer loop
      vertex 9.32843 131.128 2.4
      vertex 9.67341 130.735 15.8
      vertex 9.67341 130.735 2.4
    endloop
  endfacet
  facet normal 0.194947 0.980814 -0
    outer loop
      vertex 7.53528 132.164 2.4
      vertex 7.0221 132.266 15.8
      vertex 7.53528 132.164 15.8
    endloop
  endfacet
  facet normal 0.194947 0.980814 0
    outer loop
      vertex 7.0221 132.266 15.8
      vertex 7.53528 132.164 2.4
      vertex 7.0221 132.266 2.4
    endloop
  endfacet
  facet normal 0.064984 0.997886 -0
    outer loop
      vertex 7.0221 132.266 2.4
      vertex 6.5 132.3 15.8
      vertex 7.0221 132.266 15.8
    endloop
  endfacet
  facet normal 0.064984 0.997886 0
    outer loop
      vertex 6.5 132.3 15.8
      vertex 7.0221 132.266 2.4
      vertex 6.5 132.3 2.4
    endloop
  endfacet
  facet normal 0.443182 0.896432 -0
    outer loop
      vertex 8.5 131.764 2.4
      vertex 8.03073 131.996 15.8
      vertex 8.5 131.764 15.8
    endloop
  endfacet
  facet normal 0.443182 0.896432 0
    outer loop
      vertex 8.03073 131.996 15.8
      vertex 8.5 131.764 2.4
      vertex 8.03073 131.996 2.4
    endloop
  endfacet
  facet normal -0.89677 0.442496 0
    outer loop
      vertex 2.80448 129.831 2.4
      vertex 3.0359 130.3 15.8
      vertex 3.0359 130.3 2.4
    endloop
  endfacet
  facet normal -0.89677 0.442496 0
    outer loop
      vertex 3.0359 130.3 15.8
      vertex 2.80448 129.831 2.4
      vertex 2.80448 129.831 15.8
    endloop
  endfacet
  facet normal -0.831441 0.555613 0
    outer loop
      vertex 3.0359 130.3 2.4
      vertex 3.32659 130.735 15.8
      vertex 3.32659 130.735 2.4
    endloop
  endfacet
  facet normal -0.831441 0.555613 0
    outer loop
      vertex 3.32659 130.735 15.8
      vertex 3.0359 130.3 2.4
      vertex 3.0359 130.3 15.8
    endloop
  endfacet
  facet normal -0.997858 0.0654151 0
    outer loop
      vertex 2.5 128.3 2.4
      vertex 2.53422 128.822 15.8
      vertex 2.53422 128.822 2.4
    endloop
  endfacet
  facet normal -0.997858 0.0654151 0
    outer loop
      vertex 2.53422 128.822 15.8
      vertex 2.5 128.3 2.4
      vertex 2.5 128.3 15.8
    endloop
  endfacet
  facet normal 0 0 1
    outer loop
      vertex 7.85 128.3 15.8
      vertex 10.5 128.3 15.8
      vertex 10.4658 128.822 15.8
    endloop
  endfacet
  facet normal 0 0 1
    outer loop
      vertex 7.83845 128.476 15.8
      vertex 10.4658 128.822 15.8
      vertex 10.3637 129.335 15.8
    endloop
  endfacet
  facet normal 0 0 1
    outer loop
      vertex 10.5 128.3 15.8
      vertex 7.85 128.3 15.8
      vertex 10.4658 127.778 15.8
    endloop
  endfacet
  facet normal 0 0 1
    outer loop
      vertex 7.804 128.649 15.8
      vertex 10.3637 129.335 15.8
      vertex 10.1955 129.831 15.8
    endloop
  endfacet
  facet normal -0 0 1
    outer loop
      vertex 7.83845 128.124 15.8
      vertex 10.4658 127.778 15.8
      vertex 7.85 128.3 15.8
    endloop
  endfacet
  facet normal 0 0 1
    outer loop
      vertex 7.74724 128.817 15.8
      vertex 10.1955 129.831 15.8
      vertex 9.9641 130.3 15.8
    endloop
  endfacet
  facet normal 0 0 1
    outer loop
      vertex 10.4658 127.778 15.8
      vertex 7.83845 128.124 15.8
      vertex 10.3637 127.265 15.8
    endloop
  endfacet
  facet normal 0 0 1
    outer loop
      vertex 7.66913 128.975 15.8
      vertex 9.9641 130.3 15.8
      vertex 9.67341 130.735 15.8
    endloop
  endfacet
  facet normal -0 0 1
    outer loop
      vertex 7.804 127.951 15.8
      vertex 10.3637 127.265 15.8
      vertex 7.83845 128.124 15.8
    endloop
  endfacet
  facet normal 0 0 1
    outer loop
      vertex 7.57103 129.122 15.8
      vertex 9.67341 130.735 15.8
      vertex 9.32843 131.128 15.8
    endloop
  endfacet
  facet normal 0 0 1
    outer loop
      vertex 10.3637 127.265 15.8
      vertex 7.804 127.951 15.8
      vertex 10.1955 126.769 15.8
    endloop
  endfacet
  facet normal 0 0 1
    outer loop
      vertex 7.45459 129.255 15.8
      vertex 9.32843 131.128 15.8
      vertex 8.93505 131.473 15.8
    endloop
  endfacet
  facet normal -0 0 1
    outer loop
      vertex 7.74724 127.783 15.8
      vertex 10.1955 126.769 15.8
      vertex 7.804 127.951 15.8
    endloop
  endfacet
  facet normal 0 0 1
    outer loop
      vertex 7.32183 129.371 15.8
      vertex 8.93505 131.473 15.8
      vertex 8.5 131.764 15.8
    endloop
  endfacet
  facet normal 0 0 1
    outer loop
      vertex 10.1955 126.769 15.8
      vertex 7.74724 127.783 15.8
      vertex 9.9641 126.3 15.8
    endloop
  endfacet
  facet normal 0 0 1
    outer loop
      vertex 7.175 129.469 15.8
      vertex 8.5 131.764 15.8
      vertex 8.03073 131.996 15.8
    endloop
  endfacet
  facet normal -0 0 1
    outer loop
      vertex 7.66913 127.625 15.8
      vertex 9.9641 126.3 15.8
      vertex 7.74724 127.783 15.8
    endloop
  endfacet
  facet normal 0 0 1
    outer loop
      vertex 9.9641 126.3 15.8
      vertex 7.66913 127.625 15.8
      vertex 9.67341 125.865 15.8
    endloop
  endfacet
  facet normal 0 0 1
    outer loop
      vertex 10.4658 128.822 15.8
      vertex 7.83845 128.476 15.8
      vertex 7.85 128.3 15.8
    endloop
  endfacet
  facet normal 0 0 1
    outer loop
      vertex 10.3637 129.335 15.8
      vertex 7.804 128.649 15.8
      vertex 7.83845 128.476 15.8
    endloop
  endfacet
  facet normal 0 0 1
    outer loop
      vertex 10.1955 129.831 15.8
      vertex 7.74724 128.817 15.8
      vertex 7.804 128.649 15.8
    endloop
  endfacet
  facet normal 0 0 1
    outer loop
      vertex 9.9641 130.3 15.8
      vertex 7.66913 128.975 15.8
      vertex 7.74724 128.817 15.8
    endloop
  endfacet
  facet normal 0 0 1
    outer loop
      vertex 9.67341 130.735 15.8
      vertex 7.57103 129.122 15.8
      vertex 7.66913 128.975 15.8
    endloop
  endfacet
  facet normal 0 0 1
    outer loop
      vertex 7.01662 129.547 15.8
      vertex 8.03073 131.996 15.8
      vertex 7.53528 132.164 15.8
    endloop
  endfacet
  facet normal 0 0 1
    outer loop
      vertex 9.32843 131.128 15.8
      vertex 7.45459 129.255 15.8
      vertex 7.57103 129.122 15.8
    endloop
  endfacet
  facet normal 0 0 1
    outer loop
      vertex 8.93505 131.473 15.8
      vertex 7.32183 129.371 15.8
      vertex 7.45459 129.255 15.8
    endloop
  endfacet
  facet normal 0 0 1
    outer loop
      vertex 8.5 131.764 15.8
      vertex 7.175 129.469 15.8
      vertex 7.32183 129.371 15.8
    endloop
  endfacet
  facet normal 0 0 1
    outer loop
      vertex 6.84941 129.604 15.8
      vertex 7.53528 132.164 15.8
      vertex 7.0221 132.266 15.8
    endloop
  endfacet
  facet normal 0 0 1
    outer loop
      vertex 8.03073 131.996 15.8
      vertex 7.01662 129.547 15.8
      vertex 7.175 129.469 15.8
    endloop
  endfacet
  facet normal 0 0 1
    outer loop
      vertex 7.53528 132.164 15.8
      vertex 6.84941 129.604 15.8
      vertex 7.01662 129.547 15.8
    endloop
  endfacet
  facet normal 0 0 1
    outer loop
      vertex 7.0221 132.266 15.8
      vertex 6.67621 129.638 15.8
      vertex 6.84941 129.604 15.8
    endloop
  endfacet
  facet normal 0 0 1
    outer loop
      vertex 6.5 132.3 15.8
      vertex 6.67621 129.638 15.8
      vertex 7.0221 132.266 15.8
    endloop
  endfacet
  facet normal 0 0 1
    outer loop
      vertex 6.5 132.3 15.8
      vertex 6.5 129.65 15.8
      vertex 6.67621 129.638 15.8
    endloop
  endfacet
  facet normal 0 0 1
    outer loop
      vertex 6.5 132.3 15.8
      vertex 6.32379 129.638 15.8
      vertex 6.5 129.65 15.8
    endloop
  endfacet
  facet normal -0 0 1
    outer loop
      vertex 5.97789 132.266 15.8
      vertex 6.32379 129.638 15.8
      vertex 6.5 132.3 15.8
    endloop
  endfacet
  facet normal 0 0 1
    outer loop
      vertex 6.32379 129.638 15.8
      vertex 5.97789 132.266 15.8
      vertex 6.15059 129.604 15.8
    endloop
  endfacet
  facet normal -0 0 1
    outer loop
      vertex 5.46472 132.164 15.8
      vertex 6.15059 129.604 15.8
      vertex 5.97789 132.266 15.8
    endloop
  endfacet
  facet normal 0 0 1
    outer loop
      vertex 6.15059 129.604 15.8
      vertex 5.46472 132.164 15.8
      vertex 5.98338 129.547 15.8
    endloop
  endfacet
  facet normal -0 0 1
    outer loop
      vertex 4.96927 131.996 15.8
      vertex 5.98338 129.547 15.8
      vertex 5.46472 132.164 15.8
    endloop
  endfacet
  facet normal 0 0 1
    outer loop
      vertex 5.98338 129.547 15.8
      vertex 4.96927 131.996 15.8
      vertex 5.825 129.469 15.8
    endloop
  endfacet
  facet normal -0 0 1
    outer loop
      vertex 4.5 131.764 15.8
      vertex 5.825 129.469 15.8
      vertex 4.96927 131.996 15.8
    endloop
  endfacet
  facet normal 0 0 1
    outer loop
      vertex 5.825 129.469 15.8
      vertex 4.5 131.764 15.8
      vertex 5.67817 129.371 15.8
    endloop
  endfacet
  facet normal -0 0 1
    outer loop
      vertex 4.06495 131.473 15.8
      vertex 5.67817 129.371 15.8
      vertex 4.5 131.764 15.8
    endloop
  endfacet
  facet normal 0 0 1
    outer loop
      vertex 5.67817 129.371 15.8
      vertex 4.06495 131.473 15.8
      vertex 5.54541 129.255 15.8
    endloop
  endfacet
  facet normal -0 0 1
    outer loop
      vertex 3.67157 131.128 15.8
      vertex 5.54541 129.255 15.8
      vertex 4.06495 131.473 15.8
    endloop
  endfacet
  facet normal 0 0 1
    outer loop
      vertex 5.54541 129.255 15.8
      vertex 3.67157 131.128 15.8
      vertex 5.42897 129.122 15.8
    endloop
  endfacet
  facet normal 0 0 1
    outer loop
      vertex 5.42897 129.122 15.8
      vertex 3.32659 130.735 15.8
      vertex 5.33086 128.975 15.8
    endloop
  endfacet
  facet normal -0 0 1
    outer loop
      vertex 3.32659 130.735 15.8
      vertex 5.42897 129.122 15.8
      vertex 3.67157 131.128 15.8
    endloop
  endfacet
  facet normal -0 0 1
    outer loop
      vertex 7.57103 127.478 15.8
      vertex 9.67341 125.865 15.8
      vertex 7.66913 127.625 15.8
    endloop
  endfacet
  facet normal 0 0 1
    outer loop
      vertex 9.67341 125.865 15.8
      vertex 7.57103 127.478 15.8
      vertex 9.32843 125.472 15.8
    endloop
  endfacet
  facet normal -0 0 1
    outer loop
      vertex 7.45459 127.345 15.8
      vertex 9.32843 125.472 15.8
      vertex 7.57103 127.478 15.8
    endloop
  endfacet
  facet normal 0 0 1
    outer loop
      vertex 9.32843 125.472 15.8
      vertex 7.45459 127.345 15.8
      vertex 8.93505 125.127 15.8
    endloop
  endfacet
  facet normal -0 0 1
    outer loop
      vertex 7.32183 127.229 15.8
      vertex 8.93505 125.127 15.8
      vertex 7.45459 127.345 15.8
    endloop
  endfacet
  facet normal 0 0 1
    outer loop
      vertex 8.93505 125.127 15.8
      vertex 7.32183 127.229 15.8
      vertex 8.5 124.836 15.8
    endloop
  endfacet
  facet normal -0 0 1
    outer loop
      vertex 7.175 127.131 15.8
      vertex 8.5 124.836 15.8
      vertex 7.32183 127.229 15.8
    endloop
  endfacet
  facet normal 0 0 1
    outer loop
      vertex 8.5 124.836 15.8
      vertex 7.175 127.131 15.8
      vertex 8.03073 124.604 15.8
    endloop
  endfacet
  facet normal -0 0 1
    outer loop
      vertex 7.01662 127.053 15.8
      vertex 8.03073 124.604 15.8
      vertex 7.175 127.131 15.8
    endloop
  endfacet
  facet normal 0 0 1
    outer loop
      vertex 8.03073 124.604 15.8
      vertex 7.01662 127.053 15.8
      vertex 7.53528 124.436 15.8
    endloop
  endfacet
  facet normal -0 0 1
    outer loop
      vertex 6.84941 126.996 15.8
      vertex 7.53528 124.436 15.8
      vertex 7.01662 127.053 15.8
    endloop
  endfacet
  facet normal 0 0 1
    outer loop
      vertex 7.53528 124.436 15.8
      vertex 6.84941 126.996 15.8
      vertex 7.0221 124.334 15.8
    endloop
  endfacet
  facet normal -0 0 1
    outer loop
      vertex 6.67621 126.962 15.8
      vertex 7.0221 124.334 15.8
      vertex 6.84941 126.996 15.8
    endloop
  endfacet
  facet normal -0 0 1
    outer loop
      vertex 6.5 126.95 15.8
      vertex 7.0221 124.334 15.8
      vertex 6.67621 126.962 15.8
    endloop
  endfacet
  facet normal 0 0 1
    outer loop
      vertex 6.5 126.95 15.8
      vertex 6.5 124.3 15.8
      vertex 7.0221 124.334 15.8
    endloop
  endfacet
  facet normal 0 0 1
    outer loop
      vertex 6.32379 126.962 15.8
      vertex 6.5 124.3 15.8
      vertex 6.5 126.95 15.8
    endloop
  endfacet
  facet normal 0 0 1
    outer loop
      vertex 5.97789 124.334 15.8
      vertex 6.32379 126.962 15.8
      vertex 6.15059 126.996 15.8
    endloop
  endfacet
  facet normal 0 0 1
    outer loop
      vertex 5.46472 124.436 15.8
      vertex 6.15059 126.996 15.8
      vertex 5.98338 127.053 15.8
    endloop
  endfacet
  facet normal 0 0 1
    outer loop
      vertex 6.32379 126.962 15.8
      vertex 5.97789 124.334 15.8
      vertex 6.5 124.3 15.8
    endloop
  endfacet
  facet normal 0 0 1
    outer loop
      vertex 4.96927 124.604 15.8
      vertex 5.98338 127.053 15.8
      vertex 5.825 127.131 15.8
    endloop
  endfacet
  facet normal 0 0 1
    outer loop
      vertex 4.5 124.836 15.8
      vertex 5.825 127.131 15.8
      vertex 5.67817 127.229 15.8
    endloop
  endfacet
  facet normal 0 0 1
    outer loop
      vertex 4.06495 125.127 15.8
      vertex 5.67817 127.229 15.8
      vertex 5.54541 127.345 15.8
    endloop
  endfacet
  facet normal 0 0 1
    outer loop
      vertex 6.15059 126.996 15.8
      vertex 5.46472 124.436 15.8
      vertex 5.97789 124.334 15.8
    endloop
  endfacet
  facet normal 0 0 1
    outer loop
      vertex 3.67157 125.472 15.8
      vertex 5.54541 127.345 15.8
      vertex 5.42897 127.478 15.8
    endloop
  endfacet
  facet normal 0 0 1
    outer loop
      vertex 3.32659 125.865 15.8
      vertex 5.42897 127.478 15.8
      vertex 5.33086 127.625 15.8
    endloop
  endfacet
  facet normal 0 0 1
    outer loop
      vertex 3.0359 126.3 15.8
      vertex 5.33086 127.625 15.8
      vertex 5.25276 127.783 15.8
    endloop
  endfacet
  facet normal 0 0 1
    outer loop
      vertex 2.80448 126.769 15.8
      vertex 5.25276 127.783 15.8
      vertex 5.196 127.951 15.8
    endloop
  endfacet
  facet normal 0 0 1
    outer loop
      vertex 2.6363 127.265 15.8
      vertex 5.196 127.951 15.8
      vertex 5.16155 128.124 15.8
    endloop
  endfacet
  facet normal 0 0 1
    outer loop
      vertex 5.98338 127.053 15.8
      vertex 4.96927 124.604 15.8
      vertex 5.46472 124.436 15.8
    endloop
  endfacet
  facet normal 0 0 1
    outer loop
      vertex 2.53422 127.778 15.8
      vertex 5.16155 128.124 15.8
      vertex 5.15 128.3 15.8
    endloop
  endfacet
  facet normal -0 0 1
    outer loop
      vertex 3.0359 130.3 15.8
      vertex 5.33086 128.975 15.8
      vertex 3.32659 130.735 15.8
    endloop
  endfacet
  facet normal 0 0 1
    outer loop
      vertex 5.33086 128.975 15.8
      vertex 3.0359 130.3 15.8
      vertex 5.25276 128.817 15.8
    endloop
  endfacet
  facet normal 0 0 1
    outer loop
      vertex 5.825 127.131 15.8
      vertex 4.5 124.836 15.8
      vertex 4.96927 124.604 15.8
    endloop
  endfacet
  facet normal -0 0 1
    outer loop
      vertex 2.80448 129.831 15.8
      vertex 5.25276 128.817 15.8
      vertex 3.0359 130.3 15.8
    endloop
  endfacet
  facet normal 0 0 1
    outer loop
      vertex 5.67817 127.229 15.8
      vertex 4.06495 125.127 15.8
      vertex 4.5 124.836 15.8
    endloop
  endfacet
  facet normal 0 0 1
    outer loop
      vertex 5.25276 128.817 15.8
      vertex 2.80448 129.831 15.8
      vertex 5.196 128.649 15.8
    endloop
  endfacet
  facet normal 0 0 1
    outer loop
      vertex 5.54541 127.345 15.8
      vertex 3.67157 125.472 15.8
      vertex 4.06495 125.127 15.8
    endloop
  endfacet
  facet normal -0 0 1
    outer loop
      vertex 2.6363 129.335 15.8
      vertex 5.196 128.649 15.8
      vertex 2.80448 129.831 15.8
    endloop
  endfacet
  facet normal 0 0 1
    outer loop
      vertex 5.42897 127.478 15.8
      vertex 3.32659 125.865 15.8
      vertex 3.67157 125.472 15.8
    endloop
  endfacet
  facet normal 0 0 1
    outer loop
      vertex 5.196 128.649 15.8
      vertex 2.6363 129.335 15.8
      vertex 5.16155 128.476 15.8
    endloop
  endfacet
  facet normal 0 0 1
    outer loop
      vertex 5.33086 127.625 15.8
      vertex 3.0359 126.3 15.8
      vertex 3.32659 125.865 15.8
    endloop
  endfacet
  facet normal -0 0 1
    outer loop
      vertex 2.53422 128.822 15.8
      vertex 5.16155 128.476 15.8
      vertex 2.6363 129.335 15.8
    endloop
  endfacet
  facet normal 0 0 1
    outer loop
      vertex 5.25276 127.783 15.8
      vertex 2.80448 126.769 15.8
      vertex 3.0359 126.3 15.8
    endloop
  endfacet
  facet normal 0 0 1
    outer loop
      vertex 5.16155 128.476 15.8
      vertex 2.53422 128.822 15.8
      vertex 5.15 128.3 15.8
    endloop
  endfacet
  facet normal 0 0 1
    outer loop
      vertex 5.196 127.951 15.8
      vertex 2.6363 127.265 15.8
      vertex 2.80448 126.769 15.8
    endloop
  endfacet
  facet normal 0 0 1
    outer loop
      vertex 2.5 128.3 15.8
      vertex 5.15 128.3 15.8
      vertex 2.53422 128.822 15.8
    endloop
  endfacet
  facet normal 0 0 1
    outer loop
      vertex 5.16155 128.124 15.8
      vertex 2.53422 127.778 15.8
      vertex 2.6363 127.265 15.8
    endloop
  endfacet
  facet normal 0 0 1
    outer loop
      vertex 5.15 128.3 15.8
      vertex 2.5 128.3 15.8
      vertex 2.53422 127.778 15.8
    endloop
  endfacet
  facet normal -0.659362 0.751826 0
    outer loop
      vertex 4.06495 131.473 2.4
      vertex 3.67157 131.128 15.8
      vertex 4.06495 131.473 15.8
    endloop
  endfacet
  facet normal -0.659362 0.751826 0
    outer loop
      vertex 3.67157 131.128 15.8
      vertex 4.06495 131.473 2.4
      vertex 3.67157 131.128 2.4
    endloop
  endfacet
  facet normal -0.321126 0.947036 0
    outer loop
      vertex 5.46472 132.164 2.4
      vertex 4.96927 131.996 15.8
      vertex 5.46472 132.164 15.8
    endloop
  endfacet
  facet normal -0.321126 0.947036 0
    outer loop
      vertex 4.96927 131.996 15.8
      vertex 5.46472 132.164 2.4
      vertex 4.96927 131.996 2.4
    endloop
  endfacet
  facet normal 0.947028 -0.32115 0
    outer loop
      vertex 10.1955 126.769 15.8
      vertex 10.3637 127.265 2.4
      vertex 10.3637 127.265 15.8
    endloop
  endfacet
  facet normal 0.947028 -0.32115 0
    outer loop
      vertex 10.3637 127.265 2.4
      vertex 10.1955 126.769 15.8
      vertex 10.1955 126.769 2.4
    endloop
  endfacet
  facet normal -0.555978 -0.831197 0
    outer loop
      vertex 4.06495 125.127 2.4
      vertex 4.5 124.836 15.8
      vertex 4.06495 125.127 15.8
    endloop
  endfacet
  facet normal -0.555978 -0.831197 -0
    outer loop
      vertex 4.5 124.836 15.8
      vertex 4.06495 125.127 2.4
      vertex 4.5 124.836 2.4
    endloop
  endfacet
  facet normal -0.831441 -0.555613 0
    outer loop
      vertex 3.32659 125.865 2.4
      vertex 3.0359 126.3 15.8
      vertex 3.0359 126.3 2.4
    endloop
  endfacet
  facet normal -0.831441 -0.555613 0
    outer loop
      vertex 3.0359 126.3 15.8
      vertex 3.32659 125.865 2.4
      vertex 3.32659 125.865 15.8
    endloop
  endfacet
  facet normal -0.751529 -0.659701 0
    outer loop
      vertex 3.67157 125.472 2.4
      vertex 3.32659 125.865 15.8
      vertex 3.32659 125.865 2.4
    endloop
  endfacet
  facet normal -0.751529 -0.659701 0
    outer loop
      vertex 3.32659 125.865 15.8
      vertex 3.67157 125.472 2.4
      vertex 3.67157 125.472 15.8
    endloop
  endfacet
  facet normal 0.555978 -0.831197 0
    outer loop
      vertex 8.5 124.836 2.4
      vertex 8.93505 125.127 15.8
      vertex 8.5 124.836 15.8
    endloop
  endfacet
  facet normal 0.555978 -0.831197 0
    outer loop
      vertex 8.93505 125.127 15.8
      vertex 8.5 124.836 2.4
      vertex 8.93505 125.127 2.4
    endloop
  endfacet
  facet normal -0.997858 -0.0654151 0
    outer loop
      vertex 2.53422 127.778 2.4
      vertex 2.5 128.3 15.8
      vertex 2.5 128.3 2.4
    endloop
  endfacet
  facet normal -0.997858 -0.0654151 0
    outer loop
      vertex 2.5 128.3 15.8
      vertex 2.53422 127.778 2.4
      vertex 2.53422 127.778 15.8
    endloop
  endfacet
  facet normal 0.997861 -0.0653771 0
    outer loop
      vertex 10.4658 127.778 15.8
      vertex 10.5 128.3 2.4
      vertex 10.5 128.3 15.8
    endloop
  endfacet
  facet normal 0.997861 -0.0653771 0
    outer loop
      vertex 10.5 128.3 2.4
      vertex 10.4658 127.778 15.8
      vertex 10.4658 127.778 2.4
    endloop
  endfacet
  facet normal 0.831441 -0.555613 0
    outer loop
      vertex 9.67341 125.865 15.8
      vertex 9.9641 126.3 2.4
      vertex 9.9641 126.3 15.8
    endloop
  endfacet
  facet normal 0.831441 -0.555613 0
    outer loop
      vertex 9.9641 126.3 2.4
      vertex 9.67341 125.865 15.8
      vertex 9.67341 125.865 2.4
    endloop
  endfacet
  facet normal -0.194951 -0.980813 0
    outer loop
      vertex 5.46472 124.436 2.4
      vertex 5.97789 124.334 15.8
      vertex 5.46472 124.436 15.8
    endloop
  endfacet
  facet normal -0.194951 -0.980813 -0
    outer loop
      vertex 5.97789 124.334 15.8
      vertex 5.46472 124.436 2.4
      vertex 5.97789 124.334 2.4
    endloop
  endfacet
  facet normal -0.321126 -0.947036 0
    outer loop
      vertex 4.96927 124.604 2.4
      vertex 5.46472 124.436 15.8
      vertex 4.96927 124.604 15.8
    endloop
  endfacet
  facet normal -0.321126 -0.947036 -0
    outer loop
      vertex 5.46472 124.436 15.8
      vertex 4.96927 124.604 2.4
      vertex 5.46472 124.436 2.4
    endloop
  endfacet
  facet normal -0.659362 -0.751826 0
    outer loop
      vertex 3.67157 125.472 2.4
      vertex 4.06495 125.127 15.8
      vertex 3.67157 125.472 15.8
    endloop
  endfacet
  facet normal -0.659362 -0.751826 -0
    outer loop
      vertex 4.06495 125.127 15.8
      vertex 3.67157 125.472 2.4
      vertex 4.06495 125.127 2.4
    endloop
  endfacet
  facet normal -0.89677 -0.442496 0
    outer loop
      vertex 3.0359 126.3 2.4
      vertex 2.80448 126.769 15.8
      vertex 2.80448 126.769 2.4
    endloop
  endfacet
  facet normal -0.89677 -0.442496 0
    outer loop
      vertex 2.80448 126.769 15.8
      vertex 3.0359 126.3 2.4
      vertex 3.0359 126.3 15.8
    endloop
  endfacet
  facet normal 0.751529 -0.659701 0
    outer loop
      vertex 9.32843 125.472 15.8
      vertex 9.67341 125.865 2.4
      vertex 9.67341 125.865 15.8
    endloop
  endfacet
  facet normal 0.751529 -0.659701 0
    outer loop
      vertex 9.67341 125.865 2.4
      vertex 9.32843 125.472 15.8
      vertex 9.32843 125.472 2.4
    endloop
  endfacet
  facet normal 0.443182 -0.896432 0
    outer loop
      vertex 8.03073 124.604 2.4
      vertex 8.5 124.836 15.8
      vertex 8.03073 124.604 15.8
    endloop
  endfacet
  facet normal 0.443182 -0.896432 0
    outer loop
      vertex 8.5 124.836 15.8
      vertex 8.03073 124.604 2.4
      vertex 8.5 124.836 2.4
    endloop
  endfacet
  facet normal 0.321126 -0.947036 0
    outer loop
      vertex 7.53528 124.436 2.4
      vertex 8.03073 124.604 15.8
      vertex 7.53528 124.436 15.8
    endloop
  endfacet
  facet normal 0.321126 -0.947036 0
    outer loop
      vertex 8.03073 124.604 15.8
      vertex 7.53528 124.436 2.4
      vertex 8.03073 124.604 2.4
    endloop
  endfacet
  facet normal 0.896786 -0.442465 0
    outer loop
      vertex 9.9641 126.3 15.8
      vertex 10.1955 126.769 2.4
      vertex 10.1955 126.769 15.8
    endloop
  endfacet
  facet normal 0.896786 -0.442465 0
    outer loop
      vertex 10.1955 126.769 2.4
      vertex 9.9641 126.3 15.8
      vertex 9.9641 126.3 2.4
    endloop
  endfacet
  facet normal -0.0649827 -0.997886 0
    outer loop
      vertex 5.97789 124.334 2.4
      vertex 6.5 124.3 15.8
      vertex 5.97789 124.334 15.8
    endloop
  endfacet
  facet normal -0.0649827 -0.997886 -0
    outer loop
      vertex 6.5 124.3 15.8
      vertex 5.97789 124.334 2.4
      vertex 6.5 124.3 2.4
    endloop
  endfacet
  facet normal -0.443182 -0.896432 0
    outer loop
      vertex 4.5 124.836 2.4
      vertex 4.96927 124.604 15.8
      vertex 4.5 124.836 15.8
    endloop
  endfacet
  facet normal -0.443182 -0.896432 -0
    outer loop
      vertex 4.96927 124.604 15.8
      vertex 4.5 124.836 2.4
      vertex 4.96927 124.604 2.4
    endloop
  endfacet
  facet normal -0.94704 -0.321115 0
    outer loop
      vertex 2.80448 126.769 2.4
      vertex 2.6363 127.265 15.8
      vertex 2.6363 127.265 2.4
    endloop
  endfacet
  facet normal -0.94704 -0.321115 0
    outer loop
      vertex 2.6363 127.265 15.8
      vertex 2.80448 126.769 2.4
      vertex 2.80448 126.769 15.8
    endloop
  endfacet
  facet normal -0.980771 -0.19516 0
    outer loop
      vertex 2.6363 127.265 2.4
      vertex 2.53422 127.778 15.8
      vertex 2.53422 127.778 2.4
    endloop
  endfacet
  facet normal -0.980771 -0.19516 0
    outer loop
      vertex 2.53422 127.778 15.8
      vertex 2.6363 127.265 2.4
      vertex 2.6363 127.265 15.8
    endloop
  endfacet
  facet normal 0.659362 -0.751826 0
    outer loop
      vertex 8.93505 125.127 2.4
      vertex 9.32843 125.472 15.8
      vertex 8.93505 125.127 15.8
    endloop
  endfacet
  facet normal 0.659362 -0.751826 0
    outer loop
      vertex 9.32843 125.472 15.8
      vertex 8.93505 125.127 2.4
      vertex 9.32843 125.472 2.4
    endloop
  endfacet
  facet normal 0.997861 0.0653771 0
    outer loop
      vertex 56.3 128.3 15.8
      vertex 56.2658 128.822 2.4
      vertex 56.2658 128.822 15.8
    endloop
  endfacet
  facet normal 0.997861 0.0653771 0
    outer loop
      vertex 56.2658 128.822 2.4
      vertex 56.3 128.3 15.8
      vertex 56.3 128.3 2.4
    endloop
  endfacet
  facet normal -0.997861 0.0653771 0
    outer loop
      vertex 48.3 128.3 2.4
      vertex 48.3342 128.822 15.8
      vertex 48.3342 128.822 2.4
    endloop
  endfacet
  facet normal -0.997861 0.0653771 0
    outer loop
      vertex 48.3342 128.822 15.8
      vertex 48.3 128.3 2.4
      vertex 48.3 128.3 15.8
    endloop
  endfacet
  facet normal 0.064984 0.997886 -0
    outer loop
      vertex 52.8221 132.266 2.4
      vertex 52.3 132.3 15.8
      vertex 52.8221 132.266 15.8
    endloop
  endfacet
  facet normal 0.064984 0.997886 0
    outer loop
      vertex 52.3 132.3 15.8
      vertex 52.8221 132.266 2.4
      vertex 52.3 132.3 2.4
    endloop
  endfacet
  facet normal -0.064984 -0.997886 0
    outer loop
      vertex 51.7779 124.334 2.4
      vertex 52.3 124.3 15.8
      vertex 51.7779 124.334 15.8
    endloop
  endfacet
  facet normal -0.064984 -0.997886 -0
    outer loop
      vertex 52.3 124.3 15.8
      vertex 51.7779 124.334 2.4
      vertex 52.3 124.3 2.4
    endloop
  endfacet
  facet normal -0.75151 -0.659722 0
    outer loop
      vertex 49.4716 125.472 2.4
      vertex 49.1266 125.865 15.8
      vertex 49.1266 125.865 2.4
    endloop
  endfacet
  facet normal -0.75151 -0.659722 0
    outer loop
      vertex 49.1266 125.865 15.8
      vertex 49.4716 125.472 2.4
      vertex 49.4716 125.472 15.8
    endloop
  endfacet
  facet normal 0.659343 0.751842 -0
    outer loop
      vertex 55.1284 131.128 2.4
      vertex 54.735 131.473 15.8
      vertex 55.1284 131.128 15.8
    endloop
  endfacet
  facet normal 0.659343 0.751842 0
    outer loop
      vertex 54.735 131.473 15.8
      vertex 55.1284 131.128 2.4
      vertex 54.735 131.473 2.4
    endloop
  endfacet
  facet normal -0.659343 0.751842 0
    outer loop
      vertex 49.865 131.473 2.4
      vertex 49.4716 131.128 15.8
      vertex 49.865 131.473 15.8
    endloop
  endfacet
  facet normal -0.659343 0.751842 0
    outer loop
      vertex 49.4716 131.128 15.8
      vertex 49.865 131.473 2.4
      vertex 49.4716 131.128 2.4
    endloop
  endfacet
  facet normal -0.321156 0.947026 0
    outer loop
      vertex 51.2647 132.164 2.4
      vertex 50.7693 131.996 15.8
      vertex 51.2647 132.164 15.8
    endloop
  endfacet
  facet normal -0.321156 0.947026 0
    outer loop
      vertex 50.7693 131.996 15.8
      vertex 51.2647 132.164 2.4
      vertex 50.7693 131.996 2.4
    endloop
  endfacet
  facet normal 0.896786 0.442465 0
    outer loop
      vertex 55.9955 129.831 15.8
      vertex 55.7641 130.3 2.4
      vertex 55.7641 130.3 15.8
    endloop
  endfacet
  facet normal 0.896786 0.442465 0
    outer loop
      vertex 55.7641 130.3 2.4
      vertex 55.9955 129.831 15.8
      vertex 55.9955 129.831 2.4
    endloop
  endfacet
  facet normal 0.980764 0.195197 0
    outer loop
      vertex 56.2658 128.822 15.8
      vertex 56.1637 129.335 2.4
      vertex 56.1637 129.335 15.8
    endloop
  endfacet
  facet normal 0.980764 0.195197 0
    outer loop
      vertex 56.1637 129.335 2.4
      vertex 56.2658 128.822 15.8
      vertex 56.2658 128.822 2.4
    endloop
  endfacet
  facet normal 0.831432 0.555626 0
    outer loop
      vertex 55.7641 130.3 15.8
      vertex 55.4734 130.735 2.4
      vertex 55.4734 130.735 15.8
    endloop
  endfacet
  facet normal 0.831432 0.555626 0
    outer loop
      vertex 55.4734 130.735 2.4
      vertex 55.7641 130.3 15.8
      vertex 55.7641 130.3 2.4
    endloop
  endfacet
  facet normal 0.321156 0.947026 -0
    outer loop
      vertex 53.8307 131.996 2.4
      vertex 53.3353 132.164 15.8
      vertex 53.8307 131.996 15.8
    endloop
  endfacet
  facet normal 0.321156 0.947026 0
    outer loop
      vertex 53.3353 132.164 15.8
      vertex 53.8307 131.996 2.4
      vertex 53.3353 132.164 2.4
    endloop
  endfacet
  facet normal 0.19494 0.980815 -0
    outer loop
      vertex 53.3353 132.164 2.4
      vertex 52.8221 132.266 15.8
      vertex 53.3353 132.164 15.8
    endloop
  endfacet
  facet normal 0.19494 0.980815 0
    outer loop
      vertex 52.8221 132.266 15.8
      vertex 53.3353 132.164 2.4
      vertex 52.8221 132.266 2.4
    endloop
  endfacet
  facet normal 0.443159 0.896443 -0
    outer loop
      vertex 54.3 131.764 2.4
      vertex 53.8307 131.996 15.8
      vertex 54.3 131.764 15.8
    endloop
  endfacet
  facet normal 0.443159 0.896443 0
    outer loop
      vertex 53.8307 131.996 15.8
      vertex 54.3 131.764 2.4
      vertex 53.8307 131.996 2.4
    endloop
  endfacet
  facet normal -0.896786 0.442465 0
    outer loop
      vertex 48.6045 129.831 2.4
      vertex 48.8359 130.3 15.8
      vertex 48.8359 130.3 2.4
    endloop
  endfacet
  facet normal -0.896786 0.442465 0
    outer loop
      vertex 48.8359 130.3 15.8
      vertex 48.6045 129.831 2.4
      vertex 48.6045 129.831 15.8
    endloop
  endfacet
  facet normal 0 0 1
    outer loop
      vertex 53.65 128.3 15.8
      vertex 56.3 128.3 15.8
      vertex 56.2658 128.822 15.8
    endloop
  endfacet
  facet normal 0 0 1
    outer loop
      vertex 53.6385 128.476 15.8
      vertex 56.2658 128.822 15.8
      vertex 56.1637 129.335 15.8
    endloop
  endfacet
  facet normal 0 0 1
    outer loop
      vertex 56.3 128.3 15.8
      vertex 53.65 128.3 15.8
      vertex 56.2658 127.778 15.8
    endloop
  endfacet
  facet normal 0 0 1
    outer loop
      vertex 53.604 128.649 15.8
      vertex 56.1637 129.335 15.8
      vertex 55.9955 129.831 15.8
    endloop
  endfacet
  facet normal -0 0 1
    outer loop
      vertex 53.6385 128.124 15.8
      vertex 56.2658 127.778 15.8
      vertex 53.65 128.3 15.8
    endloop
  endfacet
  facet normal 0 0 1
    outer loop
      vertex 53.5472 128.817 15.8
      vertex 55.9955 129.831 15.8
      vertex 55.7641 130.3 15.8
    endloop
  endfacet
  facet normal 0 0 1
    outer loop
      vertex 56.2658 127.778 15.8
      vertex 53.6385 128.124 15.8
      vertex 56.1637 127.265 15.8
    endloop
  endfacet
  facet normal 0 0 1
    outer loop
      vertex 53.4691 128.975 15.8
      vertex 55.7641 130.3 15.8
      vertex 55.4734 130.735 15.8
    endloop
  endfacet
  facet normal -0 0 1
    outer loop
      vertex 53.604 127.951 15.8
      vertex 56.1637 127.265 15.8
      vertex 53.6385 128.124 15.8
    endloop
  endfacet
  facet normal 0 0 1
    outer loop
      vertex 53.371 129.122 15.8
      vertex 55.4734 130.735 15.8
      vertex 55.1284 131.128 15.8
    endloop
  endfacet
  facet normal 0 0 1
    outer loop
      vertex 56.1637 127.265 15.8
      vertex 53.604 127.951 15.8
      vertex 55.9955 126.769 15.8
    endloop
  endfacet
  facet normal 0 0 1
    outer loop
      vertex 53.2546 129.255 15.8
      vertex 55.1284 131.128 15.8
      vertex 54.735 131.473 15.8
    endloop
  endfacet
  facet normal -0 0 1
    outer loop
      vertex 53.5472 127.783 15.8
      vertex 55.9955 126.769 15.8
      vertex 53.604 127.951 15.8
    endloop
  endfacet
  facet normal 0 0 1
    outer loop
      vertex 53.1218 129.371 15.8
      vertex 54.735 131.473 15.8
      vertex 54.3 131.764 15.8
    endloop
  endfacet
  facet normal 0 0 1
    outer loop
      vertex 55.9955 126.769 15.8
      vertex 53.5472 127.783 15.8
      vertex 55.7641 126.3 15.8
    endloop
  endfacet
  facet normal 0 0 1
    outer loop
      vertex 52.975 129.469 15.8
      vertex 54.3 131.764 15.8
      vertex 53.8307 131.996 15.8
    endloop
  endfacet
  facet normal -0 0 1
    outer loop
      vertex 53.4691 127.625 15.8
      vertex 55.7641 126.3 15.8
      vertex 53.5472 127.783 15.8
    endloop
  endfacet
  facet normal 0 0 1
    outer loop
      vertex 55.7641 126.3 15.8
      vertex 53.4691 127.625 15.8
      vertex 55.4734 125.865 15.8
    endloop
  endfacet
  facet normal 0 0 1
    outer loop
      vertex 56.2658 128.822 15.8
      vertex 53.6385 128.476 15.8
      vertex 53.65 128.3 15.8
    endloop
  endfacet
  facet normal 0 0 1
    outer loop
      vertex 56.1637 129.335 15.8
      vertex 53.604 128.649 15.8
      vertex 53.6385 128.476 15.8
    endloop
  endfacet
  facet normal 0 0 1
    outer loop
      vertex 55.9955 129.831 15.8
      vertex 53.5472 128.817 15.8
      vertex 53.604 128.649 15.8
    endloop
  endfacet
  facet normal 0 0 1
    outer loop
      vertex 55.7641 130.3 15.8
      vertex 53.4691 128.975 15.8
      vertex 53.5472 128.817 15.8
    endloop
  endfacet
  facet normal 0 0 1
    outer loop
      vertex 55.4734 130.735 15.8
      vertex 53.371 129.122 15.8
      vertex 53.4691 128.975 15.8
    endloop
  endfacet
  facet normal 0 0 1
    outer loop
      vertex 52.8166 129.547 15.8
      vertex 53.8307 131.996 15.8
      vertex 53.3353 132.164 15.8
    endloop
  endfacet
  facet normal 0 0 1
    outer loop
      vertex 55.1284 131.128 15.8
      vertex 53.2546 129.255 15.8
      vertex 53.371 129.122 15.8
    endloop
  endfacet
  facet normal 0 0 1
    outer loop
      vertex 54.735 131.473 15.8
      vertex 53.1218 129.371 15.8
      vertex 53.2546 129.255 15.8
    endloop
  endfacet
  facet normal 0 0 1
    outer loop
      vertex 54.3 131.764 15.8
      vertex 52.975 129.469 15.8
      vertex 53.1218 129.371 15.8
    endloop
  endfacet
  facet normal 0 0 1
    outer loop
      vertex 52.6494 129.604 15.8
      vertex 53.3353 132.164 15.8
      vertex 52.8221 132.266 15.8
    endloop
  endfacet
  facet normal 0 0 1
    outer loop
      vertex 53.8307 131.996 15.8
      vertex 52.8166 129.547 15.8
      vertex 52.975 129.469 15.8
    endloop
  endfacet
  facet normal 0 0 1
    outer loop
      vertex 53.3353 132.164 15.8
      vertex 52.6494 129.604 15.8
      vertex 52.8166 129.547 15.8
    endloop
  endfacet
  facet normal 0 0 1
    outer loop
      vertex 52.8221 132.266 15.8
      vertex 52.4762 129.638 15.8
      vertex 52.6494 129.604 15.8
    endloop
  endfacet
  facet normal 0 0 1
    outer loop
      vertex 52.3 132.3 15.8
      vertex 52.4762 129.638 15.8
      vertex 52.8221 132.266 15.8
    endloop
  endfacet
  facet normal 0 0 1
    outer loop
      vertex 52.3 132.3 15.8
      vertex 52.3 129.65 15.8
      vertex 52.4762 129.638 15.8
    endloop
  endfacet
  facet normal 0 0 1
    outer loop
      vertex 52.3 132.3 15.8
      vertex 52.1238 129.638 15.8
      vertex 52.3 129.65 15.8
    endloop
  endfacet
  facet normal -0 0 1
    outer loop
      vertex 51.7779 132.266 15.8
      vertex 52.1238 129.638 15.8
      vertex 52.3 132.3 15.8
    endloop
  endfacet
  facet normal 0 0 1
    outer loop
      vertex 52.1238 129.638 15.8
      vertex 51.7779 132.266 15.8
      vertex 51.9506 129.604 15.8
    endloop
  endfacet
  facet normal -0 0 1
    outer loop
      vertex 51.2647 132.164 15.8
      vertex 51.9506 129.604 15.8
      vertex 51.7779 132.266 15.8
    endloop
  endfacet
  facet normal 0 0 1
    outer loop
      vertex 51.9506 129.604 15.8
      vertex 51.2647 132.164 15.8
      vertex 51.7834 129.547 15.8
    endloop
  endfacet
  facet normal -0 0 1
    outer loop
      vertex 50.7693 131.996 15.8
      vertex 51.7834 129.547 15.8
      vertex 51.2647 132.164 15.8
    endloop
  endfacet
  facet normal 0 0 1
    outer loop
      vertex 51.7834 129.547 15.8
      vertex 50.7693 131.996 15.8
      vertex 51.625 129.469 15.8
    endloop
  endfacet
  facet normal -0 0 1
    outer loop
      vertex 50.3 131.764 15.8
      vertex 51.625 129.469 15.8
      vertex 50.7693 131.996 15.8
    endloop
  endfacet
  facet normal 0 0 1
    outer loop
      vertex 51.625 129.469 15.8
      vertex 50.3 131.764 15.8
      vertex 51.4782 129.371 15.8
    endloop
  endfacet
  facet normal -0 0 1
    outer loop
      vertex 49.865 131.473 15.8
      vertex 51.4782 129.371 15.8
      vertex 50.3 131.764 15.8
    endloop
  endfacet
  facet normal 0 0 1
    outer loop
      vertex 51.4782 129.371 15.8
      vertex 49.865 131.473 15.8
      vertex 51.3454 129.255 15.8
    endloop
  endfacet
  facet normal -0 0 1
    outer loop
      vertex 49.4716 131.128 15.8
      vertex 51.3454 129.255 15.8
      vertex 49.865 131.473 15.8
    endloop
  endfacet
  facet normal 0 0 1
    outer loop
      vertex 51.3454 129.255 15.8
      vertex 49.4716 131.128 15.8
      vertex 51.229 129.122 15.8
    endloop
  endfacet
  facet normal 0 0 1
    outer loop
      vertex 51.229 129.122 15.8
      vertex 49.1266 130.735 15.8
      vertex 51.1309 128.975 15.8
    endloop
  endfacet
  facet normal -0 0 1
    outer loop
      vertex 49.1266 130.735 15.8
      vertex 51.229 129.122 15.8
      vertex 49.4716 131.128 15.8
    endloop
  endfacet
  facet normal -0 0 1
    outer loop
      vertex 53.371 127.478 15.8
      vertex 55.4734 125.865 15.8
      vertex 53.4691 127.625 15.8
    endloop
  endfacet
  facet normal 0 0 1
    outer loop
      vertex 55.4734 125.865 15.8
      vertex 53.371 127.478 15.8
      vertex 55.1284 125.472 15.8
    endloop
  endfacet
  facet normal -0 0 1
    outer loop
      vertex 53.2546 127.345 15.8
      vertex 55.1284 125.472 15.8
      vertex 53.371 127.478 15.8
    endloop
  endfacet
  facet normal 0 0 1
    outer loop
      vertex 55.1284 125.472 15.8
      vertex 53.2546 127.345 15.8
      vertex 54.735 125.127 15.8
    endloop
  endfacet
  facet normal -0 0 1
    outer loop
      vertex 53.1218 127.229 15.8
      vertex 54.735 125.127 15.8
      vertex 53.2546 127.345 15.8
    endloop
  endfacet
  facet normal 0 0 1
    outer loop
      vertex 54.735 125.127 15.8
      vertex 53.1218 127.229 15.8
      vertex 54.3 124.836 15.8
    endloop
  endfacet
  facet normal -0 0 1
    outer loop
      vertex 52.975 127.131 15.8
      vertex 54.3 124.836 15.8
      vertex 53.1218 127.229 15.8
    endloop
  endfacet
  facet normal 0 0 1
    outer loop
      vertex 54.3 124.836 15.8
      vertex 52.975 127.131 15.8
      vertex 53.8307 124.604 15.8
    endloop
  endfacet
  facet normal -0 0 1
    outer loop
      vertex 52.8166 127.053 15.8
      vertex 53.8307 124.604 15.8
      vertex 52.975 127.131 15.8
    endloop
  endfacet
  facet normal 0 0 1
    outer loop
      vertex 53.8307 124.604 15.8
      vertex 52.8166 127.053 15.8
      vertex 53.3353 124.436 15.8
    endloop
  endfacet
  facet normal -0 0 1
    outer loop
      vertex 52.6494 126.996 15.8
      vertex 53.3353 124.436 15.8
      vertex 52.8166 127.053 15.8
    endloop
  endfacet
  facet normal 0 0 1
    outer loop
      vertex 53.3353 124.436 15.8
      vertex 52.6494 126.996 15.8
      vertex 52.8221 124.334 15.8
    endloop
  endfacet
  facet normal -0 0 1
    outer loop
      vertex 52.4762 126.962 15.8
      vertex 52.8221 124.334 15.8
      vertex 52.6494 126.996 15.8
    endloop
  endfacet
  facet normal -0 0 1
    outer loop
      vertex 52.3 126.95 15.8
      vertex 52.8221 124.334 15.8
      vertex 52.4762 126.962 15.8
    endloop
  endfacet
  facet normal 0 0 1
    outer loop
      vertex 52.3 126.95 15.8
      vertex 52.3 124.3 15.8
      vertex 52.8221 124.334 15.8
    endloop
  endfacet
  facet normal 0 0 1
    outer loop
      vertex 52.1238 126.962 15.8
      vertex 52.3 124.3 15.8
      vertex 52.3 126.95 15.8
    endloop
  endfacet
  facet normal 0 0 1
    outer loop
      vertex 51.7779 124.334 15.8
      vertex 52.1238 126.962 15.8
      vertex 51.9506 126.996 15.8
    endloop
  endfacet
  facet normal 0 0 1
    outer loop
      vertex 51.2647 124.436 15.8
      vertex 51.9506 126.996 15.8
      vertex 51.7834 127.053 15.8
    endloop
  endfacet
  facet normal 0 0 1
    outer loop
      vertex 52.1238 126.962 15.8
      vertex 51.7779 124.334 15.8
      vertex 52.3 124.3 15.8
    endloop
  endfacet
  facet normal 0 0 1
    outer loop
      vertex 50.7693 124.604 15.8
      vertex 51.7834 127.053 15.8
      vertex 51.625 127.131 15.8
    endloop
  endfacet
  facet normal 0 0 1
    outer loop
      vertex 50.3 124.836 15.8
      vertex 51.625 127.131 15.8
      vertex 51.4782 127.229 15.8
    endloop
  endfacet
  facet normal 0 0 1
    outer loop
      vertex 49.865 125.127 15.8
      vertex 51.4782 127.229 15.8
      vertex 51.3454 127.345 15.8
    endloop
  endfacet
  facet normal 0 0 1
    outer loop
      vertex 51.9506 126.996 15.8
      vertex 51.2647 124.436 15.8
      vertex 51.7779 124.334 15.8
    endloop
  endfacet
  facet normal 0 0 1
    outer loop
      vertex 49.4716 125.472 15.8
      vertex 51.3454 127.345 15.8
      vertex 51.229 127.478 15.8
    endloop
  endfacet
  facet normal 0 0 1
    outer loop
      vertex 49.1266 125.865 15.8
      vertex 51.229 127.478 15.8
      vertex 51.1309 127.625 15.8
    endloop
  endfacet
  facet normal 0 0 1
    outer loop
      vertex 48.8359 126.3 15.8
      vertex 51.1309 127.625 15.8
      vertex 51.0528 127.783 15.8
    endloop
  endfacet
  facet normal 0 0 1
    outer loop
      vertex 48.6045 126.769 15.8
      vertex 51.0528 127.783 15.8
      vertex 50.996 127.951 15.8
    endloop
  endfacet
  facet normal 0 0 1
    outer loop
      vertex 48.4363 127.265 15.8
      vertex 50.996 127.951 15.8
      vertex 50.9615 128.124 15.8
    endloop
  endfacet
  facet normal 0 0 1
    outer loop
      vertex 51.7834 127.053 15.8
      vertex 50.7693 124.604 15.8
      vertex 51.2647 124.436 15.8
    endloop
  endfacet
  facet normal 0 0 1
    outer loop
      vertex 48.3342 127.778 15.8
      vertex 50.9615 128.124 15.8
      vertex 50.95 128.3 15.8
    endloop
  endfacet
  facet normal -0 0 1
    outer loop
      vertex 48.8359 130.3 15.8
      vertex 51.1309 128.975 15.8
      vertex 49.1266 130.735 15.8
    endloop
  endfacet
  facet normal 0 0 1
    outer loop
      vertex 51.1309 128.975 15.8
      vertex 48.8359 130.3 15.8
      vertex 51.0528 128.817 15.8
    endloop
  endfacet
  facet normal 0 0 1
    outer loop
      vertex 51.625 127.131 15.8
      vertex 50.3 124.836 15.8
      vertex 50.7693 124.604 15.8
    endloop
  endfacet
  facet normal -0 0 1
    outer loop
      vertex 48.6045 129.831 15.8
      vertex 51.0528 128.817 15.8
      vertex 48.8359 130.3 15.8
    endloop
  endfacet
  facet normal 0 0 1
    outer loop
      vertex 51.4782 127.229 15.8
      vertex 49.865 125.127 15.8
      vertex 50.3 124.836 15.8
    endloop
  endfacet
  facet normal 0 0 1
    outer loop
      vertex 51.0528 128.817 15.8
      vertex 48.6045 129.831 15.8
      vertex 50.996 128.649 15.8
    endloop
  endfacet
  facet normal 0 0 1
    outer loop
      vertex 51.3454 127.345 15.8
      vertex 49.4716 125.472 15.8
      vertex 49.865 125.127 15.8
    endloop
  endfacet
  facet normal -0 0 1
    outer loop
      vertex 48.4363 129.335 15.8
      vertex 50.996 128.649 15.8
      vertex 48.6045 129.831 15.8
    endloop
  endfacet
  facet normal 0 0 1
    outer loop
      vertex 51.229 127.478 15.8
      vertex 49.1266 125.865 15.8
      vertex 49.4716 125.472 15.8
    endloop
  endfacet
  facet normal 0 0 1
    outer loop
      vertex 50.996 128.649 15.8
      vertex 48.4363 129.335 15.8
      vertex 50.9615 128.476 15.8
    endloop
  endfacet
  facet normal 0 0 1
    outer loop
      vertex 51.1309 127.625 15.8
      vertex 48.8359 126.3 15.8
      vertex 49.1266 125.865 15.8
    endloop
  endfacet
  facet normal -0 0 1
    outer loop
      vertex 48.3342 128.822 15.8
      vertex 50.9615 128.476 15.8
      vertex 48.4363 129.335 15.8
    endloop
  endfacet
  facet normal 0 0 1
    outer loop
      vertex 51.0528 127.783 15.8
      vertex 48.6045 126.769 15.8
      vertex 48.8359 126.3 15.8
    endloop
  endfacet
  facet normal 0 0 1
    outer loop
      vertex 50.9615 128.476 15.8
      vertex 48.3342 128.822 15.8
      vertex 50.95 128.3 15.8
    endloop
  endfacet
  facet normal 0 0 1
    outer loop
      vertex 50.996 127.951 15.8
      vertex 48.4363 127.265 15.8
      vertex 48.6045 126.769 15.8
    endloop
  endfacet
  facet normal 0 0 1
    outer loop
      vertex 48.3 128.3 15.8
      vertex 50.95 128.3 15.8
      vertex 48.3342 128.822 15.8
    endloop
  endfacet
  facet normal 0 0 1
    outer loop
      vertex 50.9615 128.124 15.8
      vertex 48.3342 127.778 15.8
      vertex 48.4363 127.265 15.8
    endloop
  endfacet
  facet normal 0 0 1
    outer loop
      vertex 50.95 128.3 15.8
      vertex 48.3 128.3 15.8
      vertex 48.3342 127.778 15.8
    endloop
  endfacet
  facet normal -0.443159 0.896443 0
    outer loop
      vertex 50.7693 131.996 2.4
      vertex 50.3 131.764 15.8
      vertex 50.7693 131.996 15.8
    endloop
  endfacet
  facet normal -0.443159 0.896443 0
    outer loop
      vertex 50.3 131.764 15.8
      vertex 50.7693 131.996 2.4
      vertex 50.3 131.764 2.4
    endloop
  endfacet
  facet normal -0.19494 0.980815 0
    outer loop
      vertex 51.7779 132.266 2.4
      vertex 51.2647 132.164 15.8
      vertex 51.7779 132.266 15.8
    endloop
  endfacet
  facet normal -0.19494 0.980815 0
    outer loop
      vertex 51.2647 132.164 15.8
      vertex 51.7779 132.266 2.4
      vertex 51.2647 132.164 2.4
    endloop
  endfacet
  facet normal 0.064984 -0.997886 0
    outer loop
      vertex 52.3 124.3 2.4
      vertex 52.8221 124.334 15.8
      vertex 52.3 124.3 15.8
    endloop
  endfacet
  facet normal 0.064984 -0.997886 0
    outer loop
      vertex 52.8221 124.334 15.8
      vertex 52.3 124.3 2.4
      vertex 52.8221 124.334 2.4
    endloop
  endfacet
  facet normal 0.443159 -0.896443 0
    outer loop
      vertex 53.8307 124.604 2.4
      vertex 54.3 124.836 15.8
      vertex 53.8307 124.604 15.8
    endloop
  endfacet
  facet normal 0.443159 -0.896443 0
    outer loop
      vertex 54.3 124.836 15.8
      vertex 53.8307 124.604 2.4
      vertex 54.3 124.836 2.4
    endloop
  endfacet
  facet normal 0.980764 -0.195197 0
    outer loop
      vertex 56.1637 127.265 15.8
      vertex 56.2658 127.778 2.4
      vertex 56.2658 127.778 15.8
    endloop
  endfacet
  facet normal 0.980764 -0.195197 0
    outer loop
      vertex 56.2658 127.778 2.4
      vertex 56.1637 127.265 15.8
      vertex 56.1637 127.265 2.4
    endloop
  endfacet
  facet normal -0.896786 -0.442465 0
    outer loop
      vertex 48.8359 126.3 2.4
      vertex 48.6045 126.769 15.8
      vertex 48.6045 126.769 2.4
    endloop
  endfacet
  facet normal -0.896786 -0.442465 0
    outer loop
      vertex 48.6045 126.769 15.8
      vertex 48.8359 126.3 2.4
      vertex 48.8359 126.3 15.8
    endloop
  endfacet
  facet normal -0.997861 -0.0653771 0
    outer loop
      vertex 48.3342 127.778 2.4
      vertex 48.3 128.3 15.8
      vertex 48.3 128.3 2.4
    endloop
  endfacet
  facet normal -0.997861 -0.0653771 0
    outer loop
      vertex 48.3 128.3 15.8
      vertex 48.3342 127.778 2.4
      vertex 48.3342 127.778 15.8
    endloop
  endfacet
  facet normal 0.947028 0.32115 0
    outer loop
      vertex 56.1637 129.335 15.8
      vertex 55.9955 129.831 2.4
      vertex 55.9955 129.831 15.8
    endloop
  endfacet
  facet normal 0.947028 0.32115 0
    outer loop
      vertex 55.9955 129.831 2.4
      vertex 56.1637 129.335 15.8
      vertex 56.1637 129.335 2.4
    endloop
  endfacet
  facet normal 0.75151 0.659722 0
    outer loop
      vertex 55.4734 130.735 15.8
      vertex 55.1284 131.128 2.4
      vertex 55.1284 131.128 15.8
    endloop
  endfacet
  facet normal 0.75151 0.659722 0
    outer loop
      vertex 55.1284 131.128 2.4
      vertex 55.4734 130.735 15.8
      vertex 55.4734 130.735 2.4
    endloop
  endfacet
  facet normal 0.556022 0.831167 -0
    outer loop
      vertex 54.735 131.473 2.4
      vertex 54.3 131.764 15.8
      vertex 54.735 131.473 15.8
    endloop
  endfacet
  facet normal 0.556022 0.831167 0
    outer loop
      vertex 54.3 131.764 15.8
      vertex 54.735 131.473 2.4
      vertex 54.3 131.764 2.4
    endloop
  endfacet
  facet normal -0.831432 0.555626 0
    outer loop
      vertex 48.8359 130.3 2.4
      vertex 49.1266 130.735 15.8
      vertex 49.1266 130.735 2.4
    endloop
  endfacet
  facet normal -0.831432 0.555626 0
    outer loop
      vertex 49.1266 130.735 15.8
      vertex 48.8359 130.3 2.4
      vertex 48.8359 130.3 15.8
    endloop
  endfacet
  facet normal -0.75151 0.659722 0
    outer loop
      vertex 49.1266 130.735 2.4
      vertex 49.4716 131.128 15.8
      vertex 49.4716 131.128 2.4
    endloop
  endfacet
  facet normal -0.75151 0.659722 0
    outer loop
      vertex 49.4716 131.128 15.8
      vertex 49.1266 130.735 2.4
      vertex 49.1266 130.735 15.8
    endloop
  endfacet
  facet normal -0.947028 0.32115 0
    outer loop
      vertex 48.4363 129.335 2.4
      vertex 48.6045 129.831 15.8
      vertex 48.6045 129.831 2.4
    endloop
  endfacet
  facet normal -0.947028 0.32115 0
    outer loop
      vertex 48.6045 129.831 15.8
      vertex 48.4363 129.335 2.4
      vertex 48.4363 129.335 15.8
    endloop
  endfacet
  facet normal -0.980764 0.195197 0
    outer loop
      vertex 48.3342 128.822 2.4
      vertex 48.4363 129.335 15.8
      vertex 48.4363 129.335 2.4
    endloop
  endfacet
  facet normal -0.980764 0.195197 0
    outer loop
      vertex 48.4363 129.335 15.8
      vertex 48.3342 128.822 2.4
      vertex 48.3342 128.822 15.8
    endloop
  endfacet
  facet normal -0.556022 0.831167 0
    outer loop
      vertex 50.3 131.764 2.4
      vertex 49.865 131.473 15.8
      vertex 50.3 131.764 15.8
    endloop
  endfacet
  facet normal -0.556022 0.831167 0
    outer loop
      vertex 49.865 131.473 15.8
      vertex 50.3 131.764 2.4
      vertex 49.865 131.473 2.4
    endloop
  endfacet
  facet normal -0.064984 0.997886 0
    outer loop
      vertex 52.3 132.3 2.4
      vertex 51.7779 132.266 15.8
      vertex 52.3 132.3 15.8
    endloop
  endfacet
  facet normal -0.064984 0.997886 0
    outer loop
      vertex 51.7779 132.266 15.8
      vertex 52.3 132.3 2.4
      vertex 51.7779 132.266 2.4
    endloop
  endfacet
  facet normal 0.997861 -0.0653771 0
    outer loop
      vertex 56.2658 127.778 15.8
      vertex 56.3 128.3 2.4
      vertex 56.3 128.3 15.8
    endloop
  endfacet
  facet normal 0.997861 -0.0653771 0
    outer loop
      vertex 56.3 128.3 2.4
      vertex 56.2658 127.778 15.8
      vertex 56.2658 127.778 2.4
    endloop
  endfacet
  facet normal 0.19494 -0.980815 0
    outer loop
      vertex 52.8221 124.334 2.4
      vertex 53.3353 124.436 15.8
      vertex 52.8221 124.334 15.8
    endloop
  endfacet
  facet normal 0.19494 -0.980815 0
    outer loop
      vertex 53.3353 124.436 15.8
      vertex 52.8221 124.334 2.4
      vertex 53.3353 124.436 2.4
    endloop
  endfacet
  facet normal 0.556022 -0.831167 0
    outer loop
      vertex 54.3 124.836 2.4
      vertex 54.735 125.127 15.8
      vertex 54.3 124.836 15.8
    endloop
  endfacet
  facet normal 0.556022 -0.831167 0
    outer loop
      vertex 54.735 125.127 15.8
      vertex 54.3 124.836 2.4
      vertex 54.735 125.127 2.4
    endloop
  endfacet
  facet normal 0.75151 -0.659722 0
    outer loop
      vertex 55.1284 125.472 15.8
      vertex 55.4734 125.865 2.4
      vertex 55.4734 125.865 15.8
    endloop
  endfacet
  facet normal 0.75151 -0.659722 0
    outer loop
      vertex 55.4734 125.865 2.4
      vertex 55.1284 125.472 15.8
      vertex 55.1284 125.472 2.4
    endloop
  endfacet
  facet normal 0.896786 -0.442465 0
    outer loop
      vertex 55.7641 126.3 15.8
      vertex 55.9955 126.769 2.4
      vertex 55.9955 126.769 15.8
    endloop
  endfacet
  facet normal 0.896786 -0.442465 0
    outer loop
      vertex 55.9955 126.769 2.4
      vertex 55.7641 126.3 15.8
      vertex 55.7641 126.3 2.4
    endloop
  endfacet
  facet normal -0.659343 -0.751842 0
    outer loop
      vertex 49.4716 125.472 2.4
      vertex 49.865 125.127 15.8
      vertex 49.4716 125.472 15.8
    endloop
  endfacet
  facet normal -0.659343 -0.751842 -0
    outer loop
      vertex 49.865 125.127 15.8
      vertex 49.4716 125.472 2.4
      vertex 49.865 125.127 2.4
    endloop
  endfacet
  facet normal -0.443159 -0.896443 0
    outer loop
      vertex 50.3 124.836 2.4
      vertex 50.7693 124.604 15.8
      vertex 50.3 124.836 15.8
    endloop
  endfacet
  facet normal -0.443159 -0.896443 -0
    outer loop
      vertex 50.7693 124.604 15.8
      vertex 50.3 124.836 2.4
      vertex 50.7693 124.604 2.4
    endloop
  endfacet
  facet normal -0.321156 -0.947026 0
    outer loop
      vertex 50.7693 124.604 2.4
      vertex 51.2647 124.436 15.8
      vertex 50.7693 124.604 15.8
    endloop
  endfacet
  facet normal -0.321156 -0.947026 -0
    outer loop
      vertex 51.2647 124.436 15.8
      vertex 50.7693 124.604 2.4
      vertex 51.2647 124.436 2.4
    endloop
  endfacet
  facet normal -0.831432 -0.555626 0
    outer loop
      vertex 49.1266 125.865 2.4
      vertex 48.8359 126.3 15.8
      vertex 48.8359 126.3 2.4
    endloop
  endfacet
  facet normal -0.831432 -0.555626 0
    outer loop
      vertex 48.8359 126.3 15.8
      vertex 49.1266 125.865 2.4
      vertex 49.1266 125.865 15.8
    endloop
  endfacet
  facet normal -0.980764 -0.195197 0
    outer loop
      vertex 48.4363 127.265 2.4
      vertex 48.3342 127.778 15.8
      vertex 48.3342 127.778 2.4
    endloop
  endfacet
  facet normal -0.980764 -0.195197 0
    outer loop
      vertex 48.3342 127.778 15.8
      vertex 48.4363 127.265 2.4
      vertex 48.4363 127.265 15.8
    endloop
  endfacet
  facet normal 0.321156 -0.947026 0
    outer loop
      vertex 53.3353 124.436 2.4
      vertex 53.8307 124.604 15.8
      vertex 53.3353 124.436 15.8
    endloop
  endfacet
  facet normal 0.321156 -0.947026 0
    outer loop
      vertex 53.8307 124.604 15.8
      vertex 53.3353 124.436 2.4
      vertex 53.8307 124.604 2.4
    endloop
  endfacet
  facet normal 0.659343 -0.751842 0
    outer loop
      vertex 54.735 125.127 2.4
      vertex 55.1284 125.472 15.8
      vertex 54.735 125.127 15.8
    endloop
  endfacet
  facet normal 0.659343 -0.751842 0
    outer loop
      vertex 55.1284 125.472 15.8
      vertex 54.735 125.127 2.4
      vertex 55.1284 125.472 2.4
    endloop
  endfacet
  facet normal 0.831432 -0.555626 0
    outer loop
      vertex 55.4734 125.865 15.8
      vertex 55.7641 126.3 2.4
      vertex 55.7641 126.3 15.8
    endloop
  endfacet
  facet normal 0.831432 -0.555626 0
    outer loop
      vertex 55.7641 126.3 2.4
      vertex 55.4734 125.865 15.8
      vertex 55.4734 125.865 2.4
    endloop
  endfacet
  facet normal 0.947028 -0.32115 0
    outer loop
      vertex 55.9955 126.769 15.8
      vertex 56.1637 127.265 2.4
      vertex 56.1637 127.265 15.8
    endloop
  endfacet
  facet normal 0.947028 -0.32115 0
    outer loop
      vertex 56.1637 127.265 2.4
      vertex 55.9955 126.769 15.8
      vertex 55.9955 126.769 2.4
    endloop
  endfacet
  facet normal -0.556022 -0.831167 0
    outer loop
      vertex 49.865 125.127 2.4
      vertex 50.3 124.836 15.8
      vertex 49.865 125.127 15.8
    endloop
  endfacet
  facet normal -0.556022 -0.831167 -0
    outer loop
      vertex 50.3 124.836 15.8
      vertex 49.865 125.127 2.4
      vertex 50.3 124.836 2.4
    endloop
  endfacet
  facet normal -0.19494 -0.980815 0
    outer loop
      vertex 51.2647 124.436 2.4
      vertex 51.7779 124.334 15.8
      vertex 51.2647 124.436 15.8
    endloop
  endfacet
  facet normal -0.19494 -0.980815 -0
    outer loop
      vertex 51.7779 124.334 15.8
      vertex 51.2647 124.436 2.4
      vertex 51.7779 124.334 2.4
    endloop
  endfacet
  facet normal -0.947028 -0.32115 0
    outer loop
      vertex 48.6045 126.769 2.4
      vertex 48.4363 127.265 15.8
      vertex 48.4363 127.265 2.4
    endloop
  endfacet
  facet normal -0.947028 -0.32115 0
    outer loop
      vertex 48.4363 127.265 15.8
      vertex 48.6045 126.769 2.4
      vertex 48.6045 126.769 15.8
    endloop
  endfacet
  facet normal 0.997859 0.0653948 0
    outer loop
      vertex 9.65 30.4 6.4
      vertex 9.6222 30.8242 2.4
      vertex 9.6222 30.8242 6.4
    endloop
  endfacet
  facet normal 0.997859 0.0653948 0
    outer loop
      vertex 9.6222 30.8242 2.4
      vertex 9.65 30.4 6.4
      vertex 9.65 30.4 2.4
    endloop
  endfacet
  facet normal -0.997859 0.0653948 0
    outer loop
      vertex 3.15 30.4 2.4
      vertex 3.1778 30.8242 6.4
      vertex 3.1778 30.8242 2.4
    endloop
  endfacet
  facet normal -0.997859 0.0653948 0
    outer loop
      vertex 3.1778 30.8242 6.4
      vertex 3.15 30.4 2.4
      vertex 3.15 30.4 6.4
    endloop
  endfacet
  facet normal 0.0653933 0.99786 -0
    outer loop
      vertex 6.82421 33.6222 2.4
      vertex 6.4 33.65 6.4
      vertex 6.82421 33.6222 6.4
    endloop
  endfacet
  facet normal 0.0653933 0.99786 0
    outer loop
      vertex 6.4 33.65 6.4
      vertex 6.82421 33.6222 2.4
      vertex 6.4 33.65 2.4
    endloop
  endfacet
  facet normal 0.659335 0.751849 -0
    outer loop
      vertex 8.6981 32.6981 2.4
      vertex 8.37847 32.9784 6.4
      vertex 8.6981 32.6981 6.4
    endloop
  endfacet
  facet normal 0.659335 0.751849 0
    outer loop
      vertex 8.37847 32.9784 6.4
      vertex 8.6981 32.6981 2.4
      vertex 8.37847 32.9784 2.4
    endloop
  endfacet
  facet normal -0.659335 0.751849 0
    outer loop
      vertex 4.42153 32.9784 2.4
      vertex 4.1019 32.6981 6.4
      vertex 4.42153 32.9784 6.4
    endloop
  endfacet
  facet normal -0.659335 0.751849 0
    outer loop
      vertex 4.1019 32.6981 6.4
      vertex 4.42153 32.9784 2.4
      vertex 4.1019 32.6981 2.4
    endloop
  endfacet
  facet normal -0.321543 0.946895 0
    outer loop
      vertex 5.55884 33.5393 2.4
      vertex 5.15628 33.4026 6.4
      vertex 5.55884 33.5393 6.4
    endloop
  endfacet
  facet normal -0.321543 0.946895 0
    outer loop
      vertex 5.15628 33.4026 6.4
      vertex 5.55884 33.5393 2.4
      vertex 5.15628 33.4026 2.4
    endloop
  endfacet
  facet normal -0.980788 -0.195076 0
    outer loop
      vertex 3.26074 29.5588 2.4
      vertex 3.1778 29.9758 6.4
      vertex 3.1778 29.9758 2.4
    endloop
  endfacet
  facet normal -0.980788 -0.195076 0
    outer loop
      vertex 3.1778 29.9758 6.4
      vertex 3.26074 29.5588 2.4
      vertex 3.26074 29.5588 6.4
    endloop
  endfacet
  facet normal 0 0 -1
    outer loop
      vertex 9.6222 29.9758 2.4
      vertex 9.6222 30.8242 2.4
      vertex 9.65 30.4 2.4
    endloop
  endfacet
  facet normal 0 0 -1
    outer loop
      vertex 9.53926 29.5588 2.4
      vertex 9.6222 30.8242 2.4
      vertex 9.6222 29.9758 2.4
    endloop
  endfacet
  facet normal 0 0 -1
    outer loop
      vertex 9.53926 29.5588 2.4
      vertex 9.53926 31.2412 2.4
      vertex 9.6222 30.8242 2.4
    endloop
  endfacet
  facet normal 0 0 -1
    outer loop
      vertex 9.40261 29.1563 2.4
      vertex 9.53926 31.2412 2.4
      vertex 9.53926 29.5588 2.4
    endloop
  endfacet
  facet normal 0 0 -1
    outer loop
      vertex 9.40261 29.1563 2.4
      vertex 9.40261 31.6437 2.4
      vertex 9.53926 31.2412 2.4
    endloop
  endfacet
  facet normal 0 0 -1
    outer loop
      vertex 9.21458 28.775 2.4
      vertex 9.40261 31.6437 2.4
      vertex 9.40261 29.1563 2.4
    endloop
  endfacet
  facet normal 0 0 -1
    outer loop
      vertex 9.21458 28.775 2.4
      vertex 9.21458 32.025 2.4
      vertex 9.40261 31.6437 2.4
    endloop
  endfacet
  facet normal 0 0 -1
    outer loop
      vertex 8.9784 28.4215 2.4
      vertex 9.21458 32.025 2.4
      vertex 9.21458 28.775 2.4
    endloop
  endfacet
  facet normal 0 0 -1
    outer loop
      vertex 8.9784 28.4215 2.4
      vertex 8.9784 32.3785 2.4
      vertex 9.21458 32.025 2.4
    endloop
  endfacet
  facet normal 0 0 -1
    outer loop
      vertex 8.6981 28.1019 2.4
      vertex 8.9784 32.3785 2.4
      vertex 8.9784 28.4215 2.4
    endloop
  endfacet
  facet normal 0 0 -1
    outer loop
      vertex 8.6981 28.1019 2.4
      vertex 8.6981 32.6981 2.4
      vertex 8.9784 32.3785 2.4
    endloop
  endfacet
  facet normal 0 0 -1
    outer loop
      vertex 8.37847 27.8216 2.4
      vertex 8.6981 32.6981 2.4
      vertex 8.6981 28.1019 2.4
    endloop
  endfacet
  facet normal 0 0 -1
    outer loop
      vertex 8.37847 27.8216 2.4
      vertex 8.37847 32.9784 2.4
      vertex 8.6981 32.6981 2.4
    endloop
  endfacet
  facet normal 0 0 -1
    outer loop
      vertex 8.025 27.5854 2.4
      vertex 8.37847 32.9784 2.4
      vertex 8.37847 27.8216 2.4
    endloop
  endfacet
  facet normal 0 0 -1
    outer loop
      vertex 8.025 27.5854 2.4
      vertex 8.025 33.2146 2.4
      vertex 8.37847 32.9784 2.4
    endloop
  endfacet
  facet normal 0 0 -1
    outer loop
      vertex 7.64372 27.3974 2.4
      vertex 8.025 33.2146 2.4
      vertex 8.025 27.5854 2.4
    endloop
  endfacet
  facet normal 0 0 -1
    outer loop
      vertex 7.64372 27.3974 2.4
      vertex 7.64372 33.4026 2.4
      vertex 8.025 33.2146 2.4
    endloop
  endfacet
  facet normal 0 0 -1
    outer loop
      vertex 7.24116 27.2607 2.4
      vertex 7.64372 33.4026 2.4
      vertex 7.64372 27.3974 2.4
    endloop
  endfacet
  facet normal 0 0 -1
    outer loop
      vertex 7.24116 27.2607 2.4
      vertex 7.24116 33.5393 2.4
      vertex 7.64372 33.4026 2.4
    endloop
  endfacet
  facet normal 0 0 -1
    outer loop
      vertex 6.82421 27.1778 2.4
      vertex 7.24116 33.5393 2.4
      vertex 7.24116 27.2607 2.4
    endloop
  endfacet
  facet normal 0 0 -1
    outer loop
      vertex 6.82421 27.1778 2.4
      vertex 6.82421 33.6222 2.4
      vertex 7.24116 33.5393 2.4
    endloop
  endfacet
  facet normal 0 0 -1
    outer loop
      vertex 6.4 27.15 2.4
      vertex 6.82421 33.6222 2.4
      vertex 6.82421 27.1778 2.4
    endloop
  endfacet
  facet normal 0 0 -1
    outer loop
      vertex 6.4 27.15 2.4
      vertex 6.4 33.65 2.4
      vertex 6.82421 33.6222 2.4
    endloop
  endfacet
  facet normal 0 0 -1
    outer loop
      vertex 5.97579 27.1778 2.4
      vertex 6.4 33.65 2.4
      vertex 6.4 27.15 2.4
    endloop
  endfacet
  facet normal 0 0 -1
    outer loop
      vertex 5.97579 27.1778 2.4
      vertex 5.97579 33.6222 2.4
      vertex 6.4 33.65 2.4
    endloop
  endfacet
  facet normal 0 0 -1
    outer loop
      vertex 5.55884 27.2607 2.4
      vertex 5.97579 33.6222 2.4
      vertex 5.97579 27.1778 2.4
    endloop
  endfacet
  facet normal 0 0 -1
    outer loop
      vertex 5.55884 27.2607 2.4
      vertex 5.55884 33.5393 2.4
      vertex 5.97579 33.6222 2.4
    endloop
  endfacet
  facet normal 0 0 -1
    outer loop
      vertex 5.15628 27.3974 2.4
      vertex 5.55884 33.5393 2.4
      vertex 5.55884 27.2607 2.4
    endloop
  endfacet
  facet normal 0 0 -1
    outer loop
      vertex 5.15628 27.3974 2.4
      vertex 5.15628 33.4026 2.4
      vertex 5.55884 33.5393 2.4
    endloop
  endfacet
  facet normal 0 0 -1
    outer loop
      vertex 4.775 27.5854 2.4
      vertex 5.15628 33.4026 2.4
      vertex 5.15628 27.3974 2.4
    endloop
  endfacet
  facet normal 0 0 -1
    outer loop
      vertex 4.775 27.5854 2.4
      vertex 4.775 33.2146 2.4
      vertex 5.15628 33.4026 2.4
    endloop
  endfacet
  facet normal 0 0 -1
    outer loop
      vertex 4.42153 27.8216 2.4
      vertex 4.775 33.2146 2.4
      vertex 4.775 27.5854 2.4
    endloop
  endfacet
  facet normal 0 0 -1
    outer loop
      vertex 4.42153 27.8216 2.4
      vertex 4.42153 32.9784 2.4
      vertex 4.775 33.2146 2.4
    endloop
  endfacet
  facet normal 0 0 -1
    outer loop
      vertex 4.1019 28.1019 2.4
      vertex 4.42153 32.9784 2.4
      vertex 4.42153 27.8216 2.4
    endloop
  endfacet
  facet normal 0 0 -1
    outer loop
      vertex 4.1019 28.1019 2.4
      vertex 4.1019 32.6981 2.4
      vertex 4.42153 32.9784 2.4
    endloop
  endfacet
  facet normal 0 0 -1
    outer loop
      vertex 3.8216 28.4215 2.4
      vertex 4.1019 32.6981 2.4
      vertex 4.1019 28.1019 2.4
    endloop
  endfacet
  facet normal 0 0 -1
    outer loop
      vertex 3.8216 28.4215 2.4
      vertex 3.8216 32.3785 2.4
      vertex 4.1019 32.6981 2.4
    endloop
  endfacet
  facet normal 0 0 -1
    outer loop
      vertex 3.58542 28.775 2.4
      vertex 3.8216 32.3785 2.4
      vertex 3.8216 28.4215 2.4
    endloop
  endfacet
  facet normal 0 0 -1
    outer loop
      vertex 3.58542 28.775 2.4
      vertex 3.58542 32.025 2.4
      vertex 3.8216 32.3785 2.4
    endloop
  endfacet
  facet normal 0 0 -1
    outer loop
      vertex 3.39739 29.1563 2.4
      vertex 3.58542 32.025 2.4
      vertex 3.58542 28.775 2.4
    endloop
  endfacet
  facet normal 0 0 -1
    outer loop
      vertex 3.39739 29.1563 2.4
      vertex 3.39739 31.6437 2.4
      vertex 3.58542 32.025 2.4
    endloop
  endfacet
  facet normal 0 0 -1
    outer loop
      vertex 3.26074 29.5588 2.4
      vertex 3.39739 31.6437 2.4
      vertex 3.39739 29.1563 2.4
    endloop
  endfacet
  facet normal 0 0 -1
    outer loop
      vertex 3.26074 29.5588 2.4
      vertex 3.26074 31.2412 2.4
      vertex 3.39739 31.6437 2.4
    endloop
  endfacet
  facet normal 0 0 -1
    outer loop
      vertex 3.1778 29.9758 2.4
      vertex 3.26074 31.2412 2.4
      vertex 3.26074 29.5588 2.4
    endloop
  endfacet
  facet normal 0 0 -1
    outer loop
      vertex 3.1778 29.9758 2.4
      vertex 3.1778 30.8242 2.4
      vertex 3.26074 31.2412 2.4
    endloop
  endfacet
  facet normal 0 -0 -1
    outer loop
      vertex 3.1778 30.8242 2.4
      vertex 3.1778 29.9758 2.4
      vertex 3.15 30.4 2.4
    endloop
  endfacet
  facet normal 0.896879 0.442277 0
    outer loop
      vertex 9.40261 31.6437 6.4
      vertex 9.21458 32.025 2.4
      vertex 9.21458 32.025 6.4
    endloop
  endfacet
  facet normal 0.896879 0.442277 0
    outer loop
      vertex 9.21458 32.025 2.4
      vertex 9.40261 31.6437 6.4
      vertex 9.40261 31.6437 2.4
    endloop
  endfacet
  facet normal 0.831493 0.555536 0
    outer loop
      vertex 9.21458 32.025 6.4
      vertex 8.9784 32.3785 2.4
      vertex 8.9784 32.3785 6.4
    endloop
  endfacet
  facet normal 0.831493 0.555536 0
    outer loop
      vertex 8.9784 32.3785 2.4
      vertex 9.21458 32.025 6.4
      vertex 9.21458 32.025 2.4
    endloop
  endfacet
  facet normal 0.442239 0.896897 -0
    outer loop
      vertex 8.025 33.2146 2.4
      vertex 7.64372 33.4026 6.4
      vertex 8.025 33.2146 6.4
    endloop
  endfacet
  facet normal 0.442239 0.896897 0
    outer loop
      vertex 7.64372 33.4026 6.4
      vertex 8.025 33.2146 2.4
      vertex 7.64372 33.4026 2.4
    endloop
  endfacet
  facet normal 0.555601 0.831449 -0
    outer loop
      vertex 8.37847 32.9784 2.4
      vertex 8.025 33.2146 6.4
      vertex 8.37847 32.9784 6.4
    endloop
  endfacet
  facet normal 0.555601 0.831449 0
    outer loop
      vertex 8.025 33.2146 6.4
      vertex 8.37847 32.9784 2.4
      vertex 8.025 33.2146 2.4
    endloop
  endfacet
  facet normal -0.831493 0.555536 0
    outer loop
      vertex 3.58542 32.025 2.4
      vertex 3.8216 32.3785 6.4
      vertex 3.8216 32.3785 2.4
    endloop
  endfacet
  facet normal -0.831493 0.555536 0
    outer loop
      vertex 3.8216 32.3785 6.4
      vertex 3.58542 32.025 2.4
      vertex 3.58542 32.025 6.4
    endloop
  endfacet
  facet normal -0.751818 0.65937 0
    outer loop
      vertex 3.8216 32.3785 2.4
      vertex 4.1019 32.6981 6.4
      vertex 4.1019 32.6981 2.4
    endloop
  endfacet
  facet normal -0.751818 0.65937 0
    outer loop
      vertex 4.1019 32.6981 6.4
      vertex 3.8216 32.3785 2.4
      vertex 3.8216 32.3785 6.4
    endloop
  endfacet
  facet normal 0 0 1
    outer loop
      vertex 7.6 30.4 6.4
      vertex 9.65 30.4 6.4
      vertex 9.6222 30.8242 6.4
    endloop
  endfacet
  facet normal 0 0 1
    outer loop
      vertex 7.58973 30.5566 6.4
      vertex 9.6222 30.8242 6.4
      vertex 9.53926 31.2412 6.4
    endloop
  endfacet
  facet normal 0 0 1
    outer loop
      vertex 9.65 30.4 6.4
      vertex 7.6 30.4 6.4
      vertex 9.6222 29.9758 6.4
    endloop
  endfacet
  facet normal 0 0 1
    outer loop
      vertex 7.55911 30.7106 6.4
      vertex 9.53926 31.2412 6.4
      vertex 9.40261 31.6437 6.4
    endloop
  endfacet
  facet normal -0 0 1
    outer loop
      vertex 7.58973 30.2434 6.4
      vertex 9.6222 29.9758 6.4
      vertex 7.6 30.4 6.4
    endloop
  endfacet
  facet normal 0 0 1
    outer loop
      vertex 7.50866 30.8592 6.4
      vertex 9.40261 31.6437 6.4
      vertex 9.21458 32.025 6.4
    endloop
  endfacet
  facet normal 0 0 1
    outer loop
      vertex 9.6222 29.9758 6.4
      vertex 7.58973 30.2434 6.4
      vertex 9.53926 29.5588 6.4
    endloop
  endfacet
  facet normal 0 0 1
    outer loop
      vertex 7.43923 31 6.4
      vertex 9.21458 32.025 6.4
      vertex 8.9784 32.3785 6.4
    endloop
  endfacet
  facet normal -0 0 1
    outer loop
      vertex 7.55911 30.0894 6.4
      vertex 9.53926 29.5588 6.4
      vertex 7.58973 30.2434 6.4
    endloop
  endfacet
  facet normal 0 0 1
    outer loop
      vertex 7.35202 31.1305 6.4
      vertex 8.9784 32.3785 6.4
      vertex 8.6981 32.6981 6.4
    endloop
  endfacet
  facet normal 0 0 1
    outer loop
      vertex 9.53926 29.5588 6.4
      vertex 7.55911 30.0894 6.4
      vertex 9.40261 29.1563 6.4
    endloop
  endfacet
  facet normal 0 0 1
    outer loop
      vertex 7.24853 31.2485 6.4
      vertex 8.6981 32.6981 6.4
      vertex 8.37847 32.9784 6.4
    endloop
  endfacet
  facet normal -0 0 1
    outer loop
      vertex 7.50866 29.9408 6.4
      vertex 9.40261 29.1563 6.4
      vertex 7.55911 30.0894 6.4
    endloop
  endfacet
  facet normal 0 0 1
    outer loop
      vertex 7.13051 31.352 6.4
      vertex 8.37847 32.9784 6.4
      vertex 8.025 33.2146 6.4
    endloop
  endfacet
  facet normal 0 0 1
    outer loop
      vertex 9.40261 29.1563 6.4
      vertex 7.50866 29.9408 6.4
      vertex 9.21458 28.775 6.4
    endloop
  endfacet
  facet normal 0 0 1
    outer loop
      vertex 7 31.4392 6.4
      vertex 8.025 33.2146 6.4
      vertex 7.64372 33.4026 6.4
    endloop
  endfacet
  facet normal -0 0 1
    outer loop
      vertex 7.43923 29.8 6.4
      vertex 9.21458 28.775 6.4
      vertex 7.50866 29.9408 6.4
    endloop
  endfacet
  facet normal 0 0 1
    outer loop
      vertex 9.21458 28.775 6.4
      vertex 7.43923 29.8 6.4
      vertex 8.9784 28.4215 6.4
    endloop
  endfacet
  facet normal 0 0 1
    outer loop
      vertex 9.6222 30.8242 6.4
      vertex 7.58973 30.5566 6.4
      vertex 7.6 30.4 6.4
    endloop
  endfacet
  facet normal 0 0 1
    outer loop
      vertex 9.53926 31.2412 6.4
      vertex 7.55911 30.7106 6.4
      vertex 7.58973 30.5566 6.4
    endloop
  endfacet
  facet normal 0 0 1
    outer loop
      vertex 9.40261 31.6437 6.4
      vertex 7.50866 30.8592 6.4
      vertex 7.55911 30.7106 6.4
    endloop
  endfacet
  facet normal 0 0 1
    outer loop
      vertex 9.21458 32.025 6.4
      vertex 7.43923 31 6.4
      vertex 7.50866 30.8592 6.4
    endloop
  endfacet
  facet normal 0 0 1
    outer loop
      vertex 8.9784 32.3785 6.4
      vertex 7.35202 31.1305 6.4
      vertex 7.43923 31 6.4
    endloop
  endfacet
  facet normal 0 0 1
    outer loop
      vertex 8.6981 32.6981 6.4
      vertex 7.24853 31.2485 6.4
      vertex 7.35202 31.1305 6.4
    endloop
  endfacet
  facet normal 0 0 1
    outer loop
      vertex 6.85922 31.5087 6.4
      vertex 7.64372 33.4026 6.4
      vertex 7.24116 33.5393 6.4
    endloop
  endfacet
  facet normal 0 0 1
    outer loop
      vertex 8.37847 32.9784 6.4
      vertex 7.13051 31.352 6.4
      vertex 7.24853 31.2485 6.4
    endloop
  endfacet
  facet normal 0 0 1
    outer loop
      vertex 8.025 33.2146 6.4
      vertex 7 31.4392 6.4
      vertex 7.13051 31.352 6.4
    endloop
  endfacet
  facet normal 0 0 1
    outer loop
      vertex 7.64372 33.4026 6.4
      vertex 6.85922 31.5087 6.4
      vertex 7 31.4392 6.4
    endloop
  endfacet
  facet normal 0 0 1
    outer loop
      vertex 6.71058 31.5591 6.4
      vertex 7.24116 33.5393 6.4
      vertex 6.82421 33.6222 6.4
    endloop
  endfacet
  facet normal 0 0 1
    outer loop
      vertex 7.24116 33.5393 6.4
      vertex 6.71058 31.5591 6.4
      vertex 6.85922 31.5087 6.4
    endloop
  endfacet
  facet normal 0 0 1
    outer loop
      vertex 6.82421 33.6222 6.4
      vertex 6.55663 31.5897 6.4
      vertex 6.71058 31.5591 6.4
    endloop
  endfacet
  facet normal 0 0 1
    outer loop
      vertex 6.4 33.65 6.4
      vertex 6.55663 31.5897 6.4
      vertex 6.82421 33.6222 6.4
    endloop
  endfacet
  facet normal 0 0 1
    outer loop
      vertex 6.4 33.65 6.4
      vertex 6.4 31.6 6.4
      vertex 6.55663 31.5897 6.4
    endloop
  endfacet
  facet normal 0 0 1
    outer loop
      vertex 6.4 33.65 6.4
      vertex 6.24337 31.5897 6.4
      vertex 6.4 31.6 6.4
    endloop
  endfacet
  facet normal -0 0 1
    outer loop
      vertex 5.97579 33.6222 6.4
      vertex 6.24337 31.5897 6.4
      vertex 6.4 33.65 6.4
    endloop
  endfacet
  facet normal 0 0 1
    outer loop
      vertex 6.24337 31.5897 6.4
      vertex 5.97579 33.6222 6.4
      vertex 6.08942 31.5591 6.4
    endloop
  endfacet
  facet normal -0 0 1
    outer loop
      vertex 5.55884 33.5393 6.4
      vertex 6.08942 31.5591 6.4
      vertex 5.97579 33.6222 6.4
    endloop
  endfacet
  facet normal 0 0 1
    outer loop
      vertex 6.08942 31.5591 6.4
      vertex 5.55884 33.5393 6.4
      vertex 5.94078 31.5087 6.4
    endloop
  endfacet
  facet normal -0 0 1
    outer loop
      vertex 5.15628 33.4026 6.4
      vertex 5.94078 31.5087 6.4
      vertex 5.55884 33.5393 6.4
    endloop
  endfacet
  facet normal 0 0 1
    outer loop
      vertex 5.94078 31.5087 6.4
      vertex 5.15628 33.4026 6.4
      vertex 5.8 31.4392 6.4
    endloop
  endfacet
  facet normal -0 0 1
    outer loop
      vertex 4.775 33.2146 6.4
      vertex 5.8 31.4392 6.4
      vertex 5.15628 33.4026 6.4
    endloop
  endfacet
  facet normal 0 0 1
    outer loop
      vertex 5.8 31.4392 6.4
      vertex 4.775 33.2146 6.4
      vertex 5.66949 31.352 6.4
    endloop
  endfacet
  facet normal -0 0 1
    outer loop
      vertex 4.42153 32.9784 6.4
      vertex 5.66949 31.352 6.4
      vertex 4.775 33.2146 6.4
    endloop
  endfacet
  facet normal 0 0 1
    outer loop
      vertex 5.66949 31.352 6.4
      vertex 4.42153 32.9784 6.4
      vertex 5.55147 31.2485 6.4
    endloop
  endfacet
  facet normal -0 0 1
    outer loop
      vertex 4.1019 32.6981 6.4
      vertex 5.55147 31.2485 6.4
      vertex 4.42153 32.9784 6.4
    endloop
  endfacet
  facet normal 0 0 1
    outer loop
      vertex 5.55147 31.2485 6.4
      vertex 4.1019 32.6981 6.4
      vertex 5.44798 31.1305 6.4
    endloop
  endfacet
  facet normal 0 0 1
    outer loop
      vertex 5.44798 31.1305 6.4
      vertex 3.8216 32.3785 6.4
      vertex 5.36077 31 6.4
    endloop
  endfacet
  facet normal -0 0 1
    outer loop
      vertex 3.8216 32.3785 6.4
      vertex 5.44798 31.1305 6.4
      vertex 4.1019 32.6981 6.4
    endloop
  endfacet
  facet normal -0 0 1
    outer loop
      vertex 7.35202 29.6695 6.4
      vertex 8.9784 28.4215 6.4
      vertex 7.43923 29.8 6.4
    endloop
  endfacet
  facet normal 0 0 1
    outer loop
      vertex 8.9784 28.4215 6.4
      vertex 7.35202 29.6695 6.4
      vertex 8.6981 28.1019 6.4
    endloop
  endfacet
  facet normal -0 0 1
    outer loop
      vertex 7.24853 29.5515 6.4
      vertex 8.6981 28.1019 6.4
      vertex 7.35202 29.6695 6.4
    endloop
  endfacet
  facet normal 0 0 1
    outer loop
      vertex 8.6981 28.1019 6.4
      vertex 7.24853 29.5515 6.4
      vertex 8.37847 27.8216 6.4
    endloop
  endfacet
  facet normal -0 0 1
    outer loop
      vertex 7.13051 29.448 6.4
      vertex 8.37847 27.8216 6.4
      vertex 7.24853 29.5515 6.4
    endloop
  endfacet
  facet normal 0 0 1
    outer loop
      vertex 8.37847 27.8216 6.4
      vertex 7.13051 29.448 6.4
      vertex 8.025 27.5854 6.4
    endloop
  endfacet
  facet normal -0 0 1
    outer loop
      vertex 7 29.3608 6.4
      vertex 8.025 27.5854 6.4
      vertex 7.13051 29.448 6.4
    endloop
  endfacet
  facet normal 0 0 1
    outer loop
      vertex 8.025 27.5854 6.4
      vertex 7 29.3608 6.4
      vertex 7.64372 27.3974 6.4
    endloop
  endfacet
  facet normal -0 0 1
    outer loop
      vertex 6.85922 29.2913 6.4
      vertex 7.64372 27.3974 6.4
      vertex 7 29.3608 6.4
    endloop
  endfacet
  facet normal 0 0 1
    outer loop
      vertex 7.64372 27.3974 6.4
      vertex 6.85922 29.2913 6.4
      vertex 7.24116 27.2607 6.4
    endloop
  endfacet
  facet normal -0 0 1
    outer loop
      vertex 6.71058 29.2409 6.4
      vertex 7.24116 27.2607 6.4
      vertex 6.85922 29.2913 6.4
    endloop
  endfacet
  facet normal 0 0 1
    outer loop
      vertex 7.24116 27.2607 6.4
      vertex 6.71058 29.2409 6.4
      vertex 6.82421 27.1778 6.4
    endloop
  endfacet
  facet normal -0 0 1
    outer loop
      vertex 6.55663 29.2103 6.4
      vertex 6.82421 27.1778 6.4
      vertex 6.71058 29.2409 6.4
    endloop
  endfacet
  facet normal -0 0 1
    outer loop
      vertex 6.4 29.2 6.4
      vertex 6.82421 27.1778 6.4
      vertex 6.55663 29.2103 6.4
    endloop
  endfacet
  facet normal 0 0 1
    outer loop
      vertex 6.4 29.2 6.4
      vertex 6.4 27.15 6.4
      vertex 6.82421 27.1778 6.4
    endloop
  endfacet
  facet normal 0 0 1
    outer loop
      vertex 6.24337 29.2103 6.4
      vertex 6.4 27.15 6.4
      vertex 6.4 29.2 6.4
    endloop
  endfacet
  facet normal 0 0 1
    outer loop
      vertex 5.97579 27.1778 6.4
      vertex 6.24337 29.2103 6.4
      vertex 6.08942 29.2409 6.4
    endloop
  endfacet
  facet normal 0 0 1
    outer loop
      vertex 6.24337 29.2103 6.4
      vertex 5.97579 27.1778 6.4
      vertex 6.4 27.15 6.4
    endloop
  endfacet
  facet normal 0 0 1
    outer loop
      vertex 5.55884 27.2607 6.4
      vertex 6.08942 29.2409 6.4
      vertex 5.94078 29.2913 6.4
    endloop
  endfacet
  facet normal 0 0 1
    outer loop
      vertex 5.15628 27.3974 6.4
      vertex 5.94078 29.2913 6.4
      vertex 5.8 29.3608 6.4
    endloop
  endfacet
  facet normal 0 0 1
    outer loop
      vertex 4.775 27.5854 6.4
      vertex 5.8 29.3608 6.4
      vertex 5.66949 29.448 6.4
    endloop
  endfacet
  facet normal 0 0 1
    outer loop
      vertex 6.08942 29.2409 6.4
      vertex 5.55884 27.2607 6.4
      vertex 5.97579 27.1778 6.4
    endloop
  endfacet
  facet normal 0 0 1
    outer loop
      vertex 4.42153 27.8216 6.4
      vertex 5.66949 29.448 6.4
      vertex 5.55147 29.5515 6.4
    endloop
  endfacet
  facet normal 0 0 1
    outer loop
      vertex 4.1019 28.1019 6.4
      vertex 5.55147 29.5515 6.4
      vertex 5.44798 29.6695 6.4
    endloop
  endfacet
  facet normal 0 0 1
    outer loop
      vertex 3.8216 28.4215 6.4
      vertex 5.44798 29.6695 6.4
      vertex 5.36077 29.8 6.4
    endloop
  endfacet
  facet normal 0 0 1
    outer loop
      vertex 3.58542 28.775 6.4
      vertex 5.36077 29.8 6.4
      vertex 5.29135 29.9408 6.4
    endloop
  endfacet
  facet normal 0 0 1
    outer loop
      vertex 3.39739 29.1563 6.4
      vertex 5.29135 29.9408 6.4
      vertex 5.24089 30.0894 6.4
    endloop
  endfacet
  facet normal 0 0 1
    outer loop
      vertex 3.26074 29.5588 6.4
      vertex 5.24089 30.0894 6.4
      vertex 5.21027 30.2434 6.4
    endloop
  endfacet
  facet normal 0 0 1
    outer loop
      vertex 5.94078 29.2913 6.4
      vertex 5.15628 27.3974 6.4
      vertex 5.55884 27.2607 6.4
    endloop
  endfacet
  facet normal 0 0 1
    outer loop
      vertex 3.1778 29.9758 6.4
      vertex 5.21027 30.2434 6.4
      vertex 5.2 30.4 6.4
    endloop
  endfacet
  facet normal -0 0 1
    outer loop
      vertex 3.58542 32.025 6.4
      vertex 5.36077 31 6.4
      vertex 3.8216 32.3785 6.4
    endloop
  endfacet
  facet normal 0 0 1
    outer loop
      vertex 5.36077 31 6.4
      vertex 3.58542 32.025 6.4
      vertex 5.29135 30.8592 6.4
    endloop
  endfacet
  facet normal 0 0 1
    outer loop
      vertex 5.8 29.3608 6.4
      vertex 4.775 27.5854 6.4
      vertex 5.15628 27.3974 6.4
    endloop
  endfacet
  facet normal -0 0 1
    outer loop
      vertex 3.39739 31.6437 6.4
      vertex 5.29135 30.8592 6.4
      vertex 3.58542 32.025 6.4
    endloop
  endfacet
  facet normal 0 0 1
    outer loop
      vertex 5.66949 29.448 6.4
      vertex 4.42153 27.8216 6.4
      vertex 4.775 27.5854 6.4
    endloop
  endfacet
  facet normal 0 0 1
    outer loop
      vertex 5.29135 30.8592 6.4
      vertex 3.39739 31.6437 6.4
      vertex 5.24089 30.7106 6.4
    endloop
  endfacet
  facet normal 0 0 1
    outer loop
      vertex 5.55147 29.5515 6.4
      vertex 4.1019 28.1019 6.4
      vertex 4.42153 27.8216 6.4
    endloop
  endfacet
  facet normal -0 0 1
    outer loop
      vertex 3.26074 31.2412 6.4
      vertex 5.24089 30.7106 6.4
      vertex 3.39739 31.6437 6.4
    endloop
  endfacet
  facet normal 0 0 1
    outer loop
      vertex 5.44798 29.6695 6.4
      vertex 3.8216 28.4215 6.4
      vertex 4.1019 28.1019 6.4
    endloop
  endfacet
  facet normal 0 0 1
    outer loop
      vertex 5.24089 30.7106 6.4
      vertex 3.26074 31.2412 6.4
      vertex 5.21027 30.5566 6.4
    endloop
  endfacet
  facet normal 0 0 1
    outer loop
      vertex 5.36077 29.8 6.4
      vertex 3.58542 28.775 6.4
      vertex 3.8216 28.4215 6.4
    endloop
  endfacet
  facet normal -0 0 1
    outer loop
      vertex 3.1778 30.8242 6.4
      vertex 5.21027 30.5566 6.4
      vertex 3.26074 31.2412 6.4
    endloop
  endfacet
  facet normal 0 0 1
    outer loop
      vertex 5.29135 29.9408 6.4
      vertex 3.39739 29.1563 6.4
      vertex 3.58542 28.775 6.4
    endloop
  endfacet
  facet normal 0 0 1
    outer loop
      vertex 5.21027 30.5566 6.4
      vertex 3.1778 30.8242 6.4
      vertex 5.2 30.4 6.4
    endloop
  endfacet
  facet normal 0 0 1
    outer loop
      vertex 5.24089 30.0894 6.4
      vertex 3.26074 29.5588 6.4
      vertex 3.39739 29.1563 6.4
    endloop
  endfacet
  facet normal 0 0 1
    outer loop
      vertex 3.15 30.4 6.4
      vertex 5.2 30.4 6.4
      vertex 3.1778 30.8242 6.4
    endloop
  endfacet
  facet normal 0 0 1
    outer loop
      vertex 5.21027 30.2434 6.4
      vertex 3.1778 29.9758 6.4
      vertex 3.26074 29.5588 6.4
    endloop
  endfacet
  facet normal 0 0 1
    outer loop
      vertex 5.2 30.4 6.4
      vertex 3.15 30.4 6.4
      vertex 3.1778 29.9758 6.4
    endloop
  endfacet
  facet normal -0.555601 0.831449 0
    outer loop
      vertex 4.775 33.2146 2.4
      vertex 4.42153 32.9784 6.4
      vertex 4.775 33.2146 6.4
    endloop
  endfacet
  facet normal -0.555601 0.831449 0
    outer loop
      vertex 4.42153 32.9784 6.4
      vertex 4.775 33.2146 2.4
      vertex 4.42153 32.9784 2.4
    endloop
  endfacet
  facet normal -0.0653933 0.99786 0
    outer loop
      vertex 6.4 33.65 2.4
      vertex 5.97579 33.6222 6.4
      vertex 6.4 33.65 6.4
    endloop
  endfacet
  facet normal -0.0653933 0.99786 0
    outer loop
      vertex 5.97579 33.6222 6.4
      vertex 6.4 33.65 2.4
      vertex 5.97579 33.6222 2.4
    endloop
  endfacet
  facet normal 0.946916 -0.321481 0
    outer loop
      vertex 9.40261 29.1563 6.4
      vertex 9.53926 29.5588 2.4
      vertex 9.53926 29.5588 6.4
    endloop
  endfacet
  facet normal 0.946916 -0.321481 0
    outer loop
      vertex 9.53926 29.5588 2.4
      vertex 9.40261 29.1563 6.4
      vertex 9.40261 29.1563 2.4
    endloop
  endfacet
  facet normal 0.195008 -0.980802 0
    outer loop
      vertex 6.82421 27.1778 2.4
      vertex 7.24116 27.2607 6.4
      vertex 6.82421 27.1778 6.4
    endloop
  endfacet
  facet normal 0.195008 -0.980802 0
    outer loop
      vertex 7.24116 27.2607 6.4
      vertex 6.82421 27.1778 2.4
      vertex 7.24116 27.2607 2.4
    endloop
  endfacet
  facet normal 0.0653933 -0.99786 0
    outer loop
      vertex 6.4 27.15 2.4
      vertex 6.82421 27.1778 6.4
      vertex 6.4 27.15 6.4
    endloop
  endfacet
  facet normal 0.0653933 -0.99786 0
    outer loop
      vertex 6.82421 27.1778 6.4
      vertex 6.4 27.15 2.4
      vertex 6.82421 27.1778 2.4
    endloop
  endfacet
  facet normal 0.751818 -0.65937 0
    outer loop
      vertex 8.6981 28.1019 6.4
      vertex 8.9784 28.4215 2.4
      vertex 8.9784 28.4215 6.4
    endloop
  endfacet
  facet normal 0.751818 -0.65937 0
    outer loop
      vertex 8.9784 28.4215 2.4
      vertex 8.6981 28.1019 6.4
      vertex 8.6981 28.1019 2.4
    endloop
  endfacet
  facet normal 0.896879 -0.442277 0
    outer loop
      vertex 9.21458 28.775 6.4
      vertex 9.40261 29.1563 2.4
      vertex 9.40261 29.1563 6.4
    endloop
  endfacet
  facet normal 0.896879 -0.442277 0
    outer loop
      vertex 9.40261 29.1563 2.4
      vertex 9.21458 28.775 6.4
      vertex 9.21458 28.775 2.4
    endloop
  endfacet
  facet normal -0.659335 -0.751849 0
    outer loop
      vertex 4.1019 28.1019 2.4
      vertex 4.42153 27.8216 6.4
      vertex 4.1019 28.1019 6.4
    endloop
  endfacet
  facet normal -0.659335 -0.751849 -0
    outer loop
      vertex 4.42153 27.8216 6.4
      vertex 4.1019 28.1019 2.4
      vertex 4.42153 27.8216 2.4
    endloop
  endfacet
  facet normal -0.321543 -0.946895 0
    outer loop
      vertex 5.15628 27.3974 2.4
      vertex 5.55884 27.2607 6.4
      vertex 5.15628 27.3974 6.4
    endloop
  endfacet
  facet normal -0.321543 -0.946895 -0
    outer loop
      vertex 5.55884 27.2607 6.4
      vertex 5.15628 27.3974 2.4
      vertex 5.55884 27.2607 2.4
    endloop
  endfacet
  facet normal -0.751818 -0.65937 0
    outer loop
      vertex 4.1019 28.1019 2.4
      vertex 3.8216 28.4215 6.4
      vertex 3.8216 28.4215 2.4
    endloop
  endfacet
  facet normal -0.751818 -0.65937 0
    outer loop
      vertex 3.8216 28.4215 6.4
      vertex 4.1019 28.1019 2.4
      vertex 4.1019 28.1019 6.4
    endloop
  endfacet
  facet normal -0.997859 -0.0653948 0
    outer loop
      vertex 3.1778 29.9758 2.4
      vertex 3.15 30.4 6.4
      vertex 3.15 30.4 2.4
    endloop
  endfacet
  facet normal -0.997859 -0.0653948 0
    outer loop
      vertex 3.15 30.4 6.4
      vertex 3.1778 29.9758 2.4
      vertex 3.1778 29.9758 6.4
    endloop
  endfacet
  facet normal 0.946916 0.321481 0
    outer loop
      vertex 9.53926 31.2412 6.4
      vertex 9.40261 31.6437 2.4
      vertex 9.40261 31.6437 6.4
    endloop
  endfacet
  facet normal 0.946916 0.321481 0
    outer loop
      vertex 9.40261 31.6437 2.4
      vertex 9.53926 31.2412 6.4
      vertex 9.53926 31.2412 2.4
    endloop
  endfacet
  facet normal 0.980788 0.195076 0
    outer loop
      vertex 9.6222 30.8242 6.4
      vertex 9.53926 31.2412 2.4
      vertex 9.53926 31.2412 6.4
    endloop
  endfacet
  facet normal 0.980788 0.195076 0
    outer loop
      vertex 9.53926 31.2412 2.4
      vertex 9.6222 30.8242 6.4
      vertex 9.6222 30.8242 2.4
    endloop
  endfacet
  facet normal 0.195008 0.980802 -0
    outer loop
      vertex 7.24116 33.5393 2.4
      vertex 6.82421 33.6222 6.4
      vertex 7.24116 33.5393 6.4
    endloop
  endfacet
  facet normal 0.195008 0.980802 0
    outer loop
      vertex 6.82421 33.6222 6.4
      vertex 7.24116 33.5393 2.4
      vertex 6.82421 33.6222 2.4
    endloop
  endfacet
  facet normal -0.896879 0.442277 0
    outer loop
      vertex 3.39739 31.6437 2.4
      vertex 3.58542 32.025 6.4
      vertex 3.58542 32.025 2.4
    endloop
  endfacet
  facet normal -0.896879 0.442277 0
    outer loop
      vertex 3.58542 32.025 6.4
      vertex 3.39739 31.6437 2.4
      vertex 3.39739 31.6437 6.4
    endloop
  endfacet
  facet normal -0.980788 0.195076 0
    outer loop
      vertex 3.1778 30.8242 2.4
      vertex 3.26074 31.2412 6.4
      vertex 3.26074 31.2412 2.4
    endloop
  endfacet
  facet normal -0.980788 0.195076 0
    outer loop
      vertex 3.26074 31.2412 6.4
      vertex 3.1778 30.8242 2.4
      vertex 3.1778 30.8242 6.4
    endloop
  endfacet
  facet normal 0.997859 -0.0653948 0
    outer loop
      vertex 9.6222 29.9758 6.4
      vertex 9.65 30.4 2.4
      vertex 9.65 30.4 6.4
    endloop
  endfacet
  facet normal 0.997859 -0.0653948 0
    outer loop
      vertex 9.65 30.4 2.4
      vertex 9.6222 29.9758 6.4
      vertex 9.6222 29.9758 2.4
    endloop
  endfacet
  facet normal 0.442239 -0.896897 0
    outer loop
      vertex 7.64372 27.3974 2.4
      vertex 8.025 27.5854 6.4
      vertex 7.64372 27.3974 6.4
    endloop
  endfacet
  facet normal 0.442239 -0.896897 0
    outer loop
      vertex 8.025 27.5854 6.4
      vertex 7.64372 27.3974 2.4
      vertex 8.025 27.5854 2.4
    endloop
  endfacet
  facet normal 0.659335 -0.751849 0
    outer loop
      vertex 8.37847 27.8216 2.4
      vertex 8.6981 28.1019 6.4
      vertex 8.37847 27.8216 6.4
    endloop
  endfacet
  facet normal 0.659335 -0.751849 0
    outer loop
      vertex 8.6981 28.1019 6.4
      vertex 8.37847 27.8216 2.4
      vertex 8.6981 28.1019 2.4
    endloop
  endfacet
  facet normal 0.555601 -0.831449 0
    outer loop
      vertex 8.025 27.5854 2.4
      vertex 8.37847 27.8216 6.4
      vertex 8.025 27.5854 6.4
    endloop
  endfacet
  facet normal 0.555601 -0.831449 0
    outer loop
      vertex 8.37847 27.8216 6.4
      vertex 8.025 27.5854 2.4
      vertex 8.37847 27.8216 2.4
    endloop
  endfacet
  facet normal 0.831493 -0.555536 0
    outer loop
      vertex 8.9784 28.4215 6.4
      vertex 9.21458 28.775 2.4
      vertex 9.21458 28.775 6.4
    endloop
  endfacet
  facet normal 0.831493 -0.555536 0
    outer loop
      vertex 9.21458 28.775 2.4
      vertex 8.9784 28.4215 6.4
      vertex 8.9784 28.4215 2.4
    endloop
  endfacet
  facet normal -0.555601 -0.831449 0
    outer loop
      vertex 4.42153 27.8216 2.4
      vertex 4.775 27.5854 6.4
      vertex 4.42153 27.8216 6.4
    endloop
  endfacet
  facet normal -0.555601 -0.831449 -0
    outer loop
      vertex 4.775 27.5854 6.4
      vertex 4.42153 27.8216 2.4
      vertex 4.775 27.5854 2.4
    endloop
  endfacet
  facet normal -0.0653933 -0.99786 0
    outer loop
      vertex 5.97579 27.1778 2.4
      vertex 6.4 27.15 6.4
      vertex 5.97579 27.1778 6.4
    endloop
  endfacet
  facet normal -0.0653933 -0.99786 -0
    outer loop
      vertex 6.4 27.15 6.4
      vertex 5.97579 27.1778 2.4
      vertex 6.4 27.15 2.4
    endloop
  endfacet
  facet normal -0.896879 -0.442277 0
    outer loop
      vertex 3.58542 28.775 2.4
      vertex 3.39739 29.1563 6.4
      vertex 3.39739 29.1563 2.4
    endloop
  endfacet
  facet normal -0.896879 -0.442277 0
    outer loop
      vertex 3.39739 29.1563 6.4
      vertex 3.58542 28.775 2.4
      vertex 3.58542 28.775 6.4
    endloop
  endfacet
  facet normal 0.751818 0.65937 0
    outer loop
      vertex 8.9784 32.3785 6.4
      vertex 8.6981 32.6981 2.4
      vertex 8.6981 32.6981 6.4
    endloop
  endfacet
  facet normal 0.751818 0.65937 0
    outer loop
      vertex 8.6981 32.6981 2.4
      vertex 8.9784 32.3785 6.4
      vertex 8.9784 32.3785 2.4
    endloop
  endfacet
  facet normal 0.321543 0.946895 -0
    outer loop
      vertex 7.64372 33.4026 2.4
      vertex 7.24116 33.5393 6.4
      vertex 7.64372 33.4026 6.4
    endloop
  endfacet
  facet normal 0.321543 0.946895 0
    outer loop
      vertex 7.24116 33.5393 6.4
      vertex 7.64372 33.4026 2.4
      vertex 7.24116 33.5393 2.4
    endloop
  endfacet
  facet normal -0.946916 0.321481 0
    outer loop
      vertex 3.26074 31.2412 2.4
      vertex 3.39739 31.6437 6.4
      vertex 3.39739 31.6437 2.4
    endloop
  endfacet
  facet normal -0.946916 0.321481 0
    outer loop
      vertex 3.39739 31.6437 6.4
      vertex 3.26074 31.2412 2.4
      vertex 3.26074 31.2412 6.4
    endloop
  endfacet
  facet normal -0.442239 0.896897 0
    outer loop
      vertex 5.15628 33.4026 2.4
      vertex 4.775 33.2146 6.4
      vertex 5.15628 33.4026 6.4
    endloop
  endfacet
  facet normal -0.442239 0.896897 0
    outer loop
      vertex 4.775 33.2146 6.4
      vertex 5.15628 33.4026 2.4
      vertex 4.775 33.2146 2.4
    endloop
  endfacet
  facet normal -0.195008 0.980802 0
    outer loop
      vertex 5.97579 33.6222 2.4
      vertex 5.55884 33.5393 6.4
      vertex 5.97579 33.6222 6.4
    endloop
  endfacet
  facet normal -0.195008 0.980802 0
    outer loop
      vertex 5.55884 33.5393 6.4
      vertex 5.97579 33.6222 2.4
      vertex 5.55884 33.5393 2.4
    endloop
  endfacet
  facet normal 0.321543 -0.946895 0
    outer loop
      vertex 7.24116 27.2607 2.4
      vertex 7.64372 27.3974 6.4
      vertex 7.24116 27.2607 6.4
    endloop
  endfacet
  facet normal 0.321543 -0.946895 0
    outer loop
      vertex 7.64372 27.3974 6.4
      vertex 7.24116 27.2607 2.4
      vertex 7.64372 27.3974 2.4
    endloop
  endfacet
  facet normal 0.980788 -0.195076 0
    outer loop
      vertex 9.53926 29.5588 6.4
      vertex 9.6222 29.9758 2.4
      vertex 9.6222 29.9758 6.4
    endloop
  endfacet
  facet normal 0.980788 -0.195076 0
    outer loop
      vertex 9.6222 29.9758 2.4
      vertex 9.53926 29.5588 6.4
      vertex 9.53926 29.5588 2.4
    endloop
  endfacet
  facet normal -0.442239 -0.896897 0
    outer loop
      vertex 4.775 27.5854 2.4
      vertex 5.15628 27.3974 6.4
      vertex 4.775 27.5854 6.4
    endloop
  endfacet
  facet normal -0.442239 -0.896897 -0
    outer loop
      vertex 5.15628 27.3974 6.4
      vertex 4.775 27.5854 2.4
      vertex 5.15628 27.3974 2.4
    endloop
  endfacet
  facet normal -0.195008 -0.980802 0
    outer loop
      vertex 5.55884 27.2607 2.4
      vertex 5.97579 27.1778 6.4
      vertex 5.55884 27.2607 6.4
    endloop
  endfacet
  facet normal -0.195008 -0.980802 -0
    outer loop
      vertex 5.97579 27.1778 6.4
      vertex 5.55884 27.2607 2.4
      vertex 5.97579 27.1778 2.4
    endloop
  endfacet
  facet normal -0.831493 -0.555536 0
    outer loop
      vertex 3.8216 28.4215 2.4
      vertex 3.58542 28.775 6.4
      vertex 3.58542 28.775 2.4
    endloop
  endfacet
  facet normal -0.831493 -0.555536 0
    outer loop
      vertex 3.58542 28.775 6.4
      vertex 3.8216 28.4215 2.4
      vertex 3.8216 28.4215 6.4
    endloop
  endfacet
  facet normal -0.946916 -0.321481 0
    outer loop
      vertex 3.39739 29.1563 2.4
      vertex 3.26074 29.5588 6.4
      vertex 3.26074 29.5588 2.4
    endloop
  endfacet
  facet normal -0.946916 -0.321481 0
    outer loop
      vertex 3.26074 29.5588 6.4
      vertex 3.39739 29.1563 2.4
      vertex 3.39739 29.1563 6.4
    endloop
  endfacet
  facet normal 0.997856 0.0654405 0
    outer loop
      vertex 7.6 30.4 8.4
      vertex 7.58973 30.5566 6.4
      vertex 7.58973 30.5566 8.4
    endloop
  endfacet
  facet normal 0.997856 0.0654405 0
    outer loop
      vertex 7.58973 30.5566 6.4
      vertex 7.6 30.4 8.4
      vertex 7.6 30.4 6.4
    endloop
  endfacet
  facet normal -0.997856 0.0654405 0
    outer loop
      vertex 5.2 30.4 6.4
      vertex 5.21027 30.5566 8.4
      vertex 5.21027 30.5566 6.4
    endloop
  endfacet
  facet normal -0.997856 0.0654405 0
    outer loop
      vertex 5.21027 30.5566 8.4
      vertex 5.2 30.4 6.4
      vertex 5.2 30.4 8.4
    endloop
  endfacet
  facet normal 0.0656183 0.997845 -0
    outer loop
      vertex 6.55663 31.5897 6.4
      vertex 6.4 31.6 8.4
      vertex 6.55663 31.5897 8.4
    endloop
  endfacet
  facet normal 0.0656183 0.997845 0
    outer loop
      vertex 6.4 31.6 8.4
      vertex 6.55663 31.5897 6.4
      vertex 6.4 31.6 6.4
    endloop
  endfacet
  facet normal -0.0656183 -0.997845 0
    outer loop
      vertex 6.24337 29.2103 6.4
      vertex 6.4 29.2 8.4
      vertex 6.24337 29.2103 8.4
    endloop
  endfacet
  facet normal -0.0656183 -0.997845 -0
    outer loop
      vertex 6.4 29.2 8.4
      vertex 6.24337 29.2103 6.4
      vertex 6.4 29.2 6.4
    endloop
  endfacet
  facet normal -0.751818 -0.65937 0
    outer loop
      vertex 5.55147 29.5515 6.4
      vertex 5.44798 29.6695 8.4
      vertex 5.44798 29.6695 6.4
    endloop
  endfacet
  facet normal -0.751818 -0.65937 0
    outer loop
      vertex 5.44798 29.6695 8.4
      vertex 5.55147 29.5515 6.4
      vertex 5.55147 29.5515 8.4
    endloop
  endfacet
  facet normal 0.751818 0.65937 0
    outer loop
      vertex 7.35202 31.1305 8.4
      vertex 7.24853 31.2485 6.4
      vertex 7.24853 31.2485 8.4
    endloop
  endfacet
  facet normal 0.751818 0.65937 0
    outer loop
      vertex 7.24853 31.2485 6.4
      vertex 7.35202 31.1305 8.4
      vertex 7.35202 31.1305 6.4
    endloop
  endfacet
  facet normal -0.659343 0.751842 0
    outer loop
      vertex 5.66949 31.352 6.4
      vertex 5.55147 31.2485 8.4
      vertex 5.66949 31.352 8.4
    endloop
  endfacet
  facet normal -0.659343 0.751842 0
    outer loop
      vertex 5.55147 31.2485 8.4
      vertex 5.66949 31.352 6.4
      vertex 5.55147 31.2485 6.4
    endloop
  endfacet
  facet normal -0.321117 0.94704 0
    outer loop
      vertex 6.08942 31.5591 6.4
      vertex 5.94078 31.5087 8.4
      vertex 6.08942 31.5591 8.4
    endloop
  endfacet
  facet normal -0.321117 0.94704 0
    outer loop
      vertex 5.94078 31.5087 8.4
      vertex 6.08942 31.5591 6.4
      vertex 5.94078 31.5087 6.4
    endloop
  endfacet
  facet normal 0.896885 0.442264 0
    outer loop
      vertex 7.50866 30.8592 8.4
      vertex 7.43923 31 6.4
      vertex 7.43923 31 8.4
    endloop
  endfacet
  facet normal 0.896885 0.442264 0
    outer loop
      vertex 7.43923 31 6.4
      vertex 7.50866 30.8592 8.4
      vertex 7.50866 30.8592 6.4
    endloop
  endfacet
  facet normal 0.831432 0.555626 0
    outer loop
      vertex 7.43923 31 8.4
      vertex 7.35202 31.1305 6.4
      vertex 7.35202 31.1305 8.4
    endloop
  endfacet
  facet normal 0.831432 0.555626 0
    outer loop
      vertex 7.35202 31.1305 6.4
      vertex 7.43923 31 8.4
      vertex 7.43923 31 6.4
    endloop
  endfacet
  facet normal 0.442673 0.896683 -0
    outer loop
      vertex 7 31.4392 6.4
      vertex 6.85922 31.5087 8.4
      vertex 7 31.4392 8.4
    endloop
  endfacet
  facet normal 0.442673 0.896683 0
    outer loop
      vertex 6.85922 31.5087 8.4
      vertex 7 31.4392 6.4
      vertex 6.85922 31.5087 6.4
    endloop
  endfacet
  facet normal 0.555553 0.831481 -0
    outer loop
      vertex 7.13051 31.352 6.4
      vertex 7 31.4392 8.4
      vertex 7.13051 31.352 8.4
    endloop
  endfacet
  facet normal 0.555553 0.831481 0
    outer loop
      vertex 7 31.4392 8.4
      vertex 7.13051 31.352 6.4
      vertex 7 31.4392 6.4
    endloop
  endfacet
  facet normal -0.89691 0.442212 0
    outer loop
      vertex 5.29135 30.8592 6.4
      vertex 5.36077 31 8.4
      vertex 5.36077 31 6.4
    endloop
  endfacet
  facet normal -0.89691 0.442212 0
    outer loop
      vertex 5.36077 31 8.4
      vertex 5.29135 30.8592 6.4
      vertex 5.29135 30.8592 8.4
    endloop
  endfacet
  facet normal 0 0 1
    outer loop
      vertex 7.58973 30.5566 8.4
      vertex 7.58973 30.2434 8.4
      vertex 7.6 30.4 8.4
    endloop
  endfacet
  facet normal 0 0 1
    outer loop
      vertex 7.55911 30.7106 8.4
      vertex 7.58973 30.2434 8.4
      vertex 7.58973 30.5566 8.4
    endloop
  endfacet
  facet normal 0 0 1
    outer loop
      vertex 7.55911 30.7106 8.4
      vertex 7.55911 30.0894 8.4
      vertex 7.58973 30.2434 8.4
    endloop
  endfacet
  facet normal 0 0 1
    outer loop
      vertex 7.50866 30.8592 8.4
      vertex 7.55911 30.0894 8.4
      vertex 7.55911 30.7106 8.4
    endloop
  endfacet
  facet normal 0 0 1
    outer loop
      vertex 7.50866 30.8592 8.4
      vertex 7.50866 29.9408 8.4
      vertex 7.55911 30.0894 8.4
    endloop
  endfacet
  facet normal 0 0 1
    outer loop
      vertex 7.43923 31 8.4
      vertex 7.50866 29.9408 8.4
      vertex 7.50866 30.8592 8.4
    endloop
  endfacet
  facet normal 0 0 1
    outer loop
      vertex 7.43923 31 8.4
      vertex 7.43923 29.8 8.4
      vertex 7.50866 29.9408 8.4
    endloop
  endfacet
  facet normal 0 0 1
    outer loop
      vertex 7.35202 31.1305 8.4
      vertex 7.43923 29.8 8.4
      vertex 7.43923 31 8.4
    endloop
  endfacet
  facet normal 0 0 1
    outer loop
      vertex 7.35202 31.1305 8.4
      vertex 7.35202 29.6695 8.4
      vertex 7.43923 29.8 8.4
    endloop
  endfacet
  facet normal 0 0 1
    outer loop
      vertex 7.24853 31.2485 8.4
      vertex 7.35202 29.6695 8.4
      vertex 7.35202 31.1305 8.4
    endloop
  endfacet
  facet normal 0 0 1
    outer loop
      vertex 7.24853 31.2485 8.4
      vertex 7.24853 29.5515 8.4
      vertex 7.35202 29.6695 8.4
    endloop
  endfacet
  facet normal 0 0 1
    outer loop
      vertex 7.13051 31.352 8.4
      vertex 7.24853 29.5515 8.4
      vertex 7.24853 31.2485 8.4
    endloop
  endfacet
  facet normal 0 0 1
    outer loop
      vertex 7.13051 31.352 8.4
      vertex 7.13051 29.448 8.4
      vertex 7.24853 29.5515 8.4
    endloop
  endfacet
  facet normal 0 0 1
    outer loop
      vertex 7 31.4392 8.4
      vertex 7.13051 29.448 8.4
      vertex 7.13051 31.352 8.4
    endloop
  endfacet
  facet normal 0 0 1
    outer loop
      vertex 7 31.4392 8.4
      vertex 7 29.3608 8.4
      vertex 7.13051 29.448 8.4
    endloop
  endfacet
  facet normal 0 0 1
    outer loop
      vertex 6.85922 31.5087 8.4
      vertex 7 29.3608 8.4
      vertex 7 31.4392 8.4
    endloop
  endfacet
  facet normal 0 0 1
    outer loop
      vertex 6.85922 31.5087 8.4
      vertex 6.85922 29.2913 8.4
      vertex 7 29.3608 8.4
    endloop
  endfacet
  facet normal 0 0 1
    outer loop
      vertex 6.71058 31.5591 8.4
      vertex 6.85922 29.2913 8.4
      vertex 6.85922 31.5087 8.4
    endloop
  endfacet
  facet normal 0 0 1
    outer loop
      vertex 6.71058 31.5591 8.4
      vertex 6.71058 29.2409 8.4
      vertex 6.85922 29.2913 8.4
    endloop
  endfacet
  facet normal 0 0 1
    outer loop
      vertex 6.55663 31.5897 8.4
      vertex 6.71058 29.2409 8.4
      vertex 6.71058 31.5591 8.4
    endloop
  endfacet
  facet normal 0 0 1
    outer loop
      vertex 6.55663 31.5897 8.4
      vertex 6.55663 29.2103 8.4
      vertex 6.71058 29.2409 8.4
    endloop
  endfacet
  facet normal 0 0 1
    outer loop
      vertex 6.4 31.6 8.4
      vertex 6.55663 29.2103 8.4
      vertex 6.55663 31.5897 8.4
    endloop
  endfacet
  facet normal 0 0 1
    outer loop
      vertex 6.4 31.6 8.4
      vertex 6.4 29.2 8.4
      vertex 6.55663 29.2103 8.4
    endloop
  endfacet
  facet normal -0 0 1
    outer loop
      vertex 6.24337 31.5897 8.4
      vertex 6.4 29.2 8.4
      vertex 6.4 31.6 8.4
    endloop
  endfacet
  facet normal 0 0 1
    outer loop
      vertex 6.24337 31.5897 8.4
      vertex 6.24337 29.2103 8.4
      vertex 6.4 29.2 8.4
    endloop
  endfacet
  facet normal -0 0 1
    outer loop
      vertex 6.08942 31.5591 8.4
      vertex 6.24337 29.2103 8.4
      vertex 6.24337 31.5897 8.4
    endloop
  endfacet
  facet normal 0 0 1
    outer loop
      vertex 6.08942 31.5591 8.4
      vertex 6.08942 29.2409 8.4
      vertex 6.24337 29.2103 8.4
    endloop
  endfacet
  facet normal -0 0 1
    outer loop
      vertex 5.94078 31.5087 8.4
      vertex 6.08942 29.2409 8.4
      vertex 6.08942 31.5591 8.4
    endloop
  endfacet
  facet normal 0 0 1
    outer loop
      vertex 5.94078 31.5087 8.4
      vertex 5.94078 29.2913 8.4
      vertex 6.08942 29.2409 8.4
    endloop
  endfacet
  facet normal -0 0 1
    outer loop
      vertex 5.8 31.4392 8.4
      vertex 5.94078 29.2913 8.4
      vertex 5.94078 31.5087 8.4
    endloop
  endfacet
  facet normal 0 0 1
    outer loop
      vertex 5.8 31.4392 8.4
      vertex 5.8 29.3608 8.4
      vertex 5.94078 29.2913 8.4
    endloop
  endfacet
  facet normal -0 0 1
    outer loop
      vertex 5.66949 31.352 8.4
      vertex 5.8 29.3608 8.4
      vertex 5.8 31.4392 8.4
    endloop
  endfacet
  facet normal 0 0 1
    outer loop
      vertex 5.66949 31.352 8.4
      vertex 5.66949 29.448 8.4
      vertex 5.8 29.3608 8.4
    endloop
  endfacet
  facet normal -0 0 1
    outer loop
      vertex 5.55147 31.2485 8.4
      vertex 5.66949 29.448 8.4
      vertex 5.66949 31.352 8.4
    endloop
  endfacet
  facet normal 0 0 1
    outer loop
      vertex 5.55147 31.2485 8.4
      vertex 5.55147 29.5515 8.4
      vertex 5.66949 29.448 8.4
    endloop
  endfacet
  facet normal -0 0 1
    outer loop
      vertex 5.44798 31.1305 8.4
      vertex 5.55147 29.5515 8.4
      vertex 5.55147 31.2485 8.4
    endloop
  endfacet
  facet normal 0 0 1
    outer loop
      vertex 5.44798 31.1305 8.4
      vertex 5.44798 29.6695 8.4
      vertex 5.55147 29.5515 8.4
    endloop
  endfacet
  facet normal -0 0 1
    outer loop
      vertex 5.36077 31 8.4
      vertex 5.44798 29.6695 8.4
      vertex 5.44798 31.1305 8.4
    endloop
  endfacet
  facet normal 0 0 1
    outer loop
      vertex 5.36077 31 8.4
      vertex 5.36077 29.8 8.4
      vertex 5.44798 29.6695 8.4
    endloop
  endfacet
  facet normal -0 0 1
    outer loop
      vertex 5.29135 30.8592 8.4
      vertex 5.36077 29.8 8.4
      vertex 5.36077 31 8.4
    endloop
  endfacet
  facet normal 0 0 1
    outer loop
      vertex 5.29135 30.8592 8.4
      vertex 5.29135 29.9408 8.4
      vertex 5.36077 29.8 8.4
    endloop
  endfacet
  facet normal -0 0 1
    outer loop
      vertex 5.24089 30.7106 8.4
      vertex 5.29135 29.9408 8.4
      vertex 5.29135 30.8592 8.4
    endloop
  endfacet
  facet normal 0 0 1
    outer loop
      vertex 5.24089 30.7106 8.4
      vertex 5.24089 30.0894 8.4
      vertex 5.29135 29.9408 8.4
    endloop
  endfacet
  facet normal -0 0 1
    outer loop
      vertex 5.21027 30.5566 8.4
      vertex 5.24089 30.0894 8.4
      vertex 5.24089 30.7106 8.4
    endloop
  endfacet
  facet normal 0 0 1
    outer loop
      vertex 5.21027 30.5566 8.4
      vertex 5.21027 30.2434 8.4
      vertex 5.24089 30.0894 8.4
    endloop
  endfacet
  facet normal 0 -0 1
    outer loop
      vertex 5.21027 30.2434 8.4
      vertex 5.21027 30.5566 8.4
      vertex 5.2 30.4 8.4
    endloop
  endfacet
  facet normal -0.442673 0.896683 0
    outer loop
      vertex 5.94078 31.5087 6.4
      vertex 5.8 31.4392 8.4
      vertex 5.94078 31.5087 8.4
    endloop
  endfacet
  facet normal -0.442673 0.896683 0
    outer loop
      vertex 5.8 31.4392 8.4
      vertex 5.94078 31.5087 6.4
      vertex 5.8 31.4392 6.4
    endloop
  endfacet
  facet normal -0.0656183 0.997845 0
    outer loop
      vertex 6.4 31.6 6.4
      vertex 6.24337 31.5897 8.4
      vertex 6.4 31.6 8.4
    endloop
  endfacet
  facet normal -0.0656183 0.997845 0
    outer loop
      vertex 6.24337 31.5897 8.4
      vertex 6.4 31.6 6.4
      vertex 6.24337 31.5897 6.4
    endloop
  endfacet
  facet normal 0.0656183 -0.997845 0
    outer loop
      vertex 6.4 29.2 6.4
      vertex 6.55663 29.2103 8.4
      vertex 6.4 29.2 8.4
    endloop
  endfacet
  facet normal 0.0656183 -0.997845 0
    outer loop
      vertex 6.55663 29.2103 8.4
      vertex 6.4 29.2 6.4
      vertex 6.55663 29.2103 6.4
    endloop
  endfacet
  facet normal 0.442673 -0.896683 0
    outer loop
      vertex 6.85922 29.2913 6.4
      vertex 7 29.3608 8.4
      vertex 6.85922 29.2913 8.4
    endloop
  endfacet
  facet normal 0.442673 -0.896683 0
    outer loop
      vertex 7 29.3608 8.4
      vertex 6.85922 29.2913 6.4
      vertex 7 29.3608 6.4
    endloop
  endfacet
  facet normal -0.89691 -0.442212 0
    outer loop
      vertex 5.36077 29.8 6.4
      vertex 5.29135 29.9408 8.4
      vertex 5.29135 29.9408 6.4
    endloop
  endfacet
  facet normal -0.89691 -0.442212 0
    outer loop
      vertex 5.29135 29.9408 8.4
      vertex 5.36077 29.8 6.4
      vertex 5.36077 29.8 8.4
    endloop
  endfacet
  facet normal -0.997856 -0.0654405 0
    outer loop
      vertex 5.21027 30.2434 6.4
      vertex 5.2 30.4 8.4
      vertex 5.2 30.4 6.4
    endloop
  endfacet
  facet normal -0.997856 -0.0654405 0
    outer loop
      vertex 5.2 30.4 8.4
      vertex 5.21027 30.2434 6.4
      vertex 5.21027 30.2434 8.4
    endloop
  endfacet
  facet normal 0.946916 0.32148 0
    outer loop
      vertex 7.55911 30.7106 8.4
      vertex 7.50866 30.8592 6.4
      vertex 7.50866 30.8592 8.4
    endloop
  endfacet
  facet normal 0.946916 0.32148 0
    outer loop
      vertex 7.50866 30.8592 6.4
      vertex 7.55911 30.7106 8.4
      vertex 7.55911 30.7106 6.4
    endloop
  endfacet
  facet normal 0.980801 0.195014 0
    outer loop
      vertex 7.58973 30.5566 8.4
      vertex 7.55911 30.7106 6.4
      vertex 7.55911 30.7106 8.4
    endloop
  endfacet
  facet normal 0.980801 0.195014 0
    outer loop
      vertex 7.55911 30.7106 6.4
      vertex 7.58973 30.5566 8.4
      vertex 7.58973 30.5566 6.4
    endloop
  endfacet
  facet normal 0.321117 0.94704 -0
    outer loop
      vertex 6.85922 31.5087 6.4
      vertex 6.71058 31.5591 8.4
      vertex 6.85922 31.5087 8.4
    endloop
  endfacet
  facet normal 0.321117 0.94704 0
    outer loop
      vertex 6.71058 31.5591 8.4
      vertex 6.85922 31.5087 6.4
      vertex 6.71058 31.5591 6.4
    endloop
  endfacet
  facet normal 0.194952 0.980813 -0
    outer loop
      vertex 6.71058 31.5591 6.4
      vertex 6.55663 31.5897 8.4
      vertex 6.71058 31.5591 8.4
    endloop
  endfacet
  facet normal 0.194952 0.980813 0
    outer loop
      vertex 6.55663 31.5897 8.4
      vertex 6.71058 31.5591 6.4
      vertex 6.55663 31.5897 6.4
    endloop
  endfacet
  facet normal 0.659343 0.751842 -0
    outer loop
      vertex 7.24853 31.2485 6.4
      vertex 7.13051 31.352 8.4
      vertex 7.24853 31.2485 8.4
    endloop
  endfacet
  facet normal 0.659343 0.751842 0
    outer loop
      vertex 7.13051 31.352 8.4
      vertex 7.24853 31.2485 6.4
      vertex 7.13051 31.352 6.4
    endloop
  endfacet
  facet normal -0.831432 0.555626 0
    outer loop
      vertex 5.36077 31 6.4
      vertex 5.44798 31.1305 8.4
      vertex 5.44798 31.1305 6.4
    endloop
  endfacet
  facet normal -0.831432 0.555626 0
    outer loop
      vertex 5.44798 31.1305 8.4
      vertex 5.36077 31 6.4
      vertex 5.36077 31 8.4
    endloop
  endfacet
  facet normal -0.751818 0.65937 0
    outer loop
      vertex 5.44798 31.1305 6.4
      vertex 5.55147 31.2485 8.4
      vertex 5.55147 31.2485 6.4
    endloop
  endfacet
  facet normal -0.751818 0.65937 0
    outer loop
      vertex 5.55147 31.2485 8.4
      vertex 5.44798 31.1305 6.4
      vertex 5.44798 31.1305 8.4
    endloop
  endfacet
  facet normal -0.946897 0.321537 0
    outer loop
      vertex 5.24089 30.7106 6.4
      vertex 5.29135 30.8592 8.4
      vertex 5.29135 30.8592 6.4
    endloop
  endfacet
  facet normal -0.946897 0.321537 0
    outer loop
      vertex 5.29135 30.8592 8.4
      vertex 5.24089 30.7106 6.4
      vertex 5.24089 30.7106 8.4
    endloop
  endfacet
  facet normal -0.980801 0.195014 0
    outer loop
      vertex 5.21027 30.5566 6.4
      vertex 5.24089 30.7106 8.4
      vertex 5.24089 30.7106 6.4
    endloop
  endfacet
  facet normal -0.980801 0.195014 0
    outer loop
      vertex 5.24089 30.7106 8.4
      vertex 5.21027 30.5566 6.4
      vertex 5.21027 30.5566 8.4
    endloop
  endfacet
  facet normal -0.555553 0.831481 0
    outer loop
      vertex 5.8 31.4392 6.4
      vertex 5.66949 31.352 8.4
      vertex 5.8 31.4392 8.4
    endloop
  endfacet
  facet normal -0.555553 0.831481 0
    outer loop
      vertex 5.66949 31.352 8.4
      vertex 5.8 31.4392 6.4
      vertex 5.66949 31.352 6.4
    endloop
  endfacet
  facet normal -0.194952 0.980813 0
    outer loop
      vertex 6.24337 31.5897 6.4
      vertex 6.08942 31.5591 8.4
      vertex 6.24337 31.5897 8.4
    endloop
  endfacet
  facet normal -0.194952 0.980813 0
    outer loop
      vertex 6.08942 31.5591 8.4
      vertex 6.24337 31.5897 6.4
      vertex 6.08942 31.5591 6.4
    endloop
  endfacet
  facet normal 0.997856 -0.0654405 0
    outer loop
      vertex 7.58973 30.2434 8.4
      vertex 7.6 30.4 6.4
      vertex 7.6 30.4 8.4
    endloop
  endfacet
  facet normal 0.997856 -0.0654405 0
    outer loop
      vertex 7.6 30.4 6.4
      vertex 7.58973 30.2434 8.4
      vertex 7.58973 30.2434 6.4
    endloop
  endfacet
  facet normal 0.194952 -0.980813 0
    outer loop
      vertex 6.55663 29.2103 6.4
      vertex 6.71058 29.2409 8.4
      vertex 6.55663 29.2103 8.4
    endloop
  endfacet
  facet normal 0.194952 -0.980813 0
    outer loop
      vertex 6.71058 29.2409 8.4
      vertex 6.55663 29.2103 6.4
      vertex 6.71058 29.2409 6.4
    endloop
  endfacet
  facet normal 0.555553 -0.831481 0
    outer loop
      vertex 7 29.3608 6.4
      vertex 7.13051 29.448 8.4
      vertex 7 29.3608 8.4
    endloop
  endfacet
  facet normal 0.555553 -0.831481 0
    outer loop
      vertex 7.13051 29.448 8.4
      vertex 7 29.3608 6.4
      vertex 7.13051 29.448 6.4
    endloop
  endfacet
  facet normal 0.751818 -0.65937 0
    outer loop
      vertex 7.24853 29.5515 8.4
      vertex 7.35202 29.6695 6.4
      vertex 7.35202 29.6695 8.4
    endloop
  endfacet
  facet normal 0.751818 -0.65937 0
    outer loop
      vertex 7.35202 29.6695 6.4
      vertex 7.24853 29.5515 8.4
      vertex 7.24853 29.5515 6.4
    endloop
  endfacet
  facet normal 0.896885 -0.442264 0
    outer loop
      vertex 7.43923 29.8 8.4
      vertex 7.50866 29.9408 6.4
      vertex 7.50866 29.9408 8.4
    endloop
  endfacet
  facet normal 0.896885 -0.442264 0
    outer loop
      vertex 7.50866 29.9408 6.4
      vertex 7.43923 29.8 8.4
      vertex 7.43923 29.8 6.4
    endloop
  endfacet
  facet normal -0.659343 -0.751842 0
    outer loop
      vertex 5.55147 29.5515 6.4
      vertex 5.66949 29.448 8.4
      vertex 5.55147 29.5515 8.4
    endloop
  endfacet
  facet normal -0.659343 -0.751842 -0
    outer loop
      vertex 5.66949 29.448 8.4
      vertex 5.55147 29.5515 6.4
      vertex 5.66949 29.448 6.4
    endloop
  endfacet
  facet normal -0.442673 -0.896683 0
    outer loop
      vertex 5.8 29.3608 6.4
      vertex 5.94078 29.2913 8.4
      vertex 5.8 29.3608 8.4
    endloop
  endfacet
  facet normal -0.442673 -0.896683 -0
    outer loop
      vertex 5.94078 29.2913 8.4
      vertex 5.8 29.3608 6.4
      vertex 5.94078 29.2913 6.4
    endloop
  endfacet
  facet normal -0.321117 -0.94704 0
    outer loop
      vertex 5.94078 29.2913 6.4
      vertex 6.08942 29.2409 8.4
      vertex 5.94078 29.2913 8.4
    endloop
  endfacet
  facet normal -0.321117 -0.94704 -0
    outer loop
      vertex 6.08942 29.2409 8.4
      vertex 5.94078 29.2913 6.4
      vertex 6.08942 29.2409 6.4
    endloop
  endfacet
  facet normal -0.831432 -0.555626 0
    outer loop
      vertex 5.44798 29.6695 6.4
      vertex 5.36077 29.8 8.4
      vertex 5.36077 29.8 6.4
    endloop
  endfacet
  facet normal -0.831432 -0.555626 0
    outer loop
      vertex 5.36077 29.8 8.4
      vertex 5.44798 29.6695 6.4
      vertex 5.44798 29.6695 8.4
    endloop
  endfacet
  facet normal -0.980801 -0.195014 0
    outer loop
      vertex 5.24089 30.0894 6.4
      vertex 5.21027 30.2434 8.4
      vertex 5.21027 30.2434 6.4
    endloop
  endfacet
  facet normal -0.980801 -0.195014 0
    outer loop
      vertex 5.21027 30.2434 8.4
      vertex 5.24089 30.0894 6.4
      vertex 5.24089 30.0894 8.4
    endloop
  endfacet
  facet normal 0.321117 -0.94704 0
    outer loop
      vertex 6.71058 29.2409 6.4
      vertex 6.85922 29.2913 8.4
      vertex 6.71058 29.2409 8.4
    endloop
  endfacet
  facet normal 0.321117 -0.94704 0
    outer loop
      vertex 6.85922 29.2913 8.4
      vertex 6.71058 29.2409 6.4
      vertex 6.85922 29.2913 6.4
    endloop
  endfacet
  facet normal 0.659343 -0.751842 0
    outer loop
      vertex 7.13051 29.448 6.4
      vertex 7.24853 29.5515 8.4
      vertex 7.13051 29.448 8.4
    endloop
  endfacet
  facet normal 0.659343 -0.751842 0
    outer loop
      vertex 7.24853 29.5515 8.4
      vertex 7.13051 29.448 6.4
      vertex 7.24853 29.5515 6.4
    endloop
  endfacet
  facet normal 0.831432 -0.555626 0
    outer loop
      vertex 7.35202 29.6695 8.4
      vertex 7.43923 29.8 6.4
      vertex 7.43923 29.8 8.4
    endloop
  endfacet
  facet normal 0.831432 -0.555626 0
    outer loop
      vertex 7.43923 29.8 6.4
      vertex 7.35202 29.6695 8.4
      vertex 7.35202 29.6695 6.4
    endloop
  endfacet
  facet normal 0.980801 -0.195014 0
    outer loop
      vertex 7.55911 30.0894 8.4
      vertex 7.58973 30.2434 6.4
      vertex 7.58973 30.2434 8.4
    endloop
  endfacet
  facet normal 0.980801 -0.195014 0
    outer loop
      vertex 7.58973 30.2434 6.4
      vertex 7.55911 30.0894 8.4
      vertex 7.55911 30.0894 6.4
    endloop
  endfacet
  facet normal 0.946916 -0.32148 0
    outer loop
      vertex 7.50866 29.9408 8.4
      vertex 7.55911 30.0894 6.4
      vertex 7.55911 30.0894 8.4
    endloop
  endfacet
  facet normal 0.946916 -0.32148 0
    outer loop
      vertex 7.55911 30.0894 6.4
      vertex 7.50866 29.9408 8.4
      vertex 7.50866 29.9408 6.4
    endloop
  endfacet
  facet normal -0.555553 -0.831481 0
    outer loop
      vertex 5.66949 29.448 6.4
      vertex 5.8 29.3608 8.4
      vertex 5.66949 29.448 8.4
    endloop
  endfacet
  facet normal -0.555553 -0.831481 -0
    outer loop
      vertex 5.8 29.3608 8.4
      vertex 5.66949 29.448 6.4
      vertex 5.8 29.3608 6.4
    endloop
  endfacet
  facet normal -0.194952 -0.980813 0
    outer loop
      vertex 6.08942 29.2409 6.4
      vertex 6.24337 29.2103 8.4
      vertex 6.08942 29.2409 8.4
    endloop
  endfacet
  facet normal -0.194952 -0.980813 -0
    outer loop
      vertex 6.24337 29.2103 8.4
      vertex 6.08942 29.2409 6.4
      vertex 6.24337 29.2103 6.4
    endloop
  endfacet
  facet normal -0.946897 -0.321537 0
    outer loop
      vertex 5.29135 29.9408 6.4
      vertex 5.24089 30.0894 8.4
      vertex 5.24089 30.0894 6.4
    endloop
  endfacet
  facet normal -0.946897 -0.321537 0
    outer loop
      vertex 5.24089 30.0894 8.4
      vertex 5.29135 29.9408 6.4
      vertex 5.29135 29.9408 8.4
    endloop
  endfacet
  facet normal 0.555568 0.831471 -0
    outer loop
      vertex 54.3785 32.9784 2.4
      vertex 54.025 33.2146 6.4
      vertex 54.3785 32.9784 6.4
    endloop
  endfacet
  facet normal 0.555568 0.831471 0
    outer loop
      vertex 54.025 33.2146 6.4
      vertex 54.3785 32.9784 2.4
      vertex 54.025 33.2146 2.4
    endloop
  endfacet
  facet normal -0.321586 0.94688 0
    outer loop
      vertex 51.5588 33.5393 2.4
      vertex 51.1563 33.4026 6.4
      vertex 51.5588 33.5393 6.4
    endloop
  endfacet
  facet normal -0.321586 0.94688 0
    outer loop
      vertex 51.1563 33.4026 6.4
      vertex 51.5588 33.5393 2.4
      vertex 51.1563 33.4026 2.4
    endloop
  endfacet
  facet normal -0.896907 0.44222 0
    outer loop
      vertex 49.3974 31.6437 2.4
      vertex 49.5854 32.025 6.4
      vertex 49.5854 32.025 2.4
    endloop
  endfacet
  facet normal -0.896907 0.44222 0
    outer loop
      vertex 49.5854 32.025 6.4
      vertex 49.3974 31.6437 2.4
      vertex 49.3974 31.6437 6.4
    endloop
  endfacet
  facet normal -0.896907 -0.44222 0
    outer loop
      vertex 49.5854 28.775 2.4
      vertex 49.3974 29.1563 6.4
      vertex 49.3974 29.1563 2.4
    endloop
  endfacet
  facet normal -0.896907 -0.44222 0
    outer loop
      vertex 49.3974 29.1563 6.4
      vertex 49.5854 28.775 2.4
      vertex 49.5854 28.775 6.4
    endloop
  endfacet
  facet normal 0.94688 0.321586 0
    outer loop
      vertex 55.5393 31.2412 6.4
      vertex 55.4026 31.6437 2.4
      vertex 55.4026 31.6437 6.4
    endloop
  endfacet
  facet normal 0.94688 0.321586 0
    outer loop
      vertex 55.4026 31.6437 2.4
      vertex 55.5393 31.2412 6.4
      vertex 55.5393 31.2412 2.4
    endloop
  endfacet
  facet normal 0.896907 0.44222 0
    outer loop
      vertex 55.4026 31.6437 6.4
      vertex 55.2146 32.025 2.4
      vertex 55.2146 32.025 6.4
    endloop
  endfacet
  facet normal 0.896907 0.44222 0
    outer loop
      vertex 55.2146 32.025 2.4
      vertex 55.4026 31.6437 6.4
      vertex 55.4026 31.6437 2.4
    endloop
  endfacet
  facet normal 0.831471 0.555568 0
    outer loop
      vertex 55.2146 32.025 6.4
      vertex 54.9784 32.3785 2.4
      vertex 54.9784 32.3785 6.4
    endloop
  endfacet
  facet normal 0.831471 0.555568 0
    outer loop
      vertex 54.9784 32.3785 2.4
      vertex 55.2146 32.025 6.4
      vertex 55.2146 32.025 2.4
    endloop
  endfacet
  facet normal 0.751818 0.65937 0
    outer loop
      vertex 54.9784 32.3785 6.4
      vertex 54.6981 32.6981 2.4
      vertex 54.6981 32.6981 6.4
    endloop
  endfacet
  facet normal 0.751818 0.65937 0
    outer loop
      vertex 54.6981 32.6981 2.4
      vertex 54.9784 32.3785 6.4
      vertex 54.9784 32.3785 2.4
    endloop
  endfacet
  facet normal 0.44222 0.896907 -0
    outer loop
      vertex 54.025 33.2146 2.4
      vertex 53.6437 33.4026 6.4
      vertex 54.025 33.2146 6.4
    endloop
  endfacet
  facet normal 0.44222 0.896907 0
    outer loop
      vertex 53.6437 33.4026 6.4
      vertex 54.025 33.2146 2.4
      vertex 53.6437 33.4026 2.4
    endloop
  endfacet
  facet normal 0.0653948 0.997859 -0
    outer loop
      vertex 52.8242 33.6222 2.4
      vertex 52.4 33.65 6.4
      vertex 52.8242 33.6222 6.4
    endloop
  endfacet
  facet normal 0.0653948 0.997859 0
    outer loop
      vertex 52.4 33.65 6.4
      vertex 52.8242 33.6222 2.4
      vertex 52.4 33.65 2.4
    endloop
  endfacet
  facet normal 0.194985 0.980806 -0
    outer loop
      vertex 53.2412 33.5393 2.4
      vertex 52.8242 33.6222 6.4
      vertex 53.2412 33.5393 6.4
    endloop
  endfacet
  facet normal 0.194985 0.980806 0
    outer loop
      vertex 52.8242 33.6222 6.4
      vertex 53.2412 33.5393 2.4
      vertex 52.8242 33.6222 2.4
    endloop
  endfacet
  facet normal -0.997859 0.0653948 0
    outer loop
      vertex 49.15 30.4 2.4
      vertex 49.1778 30.8242 6.4
      vertex 49.1778 30.8242 2.4
    endloop
  endfacet
  facet normal -0.997859 0.0653948 0
    outer loop
      vertex 49.1778 30.8242 6.4
      vertex 49.15 30.4 2.4
      vertex 49.15 30.4 6.4
    endloop
  endfacet
  facet normal -0.980806 0.194985 0
    outer loop
      vertex 49.1778 30.8242 2.4
      vertex 49.2607 31.2412 6.4
      vertex 49.2607 31.2412 2.4
    endloop
  endfacet
  facet normal -0.980806 0.194985 0
    outer loop
      vertex 49.2607 31.2412 6.4
      vertex 49.1778 30.8242 2.4
      vertex 49.1778 30.8242 6.4
    endloop
  endfacet
  facet normal -0.751818 0.65937 0
    outer loop
      vertex 49.8216 32.3785 2.4
      vertex 50.1019 32.6981 6.4
      vertex 50.1019 32.6981 2.4
    endloop
  endfacet
  facet normal -0.751818 0.65937 0
    outer loop
      vertex 50.1019 32.6981 6.4
      vertex 49.8216 32.3785 2.4
      vertex 49.8216 32.3785 6.4
    endloop
  endfacet
  facet normal -0.0653948 0.997859 0
    outer loop
      vertex 52.4 33.65 2.4
      vertex 51.9758 33.6222 6.4
      vertex 52.4 33.65 6.4
    endloop
  endfacet
  facet normal -0.0653948 0.997859 0
    outer loop
      vertex 51.9758 33.6222 6.4
      vertex 52.4 33.65 2.4
      vertex 51.9758 33.6222 2.4
    endloop
  endfacet
  facet normal -0.65937 0.751818 0
    outer loop
      vertex 50.4215 32.9784 2.4
      vertex 50.1019 32.6981 6.4
      vertex 50.4215 32.9784 6.4
    endloop
  endfacet
  facet normal -0.65937 0.751818 0
    outer loop
      vertex 50.1019 32.6981 6.4
      vertex 50.4215 32.9784 2.4
      vertex 50.1019 32.6981 2.4
    endloop
  endfacet
  facet normal 0.997859 0.0653948 0
    outer loop
      vertex 55.65 30.4 6.4
      vertex 55.6222 30.8242 2.4
      vertex 55.6222 30.8242 6.4
    endloop
  endfacet
  facet normal 0.997859 0.0653948 0
    outer loop
      vertex 55.6222 30.8242 2.4
      vertex 55.65 30.4 6.4
      vertex 55.65 30.4 2.4
    endloop
  endfacet
  facet normal 0.0653948 -0.997859 0
    outer loop
      vertex 52.4 27.15 2.4
      vertex 52.8242 27.1778 6.4
      vertex 52.4 27.15 6.4
    endloop
  endfacet
  facet normal 0.0653948 -0.997859 0
    outer loop
      vertex 52.8242 27.1778 6.4
      vertex 52.4 27.15 2.4
      vertex 52.8242 27.1778 2.4
    endloop
  endfacet
  facet normal 0.831471 -0.555568 0
    outer loop
      vertex 54.9784 28.4215 6.4
      vertex 55.2146 28.775 2.4
      vertex 55.2146 28.775 6.4
    endloop
  endfacet
  facet normal 0.831471 -0.555568 0
    outer loop
      vertex 55.2146 28.775 2.4
      vertex 54.9784 28.4215 6.4
      vertex 54.9784 28.4215 2.4
    endloop
  endfacet
  facet normal 0.194985 -0.980806 0
    outer loop
      vertex 52.8242 27.1778 2.4
      vertex 53.2412 27.2607 6.4
      vertex 52.8242 27.1778 6.4
    endloop
  endfacet
  facet normal 0.194985 -0.980806 0
    outer loop
      vertex 53.2412 27.2607 6.4
      vertex 52.8242 27.1778 2.4
      vertex 53.2412 27.2607 2.4
    endloop
  endfacet
  facet normal 0.751818 -0.65937 0
    outer loop
      vertex 54.6981 28.1019 6.4
      vertex 54.9784 28.4215 2.4
      vertex 54.9784 28.4215 6.4
    endloop
  endfacet
  facet normal 0.751818 -0.65937 0
    outer loop
      vertex 54.9784 28.4215 2.4
      vertex 54.6981 28.1019 6.4
      vertex 54.6981 28.1019 2.4
    endloop
  endfacet
  facet normal -0.555568 -0.831471 0
    outer loop
      vertex 50.4215 27.8216 2.4
      vertex 50.775 27.5854 6.4
      vertex 50.4215 27.8216 6.4
    endloop
  endfacet
  facet normal -0.555568 -0.831471 -0
    outer loop
      vertex 50.775 27.5854 6.4
      vertex 50.4215 27.8216 2.4
      vertex 50.775 27.5854 2.4
    endloop
  endfacet
  facet normal -0.65937 -0.751818 0
    outer loop
      vertex 50.1019 28.1019 2.4
      vertex 50.4215 27.8216 6.4
      vertex 50.1019 28.1019 6.4
    endloop
  endfacet
  facet normal -0.65937 -0.751818 -0
    outer loop
      vertex 50.4215 27.8216 6.4
      vertex 50.1019 28.1019 2.4
      vertex 50.4215 27.8216 2.4
    endloop
  endfacet
  facet normal -0.997859 -0.0653948 0
    outer loop
      vertex 49.1778 29.9758 2.4
      vertex 49.15 30.4 6.4
      vertex 49.15 30.4 2.4
    endloop
  endfacet
  facet normal -0.997859 -0.0653948 0
    outer loop
      vertex 49.15 30.4 6.4
      vertex 49.1778 29.9758 2.4
      vertex 49.1778 29.9758 6.4
    endloop
  endfacet
  facet normal 0 0 -1
    outer loop
      vertex 55.6222 29.9758 2.4
      vertex 55.6222 30.8242 2.4
      vertex 55.65 30.4 2.4
    endloop
  endfacet
  facet normal 0 0 -1
    outer loop
      vertex 55.5393 29.5588 2.4
      vertex 55.6222 30.8242 2.4
      vertex 55.6222 29.9758 2.4
    endloop
  endfacet
  facet normal 0 0 -1
    outer loop
      vertex 55.5393 29.5588 2.4
      vertex 55.5393 31.2412 2.4
      vertex 55.6222 30.8242 2.4
    endloop
  endfacet
  facet normal 0 0 -1
    outer loop
      vertex 55.4026 29.1563 2.4
      vertex 55.5393 31.2412 2.4
      vertex 55.5393 29.5588 2.4
    endloop
  endfacet
  facet normal 0 0 -1
    outer loop
      vertex 55.4026 29.1563 2.4
      vertex 55.4026 31.6437 2.4
      vertex 55.5393 31.2412 2.4
    endloop
  endfacet
  facet normal 0 0 -1
    outer loop
      vertex 55.2146 28.775 2.4
      vertex 55.4026 31.6437 2.4
      vertex 55.4026 29.1563 2.4
    endloop
  endfacet
  facet normal 0 0 -1
    outer loop
      vertex 55.2146 28.775 2.4
      vertex 55.2146 32.025 2.4
      vertex 55.4026 31.6437 2.4
    endloop
  endfacet
  facet normal 0 0 -1
    outer loop
      vertex 54.9784 28.4215 2.4
      vertex 55.2146 32.025 2.4
      vertex 55.2146 28.775 2.4
    endloop
  endfacet
  facet normal 0 0 -1
    outer loop
      vertex 54.9784 28.4215 2.4
      vertex 54.9784 32.3785 2.4
      vertex 55.2146 32.025 2.4
    endloop
  endfacet
  facet normal 0 0 -1
    outer loop
      vertex 54.6981 28.1019 2.4
      vertex 54.9784 32.3785 2.4
      vertex 54.9784 28.4215 2.4
    endloop
  endfacet
  facet normal 0 0 -1
    outer loop
      vertex 54.6981 28.1019 2.4
      vertex 54.6981 32.6981 2.4
      vertex 54.9784 32.3785 2.4
    endloop
  endfacet
  facet normal 0 0 -1
    outer loop
      vertex 54.3785 27.8216 2.4
      vertex 54.6981 32.6981 2.4
      vertex 54.6981 28.1019 2.4
    endloop
  endfacet
  facet normal 0 0 -1
    outer loop
      vertex 54.3785 27.8216 2.4
      vertex 54.3785 32.9784 2.4
      vertex 54.6981 32.6981 2.4
    endloop
  endfacet
  facet normal 0 0 -1
    outer loop
      vertex 54.025 27.5854 2.4
      vertex 54.3785 32.9784 2.4
      vertex 54.3785 27.8216 2.4
    endloop
  endfacet
  facet normal 0 0 -1
    outer loop
      vertex 54.025 27.5854 2.4
      vertex 54.025 33.2146 2.4
      vertex 54.3785 32.9784 2.4
    endloop
  endfacet
  facet normal 0 0 -1
    outer loop
      vertex 53.6437 27.3974 2.4
      vertex 54.025 33.2146 2.4
      vertex 54.025 27.5854 2.4
    endloop
  endfacet
  facet normal 0 0 -1
    outer loop
      vertex 53.6437 27.3974 2.4
      vertex 53.6437 33.4026 2.4
      vertex 54.025 33.2146 2.4
    endloop
  endfacet
  facet normal 0 0 -1
    outer loop
      vertex 53.2412 27.2607 2.4
      vertex 53.6437 33.4026 2.4
      vertex 53.6437 27.3974 2.4
    endloop
  endfacet
  facet normal 0 0 -1
    outer loop
      vertex 53.2412 27.2607 2.4
      vertex 53.2412 33.5393 2.4
      vertex 53.6437 33.4026 2.4
    endloop
  endfacet
  facet normal 0 0 -1
    outer loop
      vertex 52.8242 27.1778 2.4
      vertex 53.2412 33.5393 2.4
      vertex 53.2412 27.2607 2.4
    endloop
  endfacet
  facet normal 0 0 -1
    outer loop
      vertex 52.8242 27.1778 2.4
      vertex 52.8242 33.6222 2.4
      vertex 53.2412 33.5393 2.4
    endloop
  endfacet
  facet normal 0 0 -1
    outer loop
      vertex 52.4 27.15 2.4
      vertex 52.8242 33.6222 2.4
      vertex 52.8242 27.1778 2.4
    endloop
  endfacet
  facet normal 0 0 -1
    outer loop
      vertex 52.4 27.15 2.4
      vertex 52.4 33.65 2.4
      vertex 52.8242 33.6222 2.4
    endloop
  endfacet
  facet normal 0 0 -1
    outer loop
      vertex 51.9758 27.1778 2.4
      vertex 52.4 33.65 2.4
      vertex 52.4 27.15 2.4
    endloop
  endfacet
  facet normal 0 0 -1
    outer loop
      vertex 51.9758 27.1778 2.4
      vertex 51.9758 33.6222 2.4
      vertex 52.4 33.65 2.4
    endloop
  endfacet
  facet normal 0 0 -1
    outer loop
      vertex 51.5588 27.2607 2.4
      vertex 51.9758 33.6222 2.4
      vertex 51.9758 27.1778 2.4
    endloop
  endfacet
  facet normal 0 0 -1
    outer loop
      vertex 51.5588 27.2607 2.4
      vertex 51.5588 33.5393 2.4
      vertex 51.9758 33.6222 2.4
    endloop
  endfacet
  facet normal 0 0 -1
    outer loop
      vertex 51.1563 27.3974 2.4
      vertex 51.5588 33.5393 2.4
      vertex 51.5588 27.2607 2.4
    endloop
  endfacet
  facet normal 0 0 -1
    outer loop
      vertex 51.1563 27.3974 2.4
      vertex 51.1563 33.4026 2.4
      vertex 51.5588 33.5393 2.4
    endloop
  endfacet
  facet normal 0 0 -1
    outer loop
      vertex 50.775 27.5854 2.4
      vertex 51.1563 33.4026 2.4
      vertex 51.1563 27.3974 2.4
    endloop
  endfacet
  facet normal 0 0 -1
    outer loop
      vertex 50.775 27.5854 2.4
      vertex 50.775 33.2146 2.4
      vertex 51.1563 33.4026 2.4
    endloop
  endfacet
  facet normal 0 0 -1
    outer loop
      vertex 50.4215 27.8216 2.4
      vertex 50.775 33.2146 2.4
      vertex 50.775 27.5854 2.4
    endloop
  endfacet
  facet normal 0 0 -1
    outer loop
      vertex 50.4215 27.8216 2.4
      vertex 50.4215 32.9784 2.4
      vertex 50.775 33.2146 2.4
    endloop
  endfacet
  facet normal 0 0 -1
    outer loop
      vertex 50.1019 28.1019 2.4
      vertex 50.4215 32.9784 2.4
      vertex 50.4215 27.8216 2.4
    endloop
  endfacet
  facet normal 0 0 -1
    outer loop
      vertex 50.1019 28.1019 2.4
      vertex 50.1019 32.6981 2.4
      vertex 50.4215 32.9784 2.4
    endloop
  endfacet
  facet normal 0 0 -1
    outer loop
      vertex 49.8216 28.4215 2.4
      vertex 50.1019 32.6981 2.4
      vertex 50.1019 28.1019 2.4
    endloop
  endfacet
  facet normal 0 0 -1
    outer loop
      vertex 49.8216 28.4215 2.4
      vertex 49.8216 32.3785 2.4
      vertex 50.1019 32.6981 2.4
    endloop
  endfacet
  facet normal 0 0 -1
    outer loop
      vertex 49.5854 28.775 2.4
      vertex 49.8216 32.3785 2.4
      vertex 49.8216 28.4215 2.4
    endloop
  endfacet
  facet normal 0 0 -1
    outer loop
      vertex 49.5854 28.775 2.4
      vertex 49.5854 32.025 2.4
      vertex 49.8216 32.3785 2.4
    endloop
  endfacet
  facet normal 0 0 -1
    outer loop
      vertex 49.3974 29.1563 2.4
      vertex 49.5854 32.025 2.4
      vertex 49.5854 28.775 2.4
    endloop
  endfacet
  facet normal 0 0 -1
    outer loop
      vertex 49.3974 29.1563 2.4
      vertex 49.3974 31.6437 2.4
      vertex 49.5854 32.025 2.4
    endloop
  endfacet
  facet normal 0 0 -1
    outer loop
      vertex 49.2607 29.5588 2.4
      vertex 49.3974 31.6437 2.4
      vertex 49.3974 29.1563 2.4
    endloop
  endfacet
  facet normal 0 0 -1
    outer loop
      vertex 49.2607 29.5588 2.4
      vertex 49.2607 31.2412 2.4
      vertex 49.3974 31.6437 2.4
    endloop
  endfacet
  facet normal 0 0 -1
    outer loop
      vertex 49.1778 29.9758 2.4
      vertex 49.2607 31.2412 2.4
      vertex 49.2607 29.5588 2.4
    endloop
  endfacet
  facet normal 0 0 -1
    outer loop
      vertex 49.1778 29.9758 2.4
      vertex 49.1778 30.8242 2.4
      vertex 49.2607 31.2412 2.4
    endloop
  endfacet
  facet normal 0 -0 -1
    outer loop
      vertex 49.1778 30.8242 2.4
      vertex 49.1778 29.9758 2.4
      vertex 49.15 30.4 2.4
    endloop
  endfacet
  facet normal 0.65937 0.751818 -0
    outer loop
      vertex 54.6981 32.6981 2.4
      vertex 54.3785 32.9784 6.4
      vertex 54.6981 32.6981 6.4
    endloop
  endfacet
  facet normal 0.65937 0.751818 0
    outer loop
      vertex 54.3785 32.9784 6.4
      vertex 54.6981 32.6981 2.4
      vertex 54.3785 32.9784 2.4
    endloop
  endfacet
  facet normal 0 0 1
    outer loop
      vertex 53.6 30.4 6.4
      vertex 55.65 30.4 6.4
      vertex 55.6222 30.8242 6.4
    endloop
  endfacet
  facet normal 0 0 1
    outer loop
      vertex 53.5897 30.5566 6.4
      vertex 55.6222 30.8242 6.4
      vertex 55.5393 31.2412 6.4
    endloop
  endfacet
  facet normal 0 0 1
    outer loop
      vertex 55.65 30.4 6.4
      vertex 53.6 30.4 6.4
      vertex 55.6222 29.9758 6.4
    endloop
  endfacet
  facet normal 0 0 1
    outer loop
      vertex 53.5591 30.7106 6.4
      vertex 55.5393 31.2412 6.4
      vertex 55.4026 31.6437 6.4
    endloop
  endfacet
  facet normal -0 0 1
    outer loop
      vertex 53.5897 30.2434 6.4
      vertex 55.6222 29.9758 6.4
      vertex 53.6 30.4 6.4
    endloop
  endfacet
  facet normal 0 0 1
    outer loop
      vertex 53.5087 30.8592 6.4
      vertex 55.4026 31.6437 6.4
      vertex 55.2146 32.025 6.4
    endloop
  endfacet
  facet normal 0 0 1
    outer loop
      vertex 55.6222 29.9758 6.4
      vertex 53.5897 30.2434 6.4
      vertex 55.5393 29.5588 6.4
    endloop
  endfacet
  facet normal 0 0 1
    outer loop
      vertex 53.4392 31 6.4
      vertex 55.2146 32.025 6.4
      vertex 54.9784 32.3785 6.4
    endloop
  endfacet
  facet normal -0 0 1
    outer loop
      vertex 53.5591 30.0894 6.4
      vertex 55.5393 29.5588 6.4
      vertex 53.5897 30.2434 6.4
    endloop
  endfacet
  facet normal 0 0 1
    outer loop
      vertex 53.352 31.1305 6.4
      vertex 54.9784 32.3785 6.4
      vertex 54.6981 32.6981 6.4
    endloop
  endfacet
  facet normal 0 0 1
    outer loop
      vertex 55.5393 29.5588 6.4
      vertex 53.5591 30.0894 6.4
      vertex 55.4026 29.1563 6.4
    endloop
  endfacet
  facet normal 0 0 1
    outer loop
      vertex 53.2485 31.2485 6.4
      vertex 54.6981 32.6981 6.4
      vertex 54.3785 32.9784 6.4
    endloop
  endfacet
  facet normal -0 0 1
    outer loop
      vertex 53.5087 29.9408 6.4
      vertex 55.4026 29.1563 6.4
      vertex 53.5591 30.0894 6.4
    endloop
  endfacet
  facet normal 0 0 1
    outer loop
      vertex 53.1305 31.352 6.4
      vertex 54.3785 32.9784 6.4
      vertex 54.025 33.2146 6.4
    endloop
  endfacet
  facet normal 0 0 1
    outer loop
      vertex 55.4026 29.1563 6.4
      vertex 53.5087 29.9408 6.4
      vertex 55.2146 28.775 6.4
    endloop
  endfacet
  facet normal 0 0 1
    outer loop
      vertex 53 31.4392 6.4
      vertex 54.025 33.2146 6.4
      vertex 53.6437 33.4026 6.4
    endloop
  endfacet
  facet normal -0 0 1
    outer loop
      vertex 53.4392 29.8 6.4
      vertex 55.2146 28.775 6.4
      vertex 53.5087 29.9408 6.4
    endloop
  endfacet
  facet normal 0 0 1
    outer loop
      vertex 55.2146 28.775 6.4
      vertex 53.4392 29.8 6.4
      vertex 54.9784 28.4215 6.4
    endloop
  endfacet
  facet normal 0 0 1
    outer loop
      vertex 55.6222 30.8242 6.4
      vertex 53.5897 30.5566 6.4
      vertex 53.6 30.4 6.4
    endloop
  endfacet
  facet normal 0 0 1
    outer loop
      vertex 55.5393 31.2412 6.4
      vertex 53.5591 30.7106 6.4
      vertex 53.5897 30.5566 6.4
    endloop
  endfacet
  facet normal 0 0 1
    outer loop
      vertex 55.4026 31.6437 6.4
      vertex 53.5087 30.8592 6.4
      vertex 53.5591 30.7106 6.4
    endloop
  endfacet
  facet normal 0 0 1
    outer loop
      vertex 55.2146 32.025 6.4
      vertex 53.4392 31 6.4
      vertex 53.5087 30.8592 6.4
    endloop
  endfacet
  facet normal 0 0 1
    outer loop
      vertex 54.9784 32.3785 6.4
      vertex 53.352 31.1305 6.4
      vertex 53.4392 31 6.4
    endloop
  endfacet
  facet normal 0 0 1
    outer loop
      vertex 54.6981 32.6981 6.4
      vertex 53.2485 31.2485 6.4
      vertex 53.352 31.1305 6.4
    endloop
  endfacet
  facet normal 0 0 1
    outer loop
      vertex 52.8592 31.5087 6.4
      vertex 53.6437 33.4026 6.4
      vertex 53.2412 33.5393 6.4
    endloop
  endfacet
  facet normal 0 0 1
    outer loop
      vertex 54.3785 32.9784 6.4
      vertex 53.1305 31.352 6.4
      vertex 53.2485 31.2485 6.4
    endloop
  endfacet
  facet normal 0 0 1
    outer loop
      vertex 54.025 33.2146 6.4
      vertex 53 31.4392 6.4
      vertex 53.1305 31.352 6.4
    endloop
  endfacet
  facet normal 0 0 1
    outer loop
      vertex 53.6437 33.4026 6.4
      vertex 52.8592 31.5087 6.4
      vertex 53 31.4392 6.4
    endloop
  endfacet
  facet normal 0 0 1
    outer loop
      vertex 52.7106 31.5591 6.4
      vertex 53.2412 33.5393 6.4
      vertex 52.8242 33.6222 6.4
    endloop
  endfacet
  facet normal 0 0 1
    outer loop
      vertex 53.2412 33.5393 6.4
      vertex 52.7106 31.5591 6.4
      vertex 52.8592 31.5087 6.4
    endloop
  endfacet
  facet normal 0 0 1
    outer loop
      vertex 52.8242 33.6222 6.4
      vertex 52.5566 31.5897 6.4
      vertex 52.7106 31.5591 6.4
    endloop
  endfacet
  facet normal 0 0 1
    outer loop
      vertex 52.4 33.65 6.4
      vertex 52.5566 31.5897 6.4
      vertex 52.8242 33.6222 6.4
    endloop
  endfacet
  facet normal 0 0 1
    outer loop
      vertex 52.4 33.65 6.4
      vertex 52.4 31.6 6.4
      vertex 52.5566 31.5897 6.4
    endloop
  endfacet
  facet normal 0 0 1
    outer loop
      vertex 52.4 33.65 6.4
      vertex 52.2434 31.5897 6.4
      vertex 52.4 31.6 6.4
    endloop
  endfacet
  facet normal -0 0 1
    outer loop
      vertex 51.9758 33.6222 6.4
      vertex 52.2434 31.5897 6.4
      vertex 52.4 33.65 6.4
    endloop
  endfacet
  facet normal 0 0 1
    outer loop
      vertex 52.2434 31.5897 6.4
      vertex 51.9758 33.6222 6.4
      vertex 52.0894 31.5591 6.4
    endloop
  endfacet
  facet normal -0 0 1
    outer loop
      vertex 51.5588 33.5393 6.4
      vertex 52.0894 31.5591 6.4
      vertex 51.9758 33.6222 6.4
    endloop
  endfacet
  facet normal 0 0 1
    outer loop
      vertex 52.0894 31.5591 6.4
      vertex 51.5588 33.5393 6.4
      vertex 51.9408 31.5087 6.4
    endloop
  endfacet
  facet normal -0 0 1
    outer loop
      vertex 51.1563 33.4026 6.4
      vertex 51.9408 31.5087 6.4
      vertex 51.5588 33.5393 6.4
    endloop
  endfacet
  facet normal 0 0 1
    outer loop
      vertex 51.9408 31.5087 6.4
      vertex 51.1563 33.4026 6.4
      vertex 51.8 31.4392 6.4
    endloop
  endfacet
  facet normal -0 0 1
    outer loop
      vertex 50.775 33.2146 6.4
      vertex 51.8 31.4392 6.4
      vertex 51.1563 33.4026 6.4
    endloop
  endfacet
  facet normal 0 0 1
    outer loop
      vertex 51.8 31.4392 6.4
      vertex 50.775 33.2146 6.4
      vertex 51.6695 31.352 6.4
    endloop
  endfacet
  facet normal -0 0 1
    outer loop
      vertex 50.4215 32.9784 6.4
      vertex 51.6695 31.352 6.4
      vertex 50.775 33.2146 6.4
    endloop
  endfacet
  facet normal 0 0 1
    outer loop
      vertex 51.6695 31.352 6.4
      vertex 50.4215 32.9784 6.4
      vertex 51.5515 31.2485 6.4
    endloop
  endfacet
  facet normal -0 0 1
    outer loop
      vertex 50.1019 32.6981 6.4
      vertex 51.5515 31.2485 6.4
      vertex 50.4215 32.9784 6.4
    endloop
  endfacet
  facet normal 0 0 1
    outer loop
      vertex 51.5515 31.2485 6.4
      vertex 50.1019 32.6981 6.4
      vertex 51.448 31.1305 6.4
    endloop
  endfacet
  facet normal 0 0 1
    outer loop
      vertex 51.448 31.1305 6.4
      vertex 49.8216 32.3785 6.4
      vertex 51.3608 31 6.4
    endloop
  endfacet
  facet normal -0 0 1
    outer loop
      vertex 49.8216 32.3785 6.4
      vertex 51.448 31.1305 6.4
      vertex 50.1019 32.6981 6.4
    endloop
  endfacet
  facet normal -0 0 1
    outer loop
      vertex 53.352 29.6695 6.4
      vertex 54.9784 28.4215 6.4
      vertex 53.4392 29.8 6.4
    endloop
  endfacet
  facet normal 0 0 1
    outer loop
      vertex 54.9784 28.4215 6.4
      vertex 53.352 29.6695 6.4
      vertex 54.6981 28.1019 6.4
    endloop
  endfacet
  facet normal -0 0 1
    outer loop
      vertex 53.2485 29.5515 6.4
      vertex 54.6981 28.1019 6.4
      vertex 53.352 29.6695 6.4
    endloop
  endfacet
  facet normal 0 0 1
    outer loop
      vertex 54.6981 28.1019 6.4
      vertex 53.2485 29.5515 6.4
      vertex 54.3785 27.8216 6.4
    endloop
  endfacet
  facet normal -0 0 1
    outer loop
      vertex 53.1305 29.448 6.4
      vertex 54.3785 27.8216 6.4
      vertex 53.2485 29.5515 6.4
    endloop
  endfacet
  facet normal 0 0 1
    outer loop
      vertex 54.3785 27.8216 6.4
      vertex 53.1305 29.448 6.4
      vertex 54.025 27.5854 6.4
    endloop
  endfacet
  facet normal -0 0 1
    outer loop
      vertex 53 29.3608 6.4
      vertex 54.025 27.5854 6.4
      vertex 53.1305 29.448 6.4
    endloop
  endfacet
  facet normal 0 0 1
    outer loop
      vertex 54.025 27.5854 6.4
      vertex 53 29.3608 6.4
      vertex 53.6437 27.3974 6.4
    endloop
  endfacet
  facet normal -0 0 1
    outer loop
      vertex 52.8592 29.2913 6.4
      vertex 53.6437 27.3974 6.4
      vertex 53 29.3608 6.4
    endloop
  endfacet
  facet normal 0 0 1
    outer loop
      vertex 53.6437 27.3974 6.4
      vertex 52.8592 29.2913 6.4
      vertex 53.2412 27.2607 6.4
    endloop
  endfacet
  facet normal -0 0 1
    outer loop
      vertex 52.7106 29.2409 6.4
      vertex 53.2412 27.2607 6.4
      vertex 52.8592 29.2913 6.4
    endloop
  endfacet
  facet normal 0 0 1
    outer loop
      vertex 53.2412 27.2607 6.4
      vertex 52.7106 29.2409 6.4
      vertex 52.8242 27.1778 6.4
    endloop
  endfacet
  facet normal -0 0 1
    outer loop
      vertex 52.5566 29.2103 6.4
      vertex 52.8242 27.1778 6.4
      vertex 52.7106 29.2409 6.4
    endloop
  endfacet
  facet normal -0 0 1
    outer loop
      vertex 52.4 29.2 6.4
      vertex 52.8242 27.1778 6.4
      vertex 52.5566 29.2103 6.4
    endloop
  endfacet
  facet normal 0 0 1
    outer loop
      vertex 52.4 29.2 6.4
      vertex 52.4 27.15 6.4
      vertex 52.8242 27.1778 6.4
    endloop
  endfacet
  facet normal 0 0 1
    outer loop
      vertex 52.2434 29.2103 6.4
      vertex 52.4 27.15 6.4
      vertex 52.4 29.2 6.4
    endloop
  endfacet
  facet normal 0 0 1
    outer loop
      vertex 51.9758 27.1778 6.4
      vertex 52.2434 29.2103 6.4
      vertex 52.0894 29.2409 6.4
    endloop
  endfacet
  facet normal 0 0 1
    outer loop
      vertex 52.2434 29.2103 6.4
      vertex 51.9758 27.1778 6.4
      vertex 52.4 27.15 6.4
    endloop
  endfacet
  facet normal 0 0 1
    outer loop
      vertex 51.5588 27.2607 6.4
      vertex 52.0894 29.2409 6.4
      vertex 51.9408 29.2913 6.4
    endloop
  endfacet
  facet normal 0 0 1
    outer loop
      vertex 51.1563 27.3974 6.4
      vertex 51.9408 29.2913 6.4
      vertex 51.8 29.3608 6.4
    endloop
  endfacet
  facet normal 0 0 1
    outer loop
      vertex 50.775 27.5854 6.4
      vertex 51.8 29.3608 6.4
      vertex 51.6695 29.448 6.4
    endloop
  endfacet
  facet normal 0 0 1
    outer loop
      vertex 52.0894 29.2409 6.4
      vertex 51.5588 27.2607 6.4
      vertex 51.9758 27.1778 6.4
    endloop
  endfacet
  facet normal 0 0 1
    outer loop
      vertex 50.4215 27.8216 6.4
      vertex 51.6695 29.448 6.4
      vertex 51.5515 29.5515 6.4
    endloop
  endfacet
  facet normal 0 0 1
    outer loop
      vertex 50.1019 28.1019 6.4
      vertex 51.5515 29.5515 6.4
      vertex 51.448 29.6695 6.4
    endloop
  endfacet
  facet normal 0 0 1
    outer loop
      vertex 49.8216 28.4215 6.4
      vertex 51.448 29.6695 6.4
      vertex 51.3608 29.8 6.4
    endloop
  endfacet
  facet normal 0 0 1
    outer loop
      vertex 49.5854 28.775 6.4
      vertex 51.3608 29.8 6.4
      vertex 51.2913 29.9408 6.4
    endloop
  endfacet
  facet normal 0 0 1
    outer loop
      vertex 49.3974 29.1563 6.4
      vertex 51.2913 29.9408 6.4
      vertex 51.2409 30.0894 6.4
    endloop
  endfacet
  facet normal 0 0 1
    outer loop
      vertex 49.2607 29.5588 6.4
      vertex 51.2409 30.0894 6.4
      vertex 51.2103 30.2434 6.4
    endloop
  endfacet
  facet normal 0 0 1
    outer loop
      vertex 51.9408 29.2913 6.4
      vertex 51.1563 27.3974 6.4
      vertex 51.5588 27.2607 6.4
    endloop
  endfacet
  facet normal 0 0 1
    outer loop
      vertex 49.1778 29.9758 6.4
      vertex 51.2103 30.2434 6.4
      vertex 51.2 30.4 6.4
    endloop
  endfacet
  facet normal -0 0 1
    outer loop
      vertex 49.5854 32.025 6.4
      vertex 51.3608 31 6.4
      vertex 49.8216 32.3785 6.4
    endloop
  endfacet
  facet normal 0 0 1
    outer loop
      vertex 51.3608 31 6.4
      vertex 49.5854 32.025 6.4
      vertex 51.2913 30.8592 6.4
    endloop
  endfacet
  facet normal 0 0 1
    outer loop
      vertex 51.8 29.3608 6.4
      vertex 50.775 27.5854 6.4
      vertex 51.1563 27.3974 6.4
    endloop
  endfacet
  facet normal -0 0 1
    outer loop
      vertex 49.3974 31.6437 6.4
      vertex 51.2913 30.8592 6.4
      vertex 49.5854 32.025 6.4
    endloop
  endfacet
  facet normal 0 0 1
    outer loop
      vertex 51.6695 29.448 6.4
      vertex 50.4215 27.8216 6.4
      vertex 50.775 27.5854 6.4
    endloop
  endfacet
  facet normal 0 0 1
    outer loop
      vertex 51.2913 30.8592 6.4
      vertex 49.3974 31.6437 6.4
      vertex 51.2409 30.7106 6.4
    endloop
  endfacet
  facet normal 0 0 1
    outer loop
      vertex 51.5515 29.5515 6.4
      vertex 50.1019 28.1019 6.4
      vertex 50.4215 27.8216 6.4
    endloop
  endfacet
  facet normal -0 0 1
    outer loop
      vertex 49.2607 31.2412 6.4
      vertex 51.2409 30.7106 6.4
      vertex 49.3974 31.6437 6.4
    endloop
  endfacet
  facet normal 0 0 1
    outer loop
      vertex 51.448 29.6695 6.4
      vertex 49.8216 28.4215 6.4
      vertex 50.1019 28.1019 6.4
    endloop
  endfacet
  facet normal 0 0 1
    outer loop
      vertex 51.2409 30.7106 6.4
      vertex 49.2607 31.2412 6.4
      vertex 51.2103 30.5566 6.4
    endloop
  endfacet
  facet normal 0 0 1
    outer loop
      vertex 51.3608 29.8 6.4
      vertex 49.5854 28.775 6.4
      vertex 49.8216 28.4215 6.4
    endloop
  endfacet
  facet normal -0 0 1
    outer loop
      vertex 49.1778 30.8242 6.4
      vertex 51.2103 30.5566 6.4
      vertex 49.2607 31.2412 6.4
    endloop
  endfacet
  facet normal 0 0 1
    outer loop
      vertex 51.2913 29.9408 6.4
      vertex 49.3974 29.1563 6.4
      vertex 49.5854 28.775 6.4
    endloop
  endfacet
  facet normal 0 0 1
    outer loop
      vertex 51.2103 30.5566 6.4
      vertex 49.1778 30.8242 6.4
      vertex 51.2 30.4 6.4
    endloop
  endfacet
  facet normal 0 0 1
    outer loop
      vertex 51.2409 30.0894 6.4
      vertex 49.2607 29.5588 6.4
      vertex 49.3974 29.1563 6.4
    endloop
  endfacet
  facet normal 0 0 1
    outer loop
      vertex 49.15 30.4 6.4
      vertex 51.2 30.4 6.4
      vertex 49.1778 30.8242 6.4
    endloop
  endfacet
  facet normal 0 0 1
    outer loop
      vertex 51.2103 30.2434 6.4
      vertex 49.1778 29.9758 6.4
      vertex 49.2607 29.5588 6.4
    endloop
  endfacet
  facet normal 0 0 1
    outer loop
      vertex 51.2 30.4 6.4
      vertex 49.15 30.4 6.4
      vertex 49.1778 29.9758 6.4
    endloop
  endfacet
  facet normal -0.44222 0.896907 0
    outer loop
      vertex 51.1563 33.4026 2.4
      vertex 50.775 33.2146 6.4
      vertex 51.1563 33.4026 6.4
    endloop
  endfacet
  facet normal -0.44222 0.896907 0
    outer loop
      vertex 50.775 33.2146 6.4
      vertex 51.1563 33.4026 2.4
      vertex 50.775 33.2146 2.4
    endloop
  endfacet
  facet normal -0.555568 0.831471 0
    outer loop
      vertex 50.775 33.2146 2.4
      vertex 50.4215 32.9784 6.4
      vertex 50.775 33.2146 6.4
    endloop
  endfacet
  facet normal -0.555568 0.831471 0
    outer loop
      vertex 50.4215 32.9784 6.4
      vertex 50.775 33.2146 2.4
      vertex 50.4215 32.9784 2.4
    endloop
  endfacet
  facet normal 0.997859 -0.0653948 0
    outer loop
      vertex 55.6222 29.9758 6.4
      vertex 55.65 30.4 2.4
      vertex 55.65 30.4 6.4
    endloop
  endfacet
  facet normal 0.997859 -0.0653948 0
    outer loop
      vertex 55.65 30.4 2.4
      vertex 55.6222 29.9758 6.4
      vertex 55.6222 29.9758 2.4
    endloop
  endfacet
  facet normal 0.94688 -0.321586 0
    outer loop
      vertex 55.4026 29.1563 6.4
      vertex 55.5393 29.5588 2.4
      vertex 55.5393 29.5588 6.4
    endloop
  endfacet
  facet normal 0.94688 -0.321586 0
    outer loop
      vertex 55.5393 29.5588 2.4
      vertex 55.4026 29.1563 6.4
      vertex 55.4026 29.1563 2.4
    endloop
  endfacet
  facet normal 0.44222 -0.896907 0
    outer loop
      vertex 53.6437 27.3974 2.4
      vertex 54.025 27.5854 6.4
      vertex 53.6437 27.3974 6.4
    endloop
  endfacet
  facet normal 0.44222 -0.896907 0
    outer loop
      vertex 54.025 27.5854 6.4
      vertex 53.6437 27.3974 2.4
      vertex 54.025 27.5854 2.4
    endloop
  endfacet
  facet normal 0.65937 -0.751818 0
    outer loop
      vertex 54.3785 27.8216 2.4
      vertex 54.6981 28.1019 6.4
      vertex 54.3785 27.8216 6.4
    endloop
  endfacet
  facet normal 0.65937 -0.751818 0
    outer loop
      vertex 54.6981 28.1019 6.4
      vertex 54.3785 27.8216 2.4
      vertex 54.6981 28.1019 2.4
    endloop
  endfacet
  facet normal -0.0653948 -0.997859 0
    outer loop
      vertex 51.9758 27.1778 2.4
      vertex 52.4 27.15 6.4
      vertex 51.9758 27.1778 6.4
    endloop
  endfacet
  facet normal -0.0653948 -0.997859 -0
    outer loop
      vertex 52.4 27.15 6.4
      vertex 51.9758 27.1778 2.4
      vertex 52.4 27.15 2.4
    endloop
  endfacet
  facet normal -0.321586 -0.94688 0
    outer loop
      vertex 51.1563 27.3974 2.4
      vertex 51.5588 27.2607 6.4
      vertex 51.1563 27.3974 6.4
    endloop
  endfacet
  facet normal -0.321586 -0.94688 -0
    outer loop
      vertex 51.5588 27.2607 6.4
      vertex 51.1563 27.3974 2.4
      vertex 51.5588 27.2607 2.4
    endloop
  endfacet
  facet normal -0.194985 -0.980806 0
    outer loop
      vertex 51.5588 27.2607 2.4
      vertex 51.9758 27.1778 6.4
      vertex 51.5588 27.2607 6.4
    endloop
  endfacet
  facet normal -0.194985 -0.980806 -0
    outer loop
      vertex 51.9758 27.1778 6.4
      vertex 51.5588 27.2607 2.4
      vertex 51.9758 27.1778 2.4
    endloop
  endfacet
  facet normal -0.44222 -0.896907 0
    outer loop
      vertex 50.775 27.5854 2.4
      vertex 51.1563 27.3974 6.4
      vertex 50.775 27.5854 6.4
    endloop
  endfacet
  facet normal -0.44222 -0.896907 -0
    outer loop
      vertex 51.1563 27.3974 6.4
      vertex 50.775 27.5854 2.4
      vertex 51.1563 27.3974 2.4
    endloop
  endfacet
  facet normal -0.980806 -0.194985 0
    outer loop
      vertex 49.2607 29.5588 2.4
      vertex 49.1778 29.9758 6.4
      vertex 49.1778 29.9758 2.4
    endloop
  endfacet
  facet normal -0.980806 -0.194985 0
    outer loop
      vertex 49.1778 29.9758 6.4
      vertex 49.2607 29.5588 2.4
      vertex 49.2607 29.5588 6.4
    endloop
  endfacet
  facet normal -0.751818 -0.65937 0
    outer loop
      vertex 50.1019 28.1019 2.4
      vertex 49.8216 28.4215 6.4
      vertex 49.8216 28.4215 2.4
    endloop
  endfacet
  facet normal -0.751818 -0.65937 0
    outer loop
      vertex 49.8216 28.4215 6.4
      vertex 50.1019 28.1019 2.4
      vertex 50.1019 28.1019 6.4
    endloop
  endfacet
  facet normal 0.980806 0.194985 0
    outer loop
      vertex 55.6222 30.8242 6.4
      vertex 55.5393 31.2412 2.4
      vertex 55.5393 31.2412 6.4
    endloop
  endfacet
  facet normal 0.980806 0.194985 0
    outer loop
      vertex 55.5393 31.2412 2.4
      vertex 55.6222 30.8242 6.4
      vertex 55.6222 30.8242 2.4
    endloop
  endfacet
  facet normal 0.321586 0.94688 -0
    outer loop
      vertex 53.6437 33.4026 2.4
      vertex 53.2412 33.5393 6.4
      vertex 53.6437 33.4026 6.4
    endloop
  endfacet
  facet normal 0.321586 0.94688 0
    outer loop
      vertex 53.2412 33.5393 6.4
      vertex 53.6437 33.4026 2.4
      vertex 53.2412 33.5393 2.4
    endloop
  endfacet
  facet normal -0.94688 0.321586 0
    outer loop
      vertex 49.2607 31.2412 2.4
      vertex 49.3974 31.6437 6.4
      vertex 49.3974 31.6437 2.4
    endloop
  endfacet
  facet normal -0.94688 0.321586 0
    outer loop
      vertex 49.3974 31.6437 6.4
      vertex 49.2607 31.2412 2.4
      vertex 49.2607 31.2412 6.4
    endloop
  endfacet
  facet normal -0.831471 0.555568 0
    outer loop
      vertex 49.5854 32.025 2.4
      vertex 49.8216 32.3785 6.4
      vertex 49.8216 32.3785 2.4
    endloop
  endfacet
  facet normal -0.831471 0.555568 0
    outer loop
      vertex 49.8216 32.3785 6.4
      vertex 49.5854 32.025 2.4
      vertex 49.5854 32.025 6.4
    endloop
  endfacet
  facet normal -0.194985 0.980806 0
    outer loop
      vertex 51.9758 33.6222 2.4
      vertex 51.5588 33.5393 6.4
      vertex 51.9758 33.6222 6.4
    endloop
  endfacet
  facet normal -0.194985 0.980806 0
    outer loop
      vertex 51.5588 33.5393 6.4
      vertex 51.9758 33.6222 2.4
      vertex 51.5588 33.5393 2.4
    endloop
  endfacet
  facet normal 0.980806 -0.194985 0
    outer loop
      vertex 55.5393 29.5588 6.4
      vertex 55.6222 29.9758 2.4
      vertex 55.6222 29.9758 6.4
    endloop
  endfacet
  facet normal 0.980806 -0.194985 0
    outer loop
      vertex 55.6222 29.9758 2.4
      vertex 55.5393 29.5588 6.4
      vertex 55.5393 29.5588 2.4
    endloop
  endfacet
  facet normal 0.896907 -0.44222 0
    outer loop
      vertex 55.2146 28.775 6.4
      vertex 55.4026 29.1563 2.4
      vertex 55.4026 29.1563 6.4
    endloop
  endfacet
  facet normal 0.896907 -0.44222 0
    outer loop
      vertex 55.4026 29.1563 2.4
      vertex 55.2146 28.775 6.4
      vertex 55.2146 28.775 2.4
    endloop
  endfacet
  facet normal 0.321586 -0.94688 0
    outer loop
      vertex 53.2412 27.2607 2.4
      vertex 53.6437 27.3974 6.4
      vertex 53.2412 27.2607 6.4
    endloop
  endfacet
  facet normal 0.321586 -0.94688 0
    outer loop
      vertex 53.6437 27.3974 6.4
      vertex 53.2412 27.2607 2.4
      vertex 53.6437 27.3974 2.4
    endloop
  endfacet
  facet normal 0.555568 -0.831471 0
    outer loop
      vertex 54.025 27.5854 2.4
      vertex 54.3785 27.8216 6.4
      vertex 54.025 27.5854 6.4
    endloop
  endfacet
  facet normal 0.555568 -0.831471 0
    outer loop
      vertex 54.3785 27.8216 6.4
      vertex 54.025 27.5854 2.4
      vertex 54.3785 27.8216 2.4
    endloop
  endfacet
  facet normal -0.94688 -0.321586 0
    outer loop
      vertex 49.3974 29.1563 2.4
      vertex 49.2607 29.5588 6.4
      vertex 49.2607 29.5588 2.4
    endloop
  endfacet
  facet normal -0.94688 -0.321586 0
    outer loop
      vertex 49.2607 29.5588 6.4
      vertex 49.3974 29.1563 2.4
      vertex 49.3974 29.1563 6.4
    endloop
  endfacet
  facet normal -0.831471 -0.555568 0
    outer loop
      vertex 49.8216 28.4215 2.4
      vertex 49.5854 28.775 6.4
      vertex 49.5854 28.775 2.4
    endloop
  endfacet
  facet normal -0.831471 -0.555568 0
    outer loop
      vertex 49.5854 28.775 6.4
      vertex 49.8216 28.4215 2.4
      vertex 49.8216 28.4215 6.4
    endloop
  endfacet
  facet normal 0.997844 0.0656309 0
    outer loop
      vertex 53.6 30.4 8.4
      vertex 53.5897 30.5566 6.4
      vertex 53.5897 30.5566 8.4
    endloop
  endfacet
  facet normal 0.997844 0.0656309 0
    outer loop
      vertex 53.5897 30.5566 6.4
      vertex 53.6 30.4 8.4
      vertex 53.6 30.4 6.4
    endloop
  endfacet
  facet normal -0.997844 0.0656309 0
    outer loop
      vertex 51.2 30.4 6.4
      vertex 51.2103 30.5566 8.4
      vertex 51.2103 30.5566 6.4
    endloop
  endfacet
  facet normal -0.997844 0.0656309 0
    outer loop
      vertex 51.2103 30.5566 8.4
      vertex 51.2 30.4 6.4
      vertex 51.2 30.4 8.4
    endloop
  endfacet
  facet normal 0.0656309 0.997844 -0
    outer loop
      vertex 52.5566 31.5897 6.4
      vertex 52.4 31.6 8.4
      vertex 52.5566 31.5897 8.4
    endloop
  endfacet
  facet normal 0.0656309 0.997844 0
    outer loop
      vertex 52.4 31.6 8.4
      vertex 52.5566 31.5897 6.4
      vertex 52.4 31.6 6.4
    endloop
  endfacet
  facet normal -0.0656309 -0.997844 0
    outer loop
      vertex 52.2434 29.2103 6.4
      vertex 52.4 29.2 8.4
      vertex 52.2434 29.2103 8.4
    endloop
  endfacet
  facet normal -0.0656309 -0.997844 -0
    outer loop
      vertex 52.4 29.2 8.4
      vertex 52.2434 29.2103 6.4
      vertex 52.4 29.2 6.4
    endloop
  endfacet
  facet normal 0.751787 0.659406 0
    outer loop
      vertex 53.352 31.1305 8.4
      vertex 53.2485 31.2485 6.4
      vertex 53.2485 31.2485 8.4
    endloop
  endfacet
  facet normal 0.751787 0.659406 0
    outer loop
      vertex 53.2485 31.2485 6.4
      vertex 53.352 31.1305 8.4
      vertex 53.352 31.1305 6.4
    endloop
  endfacet
  facet normal -0.659406 0.751787 0
    outer loop
      vertex 51.6695 31.352 6.4
      vertex 51.5515 31.2485 8.4
      vertex 51.6695 31.352 8.4
    endloop
  endfacet
  facet normal -0.659406 0.751787 0
    outer loop
      vertex 51.5515 31.2485 8.4
      vertex 51.6695 31.352 6.4
      vertex 51.5515 31.2485 6.4
    endloop
  endfacet
  facet normal -0.321194 0.947013 0
    outer loop
      vertex 52.0894 31.5591 6.4
      vertex 51.9408 31.5087 8.4
      vertex 52.0894 31.5591 8.4
    endloop
  endfacet
  facet normal -0.321194 0.947013 0
    outer loop
      vertex 51.9408 31.5087 8.4
      vertex 52.0894 31.5591 6.4
      vertex 51.9408 31.5087 6.4
    endloop
  endfacet
  facet normal -0.980825 -0.194891 0
    outer loop
      vertex 51.2409 30.0894 6.4
      vertex 51.2103 30.2434 8.4
      vertex 51.2103 30.2434 6.4
    endloop
  endfacet
  facet normal -0.980825 -0.194891 0
    outer loop
      vertex 51.2103 30.2434 8.4
      vertex 51.2409 30.0894 6.4
      vertex 51.2409 30.0894 8.4
    endloop
  endfacet
  facet normal 0.896708 0.442622 0
    outer loop
      vertex 53.5087 30.8592 8.4
      vertex 53.4392 31 6.4
      vertex 53.4392 31 8.4
    endloop
  endfacet
  facet normal 0.896708 0.442622 0
    outer loop
      vertex 53.4392 31 6.4
      vertex 53.5087 30.8592 8.4
      vertex 53.5087 30.8592 6.4
    endloop
  endfacet
  facet normal 0.831462 0.555582 0
    outer loop
      vertex 53.4392 31 8.4
      vertex 53.352 31.1305 6.4
      vertex 53.352 31.1305 8.4
    endloop
  endfacet
  facet normal 0.831462 0.555582 0
    outer loop
      vertex 53.352 31.1305 6.4
      vertex 53.4392 31 8.4
      vertex 53.4392 31 6.4
    endloop
  endfacet
  facet normal 0.442622 0.896708 -0
    outer loop
      vertex 53 31.4392 6.4
      vertex 52.8592 31.5087 8.4
      vertex 53 31.4392 8.4
    endloop
  endfacet
  facet normal 0.442622 0.896708 0
    outer loop
      vertex 52.8592 31.5087 8.4
      vertex 53 31.4392 6.4
      vertex 52.8592 31.5087 6.4
    endloop
  endfacet
  facet normal 0.555582 0.831462 -0
    outer loop
      vertex 53.1305 31.352 6.4
      vertex 53 31.4392 8.4
      vertex 53.1305 31.352 8.4
    endloop
  endfacet
  facet normal 0.555582 0.831462 0
    outer loop
      vertex 53 31.4392 8.4
      vertex 53.1305 31.352 6.4
      vertex 53 31.4392 6.4
    endloop
  endfacet
  facet normal -0.896708 0.442622 0
    outer loop
      vertex 51.2913 30.8592 6.4
      vertex 51.3608 31 8.4
      vertex 51.3608 31 6.4
    endloop
  endfacet
  facet normal -0.896708 0.442622 0
    outer loop
      vertex 51.3608 31 8.4
      vertex 51.2913 30.8592 6.4
      vertex 51.2913 30.8592 8.4
    endloop
  endfacet
  facet normal -0.831462 0.555582 0
    outer loop
      vertex 51.3608 31 6.4
      vertex 51.448 31.1305 8.4
      vertex 51.448 31.1305 6.4
    endloop
  endfacet
  facet normal -0.831462 0.555582 0
    outer loop
      vertex 51.448 31.1305 8.4
      vertex 51.3608 31 6.4
      vertex 51.3608 31 8.4
    endloop
  endfacet
  facet normal 0 0 1
    outer loop
      vertex 53.5897 30.5566 8.4
      vertex 53.5897 30.2434 8.4
      vertex 53.6 30.4 8.4
    endloop
  endfacet
  facet normal 0 0 1
    outer loop
      vertex 53.5591 30.7106 8.4
      vertex 53.5897 30.2434 8.4
      vertex 53.5897 30.5566 8.4
    endloop
  endfacet
  facet normal 0 0 1
    outer loop
      vertex 53.5591 30.7106 8.4
      vertex 53.5591 30.0894 8.4
      vertex 53.5897 30.2434 8.4
    endloop
  endfacet
  facet normal 0 0 1
    outer loop
      vertex 53.5087 30.8592 8.4
      vertex 53.5591 30.0894 8.4
      vertex 53.5591 30.7106 8.4
    endloop
  endfacet
  facet normal 0 0 1
    outer loop
      vertex 53.5087 30.8592 8.4
      vertex 53.5087 29.9408 8.4
      vertex 53.5591 30.0894 8.4
    endloop
  endfacet
  facet normal 0 0 1
    outer loop
      vertex 53.4392 31 8.4
      vertex 53.5087 29.9408 8.4
      vertex 53.5087 30.8592 8.4
    endloop
  endfacet
  facet normal 0 0 1
    outer loop
      vertex 53.4392 31 8.4
      vertex 53.4392 29.8 8.4
      vertex 53.5087 29.9408 8.4
    endloop
  endfacet
  facet normal 0 0 1
    outer loop
      vertex 53.352 31.1305 8.4
      vertex 53.4392 29.8 8.4
      vertex 53.4392 31 8.4
    endloop
  endfacet
  facet normal 0 0 1
    outer loop
      vertex 53.352 31.1305 8.4
      vertex 53.352 29.6695 8.4
      vertex 53.4392 29.8 8.4
    endloop
  endfacet
  facet normal 0 0 1
    outer loop
      vertex 53.2485 31.2485 8.4
      vertex 53.352 29.6695 8.4
      vertex 53.352 31.1305 8.4
    endloop
  endfacet
  facet normal 0 0 1
    outer loop
      vertex 53.2485 31.2485 8.4
      vertex 53.2485 29.5515 8.4
      vertex 53.352 29.6695 8.4
    endloop
  endfacet
  facet normal 0 0 1
    outer loop
      vertex 53.1305 31.352 8.4
      vertex 53.2485 29.5515 8.4
      vertex 53.2485 31.2485 8.4
    endloop
  endfacet
  facet normal 0 0 1
    outer loop
      vertex 53.1305 31.352 8.4
      vertex 53.1305 29.448 8.4
      vertex 53.2485 29.5515 8.4
    endloop
  endfacet
  facet normal 0 0 1
    outer loop
      vertex 53 31.4392 8.4
      vertex 53.1305 29.448 8.4
      vertex 53.1305 31.352 8.4
    endloop
  endfacet
  facet normal 0 0 1
    outer loop
      vertex 53 31.4392 8.4
      vertex 53 29.3608 8.4
      vertex 53.1305 29.448 8.4
    endloop
  endfacet
  facet normal 0 0 1
    outer loop
      vertex 52.8592 31.5087 8.4
      vertex 53 29.3608 8.4
      vertex 53 31.4392 8.4
    endloop
  endfacet
  facet normal 0 0 1
    outer loop
      vertex 52.8592 31.5087 8.4
      vertex 52.8592 29.2913 8.4
      vertex 53 29.3608 8.4
    endloop
  endfacet
  facet normal 0 0 1
    outer loop
      vertex 52.7106 31.5591 8.4
      vertex 52.8592 29.2913 8.4
      vertex 52.8592 31.5087 8.4
    endloop
  endfacet
  facet normal 0 0 1
    outer loop
      vertex 52.7106 31.5591 8.4
      vertex 52.7106 29.2409 8.4
      vertex 52.8592 29.2913 8.4
    endloop
  endfacet
  facet normal 0 0 1
    outer loop
      vertex 52.5566 31.5897 8.4
      vertex 52.7106 29.2409 8.4
      vertex 52.7106 31.5591 8.4
    endloop
  endfacet
  facet normal 0 0 1
    outer loop
      vertex 52.5566 31.5897 8.4
      vertex 52.5566 29.2103 8.4
      vertex 52.7106 29.2409 8.4
    endloop
  endfacet
  facet normal 0 0 1
    outer loop
      vertex 52.4 31.6 8.4
      vertex 52.5566 29.2103 8.4
      vertex 52.5566 31.5897 8.4
    endloop
  endfacet
  facet normal 0 0 1
    outer loop
      vertex 52.4 31.6 8.4
      vertex 52.4 29.2 8.4
      vertex 52.5566 29.2103 8.4
    endloop
  endfacet
  facet normal -0 0 1
    outer loop
      vertex 52.2434 31.5897 8.4
      vertex 52.4 29.2 8.4
      vertex 52.4 31.6 8.4
    endloop
  endfacet
  facet normal 0 0 1
    outer loop
      vertex 52.2434 31.5897 8.4
      vertex 52.2434 29.2103 8.4
      vertex 52.4 29.2 8.4
    endloop
  endfacet
  facet normal -0 0 1
    outer loop
      vertex 52.0894 31.5591 8.4
      vertex 52.2434 29.2103 8.4
      vertex 52.2434 31.5897 8.4
    endloop
  endfacet
  facet normal 0 0 1
    outer loop
      vertex 52.0894 31.5591 8.4
      vertex 52.0894 29.2409 8.4
      vertex 52.2434 29.2103 8.4
    endloop
  endfacet
  facet normal -0 0 1
    outer loop
      vertex 51.9408 31.5087 8.4
      vertex 52.0894 29.2409 8.4
      vertex 52.0894 31.5591 8.4
    endloop
  endfacet
  facet normal 0 0 1
    outer loop
      vertex 51.9408 31.5087 8.4
      vertex 51.9408 29.2913 8.4
      vertex 52.0894 29.2409 8.4
    endloop
  endfacet
  facet normal -0 0 1
    outer loop
      vertex 51.8 31.4392 8.4
      vertex 51.9408 29.2913 8.4
      vertex 51.9408 31.5087 8.4
    endloop
  endfacet
  facet normal 0 0 1
    outer loop
      vertex 51.8 31.4392 8.4
      vertex 51.8 29.3608 8.4
      vertex 51.9408 29.2913 8.4
    endloop
  endfacet
  facet normal -0 0 1
    outer loop
      vertex 51.6695 31.352 8.4
      vertex 51.8 29.3608 8.4
      vertex 51.8 31.4392 8.4
    endloop
  endfacet
  facet normal 0 0 1
    outer loop
      vertex 51.6695 31.352 8.4
      vertex 51.6695 29.448 8.4
      vertex 51.8 29.3608 8.4
    endloop
  endfacet
  facet normal -0 0 1
    outer loop
      vertex 51.5515 31.2485 8.4
      vertex 51.6695 29.448 8.4
      vertex 51.6695 31.352 8.4
    endloop
  endfacet
  facet normal 0 0 1
    outer loop
      vertex 51.5515 31.2485 8.4
      vertex 51.5515 29.5515 8.4
      vertex 51.6695 29.448 8.4
    endloop
  endfacet
  facet normal -0 0 1
    outer loop
      vertex 51.448 31.1305 8.4
      vertex 51.5515 29.5515 8.4
      vertex 51.5515 31.2485 8.4
    endloop
  endfacet
  facet normal 0 0 1
    outer loop
      vertex 51.448 31.1305 8.4
      vertex 51.448 29.6695 8.4
      vertex 51.5515 29.5515 8.4
    endloop
  endfacet
  facet normal -0 0 1
    outer loop
      vertex 51.3608 31 8.4
      vertex 51.448 29.6695 8.4
      vertex 51.448 31.1305 8.4
    endloop
  endfacet
  facet normal 0 0 1
    outer loop
      vertex 51.3608 31 8.4
      vertex 51.3608 29.8 8.4
      vertex 51.448 29.6695 8.4
    endloop
  endfacet
  facet normal -0 0 1
    outer loop
      vertex 51.2913 30.8592 8.4
      vertex 51.3608 29.8 8.4
      vertex 51.3608 31 8.4
    endloop
  endfacet
  facet normal 0 0 1
    outer loop
      vertex 51.2913 30.8592 8.4
      vertex 51.2913 29.9408 8.4
      vertex 51.3608 29.8 8.4
    endloop
  endfacet
  facet normal -0 0 1
    outer loop
      vertex 51.2409 30.7106 8.4
      vertex 51.2913 29.9408 8.4
      vertex 51.2913 30.8592 8.4
    endloop
  endfacet
  facet normal 0 0 1
    outer loop
      vertex 51.2409 30.7106 8.4
      vertex 51.2409 30.0894 8.4
      vertex 51.2913 29.9408 8.4
    endloop
  endfacet
  facet normal -0 0 1
    outer loop
      vertex 51.2103 30.5566 8.4
      vertex 51.2409 30.0894 8.4
      vertex 51.2409 30.7106 8.4
    endloop
  endfacet
  facet normal 0 0 1
    outer loop
      vertex 51.2103 30.5566 8.4
      vertex 51.2103 30.2434 8.4
      vertex 51.2409 30.0894 8.4
    endloop
  endfacet
  facet normal 0 -0 1
    outer loop
      vertex 51.2103 30.2434 8.4
      vertex 51.2103 30.5566 8.4
      vertex 51.2 30.4 8.4
    endloop
  endfacet
  facet normal -0.442622 0.896708 0
    outer loop
      vertex 51.9408 31.5087 6.4
      vertex 51.8 31.4392 8.4
      vertex 51.9408 31.5087 8.4
    endloop
  endfacet
  facet normal -0.442622 0.896708 0
    outer loop
      vertex 51.8 31.4392 8.4
      vertex 51.9408 31.5087 6.4
      vertex 51.8 31.4392 6.4
    endloop
  endfacet
  facet normal -0.0656309 0.997844 0
    outer loop
      vertex 52.4 31.6 6.4
      vertex 52.2434 31.5897 8.4
      vertex 52.4 31.6 8.4
    endloop
  endfacet
  facet normal -0.0656309 0.997844 0
    outer loop
      vertex 52.2434 31.5897 8.4
      vertex 52.4 31.6 6.4
      vertex 52.2434 31.5897 6.4
    endloop
  endfacet
  facet normal 0.194891 -0.980825 0
    outer loop
      vertex 52.5566 29.2103 6.4
      vertex 52.7106 29.2409 8.4
      vertex 52.5566 29.2103 8.4
    endloop
  endfacet
  facet normal 0.194891 -0.980825 0
    outer loop
      vertex 52.7106 29.2409 8.4
      vertex 52.5566 29.2103 6.4
      vertex 52.7106 29.2409 6.4
    endloop
  endfacet
  facet normal 0.0656309 -0.997844 0
    outer loop
      vertex 52.4 29.2 6.4
      vertex 52.5566 29.2103 8.4
      vertex 52.4 29.2 8.4
    endloop
  endfacet
  facet normal 0.0656309 -0.997844 0
    outer loop
      vertex 52.5566 29.2103 8.4
      vertex 52.4 29.2 6.4
      vertex 52.5566 29.2103 6.4
    endloop
  endfacet
  facet normal 0.659406 -0.751787 0
    outer loop
      vertex 53.1305 29.448 6.4
      vertex 53.2485 29.5515 8.4
      vertex 53.1305 29.448 8.4
    endloop
  endfacet
  facet normal 0.659406 -0.751787 0
    outer loop
      vertex 53.2485 29.5515 8.4
      vertex 53.1305 29.448 6.4
      vertex 53.2485 29.5515 6.4
    endloop
  endfacet
  facet normal 0.442622 -0.896708 0
    outer loop
      vertex 52.8592 29.2913 6.4
      vertex 53 29.3608 8.4
      vertex 52.8592 29.2913 8.4
    endloop
  endfacet
  facet normal 0.442622 -0.896708 0
    outer loop
      vertex 53 29.3608 8.4
      vertex 52.8592 29.2913 6.4
      vertex 53 29.3608 6.4
    endloop
  endfacet
  facet normal 0.947013 -0.321194 0
    outer loop
      vertex 53.5087 29.9408 8.4
      vertex 53.5591 30.0894 6.4
      vertex 53.5591 30.0894 8.4
    endloop
  endfacet
  facet normal 0.947013 -0.321194 0
    outer loop
      vertex 53.5591 30.0894 6.4
      vertex 53.5087 29.9408 8.4
      vertex 53.5087 29.9408 6.4
    endloop
  endfacet
  facet normal -0.442622 -0.896708 0
    outer loop
      vertex 51.8 29.3608 6.4
      vertex 51.9408 29.2913 8.4
      vertex 51.8 29.3608 8.4
    endloop
  endfacet
  facet normal -0.442622 -0.896708 -0
    outer loop
      vertex 51.9408 29.2913 8.4
      vertex 51.8 29.3608 6.4
      vertex 51.9408 29.2913 6.4
    endloop
  endfacet
  facet normal -0.321194 -0.947013 0
    outer loop
      vertex 51.9408 29.2913 6.4
      vertex 52.0894 29.2409 8.4
      vertex 51.9408 29.2913 8.4
    endloop
  endfacet
  facet normal -0.321194 -0.947013 -0
    outer loop
      vertex 52.0894 29.2409 8.4
      vertex 51.9408 29.2913 6.4
      vertex 52.0894 29.2409 6.4
    endloop
  endfacet
  facet normal -0.896708 -0.442622 0
    outer loop
      vertex 51.3608 29.8 6.4
      vertex 51.2913 29.9408 8.4
      vertex 51.2913 29.9408 6.4
    endloop
  endfacet
  facet normal -0.896708 -0.442622 0
    outer loop
      vertex 51.2913 29.9408 8.4
      vertex 51.3608 29.8 6.4
      vertex 51.3608 29.8 8.4
    endloop
  endfacet
  facet normal -0.831462 -0.555582 0
    outer loop
      vertex 51.448 29.6695 6.4
      vertex 51.3608 29.8 8.4
      vertex 51.3608 29.8 6.4
    endloop
  endfacet
  facet normal -0.831462 -0.555582 0
    outer loop
      vertex 51.3608 29.8 8.4
      vertex 51.448 29.6695 6.4
      vertex 51.448 29.6695 8.4
    endloop
  endfacet
  facet normal -0.997844 -0.0656309 0
    outer loop
      vertex 51.2103 30.2434 6.4
      vertex 51.2 30.4 8.4
      vertex 51.2 30.4 6.4
    endloop
  endfacet
  facet normal -0.997844 -0.0656309 0
    outer loop
      vertex 51.2 30.4 8.4
      vertex 51.2103 30.2434 6.4
      vertex 51.2103 30.2434 8.4
    endloop
  endfacet
  facet normal 0.947013 0.321194 0
    outer loop
      vertex 53.5591 30.7106 8.4
      vertex 53.5087 30.8592 6.4
      vertex 53.5087 30.8592 8.4
    endloop
  endfacet
  facet normal 0.947013 0.321194 0
    outer loop
      vertex 53.5087 30.8592 6.4
      vertex 53.5591 30.7106 8.4
      vertex 53.5591 30.7106 6.4
    endloop
  endfacet
  facet normal 0.980825 0.194891 0
    outer loop
      vertex 53.5897 30.5566 8.4
      vertex 53.5591 30.7106 6.4
      vertex 53.5591 30.7106 8.4
    endloop
  endfacet
  facet normal 0.980825 0.194891 0
    outer loop
      vertex 53.5591 30.7106 6.4
      vertex 53.5897 30.5566 8.4
      vertex 53.5897 30.5566 6.4
    endloop
  endfacet
  facet normal 0.194891 0.980825 -0
    outer loop
      vertex 52.7106 31.5591 6.4
      vertex 52.5566 31.5897 8.4
      vertex 52.7106 31.5591 8.4
    endloop
  endfacet
  facet normal 0.194891 0.980825 0
    outer loop
      vertex 52.5566 31.5897 8.4
      vertex 52.7106 31.5591 6.4
      vertex 52.5566 31.5897 6.4
    endloop
  endfacet
  facet normal 0.659406 0.751787 -0
    outer loop
      vertex 53.2485 31.2485 6.4
      vertex 53.1305 31.352 8.4
      vertex 53.2485 31.2485 8.4
    endloop
  endfacet
  facet normal 0.659406 0.751787 0
    outer loop
      vertex 53.1305 31.352 8.4
      vertex 53.2485 31.2485 6.4
      vertex 53.1305 31.352 6.4
    endloop
  endfacet
  facet normal -0.980825 0.194891 0
    outer loop
      vertex 51.2103 30.5566 6.4
      vertex 51.2409 30.7106 8.4
      vertex 51.2409 30.7106 6.4
    endloop
  endfacet
  facet normal -0.980825 0.194891 0
    outer loop
      vertex 51.2409 30.7106 8.4
      vertex 51.2103 30.5566 6.4
      vertex 51.2103 30.5566 8.4
    endloop
  endfacet
  facet normal 0.997844 -0.0656309 0
    outer loop
      vertex 53.5897 30.2434 8.4
      vertex 53.6 30.4 6.4
      vertex 53.6 30.4 8.4
    endloop
  endfacet
  facet normal 0.997844 -0.0656309 0
    outer loop
      vertex 53.6 30.4 6.4
      vertex 53.5897 30.2434 8.4
      vertex 53.5897 30.2434 6.4
    endloop
  endfacet
  facet normal 0.555582 -0.831462 0
    outer loop
      vertex 53 29.3608 6.4
      vertex 53.1305 29.448 8.4
      vertex 53 29.3608 8.4
    endloop
  endfacet
  facet normal 0.555582 -0.831462 0
    outer loop
      vertex 53.1305 29.448 8.4
      vertex 53 29.3608 6.4
      vertex 53.1305 29.448 6.4
    endloop
  endfacet
  facet normal 0.896708 -0.442622 0
    outer loop
      vertex 53.4392 29.8 8.4
      vertex 53.5087 29.9408 6.4
      vertex 53.5087 29.9408 8.4
    endloop
  endfacet
  facet normal 0.896708 -0.442622 0
    outer loop
      vertex 53.5087 29.9408 6.4
      vertex 53.4392 29.8 8.4
      vertex 53.4392 29.8 6.4
    endloop
  endfacet
  facet normal 0.751787 -0.659406 0
    outer loop
      vertex 53.2485 29.5515 8.4
      vertex 53.352 29.6695 6.4
      vertex 53.352 29.6695 8.4
    endloop
  endfacet
  facet normal 0.751787 -0.659406 0
    outer loop
      vertex 53.352 29.6695 6.4
      vertex 53.2485 29.5515 8.4
      vertex 53.2485 29.5515 6.4
    endloop
  endfacet
  facet normal 0.831462 -0.555582 0
    outer loop
      vertex 53.352 29.6695 8.4
      vertex 53.4392 29.8 6.4
      vertex 53.4392 29.8 8.4
    endloop
  endfacet
  facet normal 0.831462 -0.555582 0
    outer loop
      vertex 53.4392 29.8 6.4
      vertex 53.352 29.6695 8.4
      vertex 53.352 29.6695 6.4
    endloop
  endfacet
  facet normal -0.659406 -0.751787 0
    outer loop
      vertex 51.5515 29.5515 6.4
      vertex 51.6695 29.448 8.4
      vertex 51.5515 29.5515 8.4
    endloop
  endfacet
  facet normal -0.659406 -0.751787 -0
    outer loop
      vertex 51.6695 29.448 8.4
      vertex 51.5515 29.5515 6.4
      vertex 51.6695 29.448 6.4
    endloop
  endfacet
  facet normal -0.555582 -0.831462 0
    outer loop
      vertex 51.6695 29.448 6.4
      vertex 51.8 29.3608 8.4
      vertex 51.6695 29.448 8.4
    endloop
  endfacet
  facet normal -0.555582 -0.831462 -0
    outer loop
      vertex 51.8 29.3608 8.4
      vertex 51.6695 29.448 6.4
      vertex 51.8 29.3608 6.4
    endloop
  endfacet
  facet normal -0.751787 -0.659406 0
    outer loop
      vertex 51.5515 29.5515 6.4
      vertex 51.448 29.6695 8.4
      vertex 51.448 29.6695 6.4
    endloop
  endfacet
  facet normal -0.751787 -0.659406 0
    outer loop
      vertex 51.448 29.6695 8.4
      vertex 51.5515 29.5515 6.4
      vertex 51.5515 29.5515 8.4
    endloop
  endfacet
  facet normal -0.947013 -0.321194 0
    outer loop
      vertex 51.2913 29.9408 6.4
      vertex 51.2409 30.0894 8.4
      vertex 51.2409 30.0894 6.4
    endloop
  endfacet
  facet normal -0.947013 -0.321194 0
    outer loop
      vertex 51.2409 30.0894 8.4
      vertex 51.2913 29.9408 6.4
      vertex 51.2913 29.9408 8.4
    endloop
  endfacet
  facet normal 0.321194 0.947013 -0
    outer loop
      vertex 52.8592 31.5087 6.4
      vertex 52.7106 31.5591 8.4
      vertex 52.8592 31.5087 8.4
    endloop
  endfacet
  facet normal 0.321194 0.947013 0
    outer loop
      vertex 52.7106 31.5591 8.4
      vertex 52.8592 31.5087 6.4
      vertex 52.7106 31.5591 6.4
    endloop
  endfacet
  facet normal -0.751787 0.659406 0
    outer loop
      vertex 51.448 31.1305 6.4
      vertex 51.5515 31.2485 8.4
      vertex 51.5515 31.2485 6.4
    endloop
  endfacet
  facet normal -0.751787 0.659406 0
    outer loop
      vertex 51.5515 31.2485 8.4
      vertex 51.448 31.1305 6.4
      vertex 51.448 31.1305 8.4
    endloop
  endfacet
  facet normal -0.947013 0.321194 0
    outer loop
      vertex 51.2409 30.7106 6.4
      vertex 51.2913 30.8592 8.4
      vertex 51.2913 30.8592 6.4
    endloop
  endfacet
  facet normal -0.947013 0.321194 0
    outer loop
      vertex 51.2913 30.8592 8.4
      vertex 51.2409 30.7106 6.4
      vertex 51.2409 30.7106 8.4
    endloop
  endfacet
  facet normal -0.555582 0.831462 0
    outer loop
      vertex 51.8 31.4392 6.4
      vertex 51.6695 31.352 8.4
      vertex 51.8 31.4392 8.4
    endloop
  endfacet
  facet normal -0.555582 0.831462 0
    outer loop
      vertex 51.6695 31.352 8.4
      vertex 51.8 31.4392 6.4
      vertex 51.6695 31.352 6.4
    endloop
  endfacet
  facet normal -0.194891 0.980825 0
    outer loop
      vertex 52.2434 31.5897 6.4
      vertex 52.0894 31.5591 8.4
      vertex 52.2434 31.5897 8.4
    endloop
  endfacet
  facet normal -0.194891 0.980825 0
    outer loop
      vertex 52.0894 31.5591 8.4
      vertex 52.2434 31.5897 6.4
      vertex 52.0894 31.5591 6.4
    endloop
  endfacet
  facet normal 0.321194 -0.947013 0
    outer loop
      vertex 52.7106 29.2409 6.4
      vertex 52.8592 29.2913 8.4
      vertex 52.7106 29.2409 8.4
    endloop
  endfacet
  facet normal 0.321194 -0.947013 0
    outer loop
      vertex 52.8592 29.2913 8.4
      vertex 52.7106 29.2409 6.4
      vertex 52.8592 29.2913 6.4
    endloop
  endfacet
  facet normal 0.980825 -0.194891 0
    outer loop
      vertex 53.5591 30.0894 8.4
      vertex 53.5897 30.2434 6.4
      vertex 53.5897 30.2434 8.4
    endloop
  endfacet
  facet normal 0.980825 -0.194891 0
    outer loop
      vertex 53.5897 30.2434 6.4
      vertex 53.5591 30.0894 8.4
      vertex 53.5591 30.0894 6.4
    endloop
  endfacet
  facet normal -0.194891 -0.980825 0
    outer loop
      vertex 52.0894 29.2409 6.4
      vertex 52.2434 29.2103 8.4
      vertex 52.0894 29.2409 8.4
    endloop
  endfacet
  facet normal -0.194891 -0.980825 -0
    outer loop
      vertex 52.2434 29.2103 8.4
      vertex 52.0894 29.2409 6.4
      vertex 52.2434 29.2103 6.4
    endloop
  endfacet
  facet normal 0.997859 0.0653948 0
    outer loop
      vertex 9.65 96.4 6.4
      vertex 9.6222 96.8242 2.4
      vertex 9.6222 96.8242 6.4
    endloop
  endfacet
  facet normal 0.997859 0.0653948 0
    outer loop
      vertex 9.6222 96.8242 2.4
      vertex 9.65 96.4 6.4
      vertex 9.65 96.4 2.4
    endloop
  endfacet
  facet normal -0.997859 0.0653948 0
    outer loop
      vertex 3.15 96.4 2.4
      vertex 3.1778 96.8242 6.4
      vertex 3.1778 96.8242 2.4
    endloop
  endfacet
  facet normal -0.997859 0.0653948 0
    outer loop
      vertex 3.1778 96.8242 6.4
      vertex 3.15 96.4 2.4
      vertex 3.15 96.4 6.4
    endloop
  endfacet
  facet normal 0.0653933 0.99786 -0
    outer loop
      vertex 6.82421 99.6222 2.4
      vertex 6.4 99.65 6.4
      vertex 6.82421 99.6222 6.4
    endloop
  endfacet
  facet normal 0.0653933 0.99786 0
    outer loop
      vertex 6.4 99.65 6.4
      vertex 6.82421 99.6222 2.4
      vertex 6.4 99.65 2.4
    endloop
  endfacet
  facet normal -0.0653933 -0.99786 0
    outer loop
      vertex 5.97579 93.1778 2.4
      vertex 6.4 93.15 6.4
      vertex 5.97579 93.1778 6.4
    endloop
  endfacet
  facet normal -0.0653933 -0.99786 -0
    outer loop
      vertex 6.4 93.15 6.4
      vertex 5.97579 93.1778 2.4
      vertex 6.4 93.15 2.4
    endloop
  endfacet
  facet normal -0.751818 -0.65937 0
    outer loop
      vertex 4.1019 94.1019 2.4
      vertex 3.8216 94.4215 6.4
      vertex 3.8216 94.4215 2.4
    endloop
  endfacet
  facet normal -0.751818 -0.65937 0
    outer loop
      vertex 3.8216 94.4215 6.4
      vertex 4.1019 94.1019 2.4
      vertex 4.1019 94.1019 6.4
    endloop
  endfacet
  facet normal 0.659335 0.751849 -0
    outer loop
      vertex 8.6981 98.6981 2.4
      vertex 8.37847 98.9784 6.4
      vertex 8.6981 98.6981 6.4
    endloop
  endfacet
  facet normal 0.659335 0.751849 0
    outer loop
      vertex 8.37847 98.9784 6.4
      vertex 8.6981 98.6981 2.4
      vertex 8.37847 98.9784 2.4
    endloop
  endfacet
  facet normal -0.659335 0.751849 0
    outer loop
      vertex 4.42153 98.9784 2.4
      vertex 4.1019 98.6981 6.4
      vertex 4.42153 98.9784 6.4
    endloop
  endfacet
  facet normal -0.659335 0.751849 0
    outer loop
      vertex 4.1019 98.6981 6.4
      vertex 4.42153 98.9784 2.4
      vertex 4.1019 98.6981 2.4
    endloop
  endfacet
  facet normal -0.321543 0.946895 0
    outer loop
      vertex 5.55884 99.5393 2.4
      vertex 5.15628 99.4026 6.4
      vertex 5.55884 99.5393 6.4
    endloop
  endfacet
  facet normal -0.321543 0.946895 0
    outer loop
      vertex 5.15628 99.4026 6.4
      vertex 5.55884 99.5393 2.4
      vertex 5.15628 99.4026 2.4
    endloop
  endfacet
  facet normal -0.946916 -0.321481 0
    outer loop
      vertex 3.39739 95.1563 2.4
      vertex 3.26074 95.5588 6.4
      vertex 3.26074 95.5588 2.4
    endloop
  endfacet
  facet normal -0.946916 -0.321481 0
    outer loop
      vertex 3.26074 95.5588 6.4
      vertex 3.39739 95.1563 2.4
      vertex 3.39739 95.1563 6.4
    endloop
  endfacet
  facet normal 0 0 -1
    outer loop
      vertex 9.6222 95.9758 2.4
      vertex 9.6222 96.8242 2.4
      vertex 9.65 96.4 2.4
    endloop
  endfacet
  facet normal 0 0 -1
    outer loop
      vertex 9.53926 95.5588 2.4
      vertex 9.6222 96.8242 2.4
      vertex 9.6222 95.9758 2.4
    endloop
  endfacet
  facet normal 0 0 -1
    outer loop
      vertex 9.53926 95.5588 2.4
      vertex 9.53926 97.2412 2.4
      vertex 9.6222 96.8242 2.4
    endloop
  endfacet
  facet normal 0 0 -1
    outer loop
      vertex 9.40261 95.1563 2.4
      vertex 9.53926 97.2412 2.4
      vertex 9.53926 95.5588 2.4
    endloop
  endfacet
  facet normal 0 0 -1
    outer loop
      vertex 9.40261 95.1563 2.4
      vertex 9.40261 97.6437 2.4
      vertex 9.53926 97.2412 2.4
    endloop
  endfacet
  facet normal 0 0 -1
    outer loop
      vertex 9.21458 94.775 2.4
      vertex 9.40261 97.6437 2.4
      vertex 9.40261 95.1563 2.4
    endloop
  endfacet
  facet normal 0 0 -1
    outer loop
      vertex 9.21458 94.775 2.4
      vertex 9.21458 98.025 2.4
      vertex 9.40261 97.6437 2.4
    endloop
  endfacet
  facet normal 0 0 -1
    outer loop
      vertex 8.9784 94.4215 2.4
      vertex 9.21458 98.025 2.4
      vertex 9.21458 94.775 2.4
    endloop
  endfacet
  facet normal 0 0 -1
    outer loop
      vertex 8.9784 94.4215 2.4
      vertex 8.9784 98.3785 2.4
      vertex 9.21458 98.025 2.4
    endloop
  endfacet
  facet normal 0 0 -1
    outer loop
      vertex 8.6981 94.1019 2.4
      vertex 8.9784 98.3785 2.4
      vertex 8.9784 94.4215 2.4
    endloop
  endfacet
  facet normal 0 0 -1
    outer loop
      vertex 8.6981 94.1019 2.4
      vertex 8.6981 98.6981 2.4
      vertex 8.9784 98.3785 2.4
    endloop
  endfacet
  facet normal 0 0 -1
    outer loop
      vertex 8.37847 93.8216 2.4
      vertex 8.6981 98.6981 2.4
      vertex 8.6981 94.1019 2.4
    endloop
  endfacet
  facet normal 0 0 -1
    outer loop
      vertex 8.37847 93.8216 2.4
      vertex 8.37847 98.9784 2.4
      vertex 8.6981 98.6981 2.4
    endloop
  endfacet
  facet normal 0 0 -1
    outer loop
      vertex 8.025 93.5854 2.4
      vertex 8.37847 98.9784 2.4
      vertex 8.37847 93.8216 2.4
    endloop
  endfacet
  facet normal 0 0 -1
    outer loop
      vertex 8.025 93.5854 2.4
      vertex 8.025 99.2146 2.4
      vertex 8.37847 98.9784 2.4
    endloop
  endfacet
  facet normal 0 0 -1
    outer loop
      vertex 7.64372 93.3974 2.4
      vertex 8.025 99.2146 2.4
      vertex 8.025 93.5854 2.4
    endloop
  endfacet
  facet normal 0 0 -1
    outer loop
      vertex 7.64372 93.3974 2.4
      vertex 7.64372 99.4026 2.4
      vertex 8.025 99.2146 2.4
    endloop
  endfacet
  facet normal 0 0 -1
    outer loop
      vertex 7.24116 93.2607 2.4
      vertex 7.64372 99.4026 2.4
      vertex 7.64372 93.3974 2.4
    endloop
  endfacet
  facet normal 0 0 -1
    outer loop
      vertex 7.24116 93.2607 2.4
      vertex 7.24116 99.5393 2.4
      vertex 7.64372 99.4026 2.4
    endloop
  endfacet
  facet normal 0 0 -1
    outer loop
      vertex 6.82421 93.1778 2.4
      vertex 7.24116 99.5393 2.4
      vertex 7.24116 93.2607 2.4
    endloop
  endfacet
  facet normal 0 0 -1
    outer loop
      vertex 6.82421 93.1778 2.4
      vertex 6.82421 99.6222 2.4
      vertex 7.24116 99.5393 2.4
    endloop
  endfacet
  facet normal 0 0 -1
    outer loop
      vertex 6.4 93.15 2.4
      vertex 6.82421 99.6222 2.4
      vertex 6.82421 93.1778 2.4
    endloop
  endfacet
  facet normal 0 0 -1
    outer loop
      vertex 6.4 93.15 2.4
      vertex 6.4 99.65 2.4
      vertex 6.82421 99.6222 2.4
    endloop
  endfacet
  facet normal 0 0 -1
    outer loop
      vertex 5.97579 93.1778 2.4
      vertex 6.4 99.65 2.4
      vertex 6.4 93.15 2.4
    endloop
  endfacet
  facet normal 0 0 -1
    outer loop
      vertex 5.97579 93.1778 2.4
      vertex 5.97579 99.6222 2.4
      vertex 6.4 99.65 2.4
    endloop
  endfacet
  facet normal 0 0 -1
    outer loop
      vertex 5.55884 93.2607 2.4
      vertex 5.97579 99.6222 2.4
      vertex 5.97579 93.1778 2.4
    endloop
  endfacet
  facet normal 0 0 -1
    outer loop
      vertex 5.55884 93.2607 2.4
      vertex 5.55884 99.5393 2.4
      vertex 5.97579 99.6222 2.4
    endloop
  endfacet
  facet normal 0 0 -1
    outer loop
      vertex 5.15628 93.3974 2.4
      vertex 5.55884 99.5393 2.4
      vertex 5.55884 93.2607 2.4
    endloop
  endfacet
  facet normal 0 0 -1
    outer loop
      vertex 5.15628 93.3974 2.4
      vertex 5.15628 99.4026 2.4
      vertex 5.55884 99.5393 2.4
    endloop
  endfacet
  facet normal 0 0 -1
    outer loop
      vertex 4.775 93.5854 2.4
      vertex 5.15628 99.4026 2.4
      vertex 5.15628 93.3974 2.4
    endloop
  endfacet
  facet normal 0 0 -1
    outer loop
      vertex 4.775 93.5854 2.4
      vertex 4.775 99.2146 2.4
      vertex 5.15628 99.4026 2.4
    endloop
  endfacet
  facet normal 0 0 -1
    outer loop
      vertex 4.42153 93.8216 2.4
      vertex 4.775 99.2146 2.4
      vertex 4.775 93.5854 2.4
    endloop
  endfacet
  facet normal 0 0 -1
    outer loop
      vertex 4.42153 93.8216 2.4
      vertex 4.42153 98.9784 2.4
      vertex 4.775 99.2146 2.4
    endloop
  endfacet
  facet normal 0 0 -1
    outer loop
      vertex 4.1019 94.1019 2.4
      vertex 4.42153 98.9784 2.4
      vertex 4.42153 93.8216 2.4
    endloop
  endfacet
  facet normal 0 0 -1
    outer loop
      vertex 4.1019 94.1019 2.4
      vertex 4.1019 98.6981 2.4
      vertex 4.42153 98.9784 2.4
    endloop
  endfacet
  facet normal 0 0 -1
    outer loop
      vertex 3.8216 94.4215 2.4
      vertex 4.1019 98.6981 2.4
      vertex 4.1019 94.1019 2.4
    endloop
  endfacet
  facet normal 0 0 -1
    outer loop
      vertex 3.8216 94.4215 2.4
      vertex 3.8216 98.3785 2.4
      vertex 4.1019 98.6981 2.4
    endloop
  endfacet
  facet normal 0 0 -1
    outer loop
      vertex 3.58542 94.775 2.4
      vertex 3.8216 98.3785 2.4
      vertex 3.8216 94.4215 2.4
    endloop
  endfacet
  facet normal 0 0 -1
    outer loop
      vertex 3.58542 94.775 2.4
      vertex 3.58542 98.025 2.4
      vertex 3.8216 98.3785 2.4
    endloop
  endfacet
  facet normal 0 0 -1
    outer loop
      vertex 3.39739 95.1563 2.4
      vertex 3.58542 98.025 2.4
      vertex 3.58542 94.775 2.4
    endloop
  endfacet
  facet normal 0 0 -1
    outer loop
      vertex 3.39739 95.1563 2.4
      vertex 3.39739 97.6437 2.4
      vertex 3.58542 98.025 2.4
    endloop
  endfacet
  facet normal 0 0 -1
    outer loop
      vertex 3.26074 95.5588 2.4
      vertex 3.39739 97.6437 2.4
      vertex 3.39739 95.1563 2.4
    endloop
  endfacet
  facet normal 0 0 -1
    outer loop
      vertex 3.26074 95.5588 2.4
      vertex 3.26074 97.2412 2.4
      vertex 3.39739 97.6437 2.4
    endloop
  endfacet
  facet normal 0 0 -1
    outer loop
      vertex 3.1778 95.9758 2.4
      vertex 3.26074 97.2412 2.4
      vertex 3.26074 95.5588 2.4
    endloop
  endfacet
  facet normal 0 0 -1
    outer loop
      vertex 3.1778 95.9758 2.4
      vertex 3.1778 96.8242 2.4
      vertex 3.26074 97.2412 2.4
    endloop
  endfacet
  facet normal 0 -0 -1
    outer loop
      vertex 3.1778 96.8242 2.4
      vertex 3.1778 95.9758 2.4
      vertex 3.15 96.4 2.4
    endloop
  endfacet
  facet normal 0.896879 0.442277 0
    outer loop
      vertex 9.40261 97.6437 6.4
      vertex 9.21458 98.025 2.4
      vertex 9.21458 98.025 6.4
    endloop
  endfacet
  facet normal 0.896879 0.442277 0
    outer loop
      vertex 9.21458 98.025 2.4
      vertex 9.40261 97.6437 6.4
      vertex 9.40261 97.6437 2.4
    endloop
  endfacet
  facet normal 0.831493 0.555536 0
    outer loop
      vertex 9.21458 98.025 6.4
      vertex 8.9784 98.3785 2.4
      vertex 8.9784 98.3785 6.4
    endloop
  endfacet
  facet normal 0.831493 0.555536 0
    outer loop
      vertex 8.9784 98.3785 2.4
      vertex 9.21458 98.025 6.4
      vertex 9.21458 98.025 2.4
    endloop
  endfacet
  facet normal 0.442239 0.896897 -0
    outer loop
      vertex 8.025 99.2146 2.4
      vertex 7.64372 99.4026 6.4
      vertex 8.025 99.2146 6.4
    endloop
  endfacet
  facet normal 0.442239 0.896897 0
    outer loop
      vertex 7.64372 99.4026 6.4
      vertex 8.025 99.2146 2.4
      vertex 7.64372 99.4026 2.4
    endloop
  endfacet
  facet normal 0.555601 0.831449 -0
    outer loop
      vertex 8.37847 98.9784 2.4
      vertex 8.025 99.2146 6.4
      vertex 8.37847 98.9784 6.4
    endloop
  endfacet
  facet normal 0.555601 0.831449 0
    outer loop
      vertex 8.025 99.2146 6.4
      vertex 8.37847 98.9784 2.4
      vertex 8.025 99.2146 2.4
    endloop
  endfacet
  facet normal -0.896879 0.442277 0
    outer loop
      vertex 3.39739 97.6437 2.4
      vertex 3.58542 98.025 6.4
      vertex 3.58542 98.025 2.4
    endloop
  endfacet
  facet normal -0.896879 0.442277 0
    outer loop
      vertex 3.58542 98.025 6.4
      vertex 3.39739 97.6437 2.4
      vertex 3.39739 97.6437 6.4
    endloop
  endfacet
  facet normal -0.751818 0.65937 0
    outer loop
      vertex 3.8216 98.3785 2.4
      vertex 4.1019 98.6981 6.4
      vertex 4.1019 98.6981 2.4
    endloop
  endfacet
  facet normal -0.751818 0.65937 0
    outer loop
      vertex 4.1019 98.6981 6.4
      vertex 3.8216 98.3785 2.4
      vertex 3.8216 98.3785 6.4
    endloop
  endfacet
  facet normal 0 0 1
    outer loop
      vertex 7.6 96.4 6.4
      vertex 9.65 96.4 6.4
      vertex 9.6222 96.8242 6.4
    endloop
  endfacet
  facet normal 0 0 1
    outer loop
      vertex 7.58973 96.5566 6.4
      vertex 9.6222 96.8242 6.4
      vertex 9.53926 97.2412 6.4
    endloop
  endfacet
  facet normal 0 0 1
    outer loop
      vertex 9.65 96.4 6.4
      vertex 7.6 96.4 6.4
      vertex 9.6222 95.9758 6.4
    endloop
  endfacet
  facet normal 0 0 1
    outer loop
      vertex 7.55911 96.7106 6.4
      vertex 9.53926 97.2412 6.4
      vertex 9.40261 97.6437 6.4
    endloop
  endfacet
  facet normal -0 0 1
    outer loop
      vertex 7.58973 96.2434 6.4
      vertex 9.6222 95.9758 6.4
      vertex 7.6 96.4 6.4
    endloop
  endfacet
  facet normal 0 0 1
    outer loop
      vertex 7.50866 96.8592 6.4
      vertex 9.40261 97.6437 6.4
      vertex 9.21458 98.025 6.4
    endloop
  endfacet
  facet normal 0 0 1
    outer loop
      vertex 9.6222 95.9758 6.4
      vertex 7.58973 96.2434 6.4
      vertex 9.53926 95.5588 6.4
    endloop
  endfacet
  facet normal 0 0 1
    outer loop
      vertex 7.43923 97 6.4
      vertex 9.21458 98.025 6.4
      vertex 8.9784 98.3785 6.4
    endloop
  endfacet
  facet normal -0 0 1
    outer loop
      vertex 7.55911 96.0894 6.4
      vertex 9.53926 95.5588 6.4
      vertex 7.58973 96.2434 6.4
    endloop
  endfacet
  facet normal 0 0 1
    outer loop
      vertex 7.35202 97.1305 6.4
      vertex 8.9784 98.3785 6.4
      vertex 8.6981 98.6981 6.4
    endloop
  endfacet
  facet normal 0 0 1
    outer loop
      vertex 9.53926 95.5588 6.4
      vertex 7.55911 96.0894 6.4
      vertex 9.40261 95.1563 6.4
    endloop
  endfacet
  facet normal 0 0 1
    outer loop
      vertex 7.24853 97.2485 6.4
      vertex 8.6981 98.6981 6.4
      vertex 8.37847 98.9784 6.4
    endloop
  endfacet
  facet normal -0 0 1
    outer loop
      vertex 7.50866 95.9408 6.4
      vertex 9.40261 95.1563 6.4
      vertex 7.55911 96.0894 6.4
    endloop
  endfacet
  facet normal 0 0 1
    outer loop
      vertex 7.13051 97.352 6.4
      vertex 8.37847 98.9784 6.4
      vertex 8.025 99.2146 6.4
    endloop
  endfacet
  facet normal 0 0 1
    outer loop
      vertex 9.40261 95.1563 6.4
      vertex 7.50866 95.9408 6.4
      vertex 9.21458 94.775 6.4
    endloop
  endfacet
  facet normal 0 0 1
    outer loop
      vertex 7 97.4392 6.4
      vertex 8.025 99.2146 6.4
      vertex 7.64372 99.4026 6.4
    endloop
  endfacet
  facet normal -0 0 1
    outer loop
      vertex 7.43923 95.8 6.4
      vertex 9.21458 94.775 6.4
      vertex 7.50866 95.9408 6.4
    endloop
  endfacet
  facet normal 0 0 1
    outer loop
      vertex 9.21458 94.775 6.4
      vertex 7.43923 95.8 6.4
      vertex 8.9784 94.4215 6.4
    endloop
  endfacet
  facet normal 0 0 1
    outer loop
      vertex 9.6222 96.8242 6.4
      vertex 7.58973 96.5566 6.4
      vertex 7.6 96.4 6.4
    endloop
  endfacet
  facet normal 0 0 1
    outer loop
      vertex 9.53926 97.2412 6.4
      vertex 7.55911 96.7106 6.4
      vertex 7.58973 96.5566 6.4
    endloop
  endfacet
  facet normal 0 0 1
    outer loop
      vertex 9.40261 97.6437 6.4
      vertex 7.50866 96.8592 6.4
      vertex 7.55911 96.7106 6.4
    endloop
  endfacet
  facet normal 0 0 1
    outer loop
      vertex 9.21458 98.025 6.4
      vertex 7.43923 97 6.4
      vertex 7.50866 96.8592 6.4
    endloop
  endfacet
  facet normal 0 0 1
    outer loop
      vertex 8.9784 98.3785 6.4
      vertex 7.35202 97.1305 6.4
      vertex 7.43923 97 6.4
    endloop
  endfacet
  facet normal 0 0 1
    outer loop
      vertex 8.6981 98.6981 6.4
      vertex 7.24853 97.2485 6.4
      vertex 7.35202 97.1305 6.4
    endloop
  endfacet
  facet normal 0 0 1
    outer loop
      vertex 6.85922 97.5087 6.4
      vertex 7.64372 99.4026 6.4
      vertex 7.24116 99.5393 6.4
    endloop
  endfacet
  facet normal 0 0 1
    outer loop
      vertex 8.37847 98.9784 6.4
      vertex 7.13051 97.352 6.4
      vertex 7.24853 97.2485 6.4
    endloop
  endfacet
  facet normal 0 0 1
    outer loop
      vertex 8.025 99.2146 6.4
      vertex 7 97.4392 6.4
      vertex 7.13051 97.352 6.4
    endloop
  endfacet
  facet normal 0 0 1
    outer loop
      vertex 7.64372 99.4026 6.4
      vertex 6.85922 97.5087 6.4
      vertex 7 97.4392 6.4
    endloop
  endfacet
  facet normal 0 0 1
    outer loop
      vertex 6.71058 97.5591 6.4
      vertex 7.24116 99.5393 6.4
      vertex 6.82421 99.6222 6.4
    endloop
  endfacet
  facet normal 0 0 1
    outer loop
      vertex 7.24116 99.5393 6.4
      vertex 6.71058 97.5591 6.4
      vertex 6.85922 97.5087 6.4
    endloop
  endfacet
  facet normal 0 0 1
    outer loop
      vertex 6.82421 99.6222 6.4
      vertex 6.55663 97.5897 6.4
      vertex 6.71058 97.5591 6.4
    endloop
  endfacet
  facet normal 0 0 1
    outer loop
      vertex 6.4 99.65 6.4
      vertex 6.55663 97.5897 6.4
      vertex 6.82421 99.6222 6.4
    endloop
  endfacet
  facet normal 0 0 1
    outer loop
      vertex 6.4 99.65 6.4
      vertex 6.4 97.6 6.4
      vertex 6.55663 97.5897 6.4
    endloop
  endfacet
  facet normal 0 0 1
    outer loop
      vertex 6.4 99.65 6.4
      vertex 6.24337 97.5897 6.4
      vertex 6.4 97.6 6.4
    endloop
  endfacet
  facet normal -0 0 1
    outer loop
      vertex 5.97579 99.6222 6.4
      vertex 6.24337 97.5897 6.4
      vertex 6.4 99.65 6.4
    endloop
  endfacet
  facet normal 0 0 1
    outer loop
      vertex 6.24337 97.5897 6.4
      vertex 5.97579 99.6222 6.4
      vertex 6.08942 97.5591 6.4
    endloop
  endfacet
  facet normal -0 0 1
    outer loop
      vertex 5.55884 99.5393 6.4
      vertex 6.08942 97.5591 6.4
      vertex 5.97579 99.6222 6.4
    endloop
  endfacet
  facet normal 0 0 1
    outer loop
      vertex 6.08942 97.5591 6.4
      vertex 5.55884 99.5393 6.4
      vertex 5.94078 97.5087 6.4
    endloop
  endfacet
  facet normal -0 0 1
    outer loop
      vertex 5.15628 99.4026 6.4
      vertex 5.94078 97.5087 6.4
      vertex 5.55884 99.5393 6.4
    endloop
  endfacet
  facet normal 0 0 1
    outer loop
      vertex 5.94078 97.5087 6.4
      vertex 5.15628 99.4026 6.4
      vertex 5.8 97.4392 6.4
    endloop
  endfacet
  facet normal -0 0 1
    outer loop
      vertex 4.775 99.2146 6.4
      vertex 5.8 97.4392 6.4
      vertex 5.15628 99.4026 6.4
    endloop
  endfacet
  facet normal 0 0 1
    outer loop
      vertex 5.8 97.4392 6.4
      vertex 4.775 99.2146 6.4
      vertex 5.66949 97.352 6.4
    endloop
  endfacet
  facet normal -0 0 1
    outer loop
      vertex 4.42153 98.9784 6.4
      vertex 5.66949 97.352 6.4
      vertex 4.775 99.2146 6.4
    endloop
  endfacet
  facet normal 0 0 1
    outer loop
      vertex 5.66949 97.352 6.4
      vertex 4.42153 98.9784 6.4
      vertex 5.55147 97.2485 6.4
    endloop
  endfacet
  facet normal -0 0 1
    outer loop
      vertex 4.1019 98.6981 6.4
      vertex 5.55147 97.2485 6.4
      vertex 4.42153 98.9784 6.4
    endloop
  endfacet
  facet normal 0 0 1
    outer loop
      vertex 5.55147 97.2485 6.4
      vertex 4.1019 98.6981 6.4
      vertex 5.44798 97.1305 6.4
    endloop
  endfacet
  facet normal 0 0 1
    outer loop
      vertex 5.44798 97.1305 6.4
      vertex 3.8216 98.3785 6.4
      vertex 5.36077 97 6.4
    endloop
  endfacet
  facet normal -0 0 1
    outer loop
      vertex 3.8216 98.3785 6.4
      vertex 5.44798 97.1305 6.4
      vertex 4.1019 98.6981 6.4
    endloop
  endfacet
  facet normal -0 0 1
    outer loop
      vertex 7.35202 95.6695 6.4
      vertex 8.9784 94.4215 6.4
      vertex 7.43923 95.8 6.4
    endloop
  endfacet
  facet normal 0 0 1
    outer loop
      vertex 8.9784 94.4215 6.4
      vertex 7.35202 95.6695 6.4
      vertex 8.6981 94.1019 6.4
    endloop
  endfacet
  facet normal -0 0 1
    outer loop
      vertex 7.24853 95.5515 6.4
      vertex 8.6981 94.1019 6.4
      vertex 7.35202 95.6695 6.4
    endloop
  endfacet
  facet normal 0 0 1
    outer loop
      vertex 8.6981 94.1019 6.4
      vertex 7.24853 95.5515 6.4
      vertex 8.37847 93.8216 6.4
    endloop
  endfacet
  facet normal -0 0 1
    outer loop
      vertex 7.13051 95.448 6.4
      vertex 8.37847 93.8216 6.4
      vertex 7.24853 95.5515 6.4
    endloop
  endfacet
  facet normal 0 0 1
    outer loop
      vertex 8.37847 93.8216 6.4
      vertex 7.13051 95.448 6.4
      vertex 8.025 93.5854 6.4
    endloop
  endfacet
  facet normal -0 0 1
    outer loop
      vertex 7 95.3608 6.4
      vertex 8.025 93.5854 6.4
      vertex 7.13051 95.448 6.4
    endloop
  endfacet
  facet normal 0 0 1
    outer loop
      vertex 8.025 93.5854 6.4
      vertex 7 95.3608 6.4
      vertex 7.64372 93.3974 6.4
    endloop
  endfacet
  facet normal -0 0 1
    outer loop
      vertex 6.85922 95.2913 6.4
      vertex 7.64372 93.3974 6.4
      vertex 7 95.3608 6.4
    endloop
  endfacet
  facet normal 0 0 1
    outer loop
      vertex 7.64372 93.3974 6.4
      vertex 6.85922 95.2913 6.4
      vertex 7.24116 93.2607 6.4
    endloop
  endfacet
  facet normal -0 0 1
    outer loop
      vertex 6.71058 95.2409 6.4
      vertex 7.24116 93.2607 6.4
      vertex 6.85922 95.2913 6.4
    endloop
  endfacet
  facet normal 0 0 1
    outer loop
      vertex 7.24116 93.2607 6.4
      vertex 6.71058 95.2409 6.4
      vertex 6.82421 93.1778 6.4
    endloop
  endfacet
  facet normal -0 0 1
    outer loop
      vertex 6.55663 95.2103 6.4
      vertex 6.82421 93.1778 6.4
      vertex 6.71058 95.2409 6.4
    endloop
  endfacet
  facet normal -0 0 1
    outer loop
      vertex 6.4 95.2 6.4
      vertex 6.82421 93.1778 6.4
      vertex 6.55663 95.2103 6.4
    endloop
  endfacet
  facet normal 0 0 1
    outer loop
      vertex 6.4 95.2 6.4
      vertex 6.4 93.15 6.4
      vertex 6.82421 93.1778 6.4
    endloop
  endfacet
  facet normal 0 0 1
    outer loop
      vertex 6.24337 95.2103 6.4
      vertex 6.4 93.15 6.4
      vertex 6.4 95.2 6.4
    endloop
  endfacet
  facet normal 0 0 1
    outer loop
      vertex 5.97579 93.1778 6.4
      vertex 6.24337 95.2103 6.4
      vertex 6.08942 95.2409 6.4
    endloop
  endfacet
  facet normal 0 0 1
    outer loop
      vertex 6.24337 95.2103 6.4
      vertex 5.97579 93.1778 6.4
      vertex 6.4 93.15 6.4
    endloop
  endfacet
  facet normal 0 0 1
    outer loop
      vertex 5.55884 93.2607 6.4
      vertex 6.08942 95.2409 6.4
      vertex 5.94078 95.2913 6.4
    endloop
  endfacet
  facet normal 0 0 1
    outer loop
      vertex 5.15628 93.3974 6.4
      vertex 5.94078 95.2913 6.4
      vertex 5.8 95.3608 6.4
    endloop
  endfacet
  facet normal 0 0 1
    outer loop
      vertex 4.775 93.5854 6.4
      vertex 5.8 95.3608 6.4
      vertex 5.66949 95.448 6.4
    endloop
  endfacet
  facet normal 0 0 1
    outer loop
      vertex 6.08942 95.2409 6.4
      vertex 5.55884 93.2607 6.4
      vertex 5.97579 93.1778 6.4
    endloop
  endfacet
  facet normal 0 0 1
    outer loop
      vertex 4.42153 93.8216 6.4
      vertex 5.66949 95.448 6.4
      vertex 5.55147 95.5515 6.4
    endloop
  endfacet
  facet normal 0 0 1
    outer loop
      vertex 4.1019 94.1019 6.4
      vertex 5.55147 95.5515 6.4
      vertex 5.44798 95.6695 6.4
    endloop
  endfacet
  facet normal 0 0 1
    outer loop
      vertex 3.8216 94.4215 6.4
      vertex 5.44798 95.6695 6.4
      vertex 5.36077 95.8 6.4
    endloop
  endfacet
  facet normal 0 0 1
    outer loop
      vertex 3.58542 94.775 6.4
      vertex 5.36077 95.8 6.4
      vertex 5.29135 95.9408 6.4
    endloop
  endfacet
  facet normal 0 0 1
    outer loop
      vertex 3.39739 95.1563 6.4
      vertex 5.29135 95.9408 6.4
      vertex 5.24089 96.0894 6.4
    endloop
  endfacet
  facet normal 0 0 1
    outer loop
      vertex 3.26074 95.5588 6.4
      vertex 5.24089 96.0894 6.4
      vertex 5.21027 96.2434 6.4
    endloop
  endfacet
  facet normal 0 0 1
    outer loop
      vertex 5.94078 95.2913 6.4
      vertex 5.15628 93.3974 6.4
      vertex 5.55884 93.2607 6.4
    endloop
  endfacet
  facet normal 0 0 1
    outer loop
      vertex 3.1778 95.9758 6.4
      vertex 5.21027 96.2434 6.4
      vertex 5.2 96.4 6.4
    endloop
  endfacet
  facet normal -0 0 1
    outer loop
      vertex 3.58542 98.025 6.4
      vertex 5.36077 97 6.4
      vertex 3.8216 98.3785 6.4
    endloop
  endfacet
  facet normal 0 0 1
    outer loop
      vertex 5.36077 97 6.4
      vertex 3.58542 98.025 6.4
      vertex 5.29135 96.8592 6.4
    endloop
  endfacet
  facet normal 0 0 1
    outer loop
      vertex 5.8 95.3608 6.4
      vertex 4.775 93.5854 6.4
      vertex 5.15628 93.3974 6.4
    endloop
  endfacet
  facet normal -0 0 1
    outer loop
      vertex 3.39739 97.6437 6.4
      vertex 5.29135 96.8592 6.4
      vertex 3.58542 98.025 6.4
    endloop
  endfacet
  facet normal 0 0 1
    outer loop
      vertex 5.66949 95.448 6.4
      vertex 4.42153 93.8216 6.4
      vertex 4.775 93.5854 6.4
    endloop
  endfacet
  facet normal 0 0 1
    outer loop
      vertex 5.29135 96.8592 6.4
      vertex 3.39739 97.6437 6.4
      vertex 5.24089 96.7106 6.4
    endloop
  endfacet
  facet normal 0 0 1
    outer loop
      vertex 5.55147 95.5515 6.4
      vertex 4.1019 94.1019 6.4
      vertex 4.42153 93.8216 6.4
    endloop
  endfacet
  facet normal -0 0 1
    outer loop
      vertex 3.26074 97.2412 6.4
      vertex 5.24089 96.7106 6.4
      vertex 3.39739 97.6437 6.4
    endloop
  endfacet
  facet normal 0 0 1
    outer loop
      vertex 5.44798 95.6695 6.4
      vertex 3.8216 94.4215 6.4
      vertex 4.1019 94.1019 6.4
    endloop
  endfacet
  facet normal 0 0 1
    outer loop
      vertex 5.24089 96.7106 6.4
      vertex 3.26074 97.2412 6.4
      vertex 5.21027 96.5566 6.4
    endloop
  endfacet
  facet normal 0 0 1
    outer loop
      vertex 5.36077 95.8 6.4
      vertex 3.58542 94.775 6.4
      vertex 3.8216 94.4215 6.4
    endloop
  endfacet
  facet normal -0 0 1
    outer loop
      vertex 3.1778 96.8242 6.4
      vertex 5.21027 96.5566 6.4
      vertex 3.26074 97.2412 6.4
    endloop
  endfacet
  facet normal 0 0 1
    outer loop
      vertex 5.29135 95.9408 6.4
      vertex 3.39739 95.1563 6.4
      vertex 3.58542 94.775 6.4
    endloop
  endfacet
  facet normal 0 0 1
    outer loop
      vertex 5.21027 96.5566 6.4
      vertex 3.1778 96.8242 6.4
      vertex 5.2 96.4 6.4
    endloop
  endfacet
  facet normal 0 0 1
    outer loop
      vertex 5.24089 96.0894 6.4
      vertex 3.26074 95.5588 6.4
      vertex 3.39739 95.1563 6.4
    endloop
  endfacet
  facet normal 0 0 1
    outer loop
      vertex 3.15 96.4 6.4
      vertex 5.2 96.4 6.4
      vertex 3.1778 96.8242 6.4
    endloop
  endfacet
  facet normal 0 0 1
    outer loop
      vertex 5.21027 96.2434 6.4
      vertex 3.1778 95.9758 6.4
      vertex 3.26074 95.5588 6.4
    endloop
  endfacet
  facet normal 0 0 1
    outer loop
      vertex 5.2 96.4 6.4
      vertex 3.15 96.4 6.4
      vertex 3.1778 95.9758 6.4
    endloop
  endfacet
  facet normal -0.0653933 0.99786 0
    outer loop
      vertex 6.4 99.65 2.4
      vertex 5.97579 99.6222 6.4
      vertex 6.4 99.65 6.4
    endloop
  endfacet
  facet normal -0.0653933 0.99786 0
    outer loop
      vertex 5.97579 99.6222 6.4
      vertex 6.4 99.65 2.4
      vertex 5.97579 99.6222 2.4
    endloop
  endfacet
  facet normal 0.946916 -0.321481 0
    outer loop
      vertex 9.40261 95.1563 6.4
      vertex 9.53926 95.5588 2.4
      vertex 9.53926 95.5588 6.4
    endloop
  endfacet
  facet normal 0.946916 -0.321481 0
    outer loop
      vertex 9.53926 95.5588 2.4
      vertex 9.40261 95.1563 6.4
      vertex 9.40261 95.1563 2.4
    endloop
  endfacet
  facet normal 0.0653933 -0.99786 0
    outer loop
      vertex 6.4 93.15 2.4
      vertex 6.82421 93.1778 6.4
      vertex 6.4 93.15 6.4
    endloop
  endfacet
  facet normal 0.0653933 -0.99786 0
    outer loop
      vertex 6.82421 93.1778 6.4
      vertex 6.4 93.15 2.4
      vertex 6.82421 93.1778 2.4
    endloop
  endfacet
  facet normal -0.659335 -0.751849 0
    outer loop
      vertex 4.1019 94.1019 2.4
      vertex 4.42153 93.8216 6.4
      vertex 4.1019 94.1019 6.4
    endloop
  endfacet
  facet normal -0.659335 -0.751849 -0
    outer loop
      vertex 4.42153 93.8216 6.4
      vertex 4.1019 94.1019 2.4
      vertex 4.42153 93.8216 2.4
    endloop
  endfacet
  facet normal -0.997859 -0.0653948 0
    outer loop
      vertex 3.1778 95.9758 2.4
      vertex 3.15 96.4 6.4
      vertex 3.15 96.4 2.4
    endloop
  endfacet
  facet normal -0.997859 -0.0653948 0
    outer loop
      vertex 3.15 96.4 6.4
      vertex 3.1778 95.9758 2.4
      vertex 3.1778 95.9758 6.4
    endloop
  endfacet
  facet normal 0.946916 0.321481 0
    outer loop
      vertex 9.53926 97.2412 6.4
      vertex 9.40261 97.6437 2.4
      vertex 9.40261 97.6437 6.4
    endloop
  endfacet
  facet normal 0.946916 0.321481 0
    outer loop
      vertex 9.40261 97.6437 2.4
      vertex 9.53926 97.2412 6.4
      vertex 9.53926 97.2412 2.4
    endloop
  endfacet
  facet normal 0.980788 0.195076 0
    outer loop
      vertex 9.6222 96.8242 6.4
      vertex 9.53926 97.2412 2.4
      vertex 9.53926 97.2412 6.4
    endloop
  endfacet
  facet normal 0.980788 0.195076 0
    outer loop
      vertex 9.53926 97.2412 2.4
      vertex 9.6222 96.8242 6.4
      vertex 9.6222 96.8242 2.4
    endloop
  endfacet
  facet normal 0.751818 0.65937 0
    outer loop
      vertex 8.9784 98.3785 6.4
      vertex 8.6981 98.6981 2.4
      vertex 8.6981 98.6981 6.4
    endloop
  endfacet
  facet normal 0.751818 0.65937 0
    outer loop
      vertex 8.6981 98.6981 2.4
      vertex 8.9784 98.3785 6.4
      vertex 8.9784 98.3785 2.4
    endloop
  endfacet
  facet normal 0.321543 0.946895 -0
    outer loop
      vertex 7.64372 99.4026 2.4
      vertex 7.24116 99.5393 6.4
      vertex 7.64372 99.4026 6.4
    endloop
  endfacet
  facet normal 0.321543 0.946895 0
    outer loop
      vertex 7.24116 99.5393 6.4
      vertex 7.64372 99.4026 2.4
      vertex 7.24116 99.5393 2.4
    endloop
  endfacet
  facet normal 0.195008 0.980802 -0
    outer loop
      vertex 7.24116 99.5393 2.4
      vertex 6.82421 99.6222 6.4
      vertex 7.24116 99.5393 6.4
    endloop
  endfacet
  facet normal 0.195008 0.980802 0
    outer loop
      vertex 6.82421 99.6222 6.4
      vertex 7.24116 99.5393 2.4
      vertex 6.82421 99.6222 2.4
    endloop
  endfacet
  facet normal -0.831493 0.555536 0
    outer loop
      vertex 3.58542 98.025 2.4
      vertex 3.8216 98.3785 6.4
      vertex 3.8216 98.3785 2.4
    endloop
  endfacet
  facet normal -0.831493 0.555536 0
    outer loop
      vertex 3.8216 98.3785 6.4
      vertex 3.58542 98.025 2.4
      vertex 3.58542 98.025 6.4
    endloop
  endfacet
  facet normal -0.946916 0.321481 0
    outer loop
      vertex 3.26074 97.2412 2.4
      vertex 3.39739 97.6437 6.4
      vertex 3.39739 97.6437 2.4
    endloop
  endfacet
  facet normal -0.946916 0.321481 0
    outer loop
      vertex 3.39739 97.6437 6.4
      vertex 3.26074 97.2412 2.4
      vertex 3.26074 97.2412 6.4
    endloop
  endfacet
  facet normal -0.980788 0.195076 0
    outer loop
      vertex 3.1778 96.8242 2.4
      vertex 3.26074 97.2412 6.4
      vertex 3.26074 97.2412 2.4
    endloop
  endfacet
  facet normal -0.980788 0.195076 0
    outer loop
      vertex 3.26074 97.2412 6.4
      vertex 3.1778 96.8242 2.4
      vertex 3.1778 96.8242 6.4
    endloop
  endfacet
  facet normal -0.442239 0.896897 0
    outer loop
      vertex 5.15628 99.4026 2.4
      vertex 4.775 99.2146 6.4
      vertex 5.15628 99.4026 6.4
    endloop
  endfacet
  facet normal -0.442239 0.896897 0
    outer loop
      vertex 4.775 99.2146 6.4
      vertex 5.15628 99.4026 2.4
      vertex 4.775 99.2146 2.4
    endloop
  endfacet
  facet normal -0.555601 0.831449 0
    outer loop
      vertex 4.775 99.2146 2.4
      vertex 4.42153 98.9784 6.4
      vertex 4.775 99.2146 6.4
    endloop
  endfacet
  facet normal -0.555601 0.831449 0
    outer loop
      vertex 4.42153 98.9784 6.4
      vertex 4.775 99.2146 2.4
      vertex 4.42153 98.9784 2.4
    endloop
  endfacet
  facet normal -0.195008 0.980802 0
    outer loop
      vertex 5.97579 99.6222 2.4
      vertex 5.55884 99.5393 6.4
      vertex 5.97579 99.6222 6.4
    endloop
  endfacet
  facet normal -0.195008 0.980802 0
    outer loop
      vertex 5.55884 99.5393 6.4
      vertex 5.97579 99.6222 2.4
      vertex 5.55884 99.5393 2.4
    endloop
  endfacet
  facet normal 0.195008 -0.980802 0
    outer loop
      vertex 6.82421 93.1778 2.4
      vertex 7.24116 93.2607 6.4
      vertex 6.82421 93.1778 6.4
    endloop
  endfacet
  facet normal 0.195008 -0.980802 0
    outer loop
      vertex 7.24116 93.2607 6.4
      vertex 6.82421 93.1778 2.4
      vertex 7.24116 93.2607 2.4
    endloop
  endfacet
  facet normal 0.659335 -0.751849 0
    outer loop
      vertex 8.37847 93.8216 2.4
      vertex 8.6981 94.1019 6.4
      vertex 8.37847 93.8216 6.4
    endloop
  endfacet
  facet normal 0.659335 -0.751849 0
    outer loop
      vertex 8.6981 94.1019 6.4
      vertex 8.37847 93.8216 2.4
      vertex 8.6981 94.1019 2.4
    endloop
  endfacet
  facet normal 0.442239 -0.896897 0
    outer loop
      vertex 7.64372 93.3974 2.4
      vertex 8.025 93.5854 6.4
      vertex 7.64372 93.3974 6.4
    endloop
  endfacet
  facet normal 0.442239 -0.896897 0
    outer loop
      vertex 8.025 93.5854 6.4
      vertex 7.64372 93.3974 2.4
      vertex 8.025 93.5854 2.4
    endloop
  endfacet
  facet normal 0.831493 -0.555536 0
    outer loop
      vertex 8.9784 94.4215 6.4
      vertex 9.21458 94.775 2.4
      vertex 9.21458 94.775 6.4
    endloop
  endfacet
  facet normal 0.831493 -0.555536 0
    outer loop
      vertex 9.21458 94.775 2.4
      vertex 8.9784 94.4215 6.4
      vertex 8.9784 94.4215 2.4
    endloop
  endfacet
  facet normal -0.555601 -0.831449 0
    outer loop
      vertex 4.42153 93.8216 2.4
      vertex 4.775 93.5854 6.4
      vertex 4.42153 93.8216 6.4
    endloop
  endfacet
  facet normal -0.555601 -0.831449 -0
    outer loop
      vertex 4.775 93.5854 6.4
      vertex 4.42153 93.8216 2.4
      vertex 4.775 93.5854 2.4
    endloop
  endfacet
  facet normal -0.321543 -0.946895 0
    outer loop
      vertex 5.15628 93.3974 2.4
      vertex 5.55884 93.2607 6.4
      vertex 5.15628 93.3974 6.4
    endloop
  endfacet
  facet normal -0.321543 -0.946895 -0
    outer loop
      vertex 5.55884 93.2607 6.4
      vertex 5.15628 93.3974 2.4
      vertex 5.55884 93.2607 2.4
    endloop
  endfacet
  facet normal -0.896879 -0.442277 0
    outer loop
      vertex 3.58542 94.775 2.4
      vertex 3.39739 95.1563 6.4
      vertex 3.39739 95.1563 2.4
    endloop
  endfacet
  facet normal -0.896879 -0.442277 0
    outer loop
      vertex 3.39739 95.1563 6.4
      vertex 3.58542 94.775 2.4
      vertex 3.58542 94.775 6.4
    endloop
  endfacet
  facet normal -0.980788 -0.195076 0
    outer loop
      vertex 3.26074 95.5588 2.4
      vertex 3.1778 95.9758 6.4
      vertex 3.1778 95.9758 2.4
    endloop
  endfacet
  facet normal -0.980788 -0.195076 0
    outer loop
      vertex 3.1778 95.9758 6.4
      vertex 3.26074 95.5588 2.4
      vertex 3.26074 95.5588 6.4
    endloop
  endfacet
  facet normal 0.321543 -0.946895 0
    outer loop
      vertex 7.24116 93.2607 2.4
      vertex 7.64372 93.3974 6.4
      vertex 7.24116 93.2607 6.4
    endloop
  endfacet
  facet normal 0.321543 -0.946895 0
    outer loop
      vertex 7.64372 93.3974 6.4
      vertex 7.24116 93.2607 2.4
      vertex 7.64372 93.3974 2.4
    endloop
  endfacet
  facet normal 0.751818 -0.65937 0
    outer loop
      vertex 8.6981 94.1019 6.4
      vertex 8.9784 94.4215 2.4
      vertex 8.9784 94.4215 6.4
    endloop
  endfacet
  facet normal 0.751818 -0.65937 0
    outer loop
      vertex 8.9784 94.4215 2.4
      vertex 8.6981 94.1019 6.4
      vertex 8.6981 94.1019 2.4
    endloop
  endfacet
  facet normal 0.555601 -0.831449 0
    outer loop
      vertex 8.025 93.5854 2.4
      vertex 8.37847 93.8216 6.4
      vertex 8.025 93.5854 6.4
    endloop
  endfacet
  facet normal 0.555601 -0.831449 0
    outer loop
      vertex 8.37847 93.8216 6.4
      vertex 8.025 93.5854 2.4
      vertex 8.37847 93.8216 2.4
    endloop
  endfacet
  facet normal 0.980788 -0.195076 0
    outer loop
      vertex 9.53926 95.5588 6.4
      vertex 9.6222 95.9758 2.4
      vertex 9.6222 95.9758 6.4
    endloop
  endfacet
  facet normal 0.980788 -0.195076 0
    outer loop
      vertex 9.6222 95.9758 2.4
      vertex 9.53926 95.5588 6.4
      vertex 9.53926 95.5588 2.4
    endloop
  endfacet
  facet normal 0.896879 -0.442277 0
    outer loop
      vertex 9.21458 94.775 6.4
      vertex 9.40261 95.1563 2.4
      vertex 9.40261 95.1563 6.4
    endloop
  endfacet
  facet normal 0.896879 -0.442277 0
    outer loop
      vertex 9.40261 95.1563 2.4
      vertex 9.21458 94.775 6.4
      vertex 9.21458 94.775 2.4
    endloop
  endfacet
  facet normal -0.442239 -0.896897 0
    outer loop
      vertex 4.775 93.5854 2.4
      vertex 5.15628 93.3974 6.4
      vertex 4.775 93.5854 6.4
    endloop
  endfacet
  facet normal -0.442239 -0.896897 -0
    outer loop
      vertex 5.15628 93.3974 6.4
      vertex 4.775 93.5854 2.4
      vertex 5.15628 93.3974 2.4
    endloop
  endfacet
  facet normal -0.195008 -0.980802 0
    outer loop
      vertex 5.55884 93.2607 2.4
      vertex 5.97579 93.1778 6.4
      vertex 5.55884 93.2607 6.4
    endloop
  endfacet
  facet normal -0.195008 -0.980802 -0
    outer loop
      vertex 5.97579 93.1778 6.4
      vertex 5.55884 93.2607 2.4
      vertex 5.97579 93.1778 2.4
    endloop
  endfacet
  facet normal -0.831493 -0.555536 0
    outer loop
      vertex 3.8216 94.4215 2.4
      vertex 3.58542 94.775 6.4
      vertex 3.58542 94.775 2.4
    endloop
  endfacet
  facet normal -0.831493 -0.555536 0
    outer loop
      vertex 3.58542 94.775 6.4
      vertex 3.8216 94.4215 2.4
      vertex 3.8216 94.4215 6.4
    endloop
  endfacet
  facet normal 0.997859 -0.0653948 0
    outer loop
      vertex 9.6222 95.9758 6.4
      vertex 9.65 96.4 2.4
      vertex 9.65 96.4 6.4
    endloop
  endfacet
  facet normal 0.997859 -0.0653948 0
    outer loop
      vertex 9.65 96.4 2.4
      vertex 9.6222 95.9758 6.4
      vertex 9.6222 95.9758 2.4
    endloop
  endfacet
  facet normal 0.997856 0.0654405 0
    outer loop
      vertex 7.6 96.4 8.4
      vertex 7.58973 96.5566 6.4
      vertex 7.58973 96.5566 8.4
    endloop
  endfacet
  facet normal 0.997856 0.0654405 0
    outer loop
      vertex 7.58973 96.5566 6.4
      vertex 7.6 96.4 8.4
      vertex 7.6 96.4 6.4
    endloop
  endfacet
  facet normal -0.997856 0.0654405 0
    outer loop
      vertex 5.2 96.4 6.4
      vertex 5.21027 96.5566 8.4
      vertex 5.21027 96.5566 6.4
    endloop
  endfacet
  facet normal -0.997856 0.0654405 0
    outer loop
      vertex 5.21027 96.5566 8.4
      vertex 5.2 96.4 6.4
      vertex 5.2 96.4 8.4
    endloop
  endfacet
  facet normal 0.0656183 0.997845 -0
    outer loop
      vertex 6.55663 97.5897 6.4
      vertex 6.4 97.6 8.4
      vertex 6.55663 97.5897 8.4
    endloop
  endfacet
  facet normal 0.0656183 0.997845 0
    outer loop
      vertex 6.4 97.6 8.4
      vertex 6.55663 97.5897 6.4
      vertex 6.4 97.6 6.4
    endloop
  endfacet
  facet normal 0.751818 0.65937 0
    outer loop
      vertex 7.35202 97.1305 8.4
      vertex 7.24853 97.2485 6.4
      vertex 7.24853 97.2485 8.4
    endloop
  endfacet
  facet normal 0.751818 0.65937 0
    outer loop
      vertex 7.24853 97.2485 6.4
      vertex 7.35202 97.1305 8.4
      vertex 7.35202 97.1305 6.4
    endloop
  endfacet
  facet normal -0.659343 0.751842 0
    outer loop
      vertex 5.66949 97.352 6.4
      vertex 5.55147 97.2485 8.4
      vertex 5.66949 97.352 8.4
    endloop
  endfacet
  facet normal -0.659343 0.751842 0
    outer loop
      vertex 5.55147 97.2485 8.4
      vertex 5.66949 97.352 6.4
      vertex 5.55147 97.2485 6.4
    endloop
  endfacet
  facet normal -0.321117 0.94704 0
    outer loop
      vertex 6.08942 97.5591 6.4
      vertex 5.94078 97.5087 8.4
      vertex 6.08942 97.5591 8.4
    endloop
  endfacet
  facet normal -0.321117 0.94704 0
    outer loop
      vertex 5.94078 97.5087 8.4
      vertex 6.08942 97.5591 6.4
      vertex 5.94078 97.5087 6.4
    endloop
  endfacet
  facet normal 0.896885 0.442264 0
    outer loop
      vertex 7.50866 96.8592 8.4
      vertex 7.43923 97 6.4
      vertex 7.43923 97 8.4
    endloop
  endfacet
  facet normal 0.896885 0.442264 0
    outer loop
      vertex 7.43923 97 6.4
      vertex 7.50866 96.8592 8.4
      vertex 7.50866 96.8592 6.4
    endloop
  endfacet
  facet normal 0.831432 0.555626 0
    outer loop
      vertex 7.43923 97 8.4
      vertex 7.35202 97.1305 6.4
      vertex 7.35202 97.1305 8.4
    endloop
  endfacet
  facet normal 0.831432 0.555626 0
    outer loop
      vertex 7.35202 97.1305 6.4
      vertex 7.43923 97 8.4
      vertex 7.43923 97 6.4
    endloop
  endfacet
  facet normal 0.442673 0.896683 -0
    outer loop
      vertex 7 97.4392 6.4
      vertex 6.85922 97.5087 8.4
      vertex 7 97.4392 8.4
    endloop
  endfacet
  facet normal 0.442673 0.896683 0
    outer loop
      vertex 6.85922 97.5087 8.4
      vertex 7 97.4392 6.4
      vertex 6.85922 97.5087 6.4
    endloop
  endfacet
  facet normal 0.555553 0.831481 -0
    outer loop
      vertex 7.13051 97.352 6.4
      vertex 7 97.4392 8.4
      vertex 7.13051 97.352 8.4
    endloop
  endfacet
  facet normal 0.555553 0.831481 0
    outer loop
      vertex 7 97.4392 8.4
      vertex 7.13051 97.352 6.4
      vertex 7 97.4392 6.4
    endloop
  endfacet
  facet normal -0.89691 0.442212 0
    outer loop
      vertex 5.29135 96.8592 6.4
      vertex 5.36077 97 8.4
      vertex 5.36077 97 6.4
    endloop
  endfacet
  facet normal -0.89691 0.442212 0
    outer loop
      vertex 5.36077 97 8.4
      vertex 5.29135 96.8592 6.4
      vertex 5.29135 96.8592 8.4
    endloop
  endfacet
  facet normal 0 0 1
    outer loop
      vertex 7.58973 96.5566 8.4
      vertex 7.58973 96.2434 8.4
      vertex 7.6 96.4 8.4
    endloop
  endfacet
  facet normal 0 0 1
    outer loop
      vertex 7.55911 96.7106 8.4
      vertex 7.58973 96.2434 8.4
      vertex 7.58973 96.5566 8.4
    endloop
  endfacet
  facet normal 0 0 1
    outer loop
      vertex 7.55911 96.7106 8.4
      vertex 7.55911 96.0894 8.4
      vertex 7.58973 96.2434 8.4
    endloop
  endfacet
  facet normal 0 0 1
    outer loop
      vertex 7.50866 96.8592 8.4
      vertex 7.55911 96.0894 8.4
      vertex 7.55911 96.7106 8.4
    endloop
  endfacet
  facet normal 0 0 1
    outer loop
      vertex 7.50866 96.8592 8.4
      vertex 7.50866 95.9408 8.4
      vertex 7.55911 96.0894 8.4
    endloop
  endfacet
  facet normal 0 0 1
    outer loop
      vertex 7.43923 97 8.4
      vertex 7.50866 95.9408 8.4
      vertex 7.50866 96.8592 8.4
    endloop
  endfacet
  facet normal 0 0 1
    outer loop
      vertex 7.43923 97 8.4
      vertex 7.43923 95.8 8.4
      vertex 7.50866 95.9408 8.4
    endloop
  endfacet
  facet normal 0 0 1
    outer loop
      vertex 7.35202 97.1305 8.4
      vertex 7.43923 95.8 8.4
      vertex 7.43923 97 8.4
    endloop
  endfacet
  facet normal 0 0 1
    outer loop
      vertex 7.35202 97.1305 8.4
      vertex 7.35202 95.6695 8.4
      vertex 7.43923 95.8 8.4
    endloop
  endfacet
  facet normal 0 0 1
    outer loop
      vertex 7.24853 97.2485 8.4
      vertex 7.35202 95.6695 8.4
      vertex 7.35202 97.1305 8.4
    endloop
  endfacet
  facet normal 0 0 1
    outer loop
      vertex 7.24853 97.2485 8.4
      vertex 7.24853 95.5515 8.4
      vertex 7.35202 95.6695 8.4
    endloop
  endfacet
  facet normal 0 0 1
    outer loop
      vertex 7.13051 97.352 8.4
      vertex 7.24853 95.5515 8.4
      vertex 7.24853 97.2485 8.4
    endloop
  endfacet
  facet normal 0 0 1
    outer loop
      vertex 7.13051 97.352 8.4
      vertex 7.13051 95.448 8.4
      vertex 7.24853 95.5515 8.4
    endloop
  endfacet
  facet normal 0 0 1
    outer loop
      vertex 7 97.4392 8.4
      vertex 7.13051 95.448 8.4
      vertex 7.13051 97.352 8.4
    endloop
  endfacet
  facet normal 0 0 1
    outer loop
      vertex 7 97.4392 8.4
      vertex 7 95.3608 8.4
      vertex 7.13051 95.448 8.4
    endloop
  endfacet
  facet normal 0 0 1
    outer loop
      vertex 6.85922 97.5087 8.4
      vertex 7 95.3608 8.4
      vertex 7 97.4392 8.4
    endloop
  endfacet
  facet normal 0 0 1
    outer loop
      vertex 6.85922 97.5087 8.4
      vertex 6.85922 95.2913 8.4
      vertex 7 95.3608 8.4
    endloop
  endfacet
  facet normal 0 0 1
    outer loop
      vertex 6.71058 97.5591 8.4
      vertex 6.85922 95.2913 8.4
      vertex 6.85922 97.5087 8.4
    endloop
  endfacet
  facet normal 0 0 1
    outer loop
      vertex 6.71058 97.5591 8.4
      vertex 6.71058 95.2409 8.4
      vertex 6.85922 95.2913 8.4
    endloop
  endfacet
  facet normal 0 0 1
    outer loop
      vertex 6.55663 97.5897 8.4
      vertex 6.71058 95.2409 8.4
      vertex 6.71058 97.5591 8.4
    endloop
  endfacet
  facet normal 0 0 1
    outer loop
      vertex 6.55663 97.5897 8.4
      vertex 6.55663 95.2103 8.4
      vertex 6.71058 95.2409 8.4
    endloop
  endfacet
  facet normal 0 0 1
    outer loop
      vertex 6.4 97.6 8.4
      vertex 6.55663 95.2103 8.4
      vertex 6.55663 97.5897 8.4
    endloop
  endfacet
  facet normal 0 0 1
    outer loop
      vertex 6.4 97.6 8.4
      vertex 6.4 95.2 8.4
      vertex 6.55663 95.2103 8.4
    endloop
  endfacet
  facet normal -0 0 1
    outer loop
      vertex 6.24337 97.5897 8.4
      vertex 6.4 95.2 8.4
      vertex 6.4 97.6 8.4
    endloop
  endfacet
  facet normal 0 0 1
    outer loop
      vertex 6.24337 97.5897 8.4
      vertex 6.24337 95.2103 8.4
      vertex 6.4 95.2 8.4
    endloop
  endfacet
  facet normal -0 0 1
    outer loop
      vertex 6.08942 97.5591 8.4
      vertex 6.24337 95.2103 8.4
      vertex 6.24337 97.5897 8.4
    endloop
  endfacet
  facet normal 0 0 1
    outer loop
      vertex 6.08942 97.5591 8.4
      vertex 6.08942 95.2409 8.4
      vertex 6.24337 95.2103 8.4
    endloop
  endfacet
  facet normal -0 0 1
    outer loop
      vertex 5.94078 97.5087 8.4
      vertex 6.08942 95.2409 8.4
      vertex 6.08942 97.5591 8.4
    endloop
  endfacet
  facet normal 0 0 1
    outer loop
      vertex 5.94078 97.5087 8.4
      vertex 5.94078 95.2913 8.4
      vertex 6.08942 95.2409 8.4
    endloop
  endfacet
  facet normal -0 0 1
    outer loop
      vertex 5.8 97.4392 8.4
      vertex 5.94078 95.2913 8.4
      vertex 5.94078 97.5087 8.4
    endloop
  endfacet
  facet normal 0 0 1
    outer loop
      vertex 5.8 97.4392 8.4
      vertex 5.8 95.3608 8.4
      vertex 5.94078 95.2913 8.4
    endloop
  endfacet
  facet normal -0 0 1
    outer loop
      vertex 5.66949 97.352 8.4
      vertex 5.8 95.3608 8.4
      vertex 5.8 97.4392 8.4
    endloop
  endfacet
  facet normal 0 0 1
    outer loop
      vertex 5.66949 97.352 8.4
      vertex 5.66949 95.448 8.4
      vertex 5.8 95.3608 8.4
    endloop
  endfacet
  facet normal -0 0 1
    outer loop
      vertex 5.55147 97.2485 8.4
      vertex 5.66949 95.448 8.4
      vertex 5.66949 97.352 8.4
    endloop
  endfacet
  facet normal 0 0 1
    outer loop
      vertex 5.55147 97.2485 8.4
      vertex 5.55147 95.5515 8.4
      vertex 5.66949 95.448 8.4
    endloop
  endfacet
  facet normal -0 0 1
    outer loop
      vertex 5.44798 97.1305 8.4
      vertex 5.55147 95.5515 8.4
      vertex 5.55147 97.2485 8.4
    endloop
  endfacet
  facet normal 0 0 1
    outer loop
      vertex 5.44798 97.1305 8.4
      vertex 5.44798 95.6695 8.4
      vertex 5.55147 95.5515 8.4
    endloop
  endfacet
  facet normal -0 0 1
    outer loop
      vertex 5.36077 97 8.4
      vertex 5.44798 95.6695 8.4
      vertex 5.44798 97.1305 8.4
    endloop
  endfacet
  facet normal 0 0 1
    outer loop
      vertex 5.36077 97 8.4
      vertex 5.36077 95.8 8.4
      vertex 5.44798 95.6695 8.4
    endloop
  endfacet
  facet normal -0 0 1
    outer loop
      vertex 5.29135 96.8592 8.4
      vertex 5.36077 95.8 8.4
      vertex 5.36077 97 8.4
    endloop
  endfacet
  facet normal 0 0 1
    outer loop
      vertex 5.29135 96.8592 8.4
      vertex 5.29135 95.9408 8.4
      vertex 5.36077 95.8 8.4
    endloop
  endfacet
  facet normal -0 0 1
    outer loop
      vertex 5.24089 96.7106 8.4
      vertex 5.29135 95.9408 8.4
      vertex 5.29135 96.8592 8.4
    endloop
  endfacet
  facet normal 0 0 1
    outer loop
      vertex 5.24089 96.7106 8.4
      vertex 5.24089 96.0894 8.4
      vertex 5.29135 95.9408 8.4
    endloop
  endfacet
  facet normal -0 0 1
    outer loop
      vertex 5.21027 96.5566 8.4
      vertex 5.24089 96.0894 8.4
      vertex 5.24089 96.7106 8.4
    endloop
  endfacet
  facet normal 0 0 1
    outer loop
      vertex 5.21027 96.5566 8.4
      vertex 5.21027 96.2434 8.4
      vertex 5.24089 96.0894 8.4
    endloop
  endfacet
  facet normal 0 -0 1
    outer loop
      vertex 5.21027 96.2434 8.4
      vertex 5.21027 96.5566 8.4
      vertex 5.2 96.4 8.4
    endloop
  endfacet
  facet normal -0.442673 0.896683 0
    outer loop
      vertex 5.94078 97.5087 6.4
      vertex 5.8 97.4392 8.4
      vertex 5.94078 97.5087 8.4
    endloop
  endfacet
  facet normal -0.442673 0.896683 0
    outer loop
      vertex 5.8 97.4392 8.4
      vertex 5.94078 97.5087 6.4
      vertex 5.8 97.4392 6.4
    endloop
  endfacet
  facet normal -0.0656183 0.997845 0
    outer loop
      vertex 6.4 97.6 6.4
      vertex 6.24337 97.5897 8.4
      vertex 6.4 97.6 8.4
    endloop
  endfacet
  facet normal -0.0656183 0.997845 0
    outer loop
      vertex 6.24337 97.5897 8.4
      vertex 6.4 97.6 6.4
      vertex 6.24337 97.5897 6.4
    endloop
  endfacet
  facet normal 0.321117 -0.94704 0
    outer loop
      vertex 6.71058 95.2409 6.4
      vertex 6.85922 95.2913 8.4
      vertex 6.71058 95.2409 8.4
    endloop
  endfacet
  facet normal 0.321117 -0.94704 0
    outer loop
      vertex 6.85922 95.2913 8.4
      vertex 6.71058 95.2409 6.4
      vertex 6.85922 95.2913 6.4
    endloop
  endfacet
  facet normal 0.0656183 -0.997845 0
    outer loop
      vertex 6.4 95.2 6.4
      vertex 6.55663 95.2103 8.4
      vertex 6.4 95.2 8.4
    endloop
  endfacet
  facet normal 0.0656183 -0.997845 0
    outer loop
      vertex 6.55663 95.2103 8.4
      vertex 6.4 95.2 6.4
      vertex 6.55663 95.2103 6.4
    endloop
  endfacet
  facet normal 0.442673 -0.896683 0
    outer loop
      vertex 6.85922 95.2913 6.4
      vertex 7 95.3608 8.4
      vertex 6.85922 95.2913 8.4
    endloop
  endfacet
  facet normal 0.442673 -0.896683 0
    outer loop
      vertex 7 95.3608 8.4
      vertex 6.85922 95.2913 6.4
      vertex 7 95.3608 6.4
    endloop
  endfacet
  facet normal 0.946916 -0.32148 0
    outer loop
      vertex 7.50866 95.9408 8.4
      vertex 7.55911 96.0894 6.4
      vertex 7.55911 96.0894 8.4
    endloop
  endfacet
  facet normal 0.946916 -0.32148 0
    outer loop
      vertex 7.55911 96.0894 6.4
      vertex 7.50866 95.9408 8.4
      vertex 7.50866 95.9408 6.4
    endloop
  endfacet
  facet normal -0.89691 -0.442212 0
    outer loop
      vertex 5.36077 95.8 6.4
      vertex 5.29135 95.9408 8.4
      vertex 5.29135 95.9408 6.4
    endloop
  endfacet
  facet normal -0.89691 -0.442212 0
    outer loop
      vertex 5.29135 95.9408 8.4
      vertex 5.36077 95.8 6.4
      vertex 5.36077 95.8 8.4
    endloop
  endfacet
  facet normal -0.997856 -0.0654405 0
    outer loop
      vertex 5.21027 96.2434 6.4
      vertex 5.2 96.4 8.4
      vertex 5.2 96.4 6.4
    endloop
  endfacet
  facet normal -0.997856 -0.0654405 0
    outer loop
      vertex 5.2 96.4 8.4
      vertex 5.21027 96.2434 6.4
      vertex 5.21027 96.2434 8.4
    endloop
  endfacet
  facet normal 0.946916 0.32148 0
    outer loop
      vertex 7.55911 96.7106 8.4
      vertex 7.50866 96.8592 6.4
      vertex 7.50866 96.8592 8.4
    endloop
  endfacet
  facet normal 0.946916 0.32148 0
    outer loop
      vertex 7.50866 96.8592 6.4
      vertex 7.55911 96.7106 8.4
      vertex 7.55911 96.7106 6.4
    endloop
  endfacet
  facet normal 0.980801 0.195014 0
    outer loop
      vertex 7.58973 96.5566 8.4
      vertex 7.55911 96.7106 6.4
      vertex 7.55911 96.7106 8.4
    endloop
  endfacet
  facet normal 0.980801 0.195014 0
    outer loop
      vertex 7.55911 96.7106 6.4
      vertex 7.58973 96.5566 8.4
      vertex 7.58973 96.5566 6.4
    endloop
  endfacet
  facet normal 0.321117 0.94704 -0
    outer loop
      vertex 6.85922 97.5087 6.4
      vertex 6.71058 97.5591 8.4
      vertex 6.85922 97.5087 8.4
    endloop
  endfacet
  facet normal 0.321117 0.94704 0
    outer loop
      vertex 6.71058 97.5591 8.4
      vertex 6.85922 97.5087 6.4
      vertex 6.71058 97.5591 6.4
    endloop
  endfacet
  facet normal 0.194952 0.980813 -0
    outer loop
      vertex 6.71058 97.5591 6.4
      vertex 6.55663 97.5897 8.4
      vertex 6.71058 97.5591 8.4
    endloop
  endfacet
  facet normal 0.194952 0.980813 0
    outer loop
      vertex 6.55663 97.5897 8.4
      vertex 6.71058 97.5591 6.4
      vertex 6.55663 97.5897 6.4
    endloop
  endfacet
  facet normal 0.659343 0.751842 -0
    outer loop
      vertex 7.24853 97.2485 6.4
      vertex 7.13051 97.352 8.4
      vertex 7.24853 97.2485 8.4
    endloop
  endfacet
  facet normal 0.659343 0.751842 0
    outer loop
      vertex 7.13051 97.352 8.4
      vertex 7.24853 97.2485 6.4
      vertex 7.13051 97.352 6.4
    endloop
  endfacet
  facet normal -0.831432 0.555626 0
    outer loop
      vertex 5.36077 97 6.4
      vertex 5.44798 97.1305 8.4
      vertex 5.44798 97.1305 6.4
    endloop
  endfacet
  facet normal -0.831432 0.555626 0
    outer loop
      vertex 5.44798 97.1305 8.4
      vertex 5.36077 97 6.4
      vertex 5.36077 97 8.4
    endloop
  endfacet
  facet normal -0.751818 0.65937 0
    outer loop
      vertex 5.44798 97.1305 6.4
      vertex 5.55147 97.2485 8.4
      vertex 5.55147 97.2485 6.4
    endloop
  endfacet
  facet normal -0.751818 0.65937 0
    outer loop
      vertex 5.55147 97.2485 8.4
      vertex 5.44798 97.1305 6.4
      vertex 5.44798 97.1305 8.4
    endloop
  endfacet
  facet normal -0.946897 0.321537 0
    outer loop
      vertex 5.24089 96.7106 6.4
      vertex 5.29135 96.8592 8.4
      vertex 5.29135 96.8592 6.4
    endloop
  endfacet
  facet normal -0.946897 0.321537 0
    outer loop
      vertex 5.29135 96.8592 8.4
      vertex 5.24089 96.7106 6.4
      vertex 5.24089 96.7106 8.4
    endloop
  endfacet
  facet normal -0.980801 0.195014 0
    outer loop
      vertex 5.21027 96.5566 6.4
      vertex 5.24089 96.7106 8.4
      vertex 5.24089 96.7106 6.4
    endloop
  endfacet
  facet normal -0.980801 0.195014 0
    outer loop
      vertex 5.24089 96.7106 8.4
      vertex 5.21027 96.5566 6.4
      vertex 5.21027 96.5566 8.4
    endloop
  endfacet
  facet normal -0.555553 0.831481 0
    outer loop
      vertex 5.8 97.4392 6.4
      vertex 5.66949 97.352 8.4
      vertex 5.8 97.4392 8.4
    endloop
  endfacet
  facet normal -0.555553 0.831481 0
    outer loop
      vertex 5.66949 97.352 8.4
      vertex 5.8 97.4392 6.4
      vertex 5.66949 97.352 6.4
    endloop
  endfacet
  facet normal -0.194952 0.980813 0
    outer loop
      vertex 6.24337 97.5897 6.4
      vertex 6.08942 97.5591 8.4
      vertex 6.24337 97.5897 8.4
    endloop
  endfacet
  facet normal -0.194952 0.980813 0
    outer loop
      vertex 6.08942 97.5591 8.4
      vertex 6.24337 97.5897 6.4
      vertex 6.08942 97.5591 6.4
    endloop
  endfacet
  facet normal 0.194952 -0.980813 0
    outer loop
      vertex 6.55663 95.2103 6.4
      vertex 6.71058 95.2409 8.4
      vertex 6.55663 95.2103 8.4
    endloop
  endfacet
  facet normal 0.194952 -0.980813 0
    outer loop
      vertex 6.71058 95.2409 8.4
      vertex 6.55663 95.2103 6.4
      vertex 6.71058 95.2409 6.4
    endloop
  endfacet
  facet normal 0.555553 -0.831481 0
    outer loop
      vertex 7 95.3608 6.4
      vertex 7.13051 95.448 8.4
      vertex 7 95.3608 8.4
    endloop
  endfacet
  facet normal 0.555553 -0.831481 0
    outer loop
      vertex 7.13051 95.448 8.4
      vertex 7 95.3608 6.4
      vertex 7.13051 95.448 6.4
    endloop
  endfacet
  facet normal 0.751818 -0.65937 0
    outer loop
      vertex 7.24853 95.5515 8.4
      vertex 7.35202 95.6695 6.4
      vertex 7.35202 95.6695 8.4
    endloop
  endfacet
  facet normal 0.751818 -0.65937 0
    outer loop
      vertex 7.35202 95.6695 6.4
      vertex 7.24853 95.5515 8.4
      vertex 7.24853 95.5515 6.4
    endloop
  endfacet
  facet normal 0.896885 -0.442264 0
    outer loop
      vertex 7.43923 95.8 8.4
      vertex 7.50866 95.9408 6.4
      vertex 7.50866 95.9408 8.4
    endloop
  endfacet
  facet normal 0.896885 -0.442264 0
    outer loop
      vertex 7.50866 95.9408 6.4
      vertex 7.43923 95.8 8.4
      vertex 7.43923 95.8 6.4
    endloop
  endfacet
  facet normal -0.659343 -0.751842 0
    outer loop
      vertex 5.55147 95.5515 6.4
      vertex 5.66949 95.448 8.4
      vertex 5.55147 95.5515 8.4
    endloop
  endfacet
  facet normal -0.659343 -0.751842 -0
    outer loop
      vertex 5.66949 95.448 8.4
      vertex 5.55147 95.5515 6.4
      vertex 5.66949 95.448 6.4
    endloop
  endfacet
  facet normal -0.442673 -0.896683 0
    outer loop
      vertex 5.8 95.3608 6.4
      vertex 5.94078 95.2913 8.4
      vertex 5.8 95.3608 8.4
    endloop
  endfacet
  facet normal -0.442673 -0.896683 -0
    outer loop
      vertex 5.94078 95.2913 8.4
      vertex 5.8 95.3608 6.4
      vertex 5.94078 95.2913 6.4
    endloop
  endfacet
  facet normal -0.321117 -0.94704 0
    outer loop
      vertex 5.94078 95.2913 6.4
      vertex 6.08942 95.2409 8.4
      vertex 5.94078 95.2913 8.4
    endloop
  endfacet
  facet normal -0.321117 -0.94704 -0
    outer loop
      vertex 6.08942 95.2409 8.4
      vertex 5.94078 95.2913 6.4
      vertex 6.08942 95.2409 6.4
    endloop
  endfacet
  facet normal -0.0656183 -0.997845 0
    outer loop
      vertex 6.24337 95.2103 6.4
      vertex 6.4 95.2 8.4
      vertex 6.24337 95.2103 8.4
    endloop
  endfacet
  facet normal -0.0656183 -0.997845 -0
    outer loop
      vertex 6.4 95.2 8.4
      vertex 6.24337 95.2103 6.4
      vertex 6.4 95.2 6.4
    endloop
  endfacet
  facet normal -0.831432 -0.555626 0
    outer loop
      vertex 5.44798 95.6695 6.4
      vertex 5.36077 95.8 8.4
      vertex 5.36077 95.8 6.4
    endloop
  endfacet
  facet normal -0.831432 -0.555626 0
    outer loop
      vertex 5.36077 95.8 8.4
      vertex 5.44798 95.6695 6.4
      vertex 5.44798 95.6695 8.4
    endloop
  endfacet
  facet normal -0.980801 -0.195014 0
    outer loop
      vertex 5.24089 96.0894 6.4
      vertex 5.21027 96.2434 8.4
      vertex 5.21027 96.2434 6.4
    endloop
  endfacet
  facet normal -0.980801 -0.195014 0
    outer loop
      vertex 5.21027 96.2434 8.4
      vertex 5.24089 96.0894 6.4
      vertex 5.24089 96.0894 8.4
    endloop
  endfacet
  facet normal 0.659343 -0.751842 0
    outer loop
      vertex 7.13051 95.448 6.4
      vertex 7.24853 95.5515 8.4
      vertex 7.13051 95.448 8.4
    endloop
  endfacet
  facet normal 0.659343 -0.751842 0
    outer loop
      vertex 7.24853 95.5515 8.4
      vertex 7.13051 95.448 6.4
      vertex 7.24853 95.5515 6.4
    endloop
  endfacet
  facet normal 0.831432 -0.555626 0
    outer loop
      vertex 7.35202 95.6695 8.4
      vertex 7.43923 95.8 6.4
      vertex 7.43923 95.8 8.4
    endloop
  endfacet
  facet normal 0.831432 -0.555626 0
    outer loop
      vertex 7.43923 95.8 6.4
      vertex 7.35202 95.6695 8.4
      vertex 7.35202 95.6695 6.4
    endloop
  endfacet
  facet normal 0.980801 -0.195014 0
    outer loop
      vertex 7.55911 96.0894 8.4
      vertex 7.58973 96.2434 6.4
      vertex 7.58973 96.2434 8.4
    endloop
  endfacet
  facet normal 0.980801 -0.195014 0
    outer loop
      vertex 7.58973 96.2434 6.4
      vertex 7.55911 96.0894 8.4
      vertex 7.55911 96.0894 6.4
    endloop
  endfacet
  facet normal 0.997856 -0.0654405 0
    outer loop
      vertex 7.58973 96.2434 8.4
      vertex 7.6 96.4 6.4
      vertex 7.6 96.4 8.4
    endloop
  endfacet
  facet normal 0.997856 -0.0654405 0
    outer loop
      vertex 7.6 96.4 6.4
      vertex 7.58973 96.2434 8.4
      vertex 7.58973 96.2434 6.4
    endloop
  endfacet
  facet normal -0.555553 -0.831481 0
    outer loop
      vertex 5.66949 95.448 6.4
      vertex 5.8 95.3608 8.4
      vertex 5.66949 95.448 8.4
    endloop
  endfacet
  facet normal -0.555553 -0.831481 -0
    outer loop
      vertex 5.8 95.3608 8.4
      vertex 5.66949 95.448 6.4
      vertex 5.8 95.3608 6.4
    endloop
  endfacet
  facet normal -0.194952 -0.980813 0
    outer loop
      vertex 6.08942 95.2409 6.4
      vertex 6.24337 95.2103 8.4
      vertex 6.08942 95.2409 8.4
    endloop
  endfacet
  facet normal -0.194952 -0.980813 -0
    outer loop
      vertex 6.24337 95.2103 8.4
      vertex 6.08942 95.2409 6.4
      vertex 6.24337 95.2103 6.4
    endloop
  endfacet
  facet normal -0.751818 -0.65937 0
    outer loop
      vertex 5.55147 95.5515 6.4
      vertex 5.44798 95.6695 8.4
      vertex 5.44798 95.6695 6.4
    endloop
  endfacet
  facet normal -0.751818 -0.65937 0
    outer loop
      vertex 5.44798 95.6695 8.4
      vertex 5.55147 95.5515 6.4
      vertex 5.55147 95.5515 8.4
    endloop
  endfacet
  facet normal -0.946897 -0.321537 0
    outer loop
      vertex 5.29135 95.9408 6.4
      vertex 5.24089 96.0894 8.4
      vertex 5.24089 96.0894 6.4
    endloop
  endfacet
  facet normal -0.946897 -0.321537 0
    outer loop
      vertex 5.24089 96.0894 8.4
      vertex 5.29135 95.9408 6.4
      vertex 5.29135 95.9408 8.4
    endloop
  endfacet
  facet normal 0.997859 0.0653948 0
    outer loop
      vertex 55.65 96.4 6.4
      vertex 55.6222 96.8242 2.4
      vertex 55.6222 96.8242 6.4
    endloop
  endfacet
  facet normal 0.997859 0.0653948 0
    outer loop
      vertex 55.6222 96.8242 2.4
      vertex 55.65 96.4 6.4
      vertex 55.65 96.4 2.4
    endloop
  endfacet
  facet normal -0.997859 0.0653948 0
    outer loop
      vertex 49.15 96.4 2.4
      vertex 49.1778 96.8242 6.4
      vertex 49.1778 96.8242 2.4
    endloop
  endfacet
  facet normal -0.997859 0.0653948 0
    outer loop
      vertex 49.1778 96.8242 6.4
      vertex 49.15 96.4 2.4
      vertex 49.15 96.4 6.4
    endloop
  endfacet
  facet normal 0.0653948 0.997859 -0
    outer loop
      vertex 52.8242 99.6222 2.4
      vertex 52.4 99.65 6.4
      vertex 52.8242 99.6222 6.4
    endloop
  endfacet
  facet normal 0.0653948 0.997859 0
    outer loop
      vertex 52.4 99.65 6.4
      vertex 52.8242 99.6222 2.4
      vertex 52.4 99.65 2.4
    endloop
  endfacet
  facet normal 0.65937 0.751818 -0
    outer loop
      vertex 54.6981 98.6981 2.4
      vertex 54.3785 98.9784 6.4
      vertex 54.6981 98.6981 6.4
    endloop
  endfacet
  facet normal 0.65937 0.751818 0
    outer loop
      vertex 54.3785 98.9784 6.4
      vertex 54.6981 98.6981 2.4
      vertex 54.3785 98.9784 2.4
    endloop
  endfacet
  facet normal -0.65937 0.751818 0
    outer loop
      vertex 50.4215 98.9784 2.4
      vertex 50.1019 98.6981 6.4
      vertex 50.4215 98.9784 6.4
    endloop
  endfacet
  facet normal -0.65937 0.751818 0
    outer loop
      vertex 50.1019 98.6981 6.4
      vertex 50.4215 98.9784 2.4
      vertex 50.1019 98.6981 2.4
    endloop
  endfacet
  facet normal -0.321586 0.94688 0
    outer loop
      vertex 51.5588 99.5393 2.4
      vertex 51.1563 99.4026 6.4
      vertex 51.5588 99.5393 6.4
    endloop
  endfacet
  facet normal -0.321586 0.94688 0
    outer loop
      vertex 51.1563 99.4026 6.4
      vertex 51.5588 99.5393 2.4
      vertex 51.1563 99.4026 2.4
    endloop
  endfacet
  facet normal -0.94688 -0.321586 0
    outer loop
      vertex 49.3974 95.1563 2.4
      vertex 49.2607 95.5588 6.4
      vertex 49.2607 95.5588 2.4
    endloop
  endfacet
  facet normal -0.94688 -0.321586 0
    outer loop
      vertex 49.2607 95.5588 6.4
      vertex 49.3974 95.1563 2.4
      vertex 49.3974 95.1563 6.4
    endloop
  endfacet
  facet normal 0 0 -1
    outer loop
      vertex 55.6222 95.9758 2.4
      vertex 55.6222 96.8242 2.4
      vertex 55.65 96.4 2.4
    endloop
  endfacet
  facet normal 0 0 -1
    outer loop
      vertex 55.5393 95.5588 2.4
      vertex 55.6222 96.8242 2.4
      vertex 55.6222 95.9758 2.4
    endloop
  endfacet
  facet normal 0 0 -1
    outer loop
      vertex 55.5393 95.5588 2.4
      vertex 55.5393 97.2412 2.4
      vertex 55.6222 96.8242 2.4
    endloop
  endfacet
  facet normal 0 0 -1
    outer loop
      vertex 55.4026 95.1563 2.4
      vertex 55.5393 97.2412 2.4
      vertex 55.5393 95.5588 2.4
    endloop
  endfacet
  facet normal 0 0 -1
    outer loop
      vertex 55.4026 95.1563 2.4
      vertex 55.4026 97.6437 2.4
      vertex 55.5393 97.2412 2.4
    endloop
  endfacet
  facet normal 0 0 -1
    outer loop
      vertex 55.2146 94.775 2.4
      vertex 55.4026 97.6437 2.4
      vertex 55.4026 95.1563 2.4
    endloop
  endfacet
  facet normal 0 0 -1
    outer loop
      vertex 55.2146 94.775 2.4
      vertex 55.2146 98.025 2.4
      vertex 55.4026 97.6437 2.4
    endloop
  endfacet
  facet normal 0 0 -1
    outer loop
      vertex 54.9784 94.4215 2.4
      vertex 55.2146 98.025 2.4
      vertex 55.2146 94.775 2.4
    endloop
  endfacet
  facet normal 0 0 -1
    outer loop
      vertex 54.9784 94.4215 2.4
      vertex 54.9784 98.3785 2.4
      vertex 55.2146 98.025 2.4
    endloop
  endfacet
  facet normal 0 0 -1
    outer loop
      vertex 54.6981 94.1019 2.4
      vertex 54.9784 98.3785 2.4
      vertex 54.9784 94.4215 2.4
    endloop
  endfacet
  facet normal 0 0 -1
    outer loop
      vertex 54.6981 94.1019 2.4
      vertex 54.6981 98.6981 2.4
      vertex 54.9784 98.3785 2.4
    endloop
  endfacet
  facet normal 0 0 -1
    outer loop
      vertex 54.3785 93.8216 2.4
      vertex 54.6981 98.6981 2.4
      vertex 54.6981 94.1019 2.4
    endloop
  endfacet
  facet normal 0 0 -1
    outer loop
      vertex 54.3785 93.8216 2.4
      vertex 54.3785 98.9784 2.4
      vertex 54.6981 98.6981 2.4
    endloop
  endfacet
  facet normal 0 0 -1
    outer loop
      vertex 54.025 93.5854 2.4
      vertex 54.3785 98.9784 2.4
      vertex 54.3785 93.8216 2.4
    endloop
  endfacet
  facet normal 0 0 -1
    outer loop
      vertex 54.025 93.5854 2.4
      vertex 54.025 99.2146 2.4
      vertex 54.3785 98.9784 2.4
    endloop
  endfacet
  facet normal 0 0 -1
    outer loop
      vertex 53.6437 93.3974 2.4
      vertex 54.025 99.2146 2.4
      vertex 54.025 93.5854 2.4
    endloop
  endfacet
  facet normal 0 0 -1
    outer loop
      vertex 53.6437 93.3974 2.4
      vertex 53.6437 99.4026 2.4
      vertex 54.025 99.2146 2.4
    endloop
  endfacet
  facet normal 0 0 -1
    outer loop
      vertex 53.2412 93.2607 2.4
      vertex 53.6437 99.4026 2.4
      vertex 53.6437 93.3974 2.4
    endloop
  endfacet
  facet normal 0 0 -1
    outer loop
      vertex 53.2412 93.2607 2.4
      vertex 53.2412 99.5393 2.4
      vertex 53.6437 99.4026 2.4
    endloop
  endfacet
  facet normal 0 0 -1
    outer loop
      vertex 52.8242 93.1778 2.4
      vertex 53.2412 99.5393 2.4
      vertex 53.2412 93.2607 2.4
    endloop
  endfacet
  facet normal 0 0 -1
    outer loop
      vertex 52.8242 93.1778 2.4
      vertex 52.8242 99.6222 2.4
      vertex 53.2412 99.5393 2.4
    endloop
  endfacet
  facet normal 0 0 -1
    outer loop
      vertex 52.4 93.15 2.4
      vertex 52.8242 99.6222 2.4
      vertex 52.8242 93.1778 2.4
    endloop
  endfacet
  facet normal 0 0 -1
    outer loop
      vertex 52.4 93.15 2.4
      vertex 52.4 99.65 2.4
      vertex 52.8242 99.6222 2.4
    endloop
  endfacet
  facet normal 0 0 -1
    outer loop
      vertex 51.9758 93.1778 2.4
      vertex 52.4 99.65 2.4
      vertex 52.4 93.15 2.4
    endloop
  endfacet
  facet normal 0 0 -1
    outer loop
      vertex 51.9758 93.1778 2.4
      vertex 51.9758 99.6222 2.4
      vertex 52.4 99.65 2.4
    endloop
  endfacet
  facet normal 0 0 -1
    outer loop
      vertex 51.5588 93.2607 2.4
      vertex 51.9758 99.6222 2.4
      vertex 51.9758 93.1778 2.4
    endloop
  endfacet
  facet normal 0 0 -1
    outer loop
      vertex 51.5588 93.2607 2.4
      vertex 51.5588 99.5393 2.4
      vertex 51.9758 99.6222 2.4
    endloop
  endfacet
  facet normal 0 0 -1
    outer loop
      vertex 51.1563 93.3974 2.4
      vertex 51.5588 99.5393 2.4
      vertex 51.5588 93.2607 2.4
    endloop
  endfacet
  facet normal 0 0 -1
    outer loop
      vertex 51.1563 93.3974 2.4
      vertex 51.1563 99.4026 2.4
      vertex 51.5588 99.5393 2.4
    endloop
  endfacet
  facet normal 0 0 -1
    outer loop
      vertex 50.775 93.5854 2.4
      vertex 51.1563 99.4026 2.4
      vertex 51.1563 93.3974 2.4
    endloop
  endfacet
  facet normal 0 0 -1
    outer loop
      vertex 50.775 93.5854 2.4
      vertex 50.775 99.2146 2.4
      vertex 51.1563 99.4026 2.4
    endloop
  endfacet
  facet normal 0 0 -1
    outer loop
      vertex 50.4215 93.8216 2.4
      vertex 50.775 99.2146 2.4
      vertex 50.775 93.5854 2.4
    endloop
  endfacet
  facet normal 0 0 -1
    outer loop
      vertex 50.4215 93.8216 2.4
      vertex 50.4215 98.9784 2.4
      vertex 50.775 99.2146 2.4
    endloop
  endfacet
  facet normal 0 0 -1
    outer loop
      vertex 50.1019 94.1019 2.4
      vertex 50.4215 98.9784 2.4
      vertex 50.4215 93.8216 2.4
    endloop
  endfacet
  facet normal 0 0 -1
    outer loop
      vertex 50.1019 94.1019 2.4
      vertex 50.1019 98.6981 2.4
      vertex 50.4215 98.9784 2.4
    endloop
  endfacet
  facet normal 0 0 -1
    outer loop
      vertex 49.8216 94.4215 2.4
      vertex 50.1019 98.6981 2.4
      vertex 50.1019 94.1019 2.4
    endloop
  endfacet
  facet normal 0 0 -1
    outer loop
      vertex 49.8216 94.4215 2.4
      vertex 49.8216 98.3785 2.4
      vertex 50.1019 98.6981 2.4
    endloop
  endfacet
  facet normal 0 0 -1
    outer loop
      vertex 49.5854 94.775 2.4
      vertex 49.8216 98.3785 2.4
      vertex 49.8216 94.4215 2.4
    endloop
  endfacet
  facet normal 0 0 -1
    outer loop
      vertex 49.5854 94.775 2.4
      vertex 49.5854 98.025 2.4
      vertex 49.8216 98.3785 2.4
    endloop
  endfacet
  facet normal 0 0 -1
    outer loop
      vertex 49.3974 95.1563 2.4
      vertex 49.5854 98.025 2.4
      vertex 49.5854 94.775 2.4
    endloop
  endfacet
  facet normal 0 0 -1
    outer loop
      vertex 49.3974 95.1563 2.4
      vertex 49.3974 97.6437 2.4
      vertex 49.5854 98.025 2.4
    endloop
  endfacet
  facet normal 0 0 -1
    outer loop
      vertex 49.2607 95.5588 2.4
      vertex 49.3974 97.6437 2.4
      vertex 49.3974 95.1563 2.4
    endloop
  endfacet
  facet normal 0 0 -1
    outer loop
      vertex 49.2607 95.5588 2.4
      vertex 49.2607 97.2412 2.4
      vertex 49.3974 97.6437 2.4
    endloop
  endfacet
  facet normal 0 0 -1
    outer loop
      vertex 49.1778 95.9758 2.4
      vertex 49.2607 97.2412 2.4
      vertex 49.2607 95.5588 2.4
    endloop
  endfacet
  facet normal 0 0 -1
    outer loop
      vertex 49.1778 95.9758 2.4
      vertex 49.1778 96.8242 2.4
      vertex 49.2607 97.2412 2.4
    endloop
  endfacet
  facet normal 0 -0 -1
    outer loop
      vertex 49.1778 96.8242 2.4
      vertex 49.1778 95.9758 2.4
      vertex 49.15 96.4 2.4
    endloop
  endfacet
  facet normal 0.896907 0.44222 0
    outer loop
      vertex 55.4026 97.6437 6.4
      vertex 55.2146 98.025 2.4
      vertex 55.2146 98.025 6.4
    endloop
  endfacet
  facet normal 0.896907 0.44222 0
    outer loop
      vertex 55.2146 98.025 2.4
      vertex 55.4026 97.6437 6.4
      vertex 55.4026 97.6437 2.4
    endloop
  endfacet
  facet normal 0.831471 0.555568 0
    outer loop
      vertex 55.2146 98.025 6.4
      vertex 54.9784 98.3785 2.4
      vertex 54.9784 98.3785 6.4
    endloop
  endfacet
  facet normal 0.831471 0.555568 0
    outer loop
      vertex 54.9784 98.3785 2.4
      vertex 55.2146 98.025 6.4
      vertex 55.2146 98.025 2.4
    endloop
  endfacet
  facet normal 0.44222 0.896907 -0
    outer loop
      vertex 54.025 99.2146 2.4
      vertex 53.6437 99.4026 6.4
      vertex 54.025 99.2146 6.4
    endloop
  endfacet
  facet normal 0.44222 0.896907 0
    outer loop
      vertex 53.6437 99.4026 6.4
      vertex 54.025 99.2146 2.4
      vertex 53.6437 99.4026 2.4
    endloop
  endfacet
  facet normal 0.555568 0.831471 -0
    outer loop
      vertex 54.3785 98.9784 2.4
      vertex 54.025 99.2146 6.4
      vertex 54.3785 98.9784 6.4
    endloop
  endfacet
  facet normal 0.555568 0.831471 0
    outer loop
      vertex 54.025 99.2146 6.4
      vertex 54.3785 98.9784 2.4
      vertex 54.025 99.2146 2.4
    endloop
  endfacet
  facet normal -0.896907 0.44222 0
    outer loop
      vertex 49.3974 97.6437 2.4
      vertex 49.5854 98.025 6.4
      vertex 49.5854 98.025 2.4
    endloop
  endfacet
  facet normal -0.896907 0.44222 0
    outer loop
      vertex 49.5854 98.025 6.4
      vertex 49.3974 97.6437 2.4
      vertex 49.3974 97.6437 6.4
    endloop
  endfacet
  facet normal -0.751818 0.65937 0
    outer loop
      vertex 49.8216 98.3785 2.4
      vertex 50.1019 98.6981 6.4
      vertex 50.1019 98.6981 2.4
    endloop
  endfacet
  facet normal -0.751818 0.65937 0
    outer loop
      vertex 50.1019 98.6981 6.4
      vertex 49.8216 98.3785 2.4
      vertex 49.8216 98.3785 6.4
    endloop
  endfacet
  facet normal 0 0 1
    outer loop
      vertex 53.6 96.4 6.4
      vertex 55.65 96.4 6.4
      vertex 55.6222 96.8242 6.4
    endloop
  endfacet
  facet normal 0 0 1
    outer loop
      vertex 53.5897 96.5566 6.4
      vertex 55.6222 96.8242 6.4
      vertex 55.5393 97.2412 6.4
    endloop
  endfacet
  facet normal 0 0 1
    outer loop
      vertex 55.65 96.4 6.4
      vertex 53.6 96.4 6.4
      vertex 55.6222 95.9758 6.4
    endloop
  endfacet
  facet normal 0 0 1
    outer loop
      vertex 53.5591 96.7106 6.4
      vertex 55.5393 97.2412 6.4
      vertex 55.4026 97.6437 6.4
    endloop
  endfacet
  facet normal -0 0 1
    outer loop
      vertex 53.5897 96.2434 6.4
      vertex 55.6222 95.9758 6.4
      vertex 53.6 96.4 6.4
    endloop
  endfacet
  facet normal 0 0 1
    outer loop
      vertex 53.5087 96.8592 6.4
      vertex 55.4026 97.6437 6.4
      vertex 55.2146 98.025 6.4
    endloop
  endfacet
  facet normal 0 0 1
    outer loop
      vertex 55.6222 95.9758 6.4
      vertex 53.5897 96.2434 6.4
      vertex 55.5393 95.5588 6.4
    endloop
  endfacet
  facet normal 0 0 1
    outer loop
      vertex 53.4392 97 6.4
      vertex 55.2146 98.025 6.4
      vertex 54.9784 98.3785 6.4
    endloop
  endfacet
  facet normal -0 0 1
    outer loop
      vertex 53.5591 96.0894 6.4
      vertex 55.5393 95.5588 6.4
      vertex 53.5897 96.2434 6.4
    endloop
  endfacet
  facet normal 0 0 1
    outer loop
      vertex 53.352 97.1305 6.4
      vertex 54.9784 98.3785 6.4
      vertex 54.6981 98.6981 6.4
    endloop
  endfacet
  facet normal 0 0 1
    outer loop
      vertex 55.5393 95.5588 6.4
      vertex 53.5591 96.0894 6.4
      vertex 55.4026 95.1563 6.4
    endloop
  endfacet
  facet normal 0 0 1
    outer loop
      vertex 53.2485 97.2485 6.4
      vertex 54.6981 98.6981 6.4
      vertex 54.3785 98.9784 6.4
    endloop
  endfacet
  facet normal -0 0 1
    outer loop
      vertex 53.5087 95.9408 6.4
      vertex 55.4026 95.1563 6.4
      vertex 53.5591 96.0894 6.4
    endloop
  endfacet
  facet normal 0 0 1
    outer loop
      vertex 53.1305 97.352 6.4
      vertex 54.3785 98.9784 6.4
      vertex 54.025 99.2146 6.4
    endloop
  endfacet
  facet normal 0 0 1
    outer loop
      vertex 55.4026 95.1563 6.4
      vertex 53.5087 95.9408 6.4
      vertex 55.2146 94.775 6.4
    endloop
  endfacet
  facet normal 0 0 1
    outer loop
      vertex 53 97.4392 6.4
      vertex 54.025 99.2146 6.4
      vertex 53.6437 99.4026 6.4
    endloop
  endfacet
  facet normal -0 0 1
    outer loop
      vertex 53.4392 95.8 6.4
      vertex 55.2146 94.775 6.4
      vertex 53.5087 95.9408 6.4
    endloop
  endfacet
  facet normal 0 0 1
    outer loop
      vertex 55.2146 94.775 6.4
      vertex 53.4392 95.8 6.4
      vertex 54.9784 94.4215 6.4
    endloop
  endfacet
  facet normal 0 0 1
    outer loop
      vertex 55.6222 96.8242 6.4
      vertex 53.5897 96.5566 6.4
      vertex 53.6 96.4 6.4
    endloop
  endfacet
  facet normal 0 0 1
    outer loop
      vertex 55.5393 97.2412 6.4
      vertex 53.5591 96.7106 6.4
      vertex 53.5897 96.5566 6.4
    endloop
  endfacet
  facet normal 0 0 1
    outer loop
      vertex 55.4026 97.6437 6.4
      vertex 53.5087 96.8592 6.4
      vertex 53.5591 96.7106 6.4
    endloop
  endfacet
  facet normal 0 0 1
    outer loop
      vertex 55.2146 98.025 6.4
      vertex 53.4392 97 6.4
      vertex 53.5087 96.8592 6.4
    endloop
  endfacet
  facet normal 0 0 1
    outer loop
      vertex 54.9784 98.3785 6.4
      vertex 53.352 97.1305 6.4
      vertex 53.4392 97 6.4
    endloop
  endfacet
  facet normal 0 0 1
    outer loop
      vertex 54.6981 98.6981 6.4
      vertex 53.2485 97.2485 6.4
      vertex 53.352 97.1305 6.4
    endloop
  endfacet
  facet normal 0 0 1
    outer loop
      vertex 52.8592 97.5087 6.4
      vertex 53.6437 99.4026 6.4
      vertex 53.2412 99.5393 6.4
    endloop
  endfacet
  facet normal 0 0 1
    outer loop
      vertex 54.3785 98.9784 6.4
      vertex 53.1305 97.352 6.4
      vertex 53.2485 97.2485 6.4
    endloop
  endfacet
  facet normal 0 0 1
    outer loop
      vertex 54.025 99.2146 6.4
      vertex 53 97.4392 6.4
      vertex 53.1305 97.352 6.4
    endloop
  endfacet
  facet normal 0 0 1
    outer loop
      vertex 53.6437 99.4026 6.4
      vertex 52.8592 97.5087 6.4
      vertex 53 97.4392 6.4
    endloop
  endfacet
  facet normal 0 0 1
    outer loop
      vertex 52.7106 97.5591 6.4
      vertex 53.2412 99.5393 6.4
      vertex 52.8242 99.6222 6.4
    endloop
  endfacet
  facet normal 0 0 1
    outer loop
      vertex 53.2412 99.5393 6.4
      vertex 52.7106 97.5591 6.4
      vertex 52.8592 97.5087 6.4
    endloop
  endfacet
  facet normal 0 0 1
    outer loop
      vertex 52.8242 99.6222 6.4
      vertex 52.5566 97.5897 6.4
      vertex 52.7106 97.5591 6.4
    endloop
  endfacet
  facet normal 0 0 1
    outer loop
      vertex 52.4 99.65 6.4
      vertex 52.5566 97.5897 6.4
      vertex 52.8242 99.6222 6.4
    endloop
  endfacet
  facet normal 0 0 1
    outer loop
      vertex 52.4 99.65 6.4
      vertex 52.4 97.6 6.4
      vertex 52.5566 97.5897 6.4
    endloop
  endfacet
  facet normal 0 0 1
    outer loop
      vertex 52.4 99.65 6.4
      vertex 52.2434 97.5897 6.4
      vertex 52.4 97.6 6.4
    endloop
  endfacet
  facet normal -0 0 1
    outer loop
      vertex 51.9758 99.6222 6.4
      vertex 52.2434 97.5897 6.4
      vertex 52.4 99.65 6.4
    endloop
  endfacet
  facet normal 0 0 1
    outer loop
      vertex 52.2434 97.5897 6.4
      vertex 51.9758 99.6222 6.4
      vertex 52.0894 97.5591 6.4
    endloop
  endfacet
  facet normal -0 0 1
    outer loop
      vertex 51.5588 99.5393 6.4
      vertex 52.0894 97.5591 6.4
      vertex 51.9758 99.6222 6.4
    endloop
  endfacet
  facet normal 0 0 1
    outer loop
      vertex 52.0894 97.5591 6.4
      vertex 51.5588 99.5393 6.4
      vertex 51.9408 97.5087 6.4
    endloop
  endfacet
  facet normal -0 0 1
    outer loop
      vertex 51.1563 99.4026 6.4
      vertex 51.9408 97.5087 6.4
      vertex 51.5588 99.5393 6.4
    endloop
  endfacet
  facet normal 0 0 1
    outer loop
      vertex 51.9408 97.5087 6.4
      vertex 51.1563 99.4026 6.4
      vertex 51.8 97.4392 6.4
    endloop
  endfacet
  facet normal -0 0 1
    outer loop
      vertex 50.775 99.2146 6.4
      vertex 51.8 97.4392 6.4
      vertex 51.1563 99.4026 6.4
    endloop
  endfacet
  facet normal 0 0 1
    outer loop
      vertex 51.8 97.4392 6.4
      vertex 50.775 99.2146 6.4
      vertex 51.6695 97.352 6.4
    endloop
  endfacet
  facet normal -0 0 1
    outer loop
      vertex 50.4215 98.9784 6.4
      vertex 51.6695 97.352 6.4
      vertex 50.775 99.2146 6.4
    endloop
  endfacet
  facet normal 0 0 1
    outer loop
      vertex 51.6695 97.352 6.4
      vertex 50.4215 98.9784 6.4
      vertex 51.5515 97.2485 6.4
    endloop
  endfacet
  facet normal -0 0 1
    outer loop
      vertex 50.1019 98.6981 6.4
      vertex 51.5515 97.2485 6.4
      vertex 50.4215 98.9784 6.4
    endloop
  endfacet
  facet normal 0 0 1
    outer loop
      vertex 51.5515 97.2485 6.4
      vertex 50.1019 98.6981 6.4
      vertex 51.448 97.1305 6.4
    endloop
  endfacet
  facet normal 0 0 1
    outer loop
      vertex 51.448 97.1305 6.4
      vertex 49.8216 98.3785 6.4
      vertex 51.3608 97 6.4
    endloop
  endfacet
  facet normal -0 0 1
    outer loop
      vertex 49.8216 98.3785 6.4
      vertex 51.448 97.1305 6.4
      vertex 50.1019 98.6981 6.4
    endloop
  endfacet
  facet normal -0 0 1
    outer loop
      vertex 53.352 95.6695 6.4
      vertex 54.9784 94.4215 6.4
      vertex 53.4392 95.8 6.4
    endloop
  endfacet
  facet normal 0 0 1
    outer loop
      vertex 54.9784 94.4215 6.4
      vertex 53.352 95.6695 6.4
      vertex 54.6981 94.1019 6.4
    endloop
  endfacet
  facet normal -0 0 1
    outer loop
      vertex 53.2485 95.5515 6.4
      vertex 54.6981 94.1019 6.4
      vertex 53.352 95.6695 6.4
    endloop
  endfacet
  facet normal 0 0 1
    outer loop
      vertex 54.6981 94.1019 6.4
      vertex 53.2485 95.5515 6.4
      vertex 54.3785 93.8216 6.4
    endloop
  endfacet
  facet normal -0 0 1
    outer loop
      vertex 53.1305 95.448 6.4
      vertex 54.3785 93.8216 6.4
      vertex 53.2485 95.5515 6.4
    endloop
  endfacet
  facet normal 0 0 1
    outer loop
      vertex 54.3785 93.8216 6.4
      vertex 53.1305 95.448 6.4
      vertex 54.025 93.5854 6.4
    endloop
  endfacet
  facet normal -0 0 1
    outer loop
      vertex 53 95.3608 6.4
      vertex 54.025 93.5854 6.4
      vertex 53.1305 95.448 6.4
    endloop
  endfacet
  facet normal 0 0 1
    outer loop
      vertex 54.025 93.5854 6.4
      vertex 53 95.3608 6.4
      vertex 53.6437 93.3974 6.4
    endloop
  endfacet
  facet normal -0 0 1
    outer loop
      vertex 52.8592 95.2913 6.4
      vertex 53.6437 93.3974 6.4
      vertex 53 95.3608 6.4
    endloop
  endfacet
  facet normal 0 0 1
    outer loop
      vertex 53.6437 93.3974 6.4
      vertex 52.8592 95.2913 6.4
      vertex 53.2412 93.2607 6.4
    endloop
  endfacet
  facet normal -0 0 1
    outer loop
      vertex 52.7106 95.2409 6.4
      vertex 53.2412 93.2607 6.4
      vertex 52.8592 95.2913 6.4
    endloop
  endfacet
  facet normal 0 0 1
    outer loop
      vertex 53.2412 93.2607 6.4
      vertex 52.7106 95.2409 6.4
      vertex 52.8242 93.1778 6.4
    endloop
  endfacet
  facet normal -0 0 1
    outer loop
      vertex 52.5566 95.2103 6.4
      vertex 52.8242 93.1778 6.4
      vertex 52.7106 95.2409 6.4
    endloop
  endfacet
  facet normal -0 0 1
    outer loop
      vertex 52.4 95.2 6.4
      vertex 52.8242 93.1778 6.4
      vertex 52.5566 95.2103 6.4
    endloop
  endfacet
  facet normal 0 0 1
    outer loop
      vertex 52.4 95.2 6.4
      vertex 52.4 93.15 6.4
      vertex 52.8242 93.1778 6.4
    endloop
  endfacet
  facet normal 0 0 1
    outer loop
      vertex 52.2434 95.2103 6.4
      vertex 52.4 93.15 6.4
      vertex 52.4 95.2 6.4
    endloop
  endfacet
  facet normal 0 0 1
    outer loop
      vertex 51.9758 93.1778 6.4
      vertex 52.2434 95.2103 6.4
      vertex 52.0894 95.2409 6.4
    endloop
  endfacet
  facet normal 0 0 1
    outer loop
      vertex 52.2434 95.2103 6.4
      vertex 51.9758 93.1778 6.4
      vertex 52.4 93.15 6.4
    endloop
  endfacet
  facet normal 0 0 1
    outer loop
      vertex 51.5588 93.2607 6.4
      vertex 52.0894 95.2409 6.4
      vertex 51.9408 95.2913 6.4
    endloop
  endfacet
  facet normal 0 0 1
    outer loop
      vertex 51.1563 93.3974 6.4
      vertex 51.9408 95.2913 6.4
      vertex 51.8 95.3608 6.4
    endloop
  endfacet
  facet normal 0 0 1
    outer loop
      vertex 50.775 93.5854 6.4
      vertex 51.8 95.3608 6.4
      vertex 51.6695 95.448 6.4
    endloop
  endfacet
  facet normal 0 0 1
    outer loop
      vertex 52.0894 95.2409 6.4
      vertex 51.5588 93.2607 6.4
      vertex 51.9758 93.1778 6.4
    endloop
  endfacet
  facet normal 0 0 1
    outer loop
      vertex 50.4215 93.8216 6.4
      vertex 51.6695 95.448 6.4
      vertex 51.5515 95.5515 6.4
    endloop
  endfacet
  facet normal 0 0 1
    outer loop
      vertex 50.1019 94.1019 6.4
      vertex 51.5515 95.5515 6.4
      vertex 51.448 95.6695 6.4
    endloop
  endfacet
  facet normal 0 0 1
    outer loop
      vertex 49.8216 94.4215 6.4
      vertex 51.448 95.6695 6.4
      vertex 51.3608 95.8 6.4
    endloop
  endfacet
  facet normal 0 0 1
    outer loop
      vertex 49.5854 94.775 6.4
      vertex 51.3608 95.8 6.4
      vertex 51.2913 95.9408 6.4
    endloop
  endfacet
  facet normal 0 0 1
    outer loop
      vertex 49.3974 95.1563 6.4
      vertex 51.2913 95.9408 6.4
      vertex 51.2409 96.0894 6.4
    endloop
  endfacet
  facet normal 0 0 1
    outer loop
      vertex 49.2607 95.5588 6.4
      vertex 51.2409 96.0894 6.4
      vertex 51.2103 96.2434 6.4
    endloop
  endfacet
  facet normal 0 0 1
    outer loop
      vertex 51.9408 95.2913 6.4
      vertex 51.1563 93.3974 6.4
      vertex 51.5588 93.2607 6.4
    endloop
  endfacet
  facet normal 0 0 1
    outer loop
      vertex 49.1778 95.9758 6.4
      vertex 51.2103 96.2434 6.4
      vertex 51.2 96.4 6.4
    endloop
  endfacet
  facet normal -0 0 1
    outer loop
      vertex 49.5854 98.025 6.4
      vertex 51.3608 97 6.4
      vertex 49.8216 98.3785 6.4
    endloop
  endfacet
  facet normal 0 0 1
    outer loop
      vertex 51.3608 97 6.4
      vertex 49.5854 98.025 6.4
      vertex 51.2913 96.8592 6.4
    endloop
  endfacet
  facet normal 0 0 1
    outer loop
      vertex 51.8 95.3608 6.4
      vertex 50.775 93.5854 6.4
      vertex 51.1563 93.3974 6.4
    endloop
  endfacet
  facet normal -0 0 1
    outer loop
      vertex 49.3974 97.6437 6.4
      vertex 51.2913 96.8592 6.4
      vertex 49.5854 98.025 6.4
    endloop
  endfacet
  facet normal 0 0 1
    outer loop
      vertex 51.6695 95.448 6.4
      vertex 50.4215 93.8216 6.4
      vertex 50.775 93.5854 6.4
    endloop
  endfacet
  facet normal 0 0 1
    outer loop
      vertex 51.2913 96.8592 6.4
      vertex 49.3974 97.6437 6.4
      vertex 51.2409 96.7106 6.4
    endloop
  endfacet
  facet normal 0 0 1
    outer loop
      vertex 51.5515 95.5515 6.4
      vertex 50.1019 94.1019 6.4
      vertex 50.4215 93.8216 6.4
    endloop
  endfacet
  facet normal -0 0 1
    outer loop
      vertex 49.2607 97.2412 6.4
      vertex 51.2409 96.7106 6.4
      vertex 49.3974 97.6437 6.4
    endloop
  endfacet
  facet normal 0 0 1
    outer loop
      vertex 51.448 95.6695 6.4
      vertex 49.8216 94.4215 6.4
      vertex 50.1019 94.1019 6.4
    endloop
  endfacet
  facet normal 0 0 1
    outer loop
      vertex 51.2409 96.7106 6.4
      vertex 49.2607 97.2412 6.4
      vertex 51.2103 96.5566 6.4
    endloop
  endfacet
  facet normal 0 0 1
    outer loop
      vertex 51.3608 95.8 6.4
      vertex 49.5854 94.775 6.4
      vertex 49.8216 94.4215 6.4
    endloop
  endfacet
  facet normal -0 0 1
    outer loop
      vertex 49.1778 96.8242 6.4
      vertex 51.2103 96.5566 6.4
      vertex 49.2607 97.2412 6.4
    endloop
  endfacet
  facet normal 0 0 1
    outer loop
      vertex 51.2913 95.9408 6.4
      vertex 49.3974 95.1563 6.4
      vertex 49.5854 94.775 6.4
    endloop
  endfacet
  facet normal 0 0 1
    outer loop
      vertex 51.2103 96.5566 6.4
      vertex 49.1778 96.8242 6.4
      vertex 51.2 96.4 6.4
    endloop
  endfacet
  facet normal 0 0 1
    outer loop
      vertex 51.2409 96.0894 6.4
      vertex 49.2607 95.5588 6.4
      vertex 49.3974 95.1563 6.4
    endloop
  endfacet
  facet normal 0 0 1
    outer loop
      vertex 49.15 96.4 6.4
      vertex 51.2 96.4 6.4
      vertex 49.1778 96.8242 6.4
    endloop
  endfacet
  facet normal 0 0 1
    outer loop
      vertex 51.2103 96.2434 6.4
      vertex 49.1778 95.9758 6.4
      vertex 49.2607 95.5588 6.4
    endloop
  endfacet
  facet normal 0 0 1
    outer loop
      vertex 51.2 96.4 6.4
      vertex 49.15 96.4 6.4
      vertex 49.1778 95.9758 6.4
    endloop
  endfacet
  facet normal -0.0653948 0.997859 0
    outer loop
      vertex 52.4 99.65 2.4
      vertex 51.9758 99.6222 6.4
      vertex 52.4 99.65 6.4
    endloop
  endfacet
  facet normal -0.0653948 0.997859 0
    outer loop
      vertex 51.9758 99.6222 6.4
      vertex 52.4 99.65 2.4
      vertex 51.9758 99.6222 2.4
    endloop
  endfacet
  facet normal 0.94688 -0.321586 0
    outer loop
      vertex 55.4026 95.1563 6.4
      vertex 55.5393 95.5588 2.4
      vertex 55.5393 95.5588 6.4
    endloop
  endfacet
  facet normal 0.94688 -0.321586 0
    outer loop
      vertex 55.5393 95.5588 2.4
      vertex 55.4026 95.1563 6.4
      vertex 55.4026 95.1563 2.4
    endloop
  endfacet
  facet normal 0.0653948 -0.997859 0
    outer loop
      vertex 52.4 93.15 2.4
      vertex 52.8242 93.1778 6.4
      vertex 52.4 93.15 6.4
    endloop
  endfacet
  facet normal 0.0653948 -0.997859 0
    outer loop
      vertex 52.8242 93.1778 6.4
      vertex 52.4 93.15 2.4
      vertex 52.8242 93.1778 2.4
    endloop
  endfacet
  facet normal -0.65937 -0.751818 0
    outer loop
      vertex 50.1019 94.1019 2.4
      vertex 50.4215 93.8216 6.4
      vertex 50.1019 94.1019 6.4
    endloop
  endfacet
  facet normal -0.65937 -0.751818 -0
    outer loop
      vertex 50.4215 93.8216 6.4
      vertex 50.1019 94.1019 2.4
      vertex 50.4215 93.8216 2.4
    endloop
  endfacet
  facet normal -0.997859 -0.0653948 0
    outer loop
      vertex 49.1778 95.9758 2.4
      vertex 49.15 96.4 6.4
      vertex 49.15 96.4 2.4
    endloop
  endfacet
  facet normal -0.997859 -0.0653948 0
    outer loop
      vertex 49.15 96.4 6.4
      vertex 49.1778 95.9758 2.4
      vertex 49.1778 95.9758 6.4
    endloop
  endfacet
  facet normal 0.94688 0.321586 0
    outer loop
      vertex 55.5393 97.2412 6.4
      vertex 55.4026 97.6437 2.4
      vertex 55.4026 97.6437 6.4
    endloop
  endfacet
  facet normal 0.94688 0.321586 0
    outer loop
      vertex 55.4026 97.6437 2.4
      vertex 55.5393 97.2412 6.4
      vertex 55.5393 97.2412 2.4
    endloop
  endfacet
  facet normal 0.980806 0.194985 0
    outer loop
      vertex 55.6222 96.8242 6.4
      vertex 55.5393 97.2412 2.4
      vertex 55.5393 97.2412 6.4
    endloop
  endfacet
  facet normal 0.980806 0.194985 0
    outer loop
      vertex 55.5393 97.2412 2.4
      vertex 55.6222 96.8242 6.4
      vertex 55.6222 96.8242 2.4
    endloop
  endfacet
  facet normal 0.751818 0.65937 0
    outer loop
      vertex 54.9784 98.3785 6.4
      vertex 54.6981 98.6981 2.4
      vertex 54.6981 98.6981 6.4
    endloop
  endfacet
  facet normal 0.751818 0.65937 0
    outer loop
      vertex 54.6981 98.6981 2.4
      vertex 54.9784 98.3785 6.4
      vertex 54.9784 98.3785 2.4
    endloop
  endfacet
  facet normal 0.321586 0.94688 -0
    outer loop
      vertex 53.6437 99.4026 2.4
      vertex 53.2412 99.5393 6.4
      vertex 53.6437 99.4026 6.4
    endloop
  endfacet
  facet normal 0.321586 0.94688 0
    outer loop
      vertex 53.2412 99.5393 6.4
      vertex 53.6437 99.4026 2.4
      vertex 53.2412 99.5393 2.4
    endloop
  endfacet
  facet normal 0.194985 0.980806 -0
    outer loop
      vertex 53.2412 99.5393 2.4
      vertex 52.8242 99.6222 6.4
      vertex 53.2412 99.5393 6.4
    endloop
  endfacet
  facet normal 0.194985 0.980806 0
    outer loop
      vertex 52.8242 99.6222 6.4
      vertex 53.2412 99.5393 2.4
      vertex 52.8242 99.6222 2.4
    endloop
  endfacet
  facet normal -0.831471 0.555568 0
    outer loop
      vertex 49.5854 98.025 2.4
      vertex 49.8216 98.3785 6.4
      vertex 49.8216 98.3785 2.4
    endloop
  endfacet
  facet normal -0.831471 0.555568 0
    outer loop
      vertex 49.8216 98.3785 6.4
      vertex 49.5854 98.025 2.4
      vertex 49.5854 98.025 6.4
    endloop
  endfacet
  facet normal -0.94688 0.321586 0
    outer loop
      vertex 49.2607 97.2412 2.4
      vertex 49.3974 97.6437 6.4
      vertex 49.3974 97.6437 2.4
    endloop
  endfacet
  facet normal -0.94688 0.321586 0
    outer loop
      vertex 49.3974 97.6437 6.4
      vertex 49.2607 97.2412 2.4
      vertex 49.2607 97.2412 6.4
    endloop
  endfacet
  facet normal -0.980806 0.194985 0
    outer loop
      vertex 49.1778 96.8242 2.4
      vertex 49.2607 97.2412 6.4
      vertex 49.2607 97.2412 2.4
    endloop
  endfacet
  facet normal -0.980806 0.194985 0
    outer loop
      vertex 49.2607 97.2412 6.4
      vertex 49.1778 96.8242 2.4
      vertex 49.1778 96.8242 6.4
    endloop
  endfacet
  facet normal -0.44222 0.896907 0
    outer loop
      vertex 51.1563 99.4026 2.4
      vertex 50.775 99.2146 6.4
      vertex 51.1563 99.4026 6.4
    endloop
  endfacet
  facet normal -0.44222 0.896907 0
    outer loop
      vertex 50.775 99.2146 6.4
      vertex 51.1563 99.4026 2.4
      vertex 50.775 99.2146 2.4
    endloop
  endfacet
  facet normal -0.555568 0.831471 0
    outer loop
      vertex 50.775 99.2146 2.4
      vertex 50.4215 98.9784 6.4
      vertex 50.775 99.2146 6.4
    endloop
  endfacet
  facet normal -0.555568 0.831471 0
    outer loop
      vertex 50.4215 98.9784 6.4
      vertex 50.775 99.2146 2.4
      vertex 50.4215 98.9784 2.4
    endloop
  endfacet
  facet normal -0.194985 0.980806 0
    outer loop
      vertex 51.9758 99.6222 2.4
      vertex 51.5588 99.5393 6.4
      vertex 51.9758 99.6222 6.4
    endloop
  endfacet
  facet normal -0.194985 0.980806 0
    outer loop
      vertex 51.5588 99.5393 6.4
      vertex 51.9758 99.6222 2.4
      vertex 51.5588 99.5393 2.4
    endloop
  endfacet
  facet normal 0.194985 -0.980806 0
    outer loop
      vertex 52.8242 93.1778 2.4
      vertex 53.2412 93.2607 6.4
      vertex 52.8242 93.1778 6.4
    endloop
  endfacet
  facet normal 0.194985 -0.980806 0
    outer loop
      vertex 53.2412 93.2607 6.4
      vertex 52.8242 93.1778 2.4
      vertex 53.2412 93.2607 2.4
    endloop
  endfacet
  facet normal 0.65937 -0.751818 0
    outer loop
      vertex 54.3785 93.8216 2.4
      vertex 54.6981 94.1019 6.4
      vertex 54.3785 93.8216 6.4
    endloop
  endfacet
  facet normal 0.65937 -0.751818 0
    outer loop
      vertex 54.6981 94.1019 6.4
      vertex 54.3785 93.8216 2.4
      vertex 54.6981 94.1019 2.4
    endloop
  endfacet
  facet normal 0.44222 -0.896907 0
    outer loop
      vertex 53.6437 93.3974 2.4
      vertex 54.025 93.5854 6.4
      vertex 53.6437 93.3974 6.4
    endloop
  endfacet
  facet normal 0.44222 -0.896907 0
    outer loop
      vertex 54.025 93.5854 6.4
      vertex 53.6437 93.3974 2.4
      vertex 54.025 93.5854 2.4
    endloop
  endfacet
  facet normal 0.831471 -0.555568 0
    outer loop
      vertex 54.9784 94.4215 6.4
      vertex 55.2146 94.775 2.4
      vertex 55.2146 94.775 6.4
    endloop
  endfacet
  facet normal 0.831471 -0.555568 0
    outer loop
      vertex 55.2146 94.775 2.4
      vertex 54.9784 94.4215 6.4
      vertex 54.9784 94.4215 2.4
    endloop
  endfacet
  facet normal -0.555568 -0.831471 0
    outer loop
      vertex 50.4215 93.8216 2.4
      vertex 50.775 93.5854 6.4
      vertex 50.4215 93.8216 6.4
    endloop
  endfacet
  facet normal -0.555568 -0.831471 -0
    outer loop
      vertex 50.775 93.5854 6.4
      vertex 50.4215 93.8216 2.4
      vertex 50.775 93.5854 2.4
    endloop
  endfacet
  facet normal -0.321586 -0.94688 0
    outer loop
      vertex 51.1563 93.3974 2.4
      vertex 51.5588 93.2607 6.4
      vertex 51.1563 93.3974 6.4
    endloop
  endfacet
  facet normal -0.321586 -0.94688 -0
    outer loop
      vertex 51.5588 93.2607 6.4
      vertex 51.1563 93.3974 2.4
      vertex 51.5588 93.2607 2.4
    endloop
  endfacet
  facet normal -0.0653948 -0.997859 0
    outer loop
      vertex 51.9758 93.1778 2.4
      vertex 52.4 93.15 6.4
      vertex 51.9758 93.1778 6.4
    endloop
  endfacet
  facet normal -0.0653948 -0.997859 -0
    outer loop
      vertex 52.4 93.15 6.4
      vertex 51.9758 93.1778 2.4
      vertex 52.4 93.15 2.4
    endloop
  endfacet
  facet normal -0.896907 -0.44222 0
    outer loop
      vertex 49.5854 94.775 2.4
      vertex 49.3974 95.1563 6.4
      vertex 49.3974 95.1563 2.4
    endloop
  endfacet
  facet normal -0.896907 -0.44222 0
    outer loop
      vertex 49.3974 95.1563 6.4
      vertex 49.5854 94.775 2.4
      vertex 49.5854 94.775 6.4
    endloop
  endfacet
  facet normal -0.751818 -0.65937 0
    outer loop
      vertex 50.1019 94.1019 2.4
      vertex 49.8216 94.4215 6.4
      vertex 49.8216 94.4215 2.4
    endloop
  endfacet
  facet normal -0.751818 -0.65937 0
    outer loop
      vertex 49.8216 94.4215 6.4
      vertex 50.1019 94.1019 2.4
      vertex 50.1019 94.1019 6.4
    endloop
  endfacet
  facet normal -0.980806 -0.194985 0
    outer loop
      vertex 49.2607 95.5588 2.4
      vertex 49.1778 95.9758 6.4
      vertex 49.1778 95.9758 2.4
    endloop
  endfacet
  facet normal -0.980806 -0.194985 0
    outer loop
      vertex 49.1778 95.9758 6.4
      vertex 49.2607 95.5588 2.4
      vertex 49.2607 95.5588 6.4
    endloop
  endfacet
  facet normal 0.321586 -0.94688 0
    outer loop
      vertex 53.2412 93.2607 2.4
      vertex 53.6437 93.3974 6.4
      vertex 53.2412 93.2607 6.4
    endloop
  endfacet
  facet normal 0.321586 -0.94688 0
    outer loop
      vertex 53.6437 93.3974 6.4
      vertex 53.2412 93.2607 2.4
      vertex 53.6437 93.3974 2.4
    endloop
  endfacet
  facet normal 0.751818 -0.65937 0
    outer loop
      vertex 54.6981 94.1019 6.4
      vertex 54.9784 94.4215 2.4
      vertex 54.9784 94.4215 6.4
    endloop
  endfacet
  facet normal 0.751818 -0.65937 0
    outer loop
      vertex 54.9784 94.4215 2.4
      vertex 54.6981 94.1019 6.4
      vertex 54.6981 94.1019 2.4
    endloop
  endfacet
  facet normal 0.555568 -0.831471 0
    outer loop
      vertex 54.025 93.5854 2.4
      vertex 54.3785 93.8216 6.4
      vertex 54.025 93.5854 6.4
    endloop
  endfacet
  facet normal 0.555568 -0.831471 0
    outer loop
      vertex 54.3785 93.8216 6.4
      vertex 54.025 93.5854 2.4
      vertex 54.3785 93.8216 2.4
    endloop
  endfacet
  facet normal 0.980806 -0.194985 0
    outer loop
      vertex 55.5393 95.5588 6.4
      vertex 55.6222 95.9758 2.4
      vertex 55.6222 95.9758 6.4
    endloop
  endfacet
  facet normal 0.980806 -0.194985 0
    outer loop
      vertex 55.6222 95.9758 2.4
      vertex 55.5393 95.5588 6.4
      vertex 55.5393 95.5588 2.4
    endloop
  endfacet
  facet normal 0.896907 -0.44222 0
    outer loop
      vertex 55.2146 94.775 6.4
      vertex 55.4026 95.1563 2.4
      vertex 55.4026 95.1563 6.4
    endloop
  endfacet
  facet normal 0.896907 -0.44222 0
    outer loop
      vertex 55.4026 95.1563 2.4
      vertex 55.2146 94.775 6.4
      vertex 55.2146 94.775 2.4
    endloop
  endfacet
  facet normal -0.44222 -0.896907 0
    outer loop
      vertex 50.775 93.5854 2.4
      vertex 51.1563 93.3974 6.4
      vertex 50.775 93.5854 6.4
    endloop
  endfacet
  facet normal -0.44222 -0.896907 -0
    outer loop
      vertex 51.1563 93.3974 6.4
      vertex 50.775 93.5854 2.4
      vertex 51.1563 93.3974 2.4
    endloop
  endfacet
  facet normal -0.194985 -0.980806 0
    outer loop
      vertex 51.5588 93.2607 2.4
      vertex 51.9758 93.1778 6.4
      vertex 51.5588 93.2607 6.4
    endloop
  endfacet
  facet normal -0.194985 -0.980806 -0
    outer loop
      vertex 51.9758 93.1778 6.4
      vertex 51.5588 93.2607 2.4
      vertex 51.9758 93.1778 2.4
    endloop
  endfacet
  facet normal -0.831471 -0.555568 0
    outer loop
      vertex 49.8216 94.4215 2.4
      vertex 49.5854 94.775 6.4
      vertex 49.5854 94.775 2.4
    endloop
  endfacet
  facet normal -0.831471 -0.555568 0
    outer loop
      vertex 49.5854 94.775 6.4
      vertex 49.8216 94.4215 2.4
      vertex 49.8216 94.4215 6.4
    endloop
  endfacet
  facet normal 0.997859 -0.0653948 0
    outer loop
      vertex 55.6222 95.9758 6.4
      vertex 55.65 96.4 2.4
      vertex 55.65 96.4 6.4
    endloop
  endfacet
  facet normal 0.997859 -0.0653948 0
    outer loop
      vertex 55.65 96.4 2.4
      vertex 55.6222 95.9758 6.4
      vertex 55.6222 95.9758 2.4
    endloop
  endfacet
  facet normal 0.659406 0.751787 -0
    outer loop
      vertex 53.2485 97.2485 6.4
      vertex 53.1305 97.352 8.4
      vertex 53.2485 97.2485 8.4
    endloop
  endfacet
  facet normal 0.659406 0.751787 0
    outer loop
      vertex 53.1305 97.352 8.4
      vertex 53.2485 97.2485 6.4
      vertex 53.1305 97.352 6.4
    endloop
  endfacet
  facet normal -0.321194 0.947013 0
    outer loop
      vertex 52.0894 97.5591 6.4
      vertex 51.9408 97.5087 8.4
      vertex 52.0894 97.5591 8.4
    endloop
  endfacet
  facet normal -0.321194 0.947013 0
    outer loop
      vertex 51.9408 97.5087 8.4
      vertex 52.0894 97.5591 6.4
      vertex 51.9408 97.5087 6.4
    endloop
  endfacet
  facet normal -0.896708 0.442622 0
    outer loop
      vertex 51.2913 96.8592 6.4
      vertex 51.3608 97 8.4
      vertex 51.3608 97 6.4
    endloop
  endfacet
  facet normal -0.896708 0.442622 0
    outer loop
      vertex 51.3608 97 8.4
      vertex 51.2913 96.8592 6.4
      vertex 51.2913 96.8592 8.4
    endloop
  endfacet
  facet normal -0.947013 -0.321194 0
    outer loop
      vertex 51.2913 95.9408 6.4
      vertex 51.2409 96.0894 8.4
      vertex 51.2409 96.0894 6.4
    endloop
  endfacet
  facet normal -0.947013 -0.321194 0
    outer loop
      vertex 51.2409 96.0894 8.4
      vertex 51.2913 95.9408 6.4
      vertex 51.2913 95.9408 8.4
    endloop
  endfacet
  facet normal 0.896708 0.442622 0
    outer loop
      vertex 53.5087 96.8592 8.4
      vertex 53.4392 97 6.4
      vertex 53.4392 97 8.4
    endloop
  endfacet
  facet normal 0.896708 0.442622 0
    outer loop
      vertex 53.4392 97 6.4
      vertex 53.5087 96.8592 8.4
      vertex 53.5087 96.8592 6.4
    endloop
  endfacet
  facet normal 0.831462 0.555582 0
    outer loop
      vertex 53.4392 97 8.4
      vertex 53.352 97.1305 6.4
      vertex 53.352 97.1305 8.4
    endloop
  endfacet
  facet normal 0.831462 0.555582 0
    outer loop
      vertex 53.352 97.1305 6.4
      vertex 53.4392 97 8.4
      vertex 53.4392 97 6.4
    endloop
  endfacet
  facet normal 0.751787 0.659406 0
    outer loop
      vertex 53.352 97.1305 8.4
      vertex 53.2485 97.2485 6.4
      vertex 53.2485 97.2485 8.4
    endloop
  endfacet
  facet normal 0.751787 0.659406 0
    outer loop
      vertex 53.2485 97.2485 6.4
      vertex 53.352 97.1305 8.4
      vertex 53.352 97.1305 6.4
    endloop
  endfacet
  facet normal 0.442622 0.896708 -0
    outer loop
      vertex 53 97.4392 6.4
      vertex 52.8592 97.5087 8.4
      vertex 53 97.4392 8.4
    endloop
  endfacet
  facet normal 0.442622 0.896708 0
    outer loop
      vertex 52.8592 97.5087 8.4
      vertex 53 97.4392 6.4
      vertex 52.8592 97.5087 6.4
    endloop
  endfacet
  facet normal 0.0656309 0.997844 -0
    outer loop
      vertex 52.5566 97.5897 6.4
      vertex 52.4 97.6 8.4
      vertex 52.5566 97.5897 8.4
    endloop
  endfacet
  facet normal 0.0656309 0.997844 0
    outer loop
      vertex 52.4 97.6 8.4
      vertex 52.5566 97.5897 6.4
      vertex 52.4 97.6 6.4
    endloop
  endfacet
  facet normal -0.997844 0.0656309 0
    outer loop
      vertex 51.2 96.4 6.4
      vertex 51.2103 96.5566 8.4
      vertex 51.2103 96.5566 6.4
    endloop
  endfacet
  facet normal -0.997844 0.0656309 0
    outer loop
      vertex 51.2103 96.5566 8.4
      vertex 51.2 96.4 6.4
      vertex 51.2 96.4 8.4
    endloop
  endfacet
  facet normal -0.751787 0.659406 0
    outer loop
      vertex 51.448 97.1305 6.4
      vertex 51.5515 97.2485 8.4
      vertex 51.5515 97.2485 6.4
    endloop
  endfacet
  facet normal -0.751787 0.659406 0
    outer loop
      vertex 51.5515 97.2485 8.4
      vertex 51.448 97.1305 6.4
      vertex 51.448 97.1305 8.4
    endloop
  endfacet
  facet normal -0.442622 0.896708 0
    outer loop
      vertex 51.9408 97.5087 6.4
      vertex 51.8 97.4392 8.4
      vertex 51.9408 97.5087 8.4
    endloop
  endfacet
  facet normal -0.442622 0.896708 0
    outer loop
      vertex 51.8 97.4392 8.4
      vertex 51.9408 97.5087 6.4
      vertex 51.8 97.4392 6.4
    endloop
  endfacet
  facet normal -0.0656309 0.997844 0
    outer loop
      vertex 52.4 97.6 6.4
      vertex 52.2434 97.5897 8.4
      vertex 52.4 97.6 8.4
    endloop
  endfacet
  facet normal -0.0656309 0.997844 0
    outer loop
      vertex 52.2434 97.5897 8.4
      vertex 52.4 97.6 6.4
      vertex 52.2434 97.5897 6.4
    endloop
  endfacet
  facet normal 0.997844 -0.0656309 0
    outer loop
      vertex 53.5897 96.2434 8.4
      vertex 53.6 96.4 6.4
      vertex 53.6 96.4 8.4
    endloop
  endfacet
  facet normal 0.997844 -0.0656309 0
    outer loop
      vertex 53.6 96.4 6.4
      vertex 53.5897 96.2434 8.4
      vertex 53.5897 96.2434 6.4
    endloop
  endfacet
  facet normal 0.0656309 -0.997844 0
    outer loop
      vertex 52.4 95.2 6.4
      vertex 52.5566 95.2103 8.4
      vertex 52.4 95.2 8.4
    endloop
  endfacet
  facet normal 0.0656309 -0.997844 0
    outer loop
      vertex 52.5566 95.2103 8.4
      vertex 52.4 95.2 6.4
      vertex 52.5566 95.2103 6.4
    endloop
  endfacet
  facet normal 0.321194 -0.947013 0
    outer loop
      vertex 52.7106 95.2409 6.4
      vertex 52.8592 95.2913 8.4
      vertex 52.7106 95.2409 8.4
    endloop
  endfacet
  facet normal 0.321194 -0.947013 0
    outer loop
      vertex 52.8592 95.2913 8.4
      vertex 52.7106 95.2409 6.4
      vertex 52.8592 95.2913 6.4
    endloop
  endfacet
  facet normal 0.442622 -0.896708 0
    outer loop
      vertex 52.8592 95.2913 6.4
      vertex 53 95.3608 8.4
      vertex 52.8592 95.2913 8.4
    endloop
  endfacet
  facet normal 0.442622 -0.896708 0
    outer loop
      vertex 53 95.3608 8.4
      vertex 52.8592 95.2913 6.4
      vertex 53 95.3608 6.4
    endloop
  endfacet
  facet normal 0.751787 -0.659406 0
    outer loop
      vertex 53.2485 95.5515 8.4
      vertex 53.352 95.6695 6.4
      vertex 53.352 95.6695 8.4
    endloop
  endfacet
  facet normal 0.751787 -0.659406 0
    outer loop
      vertex 53.352 95.6695 6.4
      vertex 53.2485 95.5515 8.4
      vertex 53.2485 95.5515 6.4
    endloop
  endfacet
  facet normal -0.0656309 -0.997844 0
    outer loop
      vertex 52.2434 95.2103 6.4
      vertex 52.4 95.2 8.4
      vertex 52.2434 95.2103 8.4
    endloop
  endfacet
  facet normal -0.0656309 -0.997844 -0
    outer loop
      vertex 52.4 95.2 8.4
      vertex 52.2434 95.2103 6.4
      vertex 52.4 95.2 6.4
    endloop
  endfacet
  facet normal -0.659406 -0.751787 0
    outer loop
      vertex 51.5515 95.5515 6.4
      vertex 51.6695 95.448 8.4
      vertex 51.5515 95.5515 8.4
    endloop
  endfacet
  facet normal -0.659406 -0.751787 -0
    outer loop
      vertex 51.6695 95.448 8.4
      vertex 51.5515 95.5515 6.4
      vertex 51.6695 95.448 6.4
    endloop
  endfacet
  facet normal -0.896708 -0.442622 0
    outer loop
      vertex 51.3608 95.8 6.4
      vertex 51.2913 95.9408 8.4
      vertex 51.2913 95.9408 6.4
    endloop
  endfacet
  facet normal -0.896708 -0.442622 0
    outer loop
      vertex 51.2913 95.9408 8.4
      vertex 51.3608 95.8 6.4
      vertex 51.3608 95.8 8.4
    endloop
  endfacet
  facet normal -0.997844 -0.0656309 0
    outer loop
      vertex 51.2103 96.2434 6.4
      vertex 51.2 96.4 8.4
      vertex 51.2 96.4 6.4
    endloop
  endfacet
  facet normal -0.997844 -0.0656309 0
    outer loop
      vertex 51.2 96.4 8.4
      vertex 51.2103 96.2434 6.4
      vertex 51.2103 96.2434 8.4
    endloop
  endfacet
  facet normal 0.980825 0.194891 0
    outer loop
      vertex 53.5897 96.5566 8.4
      vertex 53.5591 96.7106 6.4
      vertex 53.5591 96.7106 8.4
    endloop
  endfacet
  facet normal 0.980825 0.194891 0
    outer loop
      vertex 53.5591 96.7106 6.4
      vertex 53.5897 96.5566 8.4
      vertex 53.5897 96.5566 6.4
    endloop
  endfacet
  facet normal 0.947013 0.321194 0
    outer loop
      vertex 53.5591 96.7106 8.4
      vertex 53.5087 96.8592 6.4
      vertex 53.5087 96.8592 8.4
    endloop
  endfacet
  facet normal 0.947013 0.321194 0
    outer loop
      vertex 53.5087 96.8592 6.4
      vertex 53.5591 96.7106 8.4
      vertex 53.5591 96.7106 6.4
    endloop
  endfacet
  facet normal 0.555582 0.831462 -0
    outer loop
      vertex 53.1305 97.352 6.4
      vertex 53 97.4392 8.4
      vertex 53.1305 97.352 8.4
    endloop
  endfacet
  facet normal 0.555582 0.831462 0
    outer loop
      vertex 53 97.4392 8.4
      vertex 53.1305 97.352 6.4
      vertex 53 97.4392 6.4
    endloop
  endfacet
  facet normal 0.321194 0.947013 -0
    outer loop
      vertex 52.8592 97.5087 6.4
      vertex 52.7106 97.5591 8.4
      vertex 52.8592 97.5087 8.4
    endloop
  endfacet
  facet normal 0.321194 0.947013 0
    outer loop
      vertex 52.7106 97.5591 8.4
      vertex 52.8592 97.5087 6.4
      vertex 52.7106 97.5591 6.4
    endloop
  endfacet
  facet normal 0.194891 0.980825 -0
    outer loop
      vertex 52.7106 97.5591 6.4
      vertex 52.5566 97.5897 8.4
      vertex 52.7106 97.5591 8.4
    endloop
  endfacet
  facet normal 0.194891 0.980825 0
    outer loop
      vertex 52.5566 97.5897 8.4
      vertex 52.7106 97.5591 6.4
      vertex 52.5566 97.5897 6.4
    endloop
  endfacet
  facet normal 0 0 1
    outer loop
      vertex 53.5897 96.5566 8.4
      vertex 53.5897 96.2434 8.4
      vertex 53.6 96.4 8.4
    endloop
  endfacet
  facet normal 0 0 1
    outer loop
      vertex 53.5591 96.7106 8.4
      vertex 53.5897 96.2434 8.4
      vertex 53.5897 96.5566 8.4
    endloop
  endfacet
  facet normal 0 0 1
    outer loop
      vertex 53.5591 96.7106 8.4
      vertex 53.5591 96.0894 8.4
      vertex 53.5897 96.2434 8.4
    endloop
  endfacet
  facet normal 0 0 1
    outer loop
      vertex 53.5087 96.8592 8.4
      vertex 53.5591 96.0894 8.4
      vertex 53.5591 96.7106 8.4
    endloop
  endfacet
  facet normal 0 0 1
    outer loop
      vertex 53.5087 96.8592 8.4
      vertex 53.5087 95.9408 8.4
      vertex 53.5591 96.0894 8.4
    endloop
  endfacet
  facet normal 0 0 1
    outer loop
      vertex 53.4392 97 8.4
      vertex 53.5087 95.9408 8.4
      vertex 53.5087 96.8592 8.4
    endloop
  endfacet
  facet normal 0 0 1
    outer loop
      vertex 53.4392 97 8.4
      vertex 53.4392 95.8 8.4
      vertex 53.5087 95.9408 8.4
    endloop
  endfacet
  facet normal 0 0 1
    outer loop
      vertex 53.352 97.1305 8.4
      vertex 53.4392 95.8 8.4
      vertex 53.4392 97 8.4
    endloop
  endfacet
  facet normal 0 0 1
    outer loop
      vertex 53.352 97.1305 8.4
      vertex 53.352 95.6695 8.4
      vertex 53.4392 95.8 8.4
    endloop
  endfacet
  facet normal 0 0 1
    outer loop
      vertex 53.2485 97.2485 8.4
      vertex 53.352 95.6695 8.4
      vertex 53.352 97.1305 8.4
    endloop
  endfacet
  facet normal 0 0 1
    outer loop
      vertex 53.2485 97.2485 8.4
      vertex 53.2485 95.5515 8.4
      vertex 53.352 95.6695 8.4
    endloop
  endfacet
  facet normal 0 0 1
    outer loop
      vertex 53.1305 97.352 8.4
      vertex 53.2485 95.5515 8.4
      vertex 53.2485 97.2485 8.4
    endloop
  endfacet
  facet normal 0 0 1
    outer loop
      vertex 53.1305 97.352 8.4
      vertex 53.1305 95.448 8.4
      vertex 53.2485 95.5515 8.4
    endloop
  endfacet
  facet normal 0 0 1
    outer loop
      vertex 53 97.4392 8.4
      vertex 53.1305 95.448 8.4
      vertex 53.1305 97.352 8.4
    endloop
  endfacet
  facet normal 0 0 1
    outer loop
      vertex 53 97.4392 8.4
      vertex 53 95.3608 8.4
      vertex 53.1305 95.448 8.4
    endloop
  endfacet
  facet normal 0 0 1
    outer loop
      vertex 52.8592 97.5087 8.4
      vertex 53 95.3608 8.4
      vertex 53 97.4392 8.4
    endloop
  endfacet
  facet normal 0 0 1
    outer loop
      vertex 52.8592 97.5087 8.4
      vertex 52.8592 95.2913 8.4
      vertex 53 95.3608 8.4
    endloop
  endfacet
  facet normal 0 0 1
    outer loop
      vertex 52.7106 97.5591 8.4
      vertex 52.8592 95.2913 8.4
      vertex 52.8592 97.5087 8.4
    endloop
  endfacet
  facet normal 0 0 1
    outer loop
      vertex 52.7106 97.5591 8.4
      vertex 52.7106 95.2409 8.4
      vertex 52.8592 95.2913 8.4
    endloop
  endfacet
  facet normal 0 0 1
    outer loop
      vertex 52.5566 97.5897 8.4
      vertex 52.7106 95.2409 8.4
      vertex 52.7106 97.5591 8.4
    endloop
  endfacet
  facet normal 0 0 1
    outer loop
      vertex 52.5566 97.5897 8.4
      vertex 52.5566 95.2103 8.4
      vertex 52.7106 95.2409 8.4
    endloop
  endfacet
  facet normal 0 0 1
    outer loop
      vertex 52.4 97.6 8.4
      vertex 52.5566 95.2103 8.4
      vertex 52.5566 97.5897 8.4
    endloop
  endfacet
  facet normal 0 0 1
    outer loop
      vertex 52.4 97.6 8.4
      vertex 52.4 95.2 8.4
      vertex 52.5566 95.2103 8.4
    endloop
  endfacet
  facet normal -0 0 1
    outer loop
      vertex 52.2434 97.5897 8.4
      vertex 52.4 95.2 8.4
      vertex 52.4 97.6 8.4
    endloop
  endfacet
  facet normal 0 0 1
    outer loop
      vertex 52.2434 97.5897 8.4
      vertex 52.2434 95.2103 8.4
      vertex 52.4 95.2 8.4
    endloop
  endfacet
  facet normal -0 0 1
    outer loop
      vertex 52.0894 97.5591 8.4
      vertex 52.2434 95.2103 8.4
      vertex 52.2434 97.5897 8.4
    endloop
  endfacet
  facet normal 0 0 1
    outer loop
      vertex 52.0894 97.5591 8.4
      vertex 52.0894 95.2409 8.4
      vertex 52.2434 95.2103 8.4
    endloop
  endfacet
  facet normal -0 0 1
    outer loop
      vertex 51.9408 97.5087 8.4
      vertex 52.0894 95.2409 8.4
      vertex 52.0894 97.5591 8.4
    endloop
  endfacet
  facet normal 0 0 1
    outer loop
      vertex 51.9408 97.5087 8.4
      vertex 51.9408 95.2913 8.4
      vertex 52.0894 95.2409 8.4
    endloop
  endfacet
  facet normal -0 0 1
    outer loop
      vertex 51.8 97.4392 8.4
      vertex 51.9408 95.2913 8.4
      vertex 51.9408 97.5087 8.4
    endloop
  endfacet
  facet normal 0 0 1
    outer loop
      vertex 51.8 97.4392 8.4
      vertex 51.8 95.3608 8.4
      vertex 51.9408 95.2913 8.4
    endloop
  endfacet
  facet normal -0 0 1
    outer loop
      vertex 51.6695 97.352 8.4
      vertex 51.8 95.3608 8.4
      vertex 51.8 97.4392 8.4
    endloop
  endfacet
  facet normal 0 0 1
    outer loop
      vertex 51.6695 97.352 8.4
      vertex 51.6695 95.448 8.4
      vertex 51.8 95.3608 8.4
    endloop
  endfacet
  facet normal -0 0 1
    outer loop
      vertex 51.5515 97.2485 8.4
      vertex 51.6695 95.448 8.4
      vertex 51.6695 97.352 8.4
    endloop
  endfacet
  facet normal 0 0 1
    outer loop
      vertex 51.5515 97.2485 8.4
      vertex 51.5515 95.5515 8.4
      vertex 51.6695 95.448 8.4
    endloop
  endfacet
  facet normal -0 0 1
    outer loop
      vertex 51.448 97.1305 8.4
      vertex 51.5515 95.5515 8.4
      vertex 51.5515 97.2485 8.4
    endloop
  endfacet
  facet normal 0 0 1
    outer loop
      vertex 51.448 97.1305 8.4
      vertex 51.448 95.6695 8.4
      vertex 51.5515 95.5515 8.4
    endloop
  endfacet
  facet normal -0 0 1
    outer loop
      vertex 51.3608 97 8.4
      vertex 51.448 95.6695 8.4
      vertex 51.448 97.1305 8.4
    endloop
  endfacet
  facet normal 0 0 1
    outer loop
      vertex 51.3608 97 8.4
      vertex 51.3608 95.8 8.4
      vertex 51.448 95.6695 8.4
    endloop
  endfacet
  facet normal -0 0 1
    outer loop
      vertex 51.2913 96.8592 8.4
      vertex 51.3608 95.8 8.4
      vertex 51.3608 97 8.4
    endloop
  endfacet
  facet normal 0 0 1
    outer loop
      vertex 51.2913 96.8592 8.4
      vertex 51.2913 95.9408 8.4
      vertex 51.3608 95.8 8.4
    endloop
  endfacet
  facet normal -0 0 1
    outer loop
      vertex 51.2409 96.7106 8.4
      vertex 51.2913 95.9408 8.4
      vertex 51.2913 96.8592 8.4
    endloop
  endfacet
  facet normal 0 0 1
    outer loop
      vertex 51.2409 96.7106 8.4
      vertex 51.2409 96.0894 8.4
      vertex 51.2913 95.9408 8.4
    endloop
  endfacet
  facet normal -0 0 1
    outer loop
      vertex 51.2103 96.5566 8.4
      vertex 51.2409 96.0894 8.4
      vertex 51.2409 96.7106 8.4
    endloop
  endfacet
  facet normal 0 0 1
    outer loop
      vertex 51.2103 96.5566 8.4
      vertex 51.2103 96.2434 8.4
      vertex 51.2409 96.0894 8.4
    endloop
  endfacet
  facet normal 0 -0 1
    outer loop
      vertex 51.2103 96.2434 8.4
      vertex 51.2103 96.5566 8.4
      vertex 51.2 96.4 8.4
    endloop
  endfacet
  facet normal -0.947013 0.321194 0
    outer loop
      vertex 51.2409 96.7106 6.4
      vertex 51.2913 96.8592 8.4
      vertex 51.2913 96.8592 6.4
    endloop
  endfacet
  facet normal -0.947013 0.321194 0
    outer loop
      vertex 51.2913 96.8592 8.4
      vertex 51.2409 96.7106 6.4
      vertex 51.2409 96.7106 8.4
    endloop
  endfacet
  facet normal -0.980825 0.194891 0
    outer loop
      vertex 51.2103 96.5566 6.4
      vertex 51.2409 96.7106 8.4
      vertex 51.2409 96.7106 6.4
    endloop
  endfacet
  facet normal -0.980825 0.194891 0
    outer loop
      vertex 51.2409 96.7106 8.4
      vertex 51.2103 96.5566 6.4
      vertex 51.2103 96.5566 8.4
    endloop
  endfacet
  facet normal -0.831462 0.555582 0
    outer loop
      vertex 51.3608 97 6.4
      vertex 51.448 97.1305 8.4
      vertex 51.448 97.1305 6.4
    endloop
  endfacet
  facet normal -0.831462 0.555582 0
    outer loop
      vertex 51.448 97.1305 8.4
      vertex 51.3608 97 6.4
      vertex 51.3608 97 8.4
    endloop
  endfacet
  facet normal -0.194891 0.980825 0
    outer loop
      vertex 52.2434 97.5897 6.4
      vertex 52.0894 97.5591 8.4
      vertex 52.2434 97.5897 8.4
    endloop
  endfacet
  facet normal -0.194891 0.980825 0
    outer loop
      vertex 52.0894 97.5591 8.4
      vertex 52.2434 97.5897 6.4
      vertex 52.0894 97.5591 6.4
    endloop
  endfacet
  facet normal -0.555582 0.831462 0
    outer loop
      vertex 51.8 97.4392 6.4
      vertex 51.6695 97.352 8.4
      vertex 51.8 97.4392 8.4
    endloop
  endfacet
  facet normal -0.555582 0.831462 0
    outer loop
      vertex 51.6695 97.352 8.4
      vertex 51.8 97.4392 6.4
      vertex 51.6695 97.352 6.4
    endloop
  endfacet
  facet normal -0.659406 0.751787 0
    outer loop
      vertex 51.6695 97.352 6.4
      vertex 51.5515 97.2485 8.4
      vertex 51.6695 97.352 8.4
    endloop
  endfacet
  facet normal -0.659406 0.751787 0
    outer loop
      vertex 51.5515 97.2485 8.4
      vertex 51.6695 97.352 6.4
      vertex 51.5515 97.2485 6.4
    endloop
  endfacet
  facet normal 0.997844 0.0656309 0
    outer loop
      vertex 53.6 96.4 8.4
      vertex 53.5897 96.5566 6.4
      vertex 53.5897 96.5566 8.4
    endloop
  endfacet
  facet normal 0.997844 0.0656309 0
    outer loop
      vertex 53.5897 96.5566 6.4
      vertex 53.6 96.4 8.4
      vertex 53.6 96.4 6.4
    endloop
  endfacet
  facet normal 0.194891 -0.980825 0
    outer loop
      vertex 52.5566 95.2103 6.4
      vertex 52.7106 95.2409 8.4
      vertex 52.5566 95.2103 8.4
    endloop
  endfacet
  facet normal 0.194891 -0.980825 0
    outer loop
      vertex 52.7106 95.2409 8.4
      vertex 52.5566 95.2103 6.4
      vertex 52.7106 95.2409 6.4
    endloop
  endfacet
  facet normal 0.555582 -0.831462 0
    outer loop
      vertex 53 95.3608 6.4
      vertex 53.1305 95.448 8.4
      vertex 53 95.3608 8.4
    endloop
  endfacet
  facet normal 0.555582 -0.831462 0
    outer loop
      vertex 53.1305 95.448 8.4
      vertex 53 95.3608 6.4
      vertex 53.1305 95.448 6.4
    endloop
  endfacet
  facet normal 0.896708 -0.442622 0
    outer loop
      vertex 53.4392 95.8 8.4
      vertex 53.5087 95.9408 6.4
      vertex 53.5087 95.9408 8.4
    endloop
  endfacet
  facet normal 0.896708 -0.442622 0
    outer loop
      vertex 53.5087 95.9408 6.4
      vertex 53.4392 95.8 8.4
      vertex 53.4392 95.8 6.4
    endloop
  endfacet
  facet normal -0.321194 -0.947013 0
    outer loop
      vertex 51.9408 95.2913 6.4
      vertex 52.0894 95.2409 8.4
      vertex 51.9408 95.2913 8.4
    endloop
  endfacet
  facet normal -0.321194 -0.947013 -0
    outer loop
      vertex 52.0894 95.2409 8.4
      vertex 51.9408 95.2913 6.4
      vertex 52.0894 95.2409 6.4
    endloop
  endfacet
  facet normal -0.442622 -0.896708 0
    outer loop
      vertex 51.8 95.3608 6.4
      vertex 51.9408 95.2913 8.4
      vertex 51.8 95.3608 8.4
    endloop
  endfacet
  facet normal -0.442622 -0.896708 -0
    outer loop
      vertex 51.9408 95.2913 8.4
      vertex 51.8 95.3608 6.4
      vertex 51.9408 95.2913 6.4
    endloop
  endfacet
  facet normal -0.980825 -0.194891 0
    outer loop
      vertex 51.2409 96.0894 6.4
      vertex 51.2103 96.2434 8.4
      vertex 51.2103 96.2434 6.4
    endloop
  endfacet
  facet normal -0.980825 -0.194891 0
    outer loop
      vertex 51.2103 96.2434 8.4
      vertex 51.2409 96.0894 6.4
      vertex 51.2409 96.0894 8.4
    endloop
  endfacet
  facet normal -0.831462 -0.555582 0
    outer loop
      vertex 51.448 95.6695 6.4
      vertex 51.3608 95.8 8.4
      vertex 51.3608 95.8 6.4
    endloop
  endfacet
  facet normal -0.831462 -0.555582 0
    outer loop
      vertex 51.3608 95.8 8.4
      vertex 51.448 95.6695 6.4
      vertex 51.448 95.6695 8.4
    endloop
  endfacet
  facet normal -0.751787 -0.659406 0
    outer loop
      vertex 51.5515 95.5515 6.4
      vertex 51.448 95.6695 8.4
      vertex 51.448 95.6695 6.4
    endloop
  endfacet
  facet normal -0.751787 -0.659406 0
    outer loop
      vertex 51.448 95.6695 8.4
      vertex 51.5515 95.5515 6.4
      vertex 51.5515 95.5515 8.4
    endloop
  endfacet
  facet normal 0.980825 -0.194891 0
    outer loop
      vertex 53.5591 96.0894 8.4
      vertex 53.5897 96.2434 6.4
      vertex 53.5897 96.2434 8.4
    endloop
  endfacet
  facet normal 0.980825 -0.194891 0
    outer loop
      vertex 53.5897 96.2434 6.4
      vertex 53.5591 96.0894 8.4
      vertex 53.5591 96.0894 6.4
    endloop
  endfacet
  facet normal 0.947013 -0.321194 0
    outer loop
      vertex 53.5087 95.9408 8.4
      vertex 53.5591 96.0894 6.4
      vertex 53.5591 96.0894 8.4
    endloop
  endfacet
  facet normal 0.947013 -0.321194 0
    outer loop
      vertex 53.5591 96.0894 6.4
      vertex 53.5087 95.9408 8.4
      vertex 53.5087 95.9408 6.4
    endloop
  endfacet
  facet normal 0.659406 -0.751787 0
    outer loop
      vertex 53.1305 95.448 6.4
      vertex 53.2485 95.5515 8.4
      vertex 53.1305 95.448 8.4
    endloop
  endfacet
  facet normal 0.659406 -0.751787 0
    outer loop
      vertex 53.2485 95.5515 8.4
      vertex 53.1305 95.448 6.4
      vertex 53.2485 95.5515 6.4
    endloop
  endfacet
  facet normal 0.831462 -0.555582 0
    outer loop
      vertex 53.352 95.6695 8.4
      vertex 53.4392 95.8 6.4
      vertex 53.4392 95.8 8.4
    endloop
  endfacet
  facet normal 0.831462 -0.555582 0
    outer loop
      vertex 53.4392 95.8 6.4
      vertex 53.352 95.6695 8.4
      vertex 53.352 95.6695 6.4
    endloop
  endfacet
  facet normal -0.194891 -0.980825 0
    outer loop
      vertex 52.0894 95.2409 6.4
      vertex 52.2434 95.2103 8.4
      vertex 52.0894 95.2409 8.4
    endloop
  endfacet
  facet normal -0.194891 -0.980825 -0
    outer loop
      vertex 52.2434 95.2103 8.4
      vertex 52.0894 95.2409 6.4
      vertex 52.2434 95.2103 6.4
    endloop
  endfacet
  facet normal -0.555582 -0.831462 0
    outer loop
      vertex 51.6695 95.448 6.4
      vertex 51.8 95.3608 8.4
      vertex 51.6695 95.448 8.4
    endloop
  endfacet
  facet normal -0.555582 -0.831462 -0
    outer loop
      vertex 51.8 95.3608 8.4
      vertex 51.6695 95.448 6.4
      vertex 51.8 95.3608 6.4
    endloop
  endfacet
  facet normal -0.997861 -0.0653771 0
    outer loop
      vertex 33.4 112.8 0
      vertex 33.3658 113.322 2.4
      vertex 33.3658 113.322 0
    endloop
  endfacet
  facet normal -0.997861 -0.0653771 0
    outer loop
      vertex 33.3658 113.322 2.4
      vertex 33.4 112.8 0
      vertex 33.4 112.8 2.4
    endloop
  endfacet
  facet normal 0.997861 -0.0653771 0
    outer loop
      vertex 25.4 112.8 2.4
      vertex 25.4342 113.322 0
      vertex 25.4342 113.322 2.4
    endloop
  endfacet
  facet normal 0.997861 -0.0653771 0
    outer loop
      vertex 25.4342 113.322 0
      vertex 25.4 112.8 2.4
      vertex 25.4 112.8 0
    endloop
  endfacet
  facet normal 0.75151 0.659722 0
    outer loop
      vertex 26.5716 109.972 2.4
      vertex 26.2266 110.365 0
      vertex 26.2266 110.365 2.4
    endloop
  endfacet
  facet normal 0.75151 0.659722 0
    outer loop
      vertex 26.2266 110.365 0
      vertex 26.5716 109.972 2.4
      vertex 26.5716 109.972 0
    endloop
  endfacet
  facet normal -0.659343 -0.751842 0
    outer loop
      vertex 31.835 115.973 0
      vertex 32.2284 115.628 2.4
      vertex 31.835 115.973 2.4
    endloop
  endfacet
  facet normal -0.659343 -0.751842 -0
    outer loop
      vertex 32.2284 115.628 2.4
      vertex 31.835 115.973 0
      vertex 32.2284 115.628 0
    endloop
  endfacet
  facet normal 0.659343 -0.751842 0
    outer loop
      vertex 26.5716 115.628 0
      vertex 26.965 115.973 2.4
      vertex 26.5716 115.628 2.4
    endloop
  endfacet
  facet normal 0.659343 -0.751842 0
    outer loop
      vertex 26.965 115.973 2.4
      vertex 26.5716 115.628 0
      vertex 26.965 115.973 0
    endloop
  endfacet
  facet normal 0.947028 0.32115 0
    outer loop
      vertex 25.7045 111.269 2.4
      vertex 25.5363 111.765 0
      vertex 25.5363 111.765 2.4
    endloop
  endfacet
  facet normal 0.947028 0.32115 0
    outer loop
      vertex 25.5363 111.765 0
      vertex 25.7045 111.269 2.4
      vertex 25.7045 111.269 0
    endloop
  endfacet
  facet normal -0.896786 -0.442465 0
    outer loop
      vertex 33.0955 114.331 0
      vertex 32.8641 114.8 2.4
      vertex 32.8641 114.8 0
    endloop
  endfacet
  facet normal -0.896786 -0.442465 0
    outer loop
      vertex 32.8641 114.8 2.4
      vertex 33.0955 114.331 0
      vertex 33.0955 114.331 2.4
    endloop
  endfacet
  facet normal -0.831432 -0.555626 0
    outer loop
      vertex 32.8641 114.8 0
      vertex 32.5734 115.235 2.4
      vertex 32.5734 115.235 0
    endloop
  endfacet
  facet normal -0.831432 -0.555626 0
    outer loop
      vertex 32.5734 115.235 2.4
      vertex 32.8641 114.8 0
      vertex 32.8641 114.8 2.4
    endloop
  endfacet
  facet normal -0.555845 -0.831286 0
    outer loop
      vertex 31.5 116.197 0
      vertex 31.835 115.973 2.4
      vertex 31.5 116.197 2.4
    endloop
  endfacet
  facet normal -0.555845 -0.831286 -0
    outer loop
      vertex 31.835 115.973 2.4
      vertex 31.5 116.197 0
      vertex 31.835 115.973 0
    endloop
  endfacet
  facet normal 0.896786 -0.442465 0
    outer loop
      vertex 25.7045 114.331 2.4
      vertex 25.9359 114.8 0
      vertex 25.9359 114.8 2.4
    endloop
  endfacet
  facet normal 0.896786 -0.442465 0
    outer loop
      vertex 25.9359 114.8 0
      vertex 25.7045 114.331 2.4
      vertex 25.7045 114.331 0
    endloop
  endfacet
  facet normal 0.75151 -0.659722 0
    outer loop
      vertex 26.2266 115.235 2.4
      vertex 26.5716 115.628 0
      vertex 26.5716 115.628 2.4
    endloop
  endfacet
  facet normal 0.75151 -0.659722 0
    outer loop
      vertex 26.5716 115.628 0
      vertex 26.2266 115.235 2.4
      vertex 26.2266 115.235 0
    endloop
  endfacet
  facet normal -0.947028 0.32115 0
    outer loop
      vertex 33.0955 111.269 0
      vertex 33.2637 111.765 2.4
      vertex 33.2637 111.765 0
    endloop
  endfacet
  facet normal -0.947028 0.32115 0
    outer loop
      vertex 33.2637 111.765 2.4
      vertex 33.0955 111.269 0
      vertex 33.0955 111.269 2.4
    endloop
  endfacet
  facet normal -0.556022 0.831167 0
    outer loop
      vertex 31.835 109.627 0
      vertex 31.4 109.336 2.4
      vertex 31.835 109.627 2.4
    endloop
  endfacet
  facet normal -0.556022 0.831167 0
    outer loop
      vertex 31.4 109.336 2.4
      vertex 31.835 109.627 0
      vertex 31.4 109.336 0
    endloop
  endfacet
  facet normal 0.659343 0.751842 -0
    outer loop
      vertex 26.965 109.627 0
      vertex 26.5716 109.972 2.4
      vertex 26.965 109.627 2.4
    endloop
  endfacet
  facet normal 0.659343 0.751842 0
    outer loop
      vertex 26.5716 109.972 2.4
      vertex 26.965 109.627 0
      vertex 26.5716 109.972 0
    endloop
  endfacet
  facet normal 0.997861 0.0653771 0
    outer loop
      vertex 25.4342 112.278 2.4
      vertex 25.4 112.8 0
      vertex 25.4 112.8 2.4
    endloop
  endfacet
  facet normal 0.997861 0.0653771 0
    outer loop
      vertex 25.4 112.8 0
      vertex 25.4342 112.278 2.4
      vertex 25.4342 112.278 0
    endloop
  endfacet
  facet normal -0.947028 -0.32115 0
    outer loop
      vertex 33.2637 113.835 0
      vertex 33.0955 114.331 2.4
      vertex 33.0955 114.331 0
    endloop
  endfacet
  facet normal -0.947028 -0.32115 0
    outer loop
      vertex 33.0955 114.331 2.4
      vertex 33.2637 113.835 0
      vertex 33.2637 113.835 2.4
    endloop
  endfacet
  facet normal -0.980764 -0.195197 0
    outer loop
      vertex 33.3658 113.322 0
      vertex 33.2637 113.835 2.4
      vertex 33.2637 113.835 0
    endloop
  endfacet
  facet normal -0.980764 -0.195197 0
    outer loop
      vertex 33.2637 113.835 2.4
      vertex 33.3658 113.322 0
      vertex 33.3658 113.322 2.4
    endloop
  endfacet
  facet normal -0.75151 -0.659722 0
    outer loop
      vertex 32.5734 115.235 0
      vertex 32.2284 115.628 2.4
      vertex 32.2284 115.628 0
    endloop
  endfacet
  facet normal -0.75151 -0.659722 0
    outer loop
      vertex 32.2284 115.628 2.4
      vertex 32.5734 115.235 0
      vertex 32.5734 115.235 2.4
    endloop
  endfacet
  facet normal 0.831432 -0.555626 0
    outer loop
      vertex 25.9359 114.8 2.4
      vertex 26.2266 115.235 0
      vertex 26.2266 115.235 2.4
    endloop
  endfacet
  facet normal 0.831432 -0.555626 0
    outer loop
      vertex 26.2266 115.235 0
      vertex 25.9359 114.8 2.4
      vertex 25.9359 114.8 0
    endloop
  endfacet
  facet normal 0.947028 -0.32115 0
    outer loop
      vertex 25.5363 113.835 2.4
      vertex 25.7045 114.331 0
      vertex 25.7045 114.331 2.4
    endloop
  endfacet
  facet normal 0.947028 -0.32115 0
    outer loop
      vertex 25.7045 114.331 0
      vertex 25.5363 113.835 2.4
      vertex 25.5363 113.835 0
    endloop
  endfacet
  facet normal 0.980764 -0.195197 0
    outer loop
      vertex 25.4342 113.322 2.4
      vertex 25.5363 113.835 0
      vertex 25.5363 113.835 2.4
    endloop
  endfacet
  facet normal 0.980764 -0.195197 0
    outer loop
      vertex 25.5363 113.835 0
      vertex 25.4342 113.322 2.4
      vertex 25.4342 113.322 0
    endloop
  endfacet
  facet normal 0.555845 -0.831286 0
    outer loop
      vertex 26.965 115.973 0
      vertex 27.3 116.197 2.4
      vertex 26.965 115.973 2.4
    endloop
  endfacet
  facet normal 0.555845 -0.831286 0
    outer loop
      vertex 27.3 116.197 2.4
      vertex 26.965 115.973 0
      vertex 27.3 116.197 0
    endloop
  endfacet
  facet normal -0.064984 0.997886 0
    outer loop
      vertex 29.9221 108.834 0
      vertex 29.4 108.8 2.4
      vertex 29.9221 108.834 2.4
    endloop
  endfacet
  facet normal -0.064984 0.997886 0
    outer loop
      vertex 29.4 108.8 2.4
      vertex 29.9221 108.834 0
      vertex 29.4 108.8 0
    endloop
  endfacet
  facet normal -0.321156 0.947026 0
    outer loop
      vertex 30.9307 109.104 0
      vertex 30.4353 108.936 2.4
      vertex 30.9307 109.104 2.4
    endloop
  endfacet
  facet normal -0.321156 0.947026 0
    outer loop
      vertex 30.4353 108.936 2.4
      vertex 30.9307 109.104 0
      vertex 30.4353 108.936 0
    endloop
  endfacet
  facet normal -0.659343 0.751842 0
    outer loop
      vertex 32.2284 109.972 0
      vertex 31.835 109.627 2.4
      vertex 32.2284 109.972 2.4
    endloop
  endfacet
  facet normal -0.659343 0.751842 0
    outer loop
      vertex 31.835 109.627 2.4
      vertex 32.2284 109.972 0
      vertex 31.835 109.627 0
    endloop
  endfacet
  facet normal -0.831432 0.555626 0
    outer loop
      vertex 32.5734 110.365 0
      vertex 32.8641 110.8 2.4
      vertex 32.8641 110.8 0
    endloop
  endfacet
  facet normal -0.831432 0.555626 0
    outer loop
      vertex 32.8641 110.8 2.4
      vertex 32.5734 110.365 0
      vertex 32.5734 110.365 2.4
    endloop
  endfacet
  facet normal 0.556022 0.831167 -0
    outer loop
      vertex 27.4 109.336 0
      vertex 26.965 109.627 2.4
      vertex 27.4 109.336 2.4
    endloop
  endfacet
  facet normal 0.556022 0.831167 0
    outer loop
      vertex 26.965 109.627 2.4
      vertex 27.4 109.336 0
      vertex 26.965 109.627 0
    endloop
  endfacet
  facet normal 0.321156 0.947026 -0
    outer loop
      vertex 28.3647 108.936 0
      vertex 27.8693 109.104 2.4
      vertex 28.3647 108.936 2.4
    endloop
  endfacet
  facet normal 0.321156 0.947026 0
    outer loop
      vertex 27.8693 109.104 2.4
      vertex 28.3647 108.936 0
      vertex 27.8693 109.104 0
    endloop
  endfacet
  facet normal 0.064984 0.997886 -0
    outer loop
      vertex 29.4 108.8 0
      vertex 28.8779 108.834 2.4
      vertex 29.4 108.8 2.4
    endloop
  endfacet
  facet normal 0.064984 0.997886 0
    outer loop
      vertex 28.8779 108.834 2.4
      vertex 29.4 108.8 0
      vertex 28.8779 108.834 0
    endloop
  endfacet
  facet normal 0.896786 0.442465 0
    outer loop
      vertex 25.9359 110.8 2.4
      vertex 25.7045 111.269 0
      vertex 25.7045 111.269 2.4
    endloop
  endfacet
  facet normal 0.896786 0.442465 0
    outer loop
      vertex 25.7045 111.269 0
      vertex 25.9359 110.8 2.4
      vertex 25.9359 110.8 0
    endloop
  endfacet
  facet normal 0.980764 0.195197 0
    outer loop
      vertex 25.5363 111.765 2.4
      vertex 25.4342 112.278 0
      vertex 25.4342 112.278 2.4
    endloop
  endfacet
  facet normal 0.980764 0.195197 0
    outer loop
      vertex 25.4342 112.278 0
      vertex 25.5363 111.765 2.4
      vertex 25.5363 111.765 0
    endloop
  endfacet
  facet normal -0.19494 0.980815 0
    outer loop
      vertex 30.4353 108.936 0
      vertex 29.9221 108.834 2.4
      vertex 30.4353 108.936 2.4
    endloop
  endfacet
  facet normal -0.19494 0.980815 0
    outer loop
      vertex 29.9221 108.834 2.4
      vertex 30.4353 108.936 0
      vertex 29.9221 108.834 0
    endloop
  endfacet
  facet normal -0.443159 0.896443 0
    outer loop
      vertex 31.4 109.336 0
      vertex 30.9307 109.104 2.4
      vertex 31.4 109.336 2.4
    endloop
  endfacet
  facet normal -0.443159 0.896443 0
    outer loop
      vertex 30.9307 109.104 2.4
      vertex 31.4 109.336 0
      vertex 30.9307 109.104 0
    endloop
  endfacet
  facet normal -0.75151 0.659722 0
    outer loop
      vertex 32.2284 109.972 0
      vertex 32.5734 110.365 2.4
      vertex 32.5734 110.365 0
    endloop
  endfacet
  facet normal -0.75151 0.659722 0
    outer loop
      vertex 32.5734 110.365 2.4
      vertex 32.2284 109.972 0
      vertex 32.2284 109.972 2.4
    endloop
  endfacet
  facet normal -0.980764 0.195197 0
    outer loop
      vertex 33.2637 111.765 0
      vertex 33.3658 112.278 2.4
      vertex 33.3658 112.278 0
    endloop
  endfacet
  facet normal -0.980764 0.195197 0
    outer loop
      vertex 33.3658 112.278 2.4
      vertex 33.2637 111.765 0
      vertex 33.2637 111.765 2.4
    endloop
  endfacet
  facet normal -0.896786 0.442465 0
    outer loop
      vertex 32.8641 110.8 0
      vertex 33.0955 111.269 2.4
      vertex 33.0955 111.269 0
    endloop
  endfacet
  facet normal -0.896786 0.442465 0
    outer loop
      vertex 33.0955 111.269 2.4
      vertex 32.8641 110.8 0
      vertex 32.8641 110.8 2.4
    endloop
  endfacet
  facet normal 0.443159 0.896443 -0
    outer loop
      vertex 27.8693 109.104 0
      vertex 27.4 109.336 2.4
      vertex 27.8693 109.104 2.4
    endloop
  endfacet
  facet normal 0.443159 0.896443 0
    outer loop
      vertex 27.4 109.336 2.4
      vertex 27.8693 109.104 0
      vertex 27.4 109.336 0
    endloop
  endfacet
  facet normal 0.19494 0.980815 -0
    outer loop
      vertex 28.8779 108.834 0
      vertex 28.3647 108.936 2.4
      vertex 28.8779 108.834 2.4
    endloop
  endfacet
  facet normal 0.19494 0.980815 0
    outer loop
      vertex 28.3647 108.936 2.4
      vertex 28.8779 108.834 0
      vertex 28.3647 108.936 0
    endloop
  endfacet
  facet normal 0.831432 0.555626 0
    outer loop
      vertex 26.2266 110.365 2.4
      vertex 25.9359 110.8 0
      vertex 25.9359 110.8 2.4
    endloop
  endfacet
  facet normal 0.831432 0.555626 0
    outer loop
      vertex 25.9359 110.8 0
      vertex 26.2266 110.365 2.4
      vertex 26.2266 110.365 0
    endloop
  endfacet
  facet normal -0.997861 0.0653771 0
    outer loop
      vertex 33.3658 112.278 0
      vertex 33.4 112.8 2.4
      vertex 33.4 112.8 0
    endloop
  endfacet
  facet normal -0.997861 0.0653771 0
    outer loop
      vertex 33.4 112.8 2.4
      vertex 33.3658 112.278 0
      vertex 33.3658 112.278 2.4
    endloop
  endfacet
  facet normal 1 -0 0
    outer loop
      vertex 27.3 116.197 2.4
      vertex 27.3 121.8 0
      vertex 27.3 121.8 2.4
    endloop
  endfacet
  facet normal 1 0 0
    outer loop
      vertex 27.3 121.8 0
      vertex 27.3 116.197 2.4
      vertex 27.3 116.197 0
    endloop
  endfacet
  facet normal -1 0 0
    outer loop
      vertex 31.5 116.197 0
      vertex 31.5 121.8 2.4
      vertex 31.5 121.8 0
    endloop
  endfacet
  facet normal -1 -0 0
    outer loop
      vertex 31.5 121.8 2.4
      vertex 31.5 116.197 0
      vertex 31.5 116.197 2.4
    endloop
  endfacet
  facet normal 0 -1 0
    outer loop
      vertex 27.3 121.8 0
      vertex 31.5 121.8 2.4
      vertex 27.3 121.8 2.4
    endloop
  endfacet
  facet normal 0 -1 -0
    outer loop
      vertex 31.5 121.8 2.4
      vertex 27.3 121.8 0
      vertex 31.5 121.8 0
    endloop
  endfacet
  facet normal -0.997861 -0.0653646 0
    outer loop
      vertex 33.4 22 0
      vertex 33.3658 22.5221 2.4
      vertex 33.3658 22.5221 0
    endloop
  endfacet
  facet normal -0.997861 -0.0653646 0
    outer loop
      vertex 33.3658 22.5221 2.4
      vertex 33.4 22 0
      vertex 33.4 22 2.4
    endloop
  endfacet
  facet normal 0.997861 -0.0653646 0
    outer loop
      vertex 25.4 22 2.4
      vertex 25.4342 22.5221 0
      vertex 25.4342 22.5221 2.4
    endloop
  endfacet
  facet normal 0.997861 -0.0653646 0
    outer loop
      vertex 25.4342 22.5221 0
      vertex 25.4 22 2.4
      vertex 25.4 22 0
    endloop
  endfacet
  facet normal -0.659343 -0.751842 0
    outer loop
      vertex 31.835 25.1734 0
      vertex 32.2284 24.8284 2.4
      vertex 31.835 25.1734 2.4
    endloop
  endfacet
  facet normal -0.659343 -0.751842 -0
    outer loop
      vertex 32.2284 24.8284 2.4
      vertex 31.835 25.1734 0
      vertex 32.2284 24.8284 0
    endloop
  endfacet
  facet normal 0.659343 -0.751842 0
    outer loop
      vertex 26.5716 24.8284 0
      vertex 26.965 25.1734 2.4
      vertex 26.5716 24.8284 2.4
    endloop
  endfacet
  facet normal 0.659343 -0.751842 0
    outer loop
      vertex 26.965 25.1734 2.4
      vertex 26.5716 24.8284 0
      vertex 26.965 25.1734 0
    endloop
  endfacet
  facet normal 0.94691 0.321498 0
    outer loop
      vertex 25.7045 20.4693 2.4
      vertex 25.5363 20.9647 0
      vertex 25.5363 20.9647 2.4
    endloop
  endfacet
  facet normal 0.94691 0.321498 0
    outer loop
      vertex 25.5363 20.9647 0
      vertex 25.7045 20.4693 2.4
      vertex 25.7045 20.4693 0
    endloop
  endfacet
  facet normal -0.896898 -0.442238 0
    outer loop
      vertex 33.0955 23.5307 0
      vertex 32.8641 24 2.4
      vertex 32.8641 24 0
    endloop
  endfacet
  facet normal -0.896898 -0.442238 0
    outer loop
      vertex 32.8641 24 2.4
      vertex 33.0955 23.5307 0
      vertex 33.0955 23.5307 2.4
    endloop
  endfacet
  facet normal -0.831432 -0.555626 0
    outer loop
      vertex 32.8641 24 0
      vertex 32.5734 24.435 2.4
      vertex 32.5734 24.435 0
    endloop
  endfacet
  facet normal -0.831432 -0.555626 0
    outer loop
      vertex 32.5734 24.435 2.4
      vertex 32.8641 24 0
      vertex 32.8641 24 2.4
    endloop
  endfacet
  facet normal -0.555673 -0.831401 0
    outer loop
      vertex 31.5 25.3973 0
      vertex 31.835 25.1734 2.4
      vertex 31.5 25.3973 2.4
    endloop
  endfacet
  facet normal -0.555673 -0.831401 -0
    outer loop
      vertex 31.835 25.1734 2.4
      vertex 31.5 25.3973 0
      vertex 31.835 25.1734 0
    endloop
  endfacet
  facet normal 0.896898 -0.442238 0
    outer loop
      vertex 25.7045 23.5307 2.4
      vertex 25.9359 24 0
      vertex 25.9359 24 2.4
    endloop
  endfacet
  facet normal 0.896898 -0.442238 0
    outer loop
      vertex 25.9359 24 0
      vertex 25.7045 23.5307 2.4
      vertex 25.7045 23.5307 0
    endloop
  endfacet
  facet normal 0.751842 -0.659343 0
    outer loop
      vertex 26.2266 24.435 2.4
      vertex 26.5716 24.8284 0
      vertex 26.5716 24.8284 2.4
    endloop
  endfacet
  facet normal 0.751842 -0.659343 0
    outer loop
      vertex 26.5716 24.8284 0
      vertex 26.2266 24.435 2.4
      vertex 26.2266 24.435 0
    endloop
  endfacet
  facet normal -0.94691 0.321498 0
    outer loop
      vertex 33.0955 20.4693 0
      vertex 33.2637 20.9647 2.4
      vertex 33.2637 20.9647 0
    endloop
  endfacet
  facet normal -0.94691 0.321498 0
    outer loop
      vertex 33.2637 20.9647 2.4
      vertex 33.0955 20.4693 0
      vertex 33.0955 20.4693 2.4
    endloop
  endfacet
  facet normal -0.442238 0.896898 0
    outer loop
      vertex 31.4 18.5359 0
      vertex 30.9307 18.3045 2.4
      vertex 31.4 18.5359 2.4
    endloop
  endfacet
  facet normal -0.442238 0.896898 0
    outer loop
      vertex 30.9307 18.3045 2.4
      vertex 31.4 18.5359 0
      vertex 30.9307 18.3045 0
    endloop
  endfacet
  facet normal -0.555626 0.831432 0
    outer loop
      vertex 31.835 18.8266 0
      vertex 31.4 18.5359 2.4
      vertex 31.835 18.8266 2.4
    endloop
  endfacet
  facet normal -0.555626 0.831432 0
    outer loop
      vertex 31.4 18.5359 2.4
      vertex 31.835 18.8266 0
      vertex 31.4 18.5359 0
    endloop
  endfacet
  facet normal 0.659343 0.751842 -0
    outer loop
      vertex 26.965 18.8266 0
      vertex 26.5716 19.1716 2.4
      vertex 26.965 18.8266 2.4
    endloop
  endfacet
  facet normal 0.659343 0.751842 0
    outer loop
      vertex 26.5716 19.1716 2.4
      vertex 26.965 18.8266 0
      vertex 26.5716 19.1716 0
    endloop
  endfacet
  facet normal 0.997861 0.0653646 0
    outer loop
      vertex 25.4342 21.4779 2.4
      vertex 25.4 22 0
      vertex 25.4 22 2.4
    endloop
  endfacet
  facet normal 0.997861 0.0653646 0
    outer loop
      vertex 25.4 22 0
      vertex 25.4342 21.4779 2.4
      vertex 25.4342 21.4779 0
    endloop
  endfacet
  facet normal -0.94691 -0.321498 0
    outer loop
      vertex 33.2637 23.0353 0
      vertex 33.0955 23.5307 2.4
      vertex 33.0955 23.5307 0
    endloop
  endfacet
  facet normal -0.94691 -0.321498 0
    outer loop
      vertex 33.0955 23.5307 2.4
      vertex 33.2637 23.0353 0
      vertex 33.2637 23.0353 2.4
    endloop
  endfacet
  facet normal -0.980779 -0.195124 0
    outer loop
      vertex 33.3658 22.5221 0
      vertex 33.2637 23.0353 2.4
      vertex 33.2637 23.0353 0
    endloop
  endfacet
  facet normal -0.980779 -0.195124 0
    outer loop
      vertex 33.2637 23.0353 2.4
      vertex 33.3658 22.5221 0
      vertex 33.3658 22.5221 2.4
    endloop
  endfacet
  facet normal -0.751842 -0.659343 0
    outer loop
      vertex 32.5734 24.435 0
      vertex 32.2284 24.8284 2.4
      vertex 32.2284 24.8284 0
    endloop
  endfacet
  facet normal -0.751842 -0.659343 0
    outer loop
      vertex 32.2284 24.8284 2.4
      vertex 32.5734 24.435 0
      vertex 32.5734 24.435 2.4
    endloop
  endfacet
  facet normal 0.831432 -0.555626 0
    outer loop
      vertex 25.9359 24 2.4
      vertex 26.2266 24.435 0
      vertex 26.2266 24.435 2.4
    endloop
  endfacet
  facet normal 0.831432 -0.555626 0
    outer loop
      vertex 26.2266 24.435 0
      vertex 25.9359 24 2.4
      vertex 25.9359 24 0
    endloop
  endfacet
  facet normal 0.94691 -0.321498 0
    outer loop
      vertex 25.5363 23.0353 2.4
      vertex 25.7045 23.5307 0
      vertex 25.7045 23.5307 2.4
    endloop
  endfacet
  facet normal 0.94691 -0.321498 0
    outer loop
      vertex 25.7045 23.5307 0
      vertex 25.5363 23.0353 2.4
      vertex 25.5363 23.0353 0
    endloop
  endfacet
  facet normal 0.980779 -0.195124 0
    outer loop
      vertex 25.4342 22.5221 2.4
      vertex 25.5363 23.0353 0
      vertex 25.5363 23.0353 2.4
    endloop
  endfacet
  facet normal 0.980779 -0.195124 0
    outer loop
      vertex 25.5363 23.0353 0
      vertex 25.4342 22.5221 2.4
      vertex 25.4342 22.5221 0
    endloop
  endfacet
  facet normal 0.555673 -0.831401 0
    outer loop
      vertex 26.965 25.1734 0
      vertex 27.3 25.3973 2.4
      vertex 26.965 25.1734 2.4
    endloop
  endfacet
  facet normal 0.555673 -0.831401 0
    outer loop
      vertex 27.3 25.3973 2.4
      vertex 26.965 25.1734 0
      vertex 27.3 25.3973 0
    endloop
  endfacet
  facet normal -0.0653646 0.997861 0
    outer loop
      vertex 29.9221 18.0342 0
      vertex 29.4 18 2.4
      vertex 29.9221 18.0342 2.4
    endloop
  endfacet
  facet normal -0.0653646 0.997861 0
    outer loop
      vertex 29.4 18 2.4
      vertex 29.9221 18.0342 0
      vertex 29.4 18 0
    endloop
  endfacet
  facet normal -0.321498 0.94691 0
    outer loop
      vertex 30.9307 18.3045 0
      vertex 30.4353 18.1363 2.4
      vertex 30.9307 18.3045 2.4
    endloop
  endfacet
  facet normal -0.321498 0.94691 0
    outer loop
      vertex 30.4353 18.1363 2.4
      vertex 30.9307 18.3045 0
      vertex 30.4353 18.1363 0
    endloop
  endfacet
  facet normal -0.659343 0.751842 0
    outer loop
      vertex 32.2284 19.1716 0
      vertex 31.835 18.8266 2.4
      vertex 32.2284 19.1716 2.4
    endloop
  endfacet
  facet normal -0.659343 0.751842 0
    outer loop
      vertex 31.835 18.8266 2.4
      vertex 32.2284 19.1716 0
      vertex 31.835 18.8266 0
    endloop
  endfacet
  facet normal -0.831432 0.555626 0
    outer loop
      vertex 32.5734 19.565 0
      vertex 32.8641 20 2.4
      vertex 32.8641 20 0
    endloop
  endfacet
  facet normal -0.831432 0.555626 0
    outer loop
      vertex 32.8641 20 2.4
      vertex 32.5734 19.565 0
      vertex 32.5734 19.565 2.4
    endloop
  endfacet
  facet normal 0.555626 0.831432 -0
    outer loop
      vertex 27.4 18.5359 0
      vertex 26.965 18.8266 2.4
      vertex 27.4 18.5359 2.4
    endloop
  endfacet
  facet normal 0.555626 0.831432 0
    outer loop
      vertex 26.965 18.8266 2.4
      vertex 27.4 18.5359 0
      vertex 26.965 18.8266 0
    endloop
  endfacet
  facet normal 0.321498 0.94691 -0
    outer loop
      vertex 28.3647 18.1363 0
      vertex 27.8693 18.3045 2.4
      vertex 28.3647 18.1363 2.4
    endloop
  endfacet
  facet normal 0.321498 0.94691 0
    outer loop
      vertex 27.8693 18.3045 2.4
      vertex 28.3647 18.1363 0
      vertex 27.8693 18.3045 0
    endloop
  endfacet
  facet normal 0.0653646 0.997861 -0
    outer loop
      vertex 29.4 18 0
      vertex 28.8779 18.0342 2.4
      vertex 29.4 18 2.4
    endloop
  endfacet
  facet normal 0.0653646 0.997861 0
    outer loop
      vertex 28.8779 18.0342 2.4
      vertex 29.4 18 0
      vertex 28.8779 18.0342 0
    endloop
  endfacet
  facet normal 0.896898 0.442238 0
    outer loop
      vertex 25.9359 20 2.4
      vertex 25.7045 20.4693 0
      vertex 25.7045 20.4693 2.4
    endloop
  endfacet
  facet normal 0.896898 0.442238 0
    outer loop
      vertex 25.7045 20.4693 0
      vertex 25.9359 20 2.4
      vertex 25.9359 20 0
    endloop
  endfacet
  facet normal 0.751842 0.659343 0
    outer loop
      vertex 26.5716 19.1716 2.4
      vertex 26.2266 19.565 0
      vertex 26.2266 19.565 2.4
    endloop
  endfacet
  facet normal 0.751842 0.659343 0
    outer loop
      vertex 26.2266 19.565 0
      vertex 26.5716 19.1716 2.4
      vertex 26.5716 19.1716 0
    endloop
  endfacet
  facet normal 0.980779 0.195124 0
    outer loop
      vertex 25.5363 20.9647 2.4
      vertex 25.4342 21.4779 0
      vertex 25.4342 21.4779 2.4
    endloop
  endfacet
  facet normal 0.980779 0.195124 0
    outer loop
      vertex 25.4342 21.4779 0
      vertex 25.5363 20.9647 2.4
      vertex 25.5363 20.9647 0
    endloop
  endfacet
  facet normal -0.195124 0.980779 0
    outer loop
      vertex 30.4353 18.1363 0
      vertex 29.9221 18.0342 2.4
      vertex 30.4353 18.1363 2.4
    endloop
  endfacet
  facet normal -0.195124 0.980779 0
    outer loop
      vertex 29.9221 18.0342 2.4
      vertex 30.4353 18.1363 0
      vertex 29.9221 18.0342 0
    endloop
  endfacet
  facet normal -0.751842 0.659343 0
    outer loop
      vertex 32.2284 19.1716 0
      vertex 32.5734 19.565 2.4
      vertex 32.5734 19.565 0
    endloop
  endfacet
  facet normal -0.751842 0.659343 0
    outer loop
      vertex 32.5734 19.565 2.4
      vertex 32.2284 19.1716 0
      vertex 32.2284 19.1716 2.4
    endloop
  endfacet
  facet normal -0.980779 0.195124 0
    outer loop
      vertex 33.2637 20.9647 0
      vertex 33.3658 21.4779 2.4
      vertex 33.3658 21.4779 0
    endloop
  endfacet
  facet normal -0.980779 0.195124 0
    outer loop
      vertex 33.3658 21.4779 2.4
      vertex 33.2637 20.9647 0
      vertex 33.2637 20.9647 2.4
    endloop
  endfacet
  facet normal -0.896898 0.442238 0
    outer loop
      vertex 32.8641 20 0
      vertex 33.0955 20.4693 2.4
      vertex 33.0955 20.4693 0
    endloop
  endfacet
  facet normal -0.896898 0.442238 0
    outer loop
      vertex 33.0955 20.4693 2.4
      vertex 32.8641 20 0
      vertex 32.8641 20 2.4
    endloop
  endfacet
  facet normal 0.442238 0.896898 -0
    outer loop
      vertex 27.8693 18.3045 0
      vertex 27.4 18.5359 2.4
      vertex 27.8693 18.3045 2.4
    endloop
  endfacet
  facet normal 0.442238 0.896898 0
    outer loop
      vertex 27.4 18.5359 2.4
      vertex 27.8693 18.3045 0
      vertex 27.4 18.5359 0
    endloop
  endfacet
  facet normal 0.195124 0.980779 -0
    outer loop
      vertex 28.8779 18.0342 0
      vertex 28.3647 18.1363 2.4
      vertex 28.8779 18.0342 2.4
    endloop
  endfacet
  facet normal 0.195124 0.980779 0
    outer loop
      vertex 28.3647 18.1363 2.4
      vertex 28.8779 18.0342 0
      vertex 28.3647 18.1363 0
    endloop
  endfacet
  facet normal 0.831432 0.555626 0
    outer loop
      vertex 26.2266 19.565 2.4
      vertex 25.9359 20 0
      vertex 25.9359 20 2.4
    endloop
  endfacet
  facet normal 0.831432 0.555626 0
    outer loop
      vertex 25.9359 20 0
      vertex 26.2266 19.565 2.4
      vertex 26.2266 19.565 0
    endloop
  endfacet
  facet normal -0.997861 0.0653646 0
    outer loop
      vertex 33.3658 21.4779 0
      vertex 33.4 22 2.4
      vertex 33.4 22 0
    endloop
  endfacet
  facet normal -0.997861 0.0653646 0
    outer loop
      vertex 33.4 22 2.4
      vertex 33.3658 21.4779 0
      vertex 33.3658 21.4779 2.4
    endloop
  endfacet
  facet normal 1 -0 0
    outer loop
      vertex 27.3 25.3973 2.4
      vertex 27.3 31 0
      vertex 27.3 31 2.4
    endloop
  endfacet
  facet normal 1 0 0
    outer loop
      vertex 27.3 31 0
      vertex 27.3 25.3973 2.4
      vertex 27.3 25.3973 0
    endloop
  endfacet
  facet normal -1 0 0
    outer loop
      vertex 31.5 25.3973 0
      vertex 31.5 31 2.4
      vertex 31.5 31 0
    endloop
  endfacet
  facet normal -1 -0 0
    outer loop
      vertex 31.5 31 2.4
      vertex 31.5 25.3973 0
      vertex 31.5 25.3973 2.4
    endloop
  endfacet
  facet normal 0 -1 0
    outer loop
      vertex 27.3 31 0
      vertex 31.5 31 2.4
      vertex 27.3 31 2.4
    endloop
  endfacet
  facet normal 0 -1 -0
    outer loop
      vertex 31.5 31 2.4
      vertex 27.3 31 0
      vertex 31.5 31 0
    endloop
  endfacet
  facet normal -0.997859 -0.0654064 0
    outer loop
      vertex 7.85 6.5 4.3
      vertex 7.83845 6.67621 15.8
      vertex 7.83845 6.67621 4.3
    endloop
  endfacet
  facet normal -0.997859 -0.0654064 0
    outer loop
      vertex 7.83845 6.67621 15.8
      vertex 7.85 6.5 4.3
      vertex 7.85 6.5 15.8
    endloop
  endfacet
  facet normal 0.0654064 -0.997859 0
    outer loop
      vertex 6.32379 7.83845 4.3
      vertex 6.5 7.85 15.8
      vertex 6.32379 7.83845 15.8
    endloop
  endfacet
  facet normal 0.0654064 -0.997859 0
    outer loop
      vertex 6.5 7.85 15.8
      vertex 6.32379 7.83845 4.3
      vertex 6.5 7.85 4.3
    endloop
  endfacet
  facet normal -0.0654064 0.997859 0
    outer loop
      vertex 6.67621 5.16155 4.3
      vertex 6.5 5.15 15.8
      vertex 6.67621 5.16155 15.8
    endloop
  endfacet
  facet normal -0.0654064 0.997859 0
    outer loop
      vertex 6.5 5.15 15.8
      vertex 6.67621 5.16155 4.3
      vertex 6.5 5.15 4.3
    endloop
  endfacet
  facet normal -0.659386 -0.751804 0
    outer loop
      vertex 7.32183 7.57103 4.3
      vertex 7.45459 7.45459 15.8
      vertex 7.32183 7.57103 15.8
    endloop
  endfacet
  facet normal -0.659386 -0.751804 -0
    outer loop
      vertex 7.45459 7.45459 15.8
      vertex 7.32183 7.57103 4.3
      vertex 7.45459 7.45459 4.3
    endloop
  endfacet
  facet normal 0.751804 -0.659386 0
    outer loop
      vertex 5.42897 7.32183 15.8
      vertex 5.54541 7.45459 4.3
      vertex 5.54541 7.45459 15.8
    endloop
  endfacet
  facet normal 0.751804 -0.659386 0
    outer loop
      vertex 5.54541 7.45459 4.3
      vertex 5.42897 7.32183 15.8
      vertex 5.42897 7.32183 4.3
    endloop
  endfacet
  facet normal 0.442314 -0.89686 0
    outer loop
      vertex 5.825 7.66913 4.3
      vertex 5.98338 7.74724 15.8
      vertex 5.825 7.66913 15.8
    endloop
  endfacet
  facet normal 0.442314 -0.89686 0
    outer loop
      vertex 5.98338 7.74724 15.8
      vertex 5.825 7.66913 4.3
      vertex 5.98338 7.74724 4.3
    endloop
  endfacet
  facet normal -0.89686 0.442314 0
    outer loop
      vertex 7.66913 5.825 4.3
      vertex 7.74724 5.98338 15.8
      vertex 7.74724 5.98338 4.3
    endloop
  endfacet
  facet normal -0.89686 0.442314 0
    outer loop
      vertex 7.74724 5.98338 15.8
      vertex 7.66913 5.825 4.3
      vertex 7.66913 5.825 15.8
    endloop
  endfacet
  facet normal -0.89686 -0.442314 0
    outer loop
      vertex 7.74724 7.01662 4.3
      vertex 7.66913 7.175 15.8
      vertex 7.66913 7.175 4.3
    endloop
  endfacet
  facet normal -0.89686 -0.442314 0
    outer loop
      vertex 7.66913 7.175 15.8
      vertex 7.74724 7.01662 4.3
      vertex 7.74724 7.01662 15.8
    endloop
  endfacet
  facet normal -0.831492 -0.555536 0
    outer loop
      vertex 7.66913 7.175 4.3
      vertex 7.57103 7.32183 15.8
      vertex 7.57103 7.32183 4.3
    endloop
  endfacet
  facet normal -0.831492 -0.555536 0
    outer loop
      vertex 7.57103 7.32183 15.8
      vertex 7.66913 7.175 4.3
      vertex 7.66913 7.175 15.8
    endloop
  endfacet
  facet normal -0.321439 -0.94693 0
    outer loop
      vertex 6.84941 7.804 4.3
      vertex 7.01662 7.74724 15.8
      vertex 6.84941 7.804 15.8
    endloop
  endfacet
  facet normal -0.321439 -0.94693 -0
    outer loop
      vertex 7.01662 7.74724 15.8
      vertex 6.84941 7.804 4.3
      vertex 7.01662 7.74724 4.3
    endloop
  endfacet
  facet normal -0.195081 -0.980787 0
    outer loop
      vertex 6.67621 7.83845 4.3
      vertex 6.84941 7.804 15.8
      vertex 6.67621 7.83845 15.8
    endloop
  endfacet
  facet normal -0.195081 -0.980787 -0
    outer loop
      vertex 6.84941 7.804 15.8
      vertex 6.67621 7.83845 4.3
      vertex 6.84941 7.804 4.3
    endloop
  endfacet
  facet normal -0.442314 -0.89686 0
    outer loop
      vertex 7.01662 7.74724 4.3
      vertex 7.175 7.66913 15.8
      vertex 7.01662 7.74724 15.8
    endloop
  endfacet
  facet normal -0.442314 -0.89686 -0
    outer loop
      vertex 7.175 7.66913 15.8
      vertex 7.01662 7.74724 4.3
      vertex 7.175 7.66913 4.3
    endloop
  endfacet
  facet normal 0.94693 -0.321439 0
    outer loop
      vertex 5.196 6.84941 15.8
      vertex 5.25276 7.01662 4.3
      vertex 5.25276 7.01662 15.8
    endloop
  endfacet
  facet normal 0.94693 -0.321439 0
    outer loop
      vertex 5.25276 7.01662 4.3
      vertex 5.196 6.84941 15.8
      vertex 5.196 6.84941 4.3
    endloop
  endfacet
  facet normal 0.896883 -0.442269 0
    outer loop
      vertex 5.25276 7.01662 15.8
      vertex 5.33086 7.175 4.3
      vertex 5.33086 7.175 15.8
    endloop
  endfacet
  facet normal 0.896883 -0.442269 0
    outer loop
      vertex 5.33086 7.175 4.3
      vertex 5.25276 7.01662 15.8
      vertex 5.25276 7.01662 4.3
    endloop
  endfacet
  facet normal 0.980787 -0.195081 0
    outer loop
      vertex 5.16155 6.67621 15.8
      vertex 5.196 6.84941 4.3
      vertex 5.196 6.84941 15.8
    endloop
  endfacet
  facet normal 0.980787 -0.195081 0
    outer loop
      vertex 5.196 6.84941 4.3
      vertex 5.16155 6.67621 15.8
      vertex 5.16155 6.67621 4.3
    endloop
  endfacet
  facet normal 0.555536 -0.831492 0
    outer loop
      vertex 5.67817 7.57103 4.3
      vertex 5.825 7.66913 15.8
      vertex 5.67817 7.57103 15.8
    endloop
  endfacet
  facet normal 0.555536 -0.831492 0
    outer loop
      vertex 5.825 7.66913 15.8
      vertex 5.67817 7.57103 4.3
      vertex 5.825 7.66913 4.3
    endloop
  endfacet
  facet normal 0.321439 -0.94693 0
    outer loop
      vertex 5.98338 7.74724 4.3
      vertex 6.15059 7.804 15.8
      vertex 5.98338 7.74724 15.8
    endloop
  endfacet
  facet normal 0.321439 -0.94693 0
    outer loop
      vertex 6.15059 7.804 15.8
      vertex 5.98338 7.74724 4.3
      vertex 6.15059 7.804 4.3
    endloop
  endfacet
  facet normal -0.751804 0.659386 0
    outer loop
      vertex 7.45459 5.54541 4.3
      vertex 7.57103 5.67817 15.8
      vertex 7.57103 5.67817 4.3
    endloop
  endfacet
  facet normal -0.751804 0.659386 0
    outer loop
      vertex 7.57103 5.67817 15.8
      vertex 7.45459 5.54541 4.3
      vertex 7.45459 5.54541 15.8
    endloop
  endfacet
  facet normal -0.555575 0.831466 0
    outer loop
      vertex 7.32183 5.42897 4.3
      vertex 7.175 5.33086 15.8
      vertex 7.32183 5.42897 15.8
    endloop
  endfacet
  facet normal -0.555575 0.831466 0
    outer loop
      vertex 7.175 5.33086 15.8
      vertex 7.32183 5.42897 4.3
      vertex 7.175 5.33086 4.3
    endloop
  endfacet
  facet normal 0.195081 0.980787 -0
    outer loop
      vertex 6.32379 5.16155 4.3
      vertex 6.15059 5.196 15.8
      vertex 6.32379 5.16155 15.8
    endloop
  endfacet
  facet normal 0.195081 0.980787 0
    outer loop
      vertex 6.15059 5.196 15.8
      vertex 6.32379 5.16155 4.3
      vertex 6.15059 5.196 4.3
    endloop
  endfacet
  facet normal 0.831466 0.555575 0
    outer loop
      vertex 5.42897 5.67817 15.8
      vertex 5.33086 5.825 4.3
      vertex 5.33086 5.825 15.8
    endloop
  endfacet
  facet normal 0.831466 0.555575 0
    outer loop
      vertex 5.33086 5.825 4.3
      vertex 5.42897 5.67817 15.8
      vertex 5.42897 5.67817 4.3
    endloop
  endfacet
  facet normal 0.751804 0.659386 0
    outer loop
      vertex 5.54541 5.54541 15.8
      vertex 5.42897 5.67817 4.3
      vertex 5.42897 5.67817 15.8
    endloop
  endfacet
  facet normal 0.751804 0.659386 0
    outer loop
      vertex 5.42897 5.67817 4.3
      vertex 5.54541 5.54541 15.8
      vertex 5.54541 5.54541 4.3
    endloop
  endfacet
  facet normal -0.94693 -0.321439 0
    outer loop
      vertex 7.804 6.84941 4.3
      vertex 7.74724 7.01662 15.8
      vertex 7.74724 7.01662 4.3
    endloop
  endfacet
  facet normal -0.94693 -0.321439 0
    outer loop
      vertex 7.74724 7.01662 15.8
      vertex 7.804 6.84941 4.3
      vertex 7.804 6.84941 15.8
    endloop
  endfacet
  facet normal -0.980787 -0.195081 0
    outer loop
      vertex 7.83845 6.67621 4.3
      vertex 7.804 6.84941 15.8
      vertex 7.804 6.84941 4.3
    endloop
  endfacet
  facet normal -0.980787 -0.195081 0
    outer loop
      vertex 7.804 6.84941 15.8
      vertex 7.83845 6.67621 4.3
      vertex 7.83845 6.67621 15.8
    endloop
  endfacet
  facet normal -0.751804 -0.659386 0
    outer loop
      vertex 7.57103 7.32183 4.3
      vertex 7.45459 7.45459 15.8
      vertex 7.45459 7.45459 4.3
    endloop
  endfacet
  facet normal -0.751804 -0.659386 0
    outer loop
      vertex 7.45459 7.45459 15.8
      vertex 7.57103 7.32183 4.3
      vertex 7.57103 7.32183 15.8
    endloop
  endfacet
  facet normal -0.0654064 -0.997859 0
    outer loop
      vertex 6.5 7.85 4.3
      vertex 6.67621 7.83845 15.8
      vertex 6.5 7.85 15.8
    endloop
  endfacet
  facet normal -0.0654064 -0.997859 -0
    outer loop
      vertex 6.67621 7.83845 15.8
      vertex 6.5 7.85 4.3
      vertex 6.67621 7.83845 4.3
    endloop
  endfacet
  facet normal -0.555536 -0.831492 0
    outer loop
      vertex 7.175 7.66913 4.3
      vertex 7.32183 7.57103 15.8
      vertex 7.175 7.66913 15.8
    endloop
  endfacet
  facet normal -0.555536 -0.831492 -0
    outer loop
      vertex 7.32183 7.57103 15.8
      vertex 7.175 7.66913 4.3
      vertex 7.32183 7.57103 4.3
    endloop
  endfacet
  facet normal 0 0 1
    outer loop
      vertex 7.83845 6.67621 4.3
      vertex 7.83845 6.32379 4.3
      vertex 7.85 6.5 4.3
    endloop
  endfacet
  facet normal 0 0 1
    outer loop
      vertex 7.804 6.84941 4.3
      vertex 7.83845 6.32379 4.3
      vertex 7.83845 6.67621 4.3
    endloop
  endfacet
  facet normal 0 0 1
    outer loop
      vertex 7.804 6.84941 4.3
      vertex 7.804 6.15059 4.3
      vertex 7.83845 6.32379 4.3
    endloop
  endfacet
  facet normal 0 0 1
    outer loop
      vertex 7.74724 7.01662 4.3
      vertex 7.804 6.15059 4.3
      vertex 7.804 6.84941 4.3
    endloop
  endfacet
  facet normal 0 0 1
    outer loop
      vertex 7.74724 7.01662 4.3
      vertex 7.74724 5.98338 4.3
      vertex 7.804 6.15059 4.3
    endloop
  endfacet
  facet normal 0 0 1
    outer loop
      vertex 7.66913 7.175 4.3
      vertex 7.74724 5.98338 4.3
      vertex 7.74724 7.01662 4.3
    endloop
  endfacet
  facet normal 0 0 1
    outer loop
      vertex 7.66913 7.175 4.3
      vertex 7.66913 5.825 4.3
      vertex 7.74724 5.98338 4.3
    endloop
  endfacet
  facet normal 0 0 1
    outer loop
      vertex 7.57103 7.32183 4.3
      vertex 7.66913 5.825 4.3
      vertex 7.66913 7.175 4.3
    endloop
  endfacet
  facet normal 0 0 1
    outer loop
      vertex 7.57103 7.32183 4.3
      vertex 7.57103 5.67817 4.3
      vertex 7.66913 5.825 4.3
    endloop
  endfacet
  facet normal 0 0 1
    outer loop
      vertex 7.45459 7.45459 4.3
      vertex 7.57103 5.67817 4.3
      vertex 7.57103 7.32183 4.3
    endloop
  endfacet
  facet normal 0 0 1
    outer loop
      vertex 7.45459 7.45459 4.3
      vertex 7.45459 5.54541 4.3
      vertex 7.57103 5.67817 4.3
    endloop
  endfacet
  facet normal 0 0 1
    outer loop
      vertex 7.32183 7.57103 4.3
      vertex 7.45459 5.54541 4.3
      vertex 7.45459 7.45459 4.3
    endloop
  endfacet
  facet normal 0 0 1
    outer loop
      vertex 7.32183 7.57103 4.3
      vertex 7.32183 5.42897 4.3
      vertex 7.45459 5.54541 4.3
    endloop
  endfacet
  facet normal 0 0 1
    outer loop
      vertex 7.175 7.66913 4.3
      vertex 7.32183 5.42897 4.3
      vertex 7.32183 7.57103 4.3
    endloop
  endfacet
  facet normal 0 0 1
    outer loop
      vertex 7.175 7.66913 4.3
      vertex 7.175 5.33086 4.3
      vertex 7.32183 5.42897 4.3
    endloop
  endfacet
  facet normal 0 0 1
    outer loop
      vertex 7.01662 7.74724 4.3
      vertex 7.175 5.33086 4.3
      vertex 7.175 7.66913 4.3
    endloop
  endfacet
  facet normal 0 0 1
    outer loop
      vertex 7.01662 7.74724 4.3
      vertex 7.01662 5.25276 4.3
      vertex 7.175 5.33086 4.3
    endloop
  endfacet
  facet normal 0 0 1
    outer loop
      vertex 6.84941 7.804 4.3
      vertex 7.01662 5.25276 4.3
      vertex 7.01662 7.74724 4.3
    endloop
  endfacet
  facet normal 0 0 1
    outer loop
      vertex 6.84941 7.804 4.3
      vertex 6.84941 5.196 4.3
      vertex 7.01662 5.25276 4.3
    endloop
  endfacet
  facet normal 0 0 1
    outer loop
      vertex 6.67621 7.83845 4.3
      vertex 6.84941 5.196 4.3
      vertex 6.84941 7.804 4.3
    endloop
  endfacet
  facet normal 0 0 1
    outer loop
      vertex 6.67621 7.83845 4.3
      vertex 6.67621 5.16155 4.3
      vertex 6.84941 5.196 4.3
    endloop
  endfacet
  facet normal 0 0 1
    outer loop
      vertex 6.5 7.85 4.3
      vertex 6.67621 5.16155 4.3
      vertex 6.67621 7.83845 4.3
    endloop
  endfacet
  facet normal 0 0 1
    outer loop
      vertex 6.5 7.85 4.3
      vertex 6.5 5.15 4.3
      vertex 6.67621 5.16155 4.3
    endloop
  endfacet
  facet normal -0 0 1
    outer loop
      vertex 6.32379 7.83845 4.3
      vertex 6.5 5.15 4.3
      vertex 6.5 7.85 4.3
    endloop
  endfacet
  facet normal 0 0 1
    outer loop
      vertex 6.32379 7.83845 4.3
      vertex 6.32379 5.16155 4.3
      vertex 6.5 5.15 4.3
    endloop
  endfacet
  facet normal -0 0 1
    outer loop
      vertex 6.15059 7.804 4.3
      vertex 6.32379 5.16155 4.3
      vertex 6.32379 7.83845 4.3
    endloop
  endfacet
  facet normal 0 0 1
    outer loop
      vertex 6.15059 7.804 4.3
      vertex 6.15059 5.196 4.3
      vertex 6.32379 5.16155 4.3
    endloop
  endfacet
  facet normal -0 0 1
    outer loop
      vertex 5.98338 7.74724 4.3
      vertex 6.15059 5.196 4.3
      vertex 6.15059 7.804 4.3
    endloop
  endfacet
  facet normal 0 0 1
    outer loop
      vertex 5.98338 7.74724 4.3
      vertex 5.98338 5.25276 4.3
      vertex 6.15059 5.196 4.3
    endloop
  endfacet
  facet normal -0 0 1
    outer loop
      vertex 5.825 7.66913 4.3
      vertex 5.98338 5.25276 4.3
      vertex 5.98338 7.74724 4.3
    endloop
  endfacet
  facet normal 0 0 1
    outer loop
      vertex 5.825 7.66913 4.3
      vertex 5.825 5.33086 4.3
      vertex 5.98338 5.25276 4.3
    endloop
  endfacet
  facet normal -0 0 1
    outer loop
      vertex 5.67817 7.57103 4.3
      vertex 5.825 5.33086 4.3
      vertex 5.825 7.66913 4.3
    endloop
  endfacet
  facet normal 0 0 1
    outer loop
      vertex 5.67817 7.57103 4.3
      vertex 5.67817 5.42897 4.3
      vertex 5.825 5.33086 4.3
    endloop
  endfacet
  facet normal -0 0 1
    outer loop
      vertex 5.54541 7.45459 4.3
      vertex 5.67817 5.42897 4.3
      vertex 5.67817 7.57103 4.3
    endloop
  endfacet
  facet normal 0 0 1
    outer loop
      vertex 5.54541 7.45459 4.3
      vertex 5.54541 5.54541 4.3
      vertex 5.67817 5.42897 4.3
    endloop
  endfacet
  facet normal -0 0 1
    outer loop
      vertex 5.42897 7.32183 4.3
      vertex 5.54541 5.54541 4.3
      vertex 5.54541 7.45459 4.3
    endloop
  endfacet
  facet normal 0 0 1
    outer loop
      vertex 5.42897 7.32183 4.3
      vertex 5.42897 5.67817 4.3
      vertex 5.54541 5.54541 4.3
    endloop
  endfacet
  facet normal -0 0 1
    outer loop
      vertex 5.33086 7.175 4.3
      vertex 5.42897 5.67817 4.3
      vertex 5.42897 7.32183 4.3
    endloop
  endfacet
  facet normal 0 0 1
    outer loop
      vertex 5.33086 7.175 4.3
      vertex 5.33086 5.825 4.3
      vertex 5.42897 5.67817 4.3
    endloop
  endfacet
  facet normal -0 0 1
    outer loop
      vertex 5.25276 7.01662 4.3
      vertex 5.33086 5.825 4.3
      vertex 5.33086 7.175 4.3
    endloop
  endfacet
  facet normal 0 0 1
    outer loop
      vertex 5.25276 7.01662 4.3
      vertex 5.25276 5.98338 4.3
      vertex 5.33086 5.825 4.3
    endloop
  endfacet
  facet normal -0 0 1
    outer loop
      vertex 5.196 6.84941 4.3
      vertex 5.25276 5.98338 4.3
      vertex 5.25276 7.01662 4.3
    endloop
  endfacet
  facet normal 0 0 1
    outer loop
      vertex 5.196 6.84941 4.3
      vertex 5.196 6.15059 4.3
      vertex 5.25276 5.98338 4.3
    endloop
  endfacet
  facet normal -0 0 1
    outer loop
      vertex 5.16155 6.67621 4.3
      vertex 5.196 6.15059 4.3
      vertex 5.196 6.84941 4.3
    endloop
  endfacet
  facet normal 0 0 1
    outer loop
      vertex 5.16155 6.67621 4.3
      vertex 5.16155 6.32379 4.3
      vertex 5.196 6.15059 4.3
    endloop
  endfacet
  facet normal 0 -0 1
    outer loop
      vertex 5.16155 6.32379 4.3
      vertex 5.16155 6.67621 4.3
      vertex 5.15 6.5 4.3
    endloop
  endfacet
  facet normal 0.997859 -0.0654064 0
    outer loop
      vertex 5.15 6.5 15.8
      vertex 5.16155 6.67621 4.3
      vertex 5.16155 6.67621 15.8
    endloop
  endfacet
  facet normal 0.997859 -0.0654064 0
    outer loop
      vertex 5.16155 6.67621 4.3
      vertex 5.15 6.5 15.8
      vertex 5.15 6.5 4.3
    endloop
  endfacet
  facet normal 0.659386 -0.751804 0
    outer loop
      vertex 5.54541 7.45459 4.3
      vertex 5.67817 7.57103 15.8
      vertex 5.54541 7.45459 15.8
    endloop
  endfacet
  facet normal 0.659386 -0.751804 0
    outer loop
      vertex 5.67817 7.57103 15.8
      vertex 5.54541 7.45459 4.3
      vertex 5.67817 7.57103 4.3
    endloop
  endfacet
  facet normal 0.195081 -0.980787 0
    outer loop
      vertex 6.15059 7.804 4.3
      vertex 6.32379 7.83845 15.8
      vertex 6.15059 7.804 15.8
    endloop
  endfacet
  facet normal 0.195081 -0.980787 0
    outer loop
      vertex 6.32379 7.83845 15.8
      vertex 6.15059 7.804 4.3
      vertex 6.32379 7.83845 4.3
    endloop
  endfacet
  facet normal -0.997859 0.0654064 0
    outer loop
      vertex 7.83845 6.32379 4.3
      vertex 7.85 6.5 15.8
      vertex 7.85 6.5 4.3
    endloop
  endfacet
  facet normal -0.997859 0.0654064 0
    outer loop
      vertex 7.85 6.5 15.8
      vertex 7.83845 6.32379 4.3
      vertex 7.83845 6.32379 15.8
    endloop
  endfacet
  facet normal -0.195081 0.980787 0
    outer loop
      vertex 6.84941 5.196 4.3
      vertex 6.67621 5.16155 15.8
      vertex 6.84941 5.196 15.8
    endloop
  endfacet
  facet normal -0.195081 0.980787 0
    outer loop
      vertex 6.67621 5.16155 15.8
      vertex 6.84941 5.196 4.3
      vertex 6.67621 5.16155 4.3
    endloop
  endfacet
  facet normal -0.442269 0.896883 0
    outer loop
      vertex 7.175 5.33086 4.3
      vertex 7.01662 5.25276 15.8
      vertex 7.175 5.33086 15.8
    endloop
  endfacet
  facet normal -0.442269 0.896883 0
    outer loop
      vertex 7.01662 5.25276 15.8
      vertex 7.175 5.33086 4.3
      vertex 7.01662 5.25276 4.3
    endloop
  endfacet
  facet normal -0.659386 0.751804 0
    outer loop
      vertex 7.45459 5.54541 4.3
      vertex 7.32183 5.42897 15.8
      vertex 7.45459 5.54541 15.8
    endloop
  endfacet
  facet normal -0.659386 0.751804 0
    outer loop
      vertex 7.32183 5.42897 15.8
      vertex 7.45459 5.54541 4.3
      vertex 7.32183 5.42897 4.3
    endloop
  endfacet
  facet normal -0.831492 0.555536 0
    outer loop
      vertex 7.57103 5.67817 4.3
      vertex 7.66913 5.825 15.8
      vertex 7.66913 5.825 4.3
    endloop
  endfacet
  facet normal -0.831492 0.555536 0
    outer loop
      vertex 7.66913 5.825 15.8
      vertex 7.57103 5.67817 4.3
      vertex 7.57103 5.67817 15.8
    endloop
  endfacet
  facet normal 0.442269 0.896883 -0
    outer loop
      vertex 5.98338 5.25276 4.3
      vertex 5.825 5.33086 15.8
      vertex 5.98338 5.25276 15.8
    endloop
  endfacet
  facet normal 0.442269 0.896883 0
    outer loop
      vertex 5.825 5.33086 15.8
      vertex 5.98338 5.25276 4.3
      vertex 5.825 5.33086 4.3
    endloop
  endfacet
  facet normal 0.555575 0.831466 -0
    outer loop
      vertex 5.825 5.33086 4.3
      vertex 5.67817 5.42897 15.8
      vertex 5.825 5.33086 15.8
    endloop
  endfacet
  facet normal 0.555575 0.831466 0
    outer loop
      vertex 5.67817 5.42897 15.8
      vertex 5.825 5.33086 4.3
      vertex 5.67817 5.42897 4.3
    endloop
  endfacet
  facet normal 0.321439 0.94693 -0
    outer loop
      vertex 6.15059 5.196 4.3
      vertex 5.98338 5.25276 15.8
      vertex 6.15059 5.196 15.8
    endloop
  endfacet
  facet normal 0.321439 0.94693 0
    outer loop
      vertex 5.98338 5.25276 15.8
      vertex 6.15059 5.196 4.3
      vertex 5.98338 5.25276 4.3
    endloop
  endfacet
  facet normal 0.0654064 0.997859 -0
    outer loop
      vertex 6.5 5.15 4.3
      vertex 6.32379 5.16155 15.8
      vertex 6.5 5.15 15.8
    endloop
  endfacet
  facet normal 0.0654064 0.997859 0
    outer loop
      vertex 6.32379 5.16155 15.8
      vertex 6.5 5.15 4.3
      vertex 6.32379 5.16155 4.3
    endloop
  endfacet
  facet normal 0.659386 0.751804 -0
    outer loop
      vertex 5.67817 5.42897 4.3
      vertex 5.54541 5.54541 15.8
      vertex 5.67817 5.42897 15.8
    endloop
  endfacet
  facet normal 0.659386 0.751804 0
    outer loop
      vertex 5.54541 5.54541 15.8
      vertex 5.67817 5.42897 4.3
      vertex 5.54541 5.54541 4.3
    endloop
  endfacet
  facet normal 0.896883 0.442269 0
    outer loop
      vertex 5.33086 5.825 15.8
      vertex 5.25276 5.98338 4.3
      vertex 5.25276 5.98338 15.8
    endloop
  endfacet
  facet normal 0.896883 0.442269 0
    outer loop
      vertex 5.25276 5.98338 4.3
      vertex 5.33086 5.825 15.8
      vertex 5.33086 5.825 4.3
    endloop
  endfacet
  facet normal 0.980787 0.195081 0
    outer loop
      vertex 5.196 6.15059 15.8
      vertex 5.16155 6.32379 4.3
      vertex 5.16155 6.32379 15.8
    endloop
  endfacet
  facet normal 0.980787 0.195081 0
    outer loop
      vertex 5.16155 6.32379 4.3
      vertex 5.196 6.15059 15.8
      vertex 5.196 6.15059 4.3
    endloop
  endfacet
  facet normal 0.831466 -0.555575 0
    outer loop
      vertex 5.33086 7.175 15.8
      vertex 5.42897 7.32183 4.3
      vertex 5.42897 7.32183 15.8
    endloop
  endfacet
  facet normal 0.831466 -0.555575 0
    outer loop
      vertex 5.42897 7.32183 4.3
      vertex 5.33086 7.175 15.8
      vertex 5.33086 7.175 4.3
    endloop
  endfacet
  facet normal 0.997859 0.0654064 0
    outer loop
      vertex 5.16155 6.32379 15.8
      vertex 5.15 6.5 4.3
      vertex 5.15 6.5 15.8
    endloop
  endfacet
  facet normal 0.997859 0.0654064 0
    outer loop
      vertex 5.15 6.5 4.3
      vertex 5.16155 6.32379 15.8
      vertex 5.16155 6.32379 4.3
    endloop
  endfacet
  facet normal -0.94693 0.321439 0
    outer loop
      vertex 7.74724 5.98338 4.3
      vertex 7.804 6.15059 15.8
      vertex 7.804 6.15059 4.3
    endloop
  endfacet
  facet normal -0.94693 0.321439 0
    outer loop
      vertex 7.804 6.15059 15.8
      vertex 7.74724 5.98338 4.3
      vertex 7.74724 5.98338 15.8
    endloop
  endfacet
  facet normal -0.321439 0.94693 0
    outer loop
      vertex 7.01662 5.25276 4.3
      vertex 6.84941 5.196 15.8
      vertex 7.01662 5.25276 15.8
    endloop
  endfacet
  facet normal -0.321439 0.94693 0
    outer loop
      vertex 6.84941 5.196 15.8
      vertex 7.01662 5.25276 4.3
      vertex 6.84941 5.196 4.3
    endloop
  endfacet
  facet normal 0.94693 0.321439 0
    outer loop
      vertex 5.25276 5.98338 15.8
      vertex 5.196 6.15059 4.3
      vertex 5.196 6.15059 15.8
    endloop
  endfacet
  facet normal 0.94693 0.321439 0
    outer loop
      vertex 5.196 6.15059 4.3
      vertex 5.25276 5.98338 15.8
      vertex 5.25276 5.98338 4.3
    endloop
  endfacet
  facet normal -0.980787 0.195081 0
    outer loop
      vertex 7.804 6.15059 4.3
      vertex 7.83845 6.32379 15.8
      vertex 7.83845 6.32379 4.3
    endloop
  endfacet
  facet normal -0.980787 0.195081 0
    outer loop
      vertex 7.83845 6.32379 15.8
      vertex 7.804 6.15059 4.3
      vertex 7.804 6.15059 15.8
    endloop
  endfacet
  facet normal -0.997877 -0.0651245 0
    outer loop
      vertex 53.65 6.5 4.3
      vertex 53.6385 6.67621 15.8
      vertex 53.6385 6.67621 4.3
    endloop
  endfacet
  facet normal -0.997877 -0.0651245 0
    outer loop
      vertex 53.6385 6.67621 15.8
      vertex 53.65 6.5 4.3
      vertex 53.65 6.5 15.8
    endloop
  endfacet
  facet normal 0.0654101 -0.997858 0
    outer loop
      vertex 52.1238 7.83845 4.3
      vertex 52.3 7.85 15.8
      vertex 52.1238 7.83845 15.8
    endloop
  endfacet
  facet normal 0.0654101 -0.997858 0
    outer loop
      vertex 52.3 7.85 15.8
      vertex 52.1238 7.83845 4.3
      vertex 52.3 7.85 4.3
    endloop
  endfacet
  facet normal -0.659274 -0.751903 0
    outer loop
      vertex 53.1218 7.57103 4.3
      vertex 53.2546 7.45459 15.8
      vertex 53.1218 7.57103 15.8
    endloop
  endfacet
  facet normal -0.659274 -0.751903 -0
    outer loop
      vertex 53.2546 7.45459 15.8
      vertex 53.1218 7.57103 4.3
      vertex 53.2546 7.45459 4.3
    endloop
  endfacet
  facet normal 0.751917 -0.659258 0
    outer loop
      vertex 51.229 7.32183 15.8
      vertex 51.3454 7.45459 4.3
      vertex 51.3454 7.45459 15.8
    endloop
  endfacet
  facet normal 0.751917 -0.659258 0
    outer loop
      vertex 51.3454 7.45459 4.3
      vertex 51.229 7.32183 15.8
      vertex 51.229 7.32183 4.3
    endloop
  endfacet
  facet normal 0.442269 -0.896882 0
    outer loop
      vertex 51.625 7.66913 4.3
      vertex 51.7834 7.74724 15.8
      vertex 51.625 7.66913 15.8
    endloop
  endfacet
  facet normal 0.442269 -0.896882 0
    outer loop
      vertex 51.7834 7.74724 15.8
      vertex 51.625 7.66913 4.3
      vertex 51.7834 7.74724 4.3
    endloop
  endfacet
  facet normal 0.946861 0.321642 0
    outer loop
      vertex 51.0528 5.98338 15.8
      vertex 50.996 6.15059 4.3
      vertex 50.996 6.15059 15.8
    endloop
  endfacet
  facet normal 0.946861 0.321642 0
    outer loop
      vertex 50.996 6.15059 4.3
      vertex 51.0528 5.98338 15.8
      vertex 51.0528 5.98338 4.3
    endloop
  endfacet
  facet normal -0.896883 -0.442269 0
    outer loop
      vertex 53.5472 7.01662 4.3
      vertex 53.4691 7.175 15.8
      vertex 53.4691 7.175 4.3
    endloop
  endfacet
  facet normal -0.896883 -0.442269 0
    outer loop
      vertex 53.4691 7.175 15.8
      vertex 53.5472 7.01662 4.3
      vertex 53.5472 7.01662 15.8
    endloop
  endfacet
  facet normal -0.980733 -0.195354 0
    outer loop
      vertex 53.6385 6.67621 4.3
      vertex 53.604 6.84941 15.8
      vertex 53.604 6.84941 4.3
    endloop
  endfacet
  facet normal -0.980733 -0.195354 0
    outer loop
      vertex 53.604 6.84941 15.8
      vertex 53.6385 6.67621 4.3
      vertex 53.6385 6.67621 15.8
    endloop
  endfacet
  facet normal -0.831492 -0.555536 0
    outer loop
      vertex 53.4691 7.175 4.3
      vertex 53.371 7.32183 15.8
      vertex 53.371 7.32183 4.3
    endloop
  endfacet
  facet normal -0.831492 -0.555536 0
    outer loop
      vertex 53.371 7.32183 15.8
      vertex 53.4691 7.175 4.3
      vertex 53.4691 7.175 15.8
    endloop
  endfacet
  facet normal -0.321456 -0.946925 0
    outer loop
      vertex 52.6494 7.804 4.3
      vertex 52.8166 7.74724 15.8
      vertex 52.6494 7.804 15.8
    endloop
  endfacet
  facet normal -0.321456 -0.946925 -0
    outer loop
      vertex 52.8166 7.74724 15.8
      vertex 52.6494 7.804 4.3
      vertex 52.8166 7.74724 4.3
    endloop
  endfacet
  facet normal -0.195081 -0.980787 0
    outer loop
      vertex 52.4762 7.83845 4.3
      vertex 52.6494 7.804 15.8
      vertex 52.4762 7.83845 15.8
    endloop
  endfacet
  facet normal -0.195081 -0.980787 -0
    outer loop
      vertex 52.6494 7.804 15.8
      vertex 52.4762 7.83845 4.3
      vertex 52.6494 7.804 4.3
    endloop
  endfacet
  facet normal -0.555615 -0.83144 0
    outer loop
      vertex 52.975 7.66913 4.3
      vertex 53.1218 7.57103 15.8
      vertex 52.975 7.66913 15.8
    endloop
  endfacet
  facet normal -0.555615 -0.83144 -0
    outer loop
      vertex 53.1218 7.57103 15.8
      vertex 52.975 7.66913 4.3
      vertex 53.1218 7.57103 4.3
    endloop
  endfacet
  facet normal 0.946861 -0.321642 0
    outer loop
      vertex 50.996 6.84941 15.8
      vertex 51.0528 7.01662 4.3
      vertex 51.0528 7.01662 15.8
    endloop
  endfacet
  facet normal 0.946861 -0.321642 0
    outer loop
      vertex 51.0528 7.01662 4.3
      vertex 50.996 6.84941 15.8
      vertex 50.996 6.84941 4.3
    endloop
  endfacet
  facet normal 0.896883 -0.442269 0
    outer loop
      vertex 51.0528 7.01662 15.8
      vertex 51.1309 7.175 4.3
      vertex 51.1309 7.175 15.8
    endloop
  endfacet
  facet normal 0.896883 -0.442269 0
    outer loop
      vertex 51.1309 7.175 4.3
      vertex 51.0528 7.01662 15.8
      vertex 51.0528 7.01662 4.3
    endloop
  endfacet
  facet normal 0.980733 -0.195354 0
    outer loop
      vertex 50.9615 6.67621 15.8
      vertex 50.996 6.84941 4.3
      vertex 50.996 6.84941 15.8
    endloop
  endfacet
  facet normal 0.980733 -0.195354 0
    outer loop
      vertex 50.996 6.84941 4.3
      vertex 50.9615 6.67621 15.8
      vertex 50.9615 6.67621 4.3
    endloop
  endfacet
  facet normal 0.555615 -0.83144 0
    outer loop
      vertex 51.4782 7.57103 4.3
      vertex 51.625 7.66913 15.8
      vertex 51.4782 7.57103 15.8
    endloop
  endfacet
  facet normal 0.555615 -0.83144 0
    outer loop
      vertex 51.625 7.66913 15.8
      vertex 51.4782 7.57103 4.3
      vertex 51.625 7.66913 4.3
    endloop
  endfacet
  facet normal 0.321456 -0.946925 0
    outer loop
      vertex 51.7834 7.74724 4.3
      vertex 51.9506 7.804 15.8
      vertex 51.7834 7.74724 15.8
    endloop
  endfacet
  facet normal 0.321456 -0.946925 0
    outer loop
      vertex 51.9506 7.804 15.8
      vertex 51.7834 7.74724 4.3
      vertex 51.9506 7.804 4.3
    endloop
  endfacet
  facet normal -0.751917 0.659258 0
    outer loop
      vertex 53.2546 5.54541 4.3
      vertex 53.371 5.67817 15.8
      vertex 53.371 5.67817 4.3
    endloop
  endfacet
  facet normal -0.751917 0.659258 0
    outer loop
      vertex 53.371 5.67817 15.8
      vertex 53.2546 5.54541 4.3
      vertex 53.2546 5.54541 15.8
    endloop
  endfacet
  facet normal -0.555654 0.831414 0
    outer loop
      vertex 53.1218 5.42897 4.3
      vertex 52.975 5.33086 15.8
      vertex 53.1218 5.42897 15.8
    endloop
  endfacet
  facet normal -0.555654 0.831414 0
    outer loop
      vertex 52.975 5.33086 15.8
      vertex 53.1218 5.42897 4.3
      vertex 52.975 5.33086 4.3
    endloop
  endfacet
  facet normal -0.980733 0.195354 0
    outer loop
      vertex 53.604 6.15059 4.3
      vertex 53.6385 6.32379 15.8
      vertex 53.6385 6.32379 4.3
    endloop
  endfacet
  facet normal -0.980733 0.195354 0
    outer loop
      vertex 53.6385 6.32379 15.8
      vertex 53.604 6.15059 4.3
      vertex 53.604 6.15059 15.8
    endloop
  endfacet
  facet normal 0.321456 0.946925 -0
    outer loop
      vertex 51.9506 5.196 4.3
      vertex 51.7834 5.25276 15.8
      vertex 51.9506 5.196 15.8
    endloop
  endfacet
  facet normal 0.321456 0.946925 0
    outer loop
      vertex 51.7834 5.25276 15.8
      vertex 51.9506 5.196 4.3
      vertex 51.7834 5.25276 4.3
    endloop
  endfacet
  facet normal 0.195081 0.980787 -0
    outer loop
      vertex 52.1238 5.16155 4.3
      vertex 51.9506 5.196 15.8
      vertex 52.1238 5.16155 15.8
    endloop
  endfacet
  facet normal 0.195081 0.980787 0
    outer loop
      vertex 51.9506 5.196 15.8
      vertex 52.1238 5.16155 4.3
      vertex 51.9506 5.196 4.3
    endloop
  endfacet
  facet normal 0.831492 0.555536 0
    outer loop
      vertex 51.229 5.67817 15.8
      vertex 51.1309 5.825 4.3
      vertex 51.1309 5.825 15.8
    endloop
  endfacet
  facet normal 0.831492 0.555536 0
    outer loop
      vertex 51.1309 5.825 4.3
      vertex 51.229 5.67817 15.8
      vertex 51.229 5.67817 4.3
    endloop
  endfacet
  facet normal 0.751917 0.659258 0
    outer loop
      vertex 51.3454 5.54541 15.8
      vertex 51.229 5.67817 4.3
      vertex 51.229 5.67817 15.8
    endloop
  endfacet
  facet normal 0.751917 0.659258 0
    outer loop
      vertex 51.229 5.67817 4.3
      vertex 51.3454 5.54541 15.8
      vertex 51.3454 5.54541 4.3
    endloop
  endfacet
  facet normal 0.980733 0.195354 0
    outer loop
      vertex 50.996 6.15059 15.8
      vertex 50.9615 6.32379 4.3
      vertex 50.9615 6.32379 15.8
    endloop
  endfacet
  facet normal 0.980733 0.195354 0
    outer loop
      vertex 50.9615 6.32379 4.3
      vertex 50.996 6.15059 15.8
      vertex 50.996 6.15059 4.3
    endloop
  endfacet
  facet normal -0.946861 -0.321642 0
    outer loop
      vertex 53.604 6.84941 4.3
      vertex 53.5472 7.01662 15.8
      vertex 53.5472 7.01662 4.3
    endloop
  endfacet
  facet normal -0.946861 -0.321642 0
    outer loop
      vertex 53.5472 7.01662 15.8
      vertex 53.604 6.84941 4.3
      vertex 53.604 6.84941 15.8
    endloop
  endfacet
  facet normal -0.0654101 -0.997858 0
    outer loop
      vertex 52.3 7.85 4.3
      vertex 52.4762 7.83845 15.8
      vertex 52.3 7.85 15.8
    endloop
  endfacet
  facet normal -0.0654101 -0.997858 -0
    outer loop
      vertex 52.4762 7.83845 15.8
      vertex 52.3 7.85 4.3
      vertex 52.4762 7.83845 4.3
    endloop
  endfacet
  facet normal 0 0 1
    outer loop
      vertex 53.6385 6.67621 4.3
      vertex 53.6385 6.32379 4.3
      vertex 53.65 6.5 4.3
    endloop
  endfacet
  facet normal 0 0 1
    outer loop
      vertex 53.604 6.84941 4.3
      vertex 53.6385 6.32379 4.3
      vertex 53.6385 6.67621 4.3
    endloop
  endfacet
  facet normal 0 0 1
    outer loop
      vertex 53.604 6.84941 4.3
      vertex 53.604 6.15059 4.3
      vertex 53.6385 6.32379 4.3
    endloop
  endfacet
  facet normal 0 0 1
    outer loop
      vertex 53.5472 7.01662 4.3
      vertex 53.604 6.15059 4.3
      vertex 53.604 6.84941 4.3
    endloop
  endfacet
  facet normal 0 0 1
    outer loop
      vertex 53.5472 7.01662 4.3
      vertex 53.5472 5.98338 4.3
      vertex 53.604 6.15059 4.3
    endloop
  endfacet
  facet normal 0 0 1
    outer loop
      vertex 53.4691 7.175 4.3
      vertex 53.5472 5.98338 4.3
      vertex 53.5472 7.01662 4.3
    endloop
  endfacet
  facet normal 0 0 1
    outer loop
      vertex 53.4691 7.175 4.3
      vertex 53.4691 5.825 4.3
      vertex 53.5472 5.98338 4.3
    endloop
  endfacet
  facet normal 0 0 1
    outer loop
      vertex 53.371 7.32183 4.3
      vertex 53.4691 5.825 4.3
      vertex 53.4691 7.175 4.3
    endloop
  endfacet
  facet normal 0 0 1
    outer loop
      vertex 53.371 7.32183 4.3
      vertex 53.371 5.67817 4.3
      vertex 53.4691 5.825 4.3
    endloop
  endfacet
  facet normal 0 0 1
    outer loop
      vertex 53.2546 7.45459 4.3
      vertex 53.371 5.67817 4.3
      vertex 53.371 7.32183 4.3
    endloop
  endfacet
  facet normal 0 0 1
    outer loop
      vertex 53.2546 7.45459 4.3
      vertex 53.2546 5.54541 4.3
      vertex 53.371 5.67817 4.3
    endloop
  endfacet
  facet normal 0 0 1
    outer loop
      vertex 53.1218 7.57103 4.3
      vertex 53.2546 5.54541 4.3
      vertex 53.2546 7.45459 4.3
    endloop
  endfacet
  facet normal 0 0 1
    outer loop
      vertex 53.1218 7.57103 4.3
      vertex 53.1218 5.42897 4.3
      vertex 53.2546 5.54541 4.3
    endloop
  endfacet
  facet normal 0 0 1
    outer loop
      vertex 52.975 7.66913 4.3
      vertex 53.1218 5.42897 4.3
      vertex 53.1218 7.57103 4.3
    endloop
  endfacet
  facet normal 0 0 1
    outer loop
      vertex 52.975 7.66913 4.3
      vertex 52.975 5.33086 4.3
      vertex 53.1218 5.42897 4.3
    endloop
  endfacet
  facet normal 0 0 1
    outer loop
      vertex 52.8166 7.74724 4.3
      vertex 52.975 5.33086 4.3
      vertex 52.975 7.66913 4.3
    endloop
  endfacet
  facet normal 0 0 1
    outer loop
      vertex 52.8166 7.74724 4.3
      vertex 52.8166 5.25276 4.3
      vertex 52.975 5.33086 4.3
    endloop
  endfacet
  facet normal 0 0 1
    outer loop
      vertex 52.6494 7.804 4.3
      vertex 52.8166 5.25276 4.3
      vertex 52.8166 7.74724 4.3
    endloop
  endfacet
  facet normal 0 0 1
    outer loop
      vertex 52.6494 7.804 4.3
      vertex 52.6494 5.196 4.3
      vertex 52.8166 5.25276 4.3
    endloop
  endfacet
  facet normal 0 0 1
    outer loop
      vertex 52.4762 7.83845 4.3
      vertex 52.6494 5.196 4.3
      vertex 52.6494 7.804 4.3
    endloop
  endfacet
  facet normal 0 0 1
    outer loop
      vertex 52.4762 7.83845 4.3
      vertex 52.4762 5.16155 4.3
      vertex 52.6494 5.196 4.3
    endloop
  endfacet
  facet normal 0 0 1
    outer loop
      vertex 52.3 7.85 4.3
      vertex 52.4762 5.16155 4.3
      vertex 52.4762 7.83845 4.3
    endloop
  endfacet
  facet normal 0 0 1
    outer loop
      vertex 52.3 7.85 4.3
      vertex 52.3 5.15 4.3
      vertex 52.4762 5.16155 4.3
    endloop
  endfacet
  facet normal -0 0 1
    outer loop
      vertex 52.1238 7.83845 4.3
      vertex 52.3 5.15 4.3
      vertex 52.3 7.85 4.3
    endloop
  endfacet
  facet normal 0 0 1
    outer loop
      vertex 52.1238 7.83845 4.3
      vertex 52.1238 5.16155 4.3
      vertex 52.3 5.15 4.3
    endloop
  endfacet
  facet normal -0 0 1
    outer loop
      vertex 51.9506 7.804 4.3
      vertex 52.1238 5.16155 4.3
      vertex 52.1238 7.83845 4.3
    endloop
  endfacet
  facet normal 0 0 1
    outer loop
      vertex 51.9506 7.804 4.3
      vertex 51.9506 5.196 4.3
      vertex 52.1238 5.16155 4.3
    endloop
  endfacet
  facet normal -0 0 1
    outer loop
      vertex 51.7834 7.74724 4.3
      vertex 51.9506 5.196 4.3
      vertex 51.9506 7.804 4.3
    endloop
  endfacet
  facet normal 0 0 1
    outer loop
      vertex 51.7834 7.74724 4.3
      vertex 51.7834 5.25276 4.3
      vertex 51.9506 5.196 4.3
    endloop
  endfacet
  facet normal -0 0 1
    outer loop
      vertex 51.625 7.66913 4.3
      vertex 51.7834 5.25276 4.3
      vertex 51.7834 7.74724 4.3
    endloop
  endfacet
  facet normal 0 0 1
    outer loop
      vertex 51.625 7.66913 4.3
      vertex 51.625 5.33086 4.3
      vertex 51.7834 5.25276 4.3
    endloop
  endfacet
  facet normal -0 0 1
    outer loop
      vertex 51.4782 7.57103 4.3
      vertex 51.625 5.33086 4.3
      vertex 51.625 7.66913 4.3
    endloop
  endfacet
  facet normal 0 0 1
    outer loop
      vertex 51.4782 7.57103 4.3
      vertex 51.4782 5.42897 4.3
      vertex 51.625 5.33086 4.3
    endloop
  endfacet
  facet normal -0 0 1
    outer loop
      vertex 51.3454 7.45459 4.3
      vertex 51.4782 5.42897 4.3
      vertex 51.4782 7.57103 4.3
    endloop
  endfacet
  facet normal 0 0 1
    outer loop
      vertex 51.3454 7.45459 4.3
      vertex 51.3454 5.54541 4.3
      vertex 51.4782 5.42897 4.3
    endloop
  endfacet
  facet normal -0 0 1
    outer loop
      vertex 51.229 7.32183 4.3
      vertex 51.3454 5.54541 4.3
      vertex 51.3454 7.45459 4.3
    endloop
  endfacet
  facet normal 0 0 1
    outer loop
      vertex 51.229 7.32183 4.3
      vertex 51.229 5.67817 4.3
      vertex 51.3454 5.54541 4.3
    endloop
  endfacet
  facet normal -0 0 1
    outer loop
      vertex 51.1309 7.175 4.3
      vertex 51.229 5.67817 4.3
      vertex 51.229 7.32183 4.3
    endloop
  endfacet
  facet normal 0 0 1
    outer loop
      vertex 51.1309 7.175 4.3
      vertex 51.1309 5.825 4.3
      vertex 51.229 5.67817 4.3
    endloop
  endfacet
  facet normal -0 0 1
    outer loop
      vertex 51.0528 7.01662 4.3
      vertex 51.1309 5.825 4.3
      vertex 51.1309 7.175 4.3
    endloop
  endfacet
  facet normal 0 0 1
    outer loop
      vertex 51.0528 7.01662 4.3
      vertex 51.0528 5.98338 4.3
      vertex 51.1309 5.825 4.3
    endloop
  endfacet
  facet normal -0 0 1
    outer loop
      vertex 50.996 6.84941 4.3
      vertex 51.0528 5.98338 4.3
      vertex 51.0528 7.01662 4.3
    endloop
  endfacet
  facet normal 0 0 1
    outer loop
      vertex 50.996 6.84941 4.3
      vertex 50.996 6.15059 4.3
      vertex 51.0528 5.98338 4.3
    endloop
  endfacet
  facet normal -0 0 1
    outer loop
      vertex 50.9615 6.67621 4.3
      vertex 50.996 6.15059 4.3
      vertex 50.996 6.84941 4.3
    endloop
  endfacet
  facet normal 0 0 1
    outer loop
      vertex 50.9615 6.67621 4.3
      vertex 50.9615 6.32379 4.3
      vertex 50.996 6.15059 4.3
    endloop
  endfacet
  facet normal 0 -0 1
    outer loop
      vertex 50.9615 6.32379 4.3
      vertex 50.9615 6.67621 4.3
      vertex 50.95 6.5 4.3
    endloop
  endfacet
  facet normal 0.997877 -0.0651245 0
    outer loop
      vertex 50.95 6.5 15.8
      vertex 50.9615 6.67621 4.3
      vertex 50.9615 6.67621 15.8
    endloop
  endfacet
  facet normal 0.997877 -0.0651245 0
    outer loop
      vertex 50.9615 6.67621 4.3
      vertex 50.95 6.5 15.8
      vertex 50.95 6.5 4.3
    endloop
  endfacet
  facet normal 0.195081 -0.980787 0
    outer loop
      vertex 51.9506 7.804 4.3
      vertex 52.1238 7.83845 15.8
      vertex 51.9506 7.804 15.8
    endloop
  endfacet
  facet normal 0.195081 -0.980787 0
    outer loop
      vertex 52.1238 7.83845 15.8
      vertex 51.9506 7.804 4.3
      vertex 52.1238 7.83845 4.3
    endloop
  endfacet
  facet normal -0.997877 0.0651245 0
    outer loop
      vertex 53.6385 6.32379 4.3
      vertex 53.65 6.5 15.8
      vertex 53.65 6.5 4.3
    endloop
  endfacet
  facet normal -0.997877 0.0651245 0
    outer loop
      vertex 53.65 6.5 15.8
      vertex 53.6385 6.32379 4.3
      vertex 53.6385 6.32379 15.8
    endloop
  endfacet
  facet normal -0.195081 0.980787 0
    outer loop
      vertex 52.6494 5.196 4.3
      vertex 52.4762 5.16155 15.8
      vertex 52.6494 5.196 15.8
    endloop
  endfacet
  facet normal -0.195081 0.980787 0
    outer loop
      vertex 52.4762 5.16155 15.8
      vertex 52.6494 5.196 4.3
      vertex 52.4762 5.16155 4.3
    endloop
  endfacet
  facet normal -0.442224 0.896905 0
    outer loop
      vertex 52.975 5.33086 4.3
      vertex 52.8166 5.25276 15.8
      vertex 52.975 5.33086 15.8
    endloop
  endfacet
  facet normal -0.442224 0.896905 0
    outer loop
      vertex 52.8166 5.25276 15.8
      vertex 52.975 5.33086 4.3
      vertex 52.8166 5.25276 4.3
    endloop
  endfacet
  facet normal -0.659274 0.751903 0
    outer loop
      vertex 53.2546 5.54541 4.3
      vertex 53.1218 5.42897 15.8
      vertex 53.2546 5.54541 15.8
    endloop
  endfacet
  facet normal -0.659274 0.751903 0
    outer loop
      vertex 53.1218 5.42897 15.8
      vertex 53.2546 5.54541 4.3
      vertex 53.1218 5.42897 4.3
    endloop
  endfacet
  facet normal -0.946861 0.321642 0
    outer loop
      vertex 53.5472 5.98338 4.3
      vertex 53.604 6.15059 15.8
      vertex 53.604 6.15059 4.3
    endloop
  endfacet
  facet normal -0.946861 0.321642 0
    outer loop
      vertex 53.604 6.15059 15.8
      vertex 53.5472 5.98338 4.3
      vertex 53.5472 5.98338 15.8
    endloop
  endfacet
  facet normal -0.831492 0.555536 0
    outer loop
      vertex 53.371 5.67817 4.3
      vertex 53.4691 5.825 15.8
      vertex 53.4691 5.825 4.3
    endloop
  endfacet
  facet normal -0.831492 0.555536 0
    outer loop
      vertex 53.4691 5.825 15.8
      vertex 53.371 5.67817 4.3
      vertex 53.371 5.67817 15.8
    endloop
  endfacet
  facet normal -0.896883 0.442269 0
    outer loop
      vertex 53.4691 5.825 4.3
      vertex 53.5472 5.98338 15.8
      vertex 53.5472 5.98338 4.3
    endloop
  endfacet
  facet normal -0.896883 0.442269 0
    outer loop
      vertex 53.5472 5.98338 15.8
      vertex 53.4691 5.825 4.3
      vertex 53.4691 5.825 15.8
    endloop
  endfacet
  facet normal 0.555654 0.831414 -0
    outer loop
      vertex 51.625 5.33086 4.3
      vertex 51.4782 5.42897 15.8
      vertex 51.625 5.33086 15.8
    endloop
  endfacet
  facet normal 0.555654 0.831414 0
    outer loop
      vertex 51.4782 5.42897 15.8
      vertex 51.625 5.33086 4.3
      vertex 51.4782 5.42897 4.3
    endloop
  endfacet
  facet normal 0.442224 0.896905 -0
    outer loop
      vertex 51.7834 5.25276 4.3
      vertex 51.625 5.33086 15.8
      vertex 51.7834 5.25276 15.8
    endloop
  endfacet
  facet normal 0.442224 0.896905 0
    outer loop
      vertex 51.625 5.33086 15.8
      vertex 51.7834 5.25276 4.3
      vertex 51.625 5.33086 4.3
    endloop
  endfacet
  facet normal 0.0654101 0.997858 -0
    outer loop
      vertex 52.3 5.15 4.3
      vertex 52.1238 5.16155 15.8
      vertex 52.3 5.15 15.8
    endloop
  endfacet
  facet normal 0.0654101 0.997858 0
    outer loop
      vertex 52.1238 5.16155 15.8
      vertex 52.3 5.15 4.3
      vertex 52.1238 5.16155 4.3
    endloop
  endfacet
  facet normal 0.659274 0.751903 -0
    outer loop
      vertex 51.4782 5.42897 4.3
      vertex 51.3454 5.54541 15.8
      vertex 51.4782 5.42897 15.8
    endloop
  endfacet
  facet normal 0.659274 0.751903 0
    outer loop
      vertex 51.3454 5.54541 15.8
      vertex 51.4782 5.42897 4.3
      vertex 51.3454 5.54541 4.3
    endloop
  endfacet
  facet normal -0.751917 -0.659258 0
    outer loop
      vertex 53.371 7.32183 4.3
      vertex 53.2546 7.45459 15.8
      vertex 53.2546 7.45459 4.3
    endloop
  endfacet
  facet normal -0.751917 -0.659258 0
    outer loop
      vertex 53.2546 7.45459 15.8
      vertex 53.371 7.32183 4.3
      vertex 53.371 7.32183 15.8
    endloop
  endfacet
  facet normal -0.442269 -0.896882 0
    outer loop
      vertex 52.8166 7.74724 4.3
      vertex 52.975 7.66913 15.8
      vertex 52.8166 7.74724 15.8
    endloop
  endfacet
  facet normal -0.442269 -0.896882 -0
    outer loop
      vertex 52.975 7.66913 15.8
      vertex 52.8166 7.74724 4.3
      vertex 52.975 7.66913 4.3
    endloop
  endfacet
  facet normal 0.831492 -0.555536 0
    outer loop
      vertex 51.1309 7.175 15.8
      vertex 51.229 7.32183 4.3
      vertex 51.229 7.32183 15.8
    endloop
  endfacet
  facet normal 0.831492 -0.555536 0
    outer loop
      vertex 51.229 7.32183 4.3
      vertex 51.1309 7.175 15.8
      vertex 51.1309 7.175 4.3
    endloop
  endfacet
  facet normal 0.997877 0.0651245 0
    outer loop
      vertex 50.9615 6.32379 15.8
      vertex 50.95 6.5 4.3
      vertex 50.95 6.5 15.8
    endloop
  endfacet
  facet normal 0.997877 0.0651245 0
    outer loop
      vertex 50.95 6.5 4.3
      vertex 50.9615 6.32379 15.8
      vertex 50.9615 6.32379 4.3
    endloop
  endfacet
  facet normal 0.659274 -0.751903 0
    outer loop
      vertex 51.3454 7.45459 4.3
      vertex 51.4782 7.57103 15.8
      vertex 51.3454 7.45459 15.8
    endloop
  endfacet
  facet normal 0.659274 -0.751903 0
    outer loop
      vertex 51.4782 7.57103 15.8
      vertex 51.3454 7.45459 4.3
      vertex 51.4782 7.57103 4.3
    endloop
  endfacet
  facet normal -0.321456 0.946925 0
    outer loop
      vertex 52.8166 5.25276 4.3
      vertex 52.6494 5.196 15.8
      vertex 52.8166 5.25276 15.8
    endloop
  endfacet
  facet normal -0.321456 0.946925 0
    outer loop
      vertex 52.6494 5.196 15.8
      vertex 52.8166 5.25276 4.3
      vertex 52.6494 5.196 4.3
    endloop
  endfacet
  facet normal -0.0654101 0.997858 0
    outer loop
      vertex 52.4762 5.16155 4.3
      vertex 52.3 5.15 15.8
      vertex 52.4762 5.16155 15.8
    endloop
  endfacet
  facet normal -0.0654101 0.997858 0
    outer loop
      vertex 52.3 5.15 15.8
      vertex 52.4762 5.16155 4.3
      vertex 52.3 5.15 4.3
    endloop
  endfacet
  facet normal 0.896883 0.442269 0
    outer loop
      vertex 51.1309 5.825 15.8
      vertex 51.0528 5.98338 4.3
      vertex 51.0528 5.98338 15.8
    endloop
  endfacet
  facet normal 0.896883 0.442269 0
    outer loop
      vertex 51.0528 5.98338 4.3
      vertex 51.1309 5.825 15.8
      vertex 51.1309 5.825 4.3
    endloop
  endfacet
  facet normal -0.997854 -0.0654841 0
    outer loop
      vertex 7.85 128.3 4.3
      vertex 7.83845 128.476 15.8
      vertex 7.83845 128.476 4.3
    endloop
  endfacet
  facet normal -0.997854 -0.0654841 0
    outer loop
      vertex 7.83845 128.476 15.8
      vertex 7.85 128.3 4.3
      vertex 7.85 128.3 15.8
    endloop
  endfacet
  facet normal 0.997854 -0.0654841 0
    outer loop
      vertex 5.15 128.3 15.8
      vertex 5.16155 128.476 4.3
      vertex 5.16155 128.476 15.8
    endloop
  endfacet
  facet normal 0.997854 -0.0654841 0
    outer loop
      vertex 5.16155 128.476 4.3
      vertex 5.15 128.3 15.8
      vertex 5.15 128.3 4.3
    endloop
  endfacet
  facet normal -0.0679432 -0.997689 0
    outer loop
      vertex 6.5 129.65 4.3
      vertex 6.67621 129.638 15.8
      vertex 6.5 129.65 15.8
    endloop
  endfacet
  facet normal -0.0679432 -0.997689 -0
    outer loop
      vertex 6.67621 129.638 15.8
      vertex 6.5 129.65 4.3
      vertex 6.67621 129.638 4.3
    endloop
  endfacet
  facet normal -0.0679432 0.997689 0
    outer loop
      vertex 6.67621 126.962 4.3
      vertex 6.5 126.95 15.8
      vertex 6.67621 126.962 15.8
    endloop
  endfacet
  facet normal -0.0679432 0.997689 0
    outer loop
      vertex 6.5 126.95 15.8
      vertex 6.67621 126.962 4.3
      vertex 6.5 126.95 4.3
    endloop
  endfacet
  facet normal -0.657974 -0.75304 0
    outer loop
      vertex 7.32183 129.371 4.3
      vertex 7.45459 129.255 15.8
      vertex 7.32183 129.371 15.8
    endloop
  endfacet
  facet normal -0.657974 -0.75304 -0
    outer loop
      vertex 7.45459 129.255 15.8
      vertex 7.32183 129.371 4.3
      vertex 7.45459 129.255 4.3
    endloop
  endfacet
  facet normal 0.657974 -0.75304 0
    outer loop
      vertex 5.54541 129.255 4.3
      vertex 5.67817 129.371 15.8
      vertex 5.54541 129.255 15.8
    endloop
  endfacet
  facet normal 0.657974 -0.75304 0
    outer loop
      vertex 5.67817 129.371 15.8
      vertex 5.54541 129.255 4.3
      vertex 5.67817 129.371 4.3
    endloop
  endfacet
  facet normal 0.322657 -0.946516 0
    outer loop
      vertex 5.98338 129.547 4.3
      vertex 6.15059 129.604 15.8
      vertex 5.98338 129.547 15.8
    endloop
  endfacet
  facet normal 0.322657 -0.946516 0
    outer loop
      vertex 6.15059 129.604 15.8
      vertex 5.98338 129.547 4.3
      vertex 6.15059 129.604 4.3
    endloop
  endfacet
  facet normal -0.896438 -0.443169 0
    outer loop
      vertex 7.74724 128.817 4.3
      vertex 7.66913 128.975 15.8
      vertex 7.66913 128.975 4.3
    endloop
  endfacet
  facet normal -0.896438 -0.443169 0
    outer loop
      vertex 7.66913 128.975 15.8
      vertex 7.74724 128.817 4.3
      vertex 7.74724 128.817 15.8
    endloop
  endfacet
  facet normal -0.831789 -0.555092 0
    outer loop
      vertex 7.66913 128.975 4.3
      vertex 7.57103 129.122 15.8
      vertex 7.57103 129.122 4.3
    endloop
  endfacet
  facet normal -0.831789 -0.555092 0
    outer loop
      vertex 7.57103 129.122 15.8
      vertex 7.66913 128.975 4.3
      vertex 7.66913 128.975 15.8
    endloop
  endfacet
  facet normal -0.322657 -0.946516 0
    outer loop
      vertex 6.84941 129.604 4.3
      vertex 7.01662 129.547 15.8
      vertex 6.84941 129.604 15.8
    endloop
  endfacet
  facet normal -0.322657 -0.946516 -0
    outer loop
      vertex 7.01662 129.547 15.8
      vertex 6.84941 129.604 4.3
      vertex 7.01662 129.547 4.3
    endloop
  endfacet
  facet normal -0.192628 -0.981272 0
    outer loop
      vertex 6.67621 129.638 4.3
      vertex 6.84941 129.604 15.8
      vertex 6.67621 129.638 15.8
    endloop
  endfacet
  facet normal -0.192628 -0.981272 -0
    outer loop
      vertex 6.84941 129.604 15.8
      vertex 6.67621 129.638 4.3
      vertex 6.84941 129.604 4.3
    endloop
  endfacet
  facet normal -0.441813 -0.897107 0
    outer loop
      vertex 7.01662 129.547 4.3
      vertex 7.175 129.469 15.8
      vertex 7.01662 129.547 15.8
    endloop
  endfacet
  facet normal -0.441813 -0.897107 -0
    outer loop
      vertex 7.175 129.469 15.8
      vertex 7.01662 129.547 4.3
      vertex 7.175 129.469 4.3
    endloop
  endfacet
  facet normal 0.89646 -0.443124 0
    outer loop
      vertex 5.25276 128.817 15.8
      vertex 5.33086 128.975 4.3
      vertex 5.33086 128.975 15.8
    endloop
  endfacet
  facet normal 0.89646 -0.443124 0
    outer loop
      vertex 5.33086 128.975 4.3
      vertex 5.25276 128.817 15.8
      vertex 5.25276 128.817 4.3
    endloop
  endfacet
  facet normal 0.831763 -0.555131 0
    outer loop
      vertex 5.33086 128.975 15.8
      vertex 5.42897 129.122 4.3
      vertex 5.42897 129.122 15.8
    endloop
  endfacet
  facet normal 0.831763 -0.555131 0
    outer loop
      vertex 5.42897 129.122 4.3
      vertex 5.33086 128.975 15.8
      vertex 5.33086 128.975 4.3
    endloop
  endfacet
  facet normal 0.555145 -0.831754 0
    outer loop
      vertex 5.67817 129.371 4.3
      vertex 5.825 129.469 15.8
      vertex 5.67817 129.371 15.8
    endloop
  endfacet
  facet normal 0.555145 -0.831754 0
    outer loop
      vertex 5.825 129.469 15.8
      vertex 5.67817 129.371 4.3
      vertex 5.825 129.469 4.3
    endloop
  endfacet
  facet normal 0.192628 -0.981272 0
    outer loop
      vertex 6.15059 129.604 4.3
      vertex 6.32379 129.638 15.8
      vertex 6.15059 129.604 15.8
    endloop
  endfacet
  facet normal 0.192628 -0.981272 0
    outer loop
      vertex 6.32379 129.638 15.8
      vertex 6.15059 129.604 4.3
      vertex 6.32379 129.638 4.3
    endloop
  endfacet
  facet normal 0 0 1
    outer loop
      vertex 7.83845 128.476 4.3
      vertex 7.83845 128.124 4.3
      vertex 7.85 128.3 4.3
    endloop
  endfacet
  facet normal 0 0 1
    outer loop
      vertex 7.804 128.649 4.3
      vertex 7.83845 128.124 4.3
      vertex 7.83845 128.476 4.3
    endloop
  endfacet
  facet normal 0 0 1
    outer loop
      vertex 7.804 128.649 4.3
      vertex 7.804 127.951 4.3
      vertex 7.83845 128.124 4.3
    endloop
  endfacet
  facet normal 0 0 1
    outer loop
      vertex 7.74724 128.817 4.3
      vertex 7.804 127.951 4.3
      vertex 7.804 128.649 4.3
    endloop
  endfacet
  facet normal 0 0 1
    outer loop
      vertex 7.74724 128.817 4.3
      vertex 7.74724 127.783 4.3
      vertex 7.804 127.951 4.3
    endloop
  endfacet
  facet normal 0 0 1
    outer loop
      vertex 7.66913 128.975 4.3
      vertex 7.74724 127.783 4.3
      vertex 7.74724 128.817 4.3
    endloop
  endfacet
  facet normal 0 0 1
    outer loop
      vertex 7.66913 128.975 4.3
      vertex 7.66913 127.625 4.3
      vertex 7.74724 127.783 4.3
    endloop
  endfacet
  facet normal 0 0 1
    outer loop
      vertex 7.57103 129.122 4.3
      vertex 7.66913 127.625 4.3
      vertex 7.66913 128.975 4.3
    endloop
  endfacet
  facet normal 0 0 1
    outer loop
      vertex 7.57103 129.122 4.3
      vertex 7.57103 127.478 4.3
      vertex 7.66913 127.625 4.3
    endloop
  endfacet
  facet normal 0 0 1
    outer loop
      vertex 7.45459 129.255 4.3
      vertex 7.57103 127.478 4.3
      vertex 7.57103 129.122 4.3
    endloop
  endfacet
  facet normal 0 0 1
    outer loop
      vertex 7.45459 129.255 4.3
      vertex 7.45459 127.345 4.3
      vertex 7.57103 127.478 4.3
    endloop
  endfacet
  facet normal 0 0 1
    outer loop
      vertex 7.32183 129.371 4.3
      vertex 7.45459 127.345 4.3
      vertex 7.45459 129.255 4.3
    endloop
  endfacet
  facet normal 0 0 1
    outer loop
      vertex 7.32183 129.371 4.3
      vertex 7.32183 127.229 4.3
      vertex 7.45459 127.345 4.3
    endloop
  endfacet
  facet normal 0 0 1
    outer loop
      vertex 7.175 129.469 4.3
      vertex 7.32183 127.229 4.3
      vertex 7.32183 129.371 4.3
    endloop
  endfacet
  facet normal 0 0 1
    outer loop
      vertex 7.175 129.469 4.3
      vertex 7.175 127.131 4.3
      vertex 7.32183 127.229 4.3
    endloop
  endfacet
  facet normal 0 0 1
    outer loop
      vertex 7.01662 129.547 4.3
      vertex 7.175 127.131 4.3
      vertex 7.175 129.469 4.3
    endloop
  endfacet
  facet normal 0 0 1
    outer loop
      vertex 7.01662 129.547 4.3
      vertex 7.01662 127.053 4.3
      vertex 7.175 127.131 4.3
    endloop
  endfacet
  facet normal 0 0 1
    outer loop
      vertex 6.84941 129.604 4.3
      vertex 7.01662 127.053 4.3
      vertex 7.01662 129.547 4.3
    endloop
  endfacet
  facet normal 0 0 1
    outer loop
      vertex 6.84941 129.604 4.3
      vertex 6.84941 126.996 4.3
      vertex 7.01662 127.053 4.3
    endloop
  endfacet
  facet normal 0 0 1
    outer loop
      vertex 6.67621 129.638 4.3
      vertex 6.84941 126.996 4.3
      vertex 6.84941 129.604 4.3
    endloop
  endfacet
  facet normal 0 0 1
    outer loop
      vertex 6.67621 129.638 4.3
      vertex 6.67621 126.962 4.3
      vertex 6.84941 126.996 4.3
    endloop
  endfacet
  facet normal 0 0 1
    outer loop
      vertex 6.5 129.65 4.3
      vertex 6.67621 126.962 4.3
      vertex 6.67621 129.638 4.3
    endloop
  endfacet
  facet normal 0 0 1
    outer loop
      vertex 6.5 129.65 4.3
      vertex 6.5 126.95 4.3
      vertex 6.67621 126.962 4.3
    endloop
  endfacet
  facet normal -0 0 1
    outer loop
      vertex 6.32379 129.638 4.3
      vertex 6.5 126.95 4.3
      vertex 6.5 129.65 4.3
    endloop
  endfacet
  facet normal 0 0 1
    outer loop
      vertex 6.32379 129.638 4.3
      vertex 6.32379 126.962 4.3
      vertex 6.5 126.95 4.3
    endloop
  endfacet
  facet normal -0 0 1
    outer loop
      vertex 6.15059 129.604 4.3
      vertex 6.32379 126.962 4.3
      vertex 6.32379 129.638 4.3
    endloop
  endfacet
  facet normal 0 0 1
    outer loop
      vertex 6.15059 129.604 4.3
      vertex 6.15059 126.996 4.3
      vertex 6.32379 126.962 4.3
    endloop
  endfacet
  facet normal -0 0 1
    outer loop
      vertex 5.98338 129.547 4.3
      vertex 6.15059 126.996 4.3
      vertex 6.15059 129.604 4.3
    endloop
  endfacet
  facet normal 0 0 1
    outer loop
      vertex 5.98338 129.547 4.3
      vertex 5.98338 127.053 4.3
      vertex 6.15059 126.996 4.3
    endloop
  endfacet
  facet normal -0 0 1
    outer loop
      vertex 5.825 129.469 4.3
      vertex 5.98338 127.053 4.3
      vertex 5.98338 129.547 4.3
    endloop
  endfacet
  facet normal 0 0 1
    outer loop
      vertex 5.825 129.469 4.3
      vertex 5.825 127.131 4.3
      vertex 5.98338 127.053 4.3
    endloop
  endfacet
  facet normal -0 0 1
    outer loop
      vertex 5.67817 129.371 4.3
      vertex 5.825 127.131 4.3
      vertex 5.825 129.469 4.3
    endloop
  endfacet
  facet normal 0 0 1
    outer loop
      vertex 5.67817 129.371 4.3
      vertex 5.67817 127.229 4.3
      vertex 5.825 127.131 4.3
    endloop
  endfacet
  facet normal -0 0 1
    outer loop
      vertex 5.54541 129.255 4.3
      vertex 5.67817 127.229 4.3
      vertex 5.67817 129.371 4.3
    endloop
  endfacet
  facet normal 0 0 1
    outer loop
      vertex 5.54541 129.255 4.3
      vertex 5.54541 127.345 4.3
      vertex 5.67817 127.229 4.3
    endloop
  endfacet
  facet normal -0 0 1
    outer loop
      vertex 5.42897 129.122 4.3
      vertex 5.54541 127.345 4.3
      vertex 5.54541 129.255 4.3
    endloop
  endfacet
  facet normal 0 0 1
    outer loop
      vertex 5.42897 129.122 4.3
      vertex 5.42897 127.478 4.3
      vertex 5.54541 127.345 4.3
    endloop
  endfacet
  facet normal -0 0 1
    outer loop
      vertex 5.33086 128.975 4.3
      vertex 5.42897 127.478 4.3
      vertex 5.42897 129.122 4.3
    endloop
  endfacet
  facet normal 0 0 1
    outer loop
      vertex 5.33086 128.975 4.3
      vertex 5.33086 127.625 4.3
      vertex 5.42897 127.478 4.3
    endloop
  endfacet
  facet normal -0 0 1
    outer loop
      vertex 5.25276 128.817 4.3
      vertex 5.33086 127.625 4.3
      vertex 5.33086 128.975 4.3
    endloop
  endfacet
  facet normal 0 0 1
    outer loop
      vertex 5.25276 128.817 4.3
      vertex 5.25276 127.783 4.3
      vertex 5.33086 127.625 4.3
    endloop
  endfacet
  facet normal -0 0 1
    outer loop
      vertex 5.196 128.649 4.3
      vertex 5.25276 127.783 4.3
      vertex 5.25276 128.817 4.3
    endloop
  endfacet
  facet normal 0 0 1
    outer loop
      vertex 5.196 128.649 4.3
      vertex 5.196 127.951 4.3
      vertex 5.25276 127.783 4.3
    endloop
  endfacet
  facet normal -0 0 1
    outer loop
      vertex 5.16155 128.476 4.3
      vertex 5.196 127.951 4.3
      vertex 5.196 128.649 4.3
    endloop
  endfacet
  facet normal 0 0 1
    outer loop
      vertex 5.16155 128.476 4.3
      vertex 5.16155 128.124 4.3
      vertex 5.196 127.951 4.3
    endloop
  endfacet
  facet normal 0 -0 1
    outer loop
      vertex 5.16155 128.124 4.3
      vertex 5.16155 128.476 4.3
      vertex 5.15 128.3 4.3
    endloop
  endfacet
  facet normal -0.192628 0.981272 0
    outer loop
      vertex 6.84941 126.996 4.3
      vertex 6.67621 126.962 15.8
      vertex 6.84941 126.996 15.8
    endloop
  endfacet
  facet normal -0.192628 0.981272 0
    outer loop
      vertex 6.67621 126.962 15.8
      vertex 6.84941 126.996 4.3
      vertex 6.67621 126.962 4.3
    endloop
  endfacet
  facet normal -0.94739 -0.320082 0
    outer loop
      vertex 7.804 128.649 4.3
      vertex 7.74724 128.817 15.8
      vertex 7.74724 128.817 4.3
    endloop
  endfacet
  facet normal -0.94739 -0.320082 0
    outer loop
      vertex 7.74724 128.817 15.8
      vertex 7.804 128.649 4.3
      vertex 7.804 128.649 15.8
    endloop
  endfacet
  facet normal -0.980744 -0.195298 0
    outer loop
      vertex 7.83845 128.476 4.3
      vertex 7.804 128.649 15.8
      vertex 7.804 128.649 4.3
    endloop
  endfacet
  facet normal -0.980744 -0.195298 0
    outer loop
      vertex 7.804 128.649 15.8
      vertex 7.83845 128.476 4.3
      vertex 7.83845 128.476 15.8
    endloop
  endfacet
  facet normal -0.752394 -0.658713 0
    outer loop
      vertex 7.57103 129.122 4.3
      vertex 7.45459 129.255 15.8
      vertex 7.45459 129.255 4.3
    endloop
  endfacet
  facet normal -0.752394 -0.658713 0
    outer loop
      vertex 7.45459 129.255 15.8
      vertex 7.57103 129.122 4.3
      vertex 7.57103 129.122 15.8
    endloop
  endfacet
  facet normal -0.555145 -0.831754 0
    outer loop
      vertex 7.175 129.469 4.3
      vertex 7.32183 129.371 15.8
      vertex 7.175 129.469 15.8
    endloop
  endfacet
  facet normal -0.555145 -0.831754 -0
    outer loop
      vertex 7.32183 129.371 15.8
      vertex 7.175 129.469 4.3
      vertex 7.32183 129.371 4.3
    endloop
  endfacet
  facet normal 0.980744 -0.195298 0
    outer loop
      vertex 5.16155 128.476 15.8
      vertex 5.196 128.649 4.3
      vertex 5.196 128.649 15.8
    endloop
  endfacet
  facet normal 0.980744 -0.195298 0
    outer loop
      vertex 5.196 128.649 4.3
      vertex 5.16155 128.476 15.8
      vertex 5.16155 128.476 4.3
    endloop
  endfacet
  facet normal 0.0679432 -0.997689 0
    outer loop
      vertex 6.32379 129.638 4.3
      vertex 6.5 129.65 15.8
      vertex 6.32379 129.638 15.8
    endloop
  endfacet
  facet normal 0.0679432 -0.997689 0
    outer loop
      vertex 6.5 129.65 15.8
      vertex 6.32379 129.638 4.3
      vertex 6.5 129.65 4.3
    endloop
  endfacet
  facet normal -0.997854 0.0654841 0
    outer loop
      vertex 7.83845 128.124 4.3
      vertex 7.85 128.3 15.8
      vertex 7.85 128.3 4.3
    endloop
  endfacet
  facet normal -0.997854 0.0654841 0
    outer loop
      vertex 7.85 128.3 15.8
      vertex 7.83845 128.124 4.3
      vertex 7.83845 128.124 15.8
    endloop
  endfacet
  facet normal -0.94739 0.320082 0
    outer loop
      vertex 7.74724 127.783 4.3
      vertex 7.804 127.951 15.8
      vertex 7.804 127.951 4.3
    endloop
  endfacet
  facet normal -0.94739 0.320082 0
    outer loop
      vertex 7.804 127.951 15.8
      vertex 7.74724 127.783 4.3
      vertex 7.74724 127.783 15.8
    endloop
  endfacet
  facet normal -0.980744 0.195298 0
    outer loop
      vertex 7.804 127.951 4.3
      vertex 7.83845 128.124 15.8
      vertex 7.83845 128.124 4.3
    endloop
  endfacet
  facet normal -0.980744 0.195298 0
    outer loop
      vertex 7.83845 128.124 15.8
      vertex 7.804 127.951 4.3
      vertex 7.804 127.951 15.8
    endloop
  endfacet
  facet normal -0.555145 0.831754 0
    outer loop
      vertex 7.32183 127.229 4.3
      vertex 7.175 127.131 15.8
      vertex 7.32183 127.229 15.8
    endloop
  endfacet
  facet normal -0.555145 0.831754 0
    outer loop
      vertex 7.175 127.131 15.8
      vertex 7.32183 127.229 4.3
      vertex 7.175 127.131 4.3
    endloop
  endfacet
  facet normal -0.441813 0.897107 0
    outer loop
      vertex 7.175 127.131 4.3
      vertex 7.01662 127.053 15.8
      vertex 7.175 127.131 15.8
    endloop
  endfacet
  facet normal -0.441813 0.897107 0
    outer loop
      vertex 7.01662 127.053 15.8
      vertex 7.175 127.131 4.3
      vertex 7.01662 127.053 4.3
    endloop
  endfacet
  facet normal 0.752394 -0.658713 0
    outer loop
      vertex 5.42897 129.122 15.8
      vertex 5.54541 129.255 4.3
      vertex 5.54541 129.255 15.8
    endloop
  endfacet
  facet normal 0.752394 -0.658713 0
    outer loop
      vertex 5.54541 129.255 4.3
      vertex 5.42897 129.122 15.8
      vertex 5.42897 129.122 4.3
    endloop
  endfacet
  facet normal 0.94739 -0.320082 0
    outer loop
      vertex 5.196 128.649 15.8
      vertex 5.25276 128.817 4.3
      vertex 5.25276 128.817 15.8
    endloop
  endfacet
  facet normal 0.94739 -0.320082 0
    outer loop
      vertex 5.25276 128.817 4.3
      vertex 5.196 128.649 15.8
      vertex 5.196 128.649 4.3
    endloop
  endfacet
  facet normal 0.441813 -0.897107 0
    outer loop
      vertex 5.825 129.469 4.3
      vertex 5.98338 129.547 15.8
      vertex 5.825 129.469 15.8
    endloop
  endfacet
  facet normal 0.441813 -0.897107 0
    outer loop
      vertex 5.98338 129.547 15.8
      vertex 5.825 129.469 4.3
      vertex 5.98338 129.547 4.3
    endloop
  endfacet
  facet normal -0.831789 0.555092 0
    outer loop
      vertex 7.57103 127.478 4.3
      vertex 7.66913 127.625 15.8
      vertex 7.66913 127.625 4.3
    endloop
  endfacet
  facet normal -0.831789 0.555092 0
    outer loop
      vertex 7.66913 127.625 15.8
      vertex 7.57103 127.478 4.3
      vertex 7.57103 127.478 15.8
    endloop
  endfacet
  facet normal 0.322657 0.946516 -0
    outer loop
      vertex 6.15059 126.996 4.3
      vertex 5.98338 127.053 15.8
      vertex 6.15059 126.996 15.8
    endloop
  endfacet
  facet normal 0.322657 0.946516 0
    outer loop
      vertex 5.98338 127.053 15.8
      vertex 6.15059 126.996 4.3
      vertex 5.98338 127.053 4.3
    endloop
  endfacet
  facet normal 0.192628 0.981272 -0
    outer loop
      vertex 6.32379 126.962 4.3
      vertex 6.15059 126.996 15.8
      vertex 6.32379 126.962 15.8
    endloop
  endfacet
  facet normal 0.192628 0.981272 0
    outer loop
      vertex 6.15059 126.996 15.8
      vertex 6.32379 126.962 4.3
      vertex 6.15059 126.996 4.3
    endloop
  endfacet
  facet normal 0.752394 0.658713 0
    outer loop
      vertex 5.54541 127.345 15.8
      vertex 5.42897 127.478 4.3
      vertex 5.42897 127.478 15.8
    endloop
  endfacet
  facet normal 0.752394 0.658713 0
    outer loop
      vertex 5.42897 127.478 4.3
      vertex 5.54541 127.345 15.8
      vertex 5.54541 127.345 4.3
    endloop
  endfacet
  facet normal 0.997854 0.0654841 0
    outer loop
      vertex 5.16155 128.124 15.8
      vertex 5.15 128.3 4.3
      vertex 5.15 128.3 15.8
    endloop
  endfacet
  facet normal 0.997854 0.0654841 0
    outer loop
      vertex 5.15 128.3 4.3
      vertex 5.16155 128.124 15.8
      vertex 5.16155 128.124 4.3
    endloop
  endfacet
  facet normal 0.980744 0.195298 0
    outer loop
      vertex 5.196 127.951 15.8
      vertex 5.16155 128.124 4.3
      vertex 5.16155 128.124 15.8
    endloop
  endfacet
  facet normal 0.980744 0.195298 0
    outer loop
      vertex 5.16155 128.124 4.3
      vertex 5.196 127.951 15.8
      vertex 5.196 127.951 4.3
    endloop
  endfacet
  facet normal 0.94739 0.320082 0
    outer loop
      vertex 5.25276 127.783 15.8
      vertex 5.196 127.951 4.3
      vertex 5.196 127.951 15.8
    endloop
  endfacet
  facet normal 0.94739 0.320082 0
    outer loop
      vertex 5.196 127.951 4.3
      vertex 5.25276 127.783 15.8
      vertex 5.25276 127.783 4.3
    endloop
  endfacet
  facet normal -0.657974 0.75304 0
    outer loop
      vertex 7.45459 127.345 4.3
      vertex 7.32183 127.229 15.8
      vertex 7.45459 127.345 15.8
    endloop
  endfacet
  facet normal -0.657974 0.75304 0
    outer loop
      vertex 7.32183 127.229 15.8
      vertex 7.45459 127.345 4.3
      vertex 7.32183 127.229 4.3
    endloop
  endfacet
  facet normal -0.322657 0.946516 0
    outer loop
      vertex 7.01662 127.053 4.3
      vertex 6.84941 126.996 15.8
      vertex 7.01662 127.053 15.8
    endloop
  endfacet
  facet normal -0.322657 0.946516 0
    outer loop
      vertex 6.84941 126.996 15.8
      vertex 7.01662 127.053 4.3
      vertex 6.84941 126.996 4.3
    endloop
  endfacet
  facet normal -0.896438 0.443169 0
    outer loop
      vertex 7.66913 127.625 4.3
      vertex 7.74724 127.783 15.8
      vertex 7.74724 127.783 4.3
    endloop
  endfacet
  facet normal -0.896438 0.443169 0
    outer loop
      vertex 7.74724 127.783 15.8
      vertex 7.66913 127.625 4.3
      vertex 7.66913 127.625 15.8
    endloop
  endfacet
  facet normal 0.0679432 0.997689 -0
    outer loop
      vertex 6.5 126.95 4.3
      vertex 6.32379 126.962 15.8
      vertex 6.5 126.95 15.8
    endloop
  endfacet
  facet normal 0.0679432 0.997689 0
    outer loop
      vertex 6.32379 126.962 15.8
      vertex 6.5 126.95 4.3
      vertex 6.32379 126.962 4.3
    endloop
  endfacet
  facet normal 0.555145 0.831754 -0
    outer loop
      vertex 5.825 127.131 4.3
      vertex 5.67817 127.229 15.8
      vertex 5.825 127.131 15.8
    endloop
  endfacet
  facet normal 0.555145 0.831754 0
    outer loop
      vertex 5.67817 127.229 15.8
      vertex 5.825 127.131 4.3
      vertex 5.67817 127.229 4.3
    endloop
  endfacet
  facet normal 0.657974 0.75304 -0
    outer loop
      vertex 5.67817 127.229 4.3
      vertex 5.54541 127.345 15.8
      vertex 5.67817 127.229 15.8
    endloop
  endfacet
  facet normal 0.657974 0.75304 0
    outer loop
      vertex 5.54541 127.345 15.8
      vertex 5.67817 127.229 4.3
      vertex 5.54541 127.345 4.3
    endloop
  endfacet
  facet normal 0.831763 0.555131 0
    outer loop
      vertex 5.42897 127.478 15.8
      vertex 5.33086 127.625 4.3
      vertex 5.33086 127.625 15.8
    endloop
  endfacet
  facet normal 0.831763 0.555131 0
    outer loop
      vertex 5.33086 127.625 4.3
      vertex 5.42897 127.478 15.8
      vertex 5.42897 127.478 4.3
    endloop
  endfacet
  facet normal 0.89646 0.443124 0
    outer loop
      vertex 5.33086 127.625 15.8
      vertex 5.25276 127.783 4.3
      vertex 5.25276 127.783 15.8
    endloop
  endfacet
  facet normal 0.89646 0.443124 0
    outer loop
      vertex 5.25276 127.783 4.3
      vertex 5.33086 127.625 15.8
      vertex 5.33086 127.625 4.3
    endloop
  endfacet
  facet normal -0.752394 0.658713 0
    outer loop
      vertex 7.45459 127.345 4.3
      vertex 7.57103 127.478 15.8
      vertex 7.57103 127.478 4.3
    endloop
  endfacet
  facet normal -0.752394 0.658713 0
    outer loop
      vertex 7.57103 127.478 15.8
      vertex 7.45459 127.345 4.3
      vertex 7.45459 127.345 15.8
    endloop
  endfacet
  facet normal 0.441813 0.897107 -0
    outer loop
      vertex 5.98338 127.053 4.3
      vertex 5.825 127.131 15.8
      vertex 5.98338 127.053 15.8
    endloop
  endfacet
  facet normal 0.441813 0.897107 0
    outer loop
      vertex 5.825 127.131 15.8
      vertex 5.98338 127.053 4.3
      vertex 5.825 127.131 4.3
    endloop
  endfacet
  facet normal -0.997872 -0.0652019 0
    outer loop
      vertex 53.65 128.3 4.3
      vertex 53.6385 128.476 15.8
      vertex 53.6385 128.476 4.3
    endloop
  endfacet
  facet normal -0.997872 -0.0652019 0
    outer loop
      vertex 53.6385 128.476 15.8
      vertex 53.65 128.3 4.3
      vertex 53.65 128.3 15.8
    endloop
  endfacet
  facet normal 0.067947 -0.997689 0
    outer loop
      vertex 52.1238 129.638 4.3
      vertex 52.3 129.65 15.8
      vertex 52.1238 129.638 15.8
    endloop
  endfacet
  facet normal 0.067947 -0.997689 0
    outer loop
      vertex 52.3 129.65 15.8
      vertex 52.1238 129.638 4.3
      vertex 52.3 129.65 4.3
    endloop
  endfacet
  facet normal -0.067947 0.997689 0
    outer loop
      vertex 52.4762 126.962 4.3
      vertex 52.3 126.95 15.8
      vertex 52.4762 126.962 15.8
    endloop
  endfacet
  facet normal -0.067947 0.997689 0
    outer loop
      vertex 52.3 126.95 15.8
      vertex 52.4762 126.962 4.3
      vertex 52.3 126.95 4.3
    endloop
  endfacet
  facet normal 0.657862 0.753139 -0
    outer loop
      vertex 51.4782 127.229 4.3
      vertex 51.3454 127.345 15.8
      vertex 51.4782 127.229 15.8
    endloop
  endfacet
  facet normal 0.657862 0.753139 0
    outer loop
      vertex 51.3454 127.345 15.8
      vertex 51.4782 127.229 4.3
      vertex 51.3454 127.345 4.3
    endloop
  endfacet
  facet normal -0.657862 -0.753139 0
    outer loop
      vertex 53.1218 129.371 4.3
      vertex 53.2546 129.255 15.8
      vertex 53.1218 129.371 15.8
    endloop
  endfacet
  facet normal -0.657862 -0.753139 -0
    outer loop
      vertex 53.2546 129.255 15.8
      vertex 53.1218 129.371 4.3
      vertex 53.2546 129.255 4.3
    endloop
  endfacet
  facet normal 0.752507 -0.658585 0
    outer loop
      vertex 51.229 129.122 15.8
      vertex 51.3454 129.255 4.3
      vertex 51.3454 129.255 15.8
    endloop
  endfacet
  facet normal 0.752507 -0.658585 0
    outer loop
      vertex 51.3454 129.255 4.3
      vertex 51.229 129.122 15.8
      vertex 51.229 129.122 4.3
    endloop
  endfacet
  facet normal 0.441768 -0.897129 0
    outer loop
      vertex 51.625 129.469 4.3
      vertex 51.7834 129.547 15.8
      vertex 51.625 129.469 15.8
    endloop
  endfacet
  facet normal 0.441768 -0.897129 0
    outer loop
      vertex 51.7834 129.547 15.8
      vertex 51.625 129.469 4.3
      vertex 51.7834 129.547 4.3
    endloop
  endfacet
  facet normal -0.89646 -0.443124 0
    outer loop
      vertex 53.5472 128.817 4.3
      vertex 53.4691 128.975 15.8
      vertex 53.4691 128.975 4.3
    endloop
  endfacet
  facet normal -0.89646 -0.443124 0
    outer loop
      vertex 53.4691 128.975 15.8
      vertex 53.5472 128.817 4.3
      vertex 53.5472 128.817 15.8
    endloop
  endfacet
  facet normal -0.98069 -0.195571 0
    outer loop
      vertex 53.6385 128.476 4.3
      vertex 53.604 128.649 15.8
      vertex 53.604 128.649 4.3
    endloop
  endfacet
  facet normal -0.98069 -0.195571 0
    outer loop
      vertex 53.604 128.649 15.8
      vertex 53.6385 128.476 4.3
      vertex 53.6385 128.476 15.8
    endloop
  endfacet
  facet normal -0.831789 -0.555092 0
    outer loop
      vertex 53.4691 128.975 4.3
      vertex 53.371 129.122 15.8
      vertex 53.371 129.122 4.3
    endloop
  endfacet
  facet normal -0.831789 -0.555092 0
    outer loop
      vertex 53.371 129.122 15.8
      vertex 53.4691 128.975 4.3
      vertex 53.4691 128.975 15.8
    endloop
  endfacet
  facet normal -0.322674 -0.94651 0
    outer loop
      vertex 52.6494 129.604 4.3
      vertex 52.8166 129.547 15.8
      vertex 52.6494 129.604 15.8
    endloop
  endfacet
  facet normal -0.322674 -0.94651 -0
    outer loop
      vertex 52.8166 129.547 15.8
      vertex 52.6494 129.604 4.3
      vertex 52.8166 129.547 4.3
    endloop
  endfacet
  facet normal -0.555223 -0.831701 0
    outer loop
      vertex 52.975 129.469 4.3
      vertex 53.1218 129.371 15.8
      vertex 52.975 129.469 15.8
    endloop
  endfacet
  facet normal -0.555223 -0.831701 -0
    outer loop
      vertex 53.1218 129.371 15.8
      vertex 52.975 129.469 4.3
      vertex 53.1218 129.371 4.3
    endloop
  endfacet
  facet normal 0.947321 -0.320285 0
    outer loop
      vertex 50.996 128.649 15.8
      vertex 51.0528 128.817 4.3
      vertex 51.0528 128.817 15.8
    endloop
  endfacet
  facet normal 0.947321 -0.320285 0
    outer loop
      vertex 51.0528 128.817 4.3
      vertex 50.996 128.649 15.8
      vertex 50.996 128.649 4.3
    endloop
  endfacet
  facet normal 0.831789 -0.555092 0
    outer loop
      vertex 51.1309 128.975 15.8
      vertex 51.229 129.122 4.3
      vertex 51.229 129.122 15.8
    endloop
  endfacet
  facet normal 0.831789 -0.555092 0
    outer loop
      vertex 51.229 129.122 4.3
      vertex 51.1309 128.975 15.8
      vertex 51.1309 128.975 4.3
    endloop
  endfacet
  facet normal 0.98069 -0.195571 0
    outer loop
      vertex 50.9615 128.476 15.8
      vertex 50.996 128.649 4.3
      vertex 50.996 128.649 15.8
    endloop
  endfacet
  facet normal 0.98069 -0.195571 0
    outer loop
      vertex 50.996 128.649 4.3
      vertex 50.9615 128.476 15.8
      vertex 50.9615 128.476 4.3
    endloop
  endfacet
  facet normal 0.555223 -0.831701 0
    outer loop
      vertex 51.4782 129.371 4.3
      vertex 51.625 129.469 15.8
      vertex 51.4782 129.371 15.8
    endloop
  endfacet
  facet normal 0.555223 -0.831701 0
    outer loop
      vertex 51.625 129.469 15.8
      vertex 51.4782 129.371 4.3
      vertex 51.625 129.469 4.3
    endloop
  endfacet
  facet normal 0.322674 -0.94651 0
    outer loop
      vertex 51.7834 129.547 4.3
      vertex 51.9506 129.604 15.8
      vertex 51.7834 129.547 15.8
    endloop
  endfacet
  facet normal 0.322674 -0.94651 0
    outer loop
      vertex 51.9506 129.604 15.8
      vertex 51.7834 129.547 4.3
      vertex 51.9506 129.604 4.3
    endloop
  endfacet
  facet normal -0.192628 0.981272 0
    outer loop
      vertex 52.6494 126.996 4.3
      vertex 52.4762 126.962 15.8
      vertex 52.6494 126.996 15.8
    endloop
  endfacet
  facet normal -0.192628 0.981272 0
    outer loop
      vertex 52.4762 126.962 15.8
      vertex 52.6494 126.996 4.3
      vertex 52.4762 126.962 4.3
    endloop
  endfacet
  facet normal -0.555223 0.831701 0
    outer loop
      vertex 53.1218 127.229 4.3
      vertex 52.975 127.131 15.8
      vertex 53.1218 127.229 15.8
    endloop
  endfacet
  facet normal -0.555223 0.831701 0
    outer loop
      vertex 52.975 127.131 15.8
      vertex 53.1218 127.229 4.3
      vertex 52.975 127.131 4.3
    endloop
  endfacet
  facet normal -0.98069 0.195571 0
    outer loop
      vertex 53.604 127.951 4.3
      vertex 53.6385 128.124 15.8
      vertex 53.6385 128.124 4.3
    endloop
  endfacet
  facet normal -0.98069 0.195571 0
    outer loop
      vertex 53.6385 128.124 15.8
      vertex 53.604 127.951 4.3
      vertex 53.604 127.951 15.8
    endloop
  endfacet
  facet normal 0.192628 0.981272 -0
    outer loop
      vertex 52.1238 126.962 4.3
      vertex 51.9506 126.996 15.8
      vertex 52.1238 126.962 15.8
    endloop
  endfacet
  facet normal 0.192628 0.981272 0
    outer loop
      vertex 51.9506 126.996 15.8
      vertex 52.1238 126.962 4.3
      vertex 51.9506 126.996 4.3
    endloop
  endfacet
  facet normal 0.831789 0.555092 0
    outer loop
      vertex 51.229 127.478 15.8
      vertex 51.1309 127.625 4.3
      vertex 51.1309 127.625 15.8
    endloop
  endfacet
  facet normal 0.831789 0.555092 0
    outer loop
      vertex 51.1309 127.625 4.3
      vertex 51.229 127.478 15.8
      vertex 51.229 127.478 4.3
    endloop
  endfacet
  facet normal -0.947321 -0.320285 0
    outer loop
      vertex 53.604 128.649 4.3
      vertex 53.5472 128.817 15.8
      vertex 53.5472 128.817 4.3
    endloop
  endfacet
  facet normal -0.947321 -0.320285 0
    outer loop
      vertex 53.5472 128.817 15.8
      vertex 53.604 128.649 4.3
      vertex 53.604 128.649 15.8
    endloop
  endfacet
  facet normal -0.752507 -0.658585 0
    outer loop
      vertex 53.371 129.122 4.3
      vertex 53.2546 129.255 15.8
      vertex 53.2546 129.255 4.3
    endloop
  endfacet
  facet normal -0.752507 -0.658585 0
    outer loop
      vertex 53.2546 129.255 15.8
      vertex 53.371 129.122 4.3
      vertex 53.371 129.122 15.8
    endloop
  endfacet
  facet normal -0.192628 -0.981272 0
    outer loop
      vertex 52.4762 129.638 4.3
      vertex 52.6494 129.604 15.8
      vertex 52.4762 129.638 15.8
    endloop
  endfacet
  facet normal -0.192628 -0.981272 -0
    outer loop
      vertex 52.6494 129.604 15.8
      vertex 52.4762 129.638 4.3
      vertex 52.6494 129.604 4.3
    endloop
  endfacet
  facet normal -0.067947 -0.997689 0
    outer loop
      vertex 52.3 129.65 4.3
      vertex 52.4762 129.638 15.8
      vertex 52.3 129.65 15.8
    endloop
  endfacet
  facet normal -0.067947 -0.997689 -0
    outer loop
      vertex 52.4762 129.638 15.8
      vertex 52.3 129.65 4.3
      vertex 52.4762 129.638 4.3
    endloop
  endfacet
  facet normal -0.441768 -0.897129 0
    outer loop
      vertex 52.8166 129.547 4.3
      vertex 52.975 129.469 15.8
      vertex 52.8166 129.547 15.8
    endloop
  endfacet
  facet normal -0.441768 -0.897129 -0
    outer loop
      vertex 52.975 129.469 15.8
      vertex 52.8166 129.547 4.3
      vertex 52.975 129.469 4.3
    endloop
  endfacet
  facet normal 0 0 1
    outer loop
      vertex 53.6385 128.476 4.3
      vertex 53.6385 128.124 4.3
      vertex 53.65 128.3 4.3
    endloop
  endfacet
  facet normal 0 0 1
    outer loop
      vertex 53.604 128.649 4.3
      vertex 53.6385 128.124 4.3
      vertex 53.6385 128.476 4.3
    endloop
  endfacet
  facet normal 0 0 1
    outer loop
      vertex 53.604 128.649 4.3
      vertex 53.604 127.951 4.3
      vertex 53.6385 128.124 4.3
    endloop
  endfacet
  facet normal 0 0 1
    outer loop
      vertex 53.5472 128.817 4.3
      vertex 53.604 127.951 4.3
      vertex 53.604 128.649 4.3
    endloop
  endfacet
  facet normal 0 0 1
    outer loop
      vertex 53.5472 128.817 4.3
      vertex 53.5472 127.783 4.3
      vertex 53.604 127.951 4.3
    endloop
  endfacet
  facet normal 0 0 1
    outer loop
      vertex 53.4691 128.975 4.3
      vertex 53.5472 127.783 4.3
      vertex 53.5472 128.817 4.3
    endloop
  endfacet
  facet normal 0 0 1
    outer loop
      vertex 53.4691 128.975 4.3
      vertex 53.4691 127.625 4.3
      vertex 53.5472 127.783 4.3
    endloop
  endfacet
  facet normal 0 0 1
    outer loop
      vertex 53.371 129.122 4.3
      vertex 53.4691 127.625 4.3
      vertex 53.4691 128.975 4.3
    endloop
  endfacet
  facet normal 0 0 1
    outer loop
      vertex 53.371 129.122 4.3
      vertex 53.371 127.478 4.3
      vertex 53.4691 127.625 4.3
    endloop
  endfacet
  facet normal 0 0 1
    outer loop
      vertex 53.2546 129.255 4.3
      vertex 53.371 127.478 4.3
      vertex 53.371 129.122 4.3
    endloop
  endfacet
  facet normal 0 0 1
    outer loop
      vertex 53.2546 129.255 4.3
      vertex 53.2546 127.345 4.3
      vertex 53.371 127.478 4.3
    endloop
  endfacet
  facet normal 0 0 1
    outer loop
      vertex 53.1218 129.371 4.3
      vertex 53.2546 127.345 4.3
      vertex 53.2546 129.255 4.3
    endloop
  endfacet
  facet normal 0 0 1
    outer loop
      vertex 53.1218 129.371 4.3
      vertex 53.1218 127.229 4.3
      vertex 53.2546 127.345 4.3
    endloop
  endfacet
  facet normal 0 0 1
    outer loop
      vertex 52.975 129.469 4.3
      vertex 53.1218 127.229 4.3
      vertex 53.1218 129.371 4.3
    endloop
  endfacet
  facet normal 0 0 1
    outer loop
      vertex 52.975 129.469 4.3
      vertex 52.975 127.131 4.3
      vertex 53.1218 127.229 4.3
    endloop
  endfacet
  facet normal 0 0 1
    outer loop
      vertex 52.8166 129.547 4.3
      vertex 52.975 127.131 4.3
      vertex 52.975 129.469 4.3
    endloop
  endfacet
  facet normal 0 0 1
    outer loop
      vertex 52.8166 129.547 4.3
      vertex 52.8166 127.053 4.3
      vertex 52.975 127.131 4.3
    endloop
  endfacet
  facet normal 0 0 1
    outer loop
      vertex 52.6494 129.604 4.3
      vertex 52.8166 127.053 4.3
      vertex 52.8166 129.547 4.3
    endloop
  endfacet
  facet normal 0 0 1
    outer loop
      vertex 52.6494 129.604 4.3
      vertex 52.6494 126.996 4.3
      vertex 52.8166 127.053 4.3
    endloop
  endfacet
  facet normal 0 0 1
    outer loop
      vertex 52.4762 129.638 4.3
      vertex 52.6494 126.996 4.3
      vertex 52.6494 129.604 4.3
    endloop
  endfacet
  facet normal 0 0 1
    outer loop
      vertex 52.4762 129.638 4.3
      vertex 52.4762 126.962 4.3
      vertex 52.6494 126.996 4.3
    endloop
  endfacet
  facet normal 0 0 1
    outer loop
      vertex 52.3 129.65 4.3
      vertex 52.4762 126.962 4.3
      vertex 52.4762 129.638 4.3
    endloop
  endfacet
  facet normal 0 0 1
    outer loop
      vertex 52.3 129.65 4.3
      vertex 52.3 126.95 4.3
      vertex 52.4762 126.962 4.3
    endloop
  endfacet
  facet normal -0 0 1
    outer loop
      vertex 52.1238 129.638 4.3
      vertex 52.3 126.95 4.3
      vertex 52.3 129.65 4.3
    endloop
  endfacet
  facet normal 0 0 1
    outer loop
      vertex 52.1238 129.638 4.3
      vertex 52.1238 126.962 4.3
      vertex 52.3 126.95 4.3
    endloop
  endfacet
  facet normal -0 0 1
    outer loop
      vertex 51.9506 129.604 4.3
      vertex 52.1238 126.962 4.3
      vertex 52.1238 129.638 4.3
    endloop
  endfacet
  facet normal 0 0 1
    outer loop
      vertex 51.9506 129.604 4.3
      vertex 51.9506 126.996 4.3
      vertex 52.1238 126.962 4.3
    endloop
  endfacet
  facet normal -0 0 1
    outer loop
      vertex 51.7834 129.547 4.3
      vertex 51.9506 126.996 4.3
      vertex 51.9506 129.604 4.3
    endloop
  endfacet
  facet normal 0 0 1
    outer loop
      vertex 51.7834 129.547 4.3
      vertex 51.7834 127.053 4.3
      vertex 51.9506 126.996 4.3
    endloop
  endfacet
  facet normal -0 0 1
    outer loop
      vertex 51.625 129.469 4.3
      vertex 51.7834 127.053 4.3
      vertex 51.7834 129.547 4.3
    endloop
  endfacet
  facet normal 0 0 1
    outer loop
      vertex 51.625 129.469 4.3
      vertex 51.625 127.131 4.3
      vertex 51.7834 127.053 4.3
    endloop
  endfacet
  facet normal -0 0 1
    outer loop
      vertex 51.4782 129.371 4.3
      vertex 51.625 127.131 4.3
      vertex 51.625 129.469 4.3
    endloop
  endfacet
  facet normal 0 0 1
    outer loop
      vertex 51.4782 129.371 4.3
      vertex 51.4782 127.229 4.3
      vertex 51.625 127.131 4.3
    endloop
  endfacet
  facet normal -0 0 1
    outer loop
      vertex 51.3454 129.255 4.3
      vertex 51.4782 127.229 4.3
      vertex 51.4782 129.371 4.3
    endloop
  endfacet
  facet normal 0 0 1
    outer loop
      vertex 51.3454 129.255 4.3
      vertex 51.3454 127.345 4.3
      vertex 51.4782 127.229 4.3
    endloop
  endfacet
  facet normal -0 0 1
    outer loop
      vertex 51.229 129.122 4.3
      vertex 51.3454 127.345 4.3
      vertex 51.3454 129.255 4.3
    endloop
  endfacet
  facet normal 0 0 1
    outer loop
      vertex 51.229 129.122 4.3
      vertex 51.229 127.478 4.3
      vertex 51.3454 127.345 4.3
    endloop
  endfacet
  facet normal -0 0 1
    outer loop
      vertex 51.1309 128.975 4.3
      vertex 51.229 127.478 4.3
      vertex 51.229 129.122 4.3
    endloop
  endfacet
  facet normal 0 0 1
    outer loop
      vertex 51.1309 128.975 4.3
      vertex 51.1309 127.625 4.3
      vertex 51.229 127.478 4.3
    endloop
  endfacet
  facet normal -0 0 1
    outer loop
      vertex 51.0528 128.817 4.3
      vertex 51.1309 127.625 4.3
      vertex 51.1309 128.975 4.3
    endloop
  endfacet
  facet normal 0 0 1
    outer loop
      vertex 51.0528 128.817 4.3
      vertex 51.0528 127.783 4.3
      vertex 51.1309 127.625 4.3
    endloop
  endfacet
  facet normal -0 0 1
    outer loop
      vertex 50.996 128.649 4.3
      vertex 51.0528 127.783 4.3
      vertex 51.0528 128.817 4.3
    endloop
  endfacet
  facet normal 0 0 1
    outer loop
      vertex 50.996 128.649 4.3
      vertex 50.996 127.951 4.3
      vertex 51.0528 127.783 4.3
    endloop
  endfacet
  facet normal -0 0 1
    outer loop
      vertex 50.9615 128.476 4.3
      vertex 50.996 127.951 4.3
      vertex 50.996 128.649 4.3
    endloop
  endfacet
  facet normal 0 0 1
    outer loop
      vertex 50.9615 128.476 4.3
      vertex 50.9615 128.124 4.3
      vertex 50.996 127.951 4.3
    endloop
  endfacet
  facet normal 0 -0 1
    outer loop
      vertex 50.9615 128.124 4.3
      vertex 50.9615 128.476 4.3
      vertex 50.95 128.3 4.3
    endloop
  endfacet
  facet normal 0.89646 -0.443124 0
    outer loop
      vertex 51.0528 128.817 15.8
      vertex 51.1309 128.975 4.3
      vertex 51.1309 128.975 15.8
    endloop
  endfacet
  facet normal 0.89646 -0.443124 0
    outer loop
      vertex 51.1309 128.975 4.3
      vertex 51.0528 128.817 15.8
      vertex 51.0528 128.817 4.3
    endloop
  endfacet
  facet normal 0.997872 -0.0652019 0
    outer loop
      vertex 50.95 128.3 15.8
      vertex 50.9615 128.476 4.3
      vertex 50.9615 128.476 15.8
    endloop
  endfacet
  facet normal 0.997872 -0.0652019 0
    outer loop
      vertex 50.9615 128.476 4.3
      vertex 50.95 128.3 15.8
      vertex 50.95 128.3 4.3
    endloop
  endfacet
  facet normal 0.657862 -0.753139 0
    outer loop
      vertex 51.3454 129.255 4.3
      vertex 51.4782 129.371 15.8
      vertex 51.3454 129.255 15.8
    endloop
  endfacet
  facet normal 0.657862 -0.753139 0
    outer loop
      vertex 51.4782 129.371 15.8
      vertex 51.3454 129.255 4.3
      vertex 51.4782 129.371 4.3
    endloop
  endfacet
  facet normal 0.192628 -0.981272 0
    outer loop
      vertex 51.9506 129.604 4.3
      vertex 52.1238 129.638 15.8
      vertex 51.9506 129.604 15.8
    endloop
  endfacet
  facet normal 0.192628 -0.981272 0
    outer loop
      vertex 52.1238 129.638 15.8
      vertex 51.9506 129.604 4.3
      vertex 52.1238 129.638 4.3
    endloop
  endfacet
  facet normal -0.997872 0.0652019 0
    outer loop
      vertex 53.6385 128.124 4.3
      vertex 53.65 128.3 15.8
      vertex 53.65 128.3 4.3
    endloop
  endfacet
  facet normal -0.997872 0.0652019 0
    outer loop
      vertex 53.65 128.3 15.8
      vertex 53.6385 128.124 4.3
      vertex 53.6385 128.124 15.8
    endloop
  endfacet
  facet normal -0.322674 0.94651 0
    outer loop
      vertex 52.8166 127.053 4.3
      vertex 52.6494 126.996 15.8
      vertex 52.8166 127.053 15.8
    endloop
  endfacet
  facet normal -0.322674 0.94651 0
    outer loop
      vertex 52.6494 126.996 15.8
      vertex 52.8166 127.053 4.3
      vertex 52.6494 126.996 4.3
    endloop
  endfacet
  facet normal -0.657862 0.753139 0
    outer loop
      vertex 53.2546 127.345 4.3
      vertex 53.1218 127.229 15.8
      vertex 53.2546 127.345 15.8
    endloop
  endfacet
  facet normal -0.657862 0.753139 0
    outer loop
      vertex 53.1218 127.229 15.8
      vertex 53.2546 127.345 4.3
      vertex 53.1218 127.229 4.3
    endloop
  endfacet
  facet normal -0.831789 0.555092 0
    outer loop
      vertex 53.371 127.478 4.3
      vertex 53.4691 127.625 15.8
      vertex 53.4691 127.625 4.3
    endloop
  endfacet
  facet normal -0.831789 0.555092 0
    outer loop
      vertex 53.4691 127.625 15.8
      vertex 53.371 127.478 4.3
      vertex 53.371 127.478 15.8
    endloop
  endfacet
  facet normal -0.947321 0.320285 0
    outer loop
      vertex 53.5472 127.783 4.3
      vertex 53.604 127.951 15.8
      vertex 53.604 127.951 4.3
    endloop
  endfacet
  facet normal -0.947321 0.320285 0
    outer loop
      vertex 53.604 127.951 15.8
      vertex 53.5472 127.783 4.3
      vertex 53.5472 127.783 15.8
    endloop
  endfacet
  facet normal 0.555223 0.831701 -0
    outer loop
      vertex 51.625 127.131 4.3
      vertex 51.4782 127.229 15.8
      vertex 51.625 127.131 15.8
    endloop
  endfacet
  facet normal 0.555223 0.831701 0
    outer loop
      vertex 51.4782 127.229 15.8
      vertex 51.625 127.131 4.3
      vertex 51.4782 127.229 4.3
    endloop
  endfacet
  facet normal 0.322674 0.94651 -0
    outer loop
      vertex 51.9506 126.996 4.3
      vertex 51.7834 127.053 15.8
      vertex 51.9506 126.996 15.8
    endloop
  endfacet
  facet normal 0.322674 0.94651 0
    outer loop
      vertex 51.7834 127.053 15.8
      vertex 51.9506 126.996 4.3
      vertex 51.7834 127.053 4.3
    endloop
  endfacet
  facet normal 0.067947 0.997689 -0
    outer loop
      vertex 52.3 126.95 4.3
      vertex 52.1238 126.962 15.8
      vertex 52.3 126.95 15.8
    endloop
  endfacet
  facet normal 0.067947 0.997689 0
    outer loop
      vertex 52.1238 126.962 15.8
      vertex 52.3 126.95 4.3
      vertex 52.1238 126.962 4.3
    endloop
  endfacet
  facet normal 0.752507 0.658585 0
    outer loop
      vertex 51.3454 127.345 15.8
      vertex 51.229 127.478 4.3
      vertex 51.229 127.478 15.8
    endloop
  endfacet
  facet normal 0.752507 0.658585 0
    outer loop
      vertex 51.229 127.478 4.3
      vertex 51.3454 127.345 15.8
      vertex 51.3454 127.345 4.3
    endloop
  endfacet
  facet normal 0.89646 0.443124 0
    outer loop
      vertex 51.1309 127.625 15.8
      vertex 51.0528 127.783 4.3
      vertex 51.0528 127.783 15.8
    endloop
  endfacet
  facet normal 0.89646 0.443124 0
    outer loop
      vertex 51.0528 127.783 4.3
      vertex 51.1309 127.625 15.8
      vertex 51.1309 127.625 4.3
    endloop
  endfacet
  facet normal 0.98069 0.195571 0
    outer loop
      vertex 50.996 127.951 15.8
      vertex 50.9615 128.124 4.3
      vertex 50.9615 128.124 15.8
    endloop
  endfacet
  facet normal 0.98069 0.195571 0
    outer loop
      vertex 50.9615 128.124 4.3
      vertex 50.996 127.951 15.8
      vertex 50.996 127.951 4.3
    endloop
  endfacet
  facet normal 0.997872 0.0652019 0
    outer loop
      vertex 50.9615 128.124 15.8
      vertex 50.95 128.3 4.3
      vertex 50.95 128.3 15.8
    endloop
  endfacet
  facet normal 0.997872 0.0652019 0
    outer loop
      vertex 50.95 128.3 4.3
      vertex 50.9615 128.124 15.8
      vertex 50.9615 128.124 4.3
    endloop
  endfacet
  facet normal -0.441768 0.897129 0
    outer loop
      vertex 52.975 127.131 4.3
      vertex 52.8166 127.053 15.8
      vertex 52.975 127.131 15.8
    endloop
  endfacet
  facet normal -0.441768 0.897129 0
    outer loop
      vertex 52.8166 127.053 15.8
      vertex 52.975 127.131 4.3
      vertex 52.8166 127.053 4.3
    endloop
  endfacet
  facet normal -0.752507 0.658585 0
    outer loop
      vertex 53.2546 127.345 4.3
      vertex 53.371 127.478 15.8
      vertex 53.371 127.478 4.3
    endloop
  endfacet
  facet normal -0.752507 0.658585 0
    outer loop
      vertex 53.371 127.478 15.8
      vertex 53.2546 127.345 4.3
      vertex 53.2546 127.345 15.8
    endloop
  endfacet
  facet normal -0.89646 0.443124 0
    outer loop
      vertex 53.4691 127.625 4.3
      vertex 53.5472 127.783 15.8
      vertex 53.5472 127.783 4.3
    endloop
  endfacet
  facet normal -0.89646 0.443124 0
    outer loop
      vertex 53.5472 127.783 15.8
      vertex 53.4691 127.625 4.3
      vertex 53.4691 127.625 15.8
    endloop
  endfacet
  facet normal 0.441768 0.897129 -0
    outer loop
      vertex 51.7834 127.053 4.3
      vertex 51.625 127.131 15.8
      vertex 51.7834 127.053 15.8
    endloop
  endfacet
  facet normal 0.441768 0.897129 0
    outer loop
      vertex 51.625 127.131 15.8
      vertex 51.7834 127.053 4.3
      vertex 51.625 127.131 4.3
    endloop
  endfacet
  facet normal 0.947321 0.320285 0
    outer loop
      vertex 51.0528 127.783 15.8
      vertex 50.996 127.951 4.3
      vertex 50.996 127.951 15.8
    endloop
  endfacet
  facet normal 0.947321 0.320285 0
    outer loop
      vertex 50.996 127.951 4.3
      vertex 51.0528 127.783 15.8
      vertex 51.0528 127.783 4.3
    endloop
  endfacet
  facet normal 1 -0 0
    outer loop
      vertex 22.9 0 15.8
      vertex 22.9 2.4 12.3
      vertex 22.9 2.4 15.8
    endloop
  endfacet
  facet normal 1 0 0
    outer loop
      vertex 22.9 2.4 12.3
      vertex 22.9 0 15.8
      vertex 22.9 0 12.3
    endloop
  endfacet
  facet normal -1 0 0
    outer loop
      vertex 35.9 0 12.3
      vertex 35.9 2.4 15.8
      vertex 35.9 2.4 12.3
    endloop
  endfacet
  facet normal -1 -0 0
    outer loop
      vertex 35.9 2.4 15.8
      vertex 35.9 0 12.3
      vertex 35.9 0 15.8
    endloop
  endfacet
  facet normal -0 0 1
    outer loop
      vertex 22.9 2.4 12.3
      vertex 35.9 0 12.3
      vertex 35.9 2.4 12.3
    endloop
  endfacet
  facet normal 0 0 1
    outer loop
      vertex 35.9 0 12.3
      vertex 22.9 2.4 12.3
      vertex 22.9 0 12.3
    endloop
  endfacet
  facet normal -0.997856 -0.0654432 0
    outer loop
      vertex 34.4 67.4 0
      vertex 34.3572 68.0526 2.4
      vertex 34.3572 68.0526 0
    endloop
  endfacet
  facet normal -0.997856 -0.0654432 0
    outer loop
      vertex 34.3572 68.0526 2.4
      vertex 34.4 67.4 0
      vertex 34.4 67.4 2.4
    endloop
  endfacet
  facet normal 0.0654432 -0.997856 0
    outer loop
      vertex 28.7474 72.3572 0
      vertex 29.4 72.4 2.4
      vertex 28.7474 72.3572 2.4
    endloop
  endfacet
  facet normal 0.0654432 -0.997856 0
    outer loop
      vertex 29.4 72.4 2.4
      vertex 28.7474 72.3572 0
      vertex 29.4 72.4 0
    endloop
  endfacet
  facet normal -0.0654432 0.997856 0
    outer loop
      vertex 30.0526 62.4428 0
      vertex 29.4 62.4 2.4
      vertex 30.0526 62.4428 2.4
    endloop
  endfacet
  facet normal -0.0654432 0.997856 0
    outer loop
      vertex 29.4 62.4 2.4
      vertex 30.0526 62.4428 0
      vertex 29.4 62.4 0
    endloop
  endfacet
  facet normal -0.659424 -0.751771 0
    outer loop
      vertex 32.4438 71.3668 0
      vertex 32.9355 70.9355 2.4
      vertex 32.4438 71.3668 2.4
    endloop
  endfacet
  facet normal -0.659424 -0.751771 -0
    outer loop
      vertex 32.9355 70.9355 2.4
      vertex 32.4438 71.3668 0
      vertex 32.9355 70.9355 0
    endloop
  endfacet
  facet normal 0.751771 -0.659424 0
    outer loop
      vertex 25.4332 70.4438 2.4
      vertex 25.8645 70.9355 0
      vertex 25.8645 70.9355 2.4
    endloop
  endfacet
  facet normal 0.751771 -0.659424 0
    outer loop
      vertex 25.8645 70.9355 0
      vertex 25.4332 70.4438 2.4
      vertex 25.4332 70.4438 0
    endloop
  endfacet
  facet normal 0.442314 -0.89686 0
    outer loop
      vertex 26.9 71.7301 0
      vertex 27.4866 72.0194 2.4
      vertex 26.9 71.7301 2.4
    endloop
  endfacet
  facet normal 0.442314 -0.89686 0
    outer loop
      vertex 27.4866 72.0194 2.4
      vertex 26.9 71.7301 0
      vertex 27.4866 72.0194 0
    endloop
  endfacet
  facet normal -0.751771 0.659424 0
    outer loop
      vertex 32.9355 63.8645 0
      vertex 33.3668 64.3562 2.4
      vertex 33.3668 64.3562 0
    endloop
  endfacet
  facet normal -0.751771 0.659424 0
    outer loop
      vertex 33.3668 64.3562 2.4
      vertex 32.9355 63.8645 0
      vertex 32.9355 63.8645 2.4
    endloop
  endfacet
  facet normal -0.89686 -0.442314 0
    outer loop
      vertex 34.0194 69.3134 0
      vertex 33.7301 69.9 2.4
      vertex 33.7301 69.9 0
    endloop
  endfacet
  facet normal -0.89686 -0.442314 0
    outer loop
      vertex 33.7301 69.9 2.4
      vertex 34.0194 69.3134 0
      vertex 34.0194 69.3134 2.4
    endloop
  endfacet
  facet normal -0.980786 -0.195087 0
    outer loop
      vertex 34.3572 68.0526 0
      vertex 34.2296 68.6941 2.4
      vertex 34.2296 68.6941 0
    endloop
  endfacet
  facet normal -0.980786 -0.195087 0
    outer loop
      vertex 34.2296 68.6941 2.4
      vertex 34.3572 68.0526 0
      vertex 34.3572 68.0526 2.4
    endloop
  endfacet
  facet normal -0.321407 -0.946941 0
    outer loop
      vertex 30.6941 72.2296 0
      vertex 31.3134 72.0194 2.4
      vertex 30.6941 72.2296 2.4
    endloop
  endfacet
  facet normal -0.321407 -0.946941 -0
    outer loop
      vertex 31.3134 72.0194 2.4
      vertex 30.6941 72.2296 0
      vertex 31.3134 72.0194 0
    endloop
  endfacet
  facet normal -0.555512 -0.831509 0
    outer loop
      vertex 31.9 71.7301 0
      vertex 32.4438 71.3668 2.4
      vertex 31.9 71.7301 2.4
    endloop
  endfacet
  facet normal -0.555512 -0.831509 -0
    outer loop
      vertex 32.4438 71.3668 2.4
      vertex 31.9 71.7301 0
      vertex 32.4438 71.3668 0
    endloop
  endfacet
  facet normal 0.946941 -0.321407 0
    outer loop
      vertex 24.5704 68.6941 2.4
      vertex 24.7806 69.3134 0
      vertex 24.7806 69.3134 2.4
    endloop
  endfacet
  facet normal 0.946941 -0.321407 0
    outer loop
      vertex 24.7806 69.3134 0
      vertex 24.5704 68.6941 2.4
      vertex 24.5704 68.6941 0
    endloop
  endfacet
  facet normal 0.89686 -0.442314 0
    outer loop
      vertex 24.7806 69.3134 2.4
      vertex 25.0699 69.9 0
      vertex 25.0699 69.9 2.4
    endloop
  endfacet
  facet normal 0.89686 -0.442314 0
    outer loop
      vertex 25.0699 69.9 0
      vertex 24.7806 69.3134 2.4
      vertex 24.7806 69.3134 0
    endloop
  endfacet
  facet normal 0.980786 -0.195087 0
    outer loop
      vertex 24.4428 68.0526 2.4
      vertex 24.5704 68.6941 0
      vertex 24.5704 68.6941 2.4
    endloop
  endfacet
  facet normal 0.980786 -0.195087 0
    outer loop
      vertex 24.5704 68.6941 0
      vertex 24.4428 68.0526 2.4
      vertex 24.4428 68.0526 0
    endloop
  endfacet
  facet normal 0.659424 -0.751771 0
    outer loop
      vertex 25.8645 70.9355 0
      vertex 26.3562 71.3668 2.4
      vertex 25.8645 70.9355 2.4
    endloop
  endfacet
  facet normal 0.659424 -0.751771 0
    outer loop
      vertex 26.3562 71.3668 2.4
      vertex 25.8645 70.9355 0
      vertex 26.3562 71.3668 0
    endloop
  endfacet
  facet normal 0.195087 -0.980786 0
    outer loop
      vertex 28.1059 72.2296 0
      vertex 28.7474 72.3572 2.4
      vertex 28.1059 72.2296 2.4
    endloop
  endfacet
  facet normal 0.195087 -0.980786 0
    outer loop
      vertex 28.7474 72.3572 2.4
      vertex 28.1059 72.2296 0
      vertex 28.7474 72.3572 0
    endloop
  endfacet
  facet normal 0.321407 0.946941 -0
    outer loop
      vertex 28.1059 62.5704 0
      vertex 27.4866 62.7806 2.4
      vertex 28.1059 62.5704 2.4
    endloop
  endfacet
  facet normal 0.321407 0.946941 0
    outer loop
      vertex 27.4866 62.7806 2.4
      vertex 28.1059 62.5704 0
      vertex 27.4866 62.7806 0
    endloop
  endfacet
  facet normal 0.195087 0.980786 -0
    outer loop
      vertex 28.7474 62.4428 0
      vertex 28.1059 62.5704 2.4
      vertex 28.7474 62.4428 2.4
    endloop
  endfacet
  facet normal 0.195087 0.980786 0
    outer loop
      vertex 28.1059 62.5704 2.4
      vertex 28.7474 62.4428 0
      vertex 28.1059 62.5704 0
    endloop
  endfacet
  facet normal 0.659424 0.751771 -0
    outer loop
      vertex 26.3562 63.4332 0
      vertex 25.8645 63.8645 2.4
      vertex 26.3562 63.4332 2.4
    endloop
  endfacet
  facet normal 0.659424 0.751771 0
    outer loop
      vertex 25.8645 63.8645 2.4
      vertex 26.3562 63.4332 0
      vertex 25.8645 63.8645 0
    endloop
  endfacet
  facet normal -0.946941 -0.321407 0
    outer loop
      vertex 34.2296 68.6941 0
      vertex 34.0194 69.3134 2.4
      vertex 34.0194 69.3134 0
    endloop
  endfacet
  facet normal -0.946941 -0.321407 0
    outer loop
      vertex 34.0194 69.3134 2.4
      vertex 34.2296 68.6941 0
      vertex 34.2296 68.6941 2.4
    endloop
  endfacet
  facet normal -0.751771 -0.659424 0
    outer loop
      vertex 33.3668 70.4438 0
      vertex 32.9355 70.9355 2.4
      vertex 32.9355 70.9355 0
    endloop
  endfacet
  facet normal -0.751771 -0.659424 0
    outer loop
      vertex 32.9355 70.9355 2.4
      vertex 33.3668 70.4438 0
      vertex 33.3668 70.4438 2.4
    endloop
  endfacet
  facet normal -0.831509 -0.555512 0
    outer loop
      vertex 33.7301 69.9 0
      vertex 33.3668 70.4438 2.4
      vertex 33.3668 70.4438 0
    endloop
  endfacet
  facet normal -0.831509 -0.555512 0
    outer loop
      vertex 33.3668 70.4438 2.4
      vertex 33.7301 69.9 0
      vertex 33.7301 69.9 2.4
    endloop
  endfacet
  facet normal -0.0654432 -0.997856 0
    outer loop
      vertex 29.4 72.4 0
      vertex 30.0526 72.3572 2.4
      vertex 29.4 72.4 2.4
    endloop
  endfacet
  facet normal -0.0654432 -0.997856 -0
    outer loop
      vertex 30.0526 72.3572 2.4
      vertex 29.4 72.4 0
      vertex 30.0526 72.3572 0
    endloop
  endfacet
  facet normal 0.997856 -0.0654432 0
    outer loop
      vertex 24.4 67.4 2.4
      vertex 24.4428 68.0526 0
      vertex 24.4428 68.0526 2.4
    endloop
  endfacet
  facet normal 0.997856 -0.0654432 0
    outer loop
      vertex 24.4428 68.0526 0
      vertex 24.4 67.4 2.4
      vertex 24.4 67.4 0
    endloop
  endfacet
  facet normal 0.321407 -0.946941 0
    outer loop
      vertex 27.4866 72.0194 0
      vertex 28.1059 72.2296 2.4
      vertex 27.4866 72.0194 2.4
    endloop
  endfacet
  facet normal 0.321407 -0.946941 0
    outer loop
      vertex 28.1059 72.2296 2.4
      vertex 27.4866 72.0194 0
      vertex 28.1059 72.2296 0
    endloop
  endfacet
  facet normal -0.997856 0.0654432 0
    outer loop
      vertex 34.3572 66.7474 0
      vertex 34.4 67.4 2.4
      vertex 34.4 67.4 0
    endloop
  endfacet
  facet normal -0.997856 0.0654432 0
    outer loop
      vertex 34.4 67.4 2.4
      vertex 34.3572 66.7474 0
      vertex 34.3572 66.7474 2.4
    endloop
  endfacet
  facet normal -0.195087 0.980786 0
    outer loop
      vertex 30.6941 62.5704 0
      vertex 30.0526 62.4428 2.4
      vertex 30.6941 62.5704 2.4
    endloop
  endfacet
  facet normal -0.195087 0.980786 0
    outer loop
      vertex 30.0526 62.4428 2.4
      vertex 30.6941 62.5704 0
      vertex 30.0526 62.4428 0
    endloop
  endfacet
  facet normal -0.442314 0.89686 0
    outer loop
      vertex 31.9 63.0699 0
      vertex 31.3134 62.7806 2.4
      vertex 31.9 63.0699 2.4
    endloop
  endfacet
  facet normal -0.442314 0.89686 0
    outer loop
      vertex 31.3134 62.7806 2.4
      vertex 31.9 63.0699 0
      vertex 31.3134 62.7806 0
    endloop
  endfacet
  facet normal -0.555512 0.831509 0
    outer loop
      vertex 32.4438 63.4332 0
      vertex 31.9 63.0699 2.4
      vertex 32.4438 63.4332 2.4
    endloop
  endfacet
  facet normal -0.555512 0.831509 0
    outer loop
      vertex 31.9 63.0699 2.4
      vertex 32.4438 63.4332 0
      vertex 31.9 63.0699 0
    endloop
  endfacet
  facet normal -0.659424 0.751771 0
    outer loop
      vertex 32.9355 63.8645 0
      vertex 32.4438 63.4332 2.4
      vertex 32.9355 63.8645 2.4
    endloop
  endfacet
  facet normal -0.659424 0.751771 0
    outer loop
      vertex 32.4438 63.4332 2.4
      vertex 32.9355 63.8645 0
      vertex 32.4438 63.4332 0
    endloop
  endfacet
  facet normal -0.831509 0.555512 0
    outer loop
      vertex 33.3668 64.3562 0
      vertex 33.7301 64.9 2.4
      vertex 33.7301 64.9 0
    endloop
  endfacet
  facet normal -0.831509 0.555512 0
    outer loop
      vertex 33.7301 64.9 2.4
      vertex 33.3668 64.3562 0
      vertex 33.3668 64.3562 2.4
    endloop
  endfacet
  facet normal -0.980786 0.195087 0
    outer loop
      vertex 34.2296 66.1059 0
      vertex 34.3572 66.7474 2.4
      vertex 34.3572 66.7474 0
    endloop
  endfacet
  facet normal -0.980786 0.195087 0
    outer loop
      vertex 34.3572 66.7474 2.4
      vertex 34.2296 66.1059 0
      vertex 34.2296 66.1059 2.4
    endloop
  endfacet
  facet normal 0.442314 0.89686 -0
    outer loop
      vertex 27.4866 62.7806 0
      vertex 26.9 63.0699 2.4
      vertex 27.4866 62.7806 2.4
    endloop
  endfacet
  facet normal 0.442314 0.89686 0
    outer loop
      vertex 26.9 63.0699 2.4
      vertex 27.4866 62.7806 0
      vertex 26.9 63.0699 0
    endloop
  endfacet
  facet normal 0.555512 0.831509 -0
    outer loop
      vertex 26.9 63.0699 0
      vertex 26.3562 63.4332 2.4
      vertex 26.9 63.0699 2.4
    endloop
  endfacet
  facet normal 0.555512 0.831509 0
    outer loop
      vertex 26.3562 63.4332 2.4
      vertex 26.9 63.0699 0
      vertex 26.3562 63.4332 0
    endloop
  endfacet
  facet normal 0.0654432 0.997856 -0
    outer loop
      vertex 29.4 62.4 0
      vertex 28.7474 62.4428 2.4
      vertex 29.4 62.4 2.4
    endloop
  endfacet
  facet normal 0.0654432 0.997856 0
    outer loop
      vertex 28.7474 62.4428 2.4
      vertex 29.4 62.4 0
      vertex 28.7474 62.4428 0
    endloop
  endfacet
  facet normal 0.831509 0.555512 0
    outer loop
      vertex 25.4332 64.3562 2.4
      vertex 25.0699 64.9 0
      vertex 25.0699 64.9 2.4
    endloop
  endfacet
  facet normal 0.831509 0.555512 0
    outer loop
      vertex 25.0699 64.9 0
      vertex 25.4332 64.3562 2.4
      vertex 25.4332 64.3562 0
    endloop
  endfacet
  facet normal 0.89686 0.442314 0
    outer loop
      vertex 25.0699 64.9 2.4
      vertex 24.7806 65.4866 0
      vertex 24.7806 65.4866 2.4
    endloop
  endfacet
  facet normal 0.89686 0.442314 0
    outer loop
      vertex 24.7806 65.4866 0
      vertex 25.0699 64.9 2.4
      vertex 25.0699 64.9 0
    endloop
  endfacet
  facet normal 0.980786 0.195087 0
    outer loop
      vertex 24.5704 66.1059 2.4
      vertex 24.4428 66.7474 0
      vertex 24.4428 66.7474 2.4
    endloop
  endfacet
  facet normal 0.980786 0.195087 0
    outer loop
      vertex 24.4428 66.7474 0
      vertex 24.5704 66.1059 2.4
      vertex 24.5704 66.1059 0
    endloop
  endfacet
  facet normal -0.195087 -0.980786 0
    outer loop
      vertex 30.0526 72.3572 0
      vertex 30.6941 72.2296 2.4
      vertex 30.0526 72.3572 2.4
    endloop
  endfacet
  facet normal -0.195087 -0.980786 -0
    outer loop
      vertex 30.6941 72.2296 2.4
      vertex 30.0526 72.3572 0
      vertex 30.6941 72.2296 0
    endloop
  endfacet
  facet normal -0.442314 -0.89686 0
    outer loop
      vertex 31.3134 72.0194 0
      vertex 31.9 71.7301 2.4
      vertex 31.3134 72.0194 2.4
    endloop
  endfacet
  facet normal -0.442314 -0.89686 -0
    outer loop
      vertex 31.9 71.7301 2.4
      vertex 31.3134 72.0194 0
      vertex 31.9 71.7301 0
    endloop
  endfacet
  facet normal 0.831509 -0.555512 0
    outer loop
      vertex 25.0699 69.9 2.4
      vertex 25.4332 70.4438 0
      vertex 25.4332 70.4438 2.4
    endloop
  endfacet
  facet normal 0.831509 -0.555512 0
    outer loop
      vertex 25.4332 70.4438 0
      vertex 25.0699 69.9 2.4
      vertex 25.0699 69.9 0
    endloop
  endfacet
  facet normal 0.997856 0.0654432 0
    outer loop
      vertex 24.4428 66.7474 2.4
      vertex 24.4 67.4 0
      vertex 24.4 67.4 2.4
    endloop
  endfacet
  facet normal 0.997856 0.0654432 0
    outer loop
      vertex 24.4 67.4 0
      vertex 24.4428 66.7474 2.4
      vertex 24.4428 66.7474 0
    endloop
  endfacet
  facet normal 0.555512 -0.831509 0
    outer loop
      vertex 26.3562 71.3668 0
      vertex 26.9 71.7301 2.4
      vertex 26.3562 71.3668 2.4
    endloop
  endfacet
  facet normal 0.555512 -0.831509 0
    outer loop
      vertex 26.9 71.7301 2.4
      vertex 26.3562 71.3668 0
      vertex 26.9 71.7301 0
    endloop
  endfacet
  facet normal -0.321407 0.946941 0
    outer loop
      vertex 31.3134 62.7806 0
      vertex 30.6941 62.5704 2.4
      vertex 31.3134 62.7806 2.4
    endloop
  endfacet
  facet normal -0.321407 0.946941 0
    outer loop
      vertex 30.6941 62.5704 2.4
      vertex 31.3134 62.7806 0
      vertex 30.6941 62.5704 0
    endloop
  endfacet
  facet normal -0.89686 0.442314 0
    outer loop
      vertex 33.7301 64.9 0
      vertex 34.0194 65.4866 2.4
      vertex 34.0194 65.4866 0
    endloop
  endfacet
  facet normal -0.89686 0.442314 0
    outer loop
      vertex 34.0194 65.4866 2.4
      vertex 33.7301 64.9 0
      vertex 33.7301 64.9 2.4
    endloop
  endfacet
  facet normal 0.751771 0.659424 0
    outer loop
      vertex 25.8645 63.8645 2.4
      vertex 25.4332 64.3562 0
      vertex 25.4332 64.3562 2.4
    endloop
  endfacet
  facet normal 0.751771 0.659424 0
    outer loop
      vertex 25.4332 64.3562 0
      vertex 25.8645 63.8645 2.4
      vertex 25.8645 63.8645 0
    endloop
  endfacet
  facet normal 0.946941 0.321407 0
    outer loop
      vertex 24.7806 65.4866 2.4
      vertex 24.5704 66.1059 0
      vertex 24.5704 66.1059 2.4
    endloop
  endfacet
  facet normal 0.946941 0.321407 0
    outer loop
      vertex 24.5704 66.1059 0
      vertex 24.7806 65.4866 2.4
      vertex 24.7806 65.4866 0
    endloop
  endfacet
  facet normal -0.946941 0.321407 0
    outer loop
      vertex 34.0194 65.4866 0
      vertex 34.2296 66.1059 2.4
      vertex 34.2296 66.1059 0
    endloop
  endfacet
  facet normal -0.946941 0.321407 0
    outer loop
      vertex 34.2296 66.1059 2.4
      vertex 34.0194 65.4866 0
      vertex 34.0194 65.4866 2.4
    endloop
  endfacet
endsolid OpenSCAD_Model
